리뷰ID,리뷰작성일,상품구매일,배송완료일,리뷰본문,사용자_익명ID,회원등급,상품번호,상품명,상품가격,상품옵션,리뷰작성경로,리뷰별점,태그,포토개수,동영상개수,댓글개수,댓글내용
116901,2026-07-01 08:20:07,2026-06-29 06:03:45,2026-06-30 21:07:30,목이 자주 뻐근해서 구매했는데 기대 이상이네요. 사용법도 간단하고 온열 기능이 있어서 더 시원하게 풀리는 느낌입니다. 자기 전에 15분 정도 사용하면 목과 어깨가 한결 편해져요. 강도도 부담스럽지 않아 매일 사용하기 좋습니다. 만족합니다!,2f491af3854a,,909,목 마사지 베개 V2 경추 마사지기 베개,112000,수량선택: 목 마사지 베개 V2 1개,모바일,5,,0,0,1,"안녕하세요. 프리미엄 헬스테크 브랜드, 슬룸입니다.
시간 내어 소중한 후기를 작성해 주셔서 감사드립니다. :)

믿고 찾는 쇼핑몰이 되기 위해 더 좋은 상품과 서비스를 준비하겠습니다.
감사합니다. 💜"
116902,2026-07-01 08:42:47,2026-06-28 21:52:14,2026-06-30 13:41:33,진짜 시원하게 사람 손으로 하는 마사지보다 좋네요. ,82952c67c78a,,1005,[마리코리아x슬룸] 구독자 전용 ★초특가★ 비밀링크,119900,수량선택: 목 마사지베개 V2 1개,모바일(팝업),5,,0,0,1,"안녕하세요. 프리미엄 헬스테크 브랜드, 슬룸입니다.
시간 내어 소중한 후기를 작성해 주셔서 감사드립니다. :)

믿고 찾는 쇼핑몰이 되기 위해 더 좋은 상품과 서비스를 준비하겠습니다.
감사합니다. 💜"
117003,2026-07-01 12:18:14,2026-06-27 00:00:15,2026-06-30 21:07:28,"딸아이가 목 마사지기 써보더니 너무 좋대요.
거북 목 되가는 거 같아서 걱정했는데 매일 마사지 해야겠어요.
전 허리통증이 심해서 매일 파스를 4장씩 붙이고 잤는데 어제 마사지30분하고 파스도 안 붙이고 잠들었어요.
골반마사지기도 고민중이에요.",67eaa3a5a008,,964,[코어 밸런스 업 세트] 허리편한케어 V2 + 목 마사지 베개 V2,242000,수량선택: 코어 밸런스 업 세트 (허리편한케어 V2 + 목 마사지 베개 V2),모바일,5,,0,0,1,"안녕하세요. 프리미엄 헬스테크 브랜드, 슬룸입니다.
진심 어린 소중한 후기 감사합니다. 💜

앞으로도 좋은 상품과 서비스로 고객님들을 찾아뵐 수 있도록 노력하겠습니다.
감사합니다. :)"
117004,2026-07-01 15:39:23,2026-06-26 08:14:32,2026-06-27 18:37:29,"좋아요~~~택배받자마자 해봤어요
찌릿찌릿 작동이 잘되고 꾸준히 써볼게요~~",ce898c145041,,874,발편한케어 프리미엄 고주파 발 마사지기,91000,"사이즈&세트선택: M (220-270mm), 수량선택: 발편한케어 1개 (파우치 중형 1개 증정)",모바일,5,,1,0,1,"안녕하세요. 프리미엄 헬스테크 브랜드, 슬룸입니다.
정성스럽게 올려주신 소중한 후기 감사합니다. 💜

고객님의 목소리로 더 발전하는 슬룸이 되도록 노력하겠습니다.
감사합니다. 🙇‍♀️"
117005,2026-07-01 20:28:03,2026-06-29 18:48:51,2026-07-01 18:38:22,배드민턴 치면서 팔꿈치 통증이와서 혹시나하는 마음에 구매하였는데 압박감과 론열 그리고 전기모드가 강도를 약하게 하여도 생각보다 강하 자극되어 아픈부위를 자극이 잘되는거 같아 좋아요 계속 사용하여 통증이 사라지길바래요 ^^,9faf3a67951b,,980,프리미엄 엘보케어 팔꿈치 마사지기,149000,수량선택: 팔꿈치 마사지기 1개,반응형(내리뷰),5,,1,0,1,"안녕하세요. 프리미엄 헬스테크 브랜드, 슬룸입니다.
진심 어린 소중한 후기 감사합니다. 💜

앞으로도 좋은 상품과 서비스로 고객님들을 찾아뵐 수 있도록 노력하겠습니다.
감사합니다. :)"
117006,2026-07-01 02:44:54,2026-06-28 21:29:40,2026-06-30 18:42:40,쎄게 두드린다기보단 릴렉스하게 사용,,,1005,[마리코리아x슬룸] 구독자 전용 ★초특가★ 비밀링크,119900,수량선택: 목 마사지베개 V2 1개,기존리뷰,4,,0,0,1,"안녕하세요. 프리미엄 헬스테크 브랜드, 슬룸입니다.
정성스럽게 올려주신 소중한 후기 감사합니다. 💜

고객님의 목소리로 더 발전하는 슬룸이 되도록 노력하겠습니다.
감사합니다. 🙇‍♀️"
117007,2026-07-01 05:07:06,2026-06-20 13:29:40,2026-06-23 21:11:49,아직은 적응중이지만 누워서 쓰니 편리,,,909,목 마사지 베개 V2 경추 마사지기 베개,112000,수량선택: 목 마사지 베개 V2 1개,기존리뷰,4,,0,0,1,"안녕하세요. 프리미엄 헬스테크 브랜드, 슬룸입니다.
정성스럽게 올려주신 소중한 후기 감사합니다. 💜

고객님의 목소리로 더 발전하는 슬룸이 되도록 노력하겠습니다.
감사합니다. 🙇‍♀️"
117008,2026-07-01 07:30:47,2026-06-23 20:51:05,2026-06-25 16:21:14,충전잭 부분이 고정이 되어 있지 않아 찾기 매우 불편하고 꽂는것도 불편 하고 효과도 없네요,,,909,목 마사지 베개 V2 경추 마사지기 베개,112000,수량선택: 목 마사지 베개 V2 1개,기존리뷰,1,,1,0,1,"안녕하세요. 프리미엄 헬스테크 브랜드, 슬룸입니다.
고객님께 만족스러운 경험을 드리지 못해 대단히 죄송합니다. 😥

리뷰로는 상세한 안내가 어려워, 자세한 내용 알림톡(문자) 발송 도와드렸으니 확인 부탁드리겠습니다.
추가로 궁금하신 점이 있으시거나 문자 확인하신 후에도 해결되지 않는 경우
번거로우시겠지만 슬룸 채팅 상담을 통해 연락 주시면 빠르게 안내 도와드리겠습니다.

▶ 슬룸 채팅 상담 (※ 월-목 09:30-17:00, 금 09:30-16:00, 주말 및 공휴일 휴무)
http://sloom.channel.io/

고객님의 목소리로 더 발전하는 슬룸이 되도록 노력하겠습니다. 감사합니다."
117009,2026-07-01 07:46:24,2026-06-14 08:36:40,2026-06-16 18:52:40,충전 잘 됩니다아아,,,376,허리편한케어 V1 전용 케이블,5000,,기존리뷰,5,,0,0,1,"안녕하세요. 프리미엄 헬스테크 브랜드, 슬룸입니다.
진심 어린 소중한 후기 감사합니다. 💜

앞으로도 좋은 상품과 서비스로 고객님들을 찾아뵐 수 있도록 노력하겠습니다.
감사합니다. :)"
117010,2026-07-01 11:12:00,2026-06-27 23:11:35,2026-06-30 16:20:11,뭉친 목 근육을 풀어주고 잠도 잘 잤네요,,,1001,[슬룸] 구독자 전용 ★초특가★ 비밀링크,84900,수량선택: 목 마사지 베개 V2 1개,기존리뷰,4,,1,0,1,"안녕하세요. 프리미엄 헬스테크 브랜드, 슬룸입니다.
시간 내어 소중한 후기를 작성해 주셔서 감사드립니다. :)

믿고 찾는 쇼핑몰이 되기 위해 더 좋은 상품과 서비스를 준비하겠습니다.
감사합니다. 💜"
117011,2026-07-01 12:13:05,2026-06-16 17:32:25,2026-06-18 18:37:59,시간날때 한번씩 가볍게 사용하기 좋고 휴대성도 편리해서 어디에서나 사용할수있어 좋아요~! 뒷목이 자주 뻐근한데 사용하고나면 꽤 개운하네요,,,909,목 마사지 베개 V2 경추 마사지기 베개,112000,수량선택: 목 마사지 베개 V2 1개,기존리뷰,5,,0,0,1,"안녕하세요. 프리미엄 헬스테크 브랜드, 슬룸입니다.
진심 어린 소중한 후기 감사합니다. 💜

앞으로도 좋은 상품과 서비스로 고객님들을 찾아뵐 수 있도록 노력하겠습니다.
감사합니다. :)"
117012,2026-07-01 13:53:58,2026-06-20 13:46:00,2026-06-23 13:40:40,신고서 일하며 사용하면 좋을듯합니다 몸무게가 어느정도 실리는게 자극받기 좀더 용이한것 같습니다.,,,1001,[슬룸] 구독자 전용 ★초특가★ 비밀링크,84900,수량선택: 발편한케어 L 1개,기존리뷰,5,,1,0,1,"안녕하세요. 프리미엄 헬스테크 브랜드, 슬룸입니다.
진심 어린 소중한 후기 감사합니다. 💜

앞으로도 좋은 상품과 서비스로 고객님들을 찾아뵐 수 있도록 노력하겠습니다.
감사합니다. :)"
117013,2026-07-01 13:55:04,2026-06-23 13:48:35,2026-06-24 13:37:30,뭉친근육을 풀어주고 하는데 도움이 되네요,,,1001,[슬룸] 구독자 전용 ★초특가★ 비밀링크,84900,수량선택: 목 마사지 베개 V2 1개,기존리뷰,4,,1,0,1,"안녕하세요. 프리미엄 헬스테크 브랜드, 슬룸입니다.
진심 어린 소중한 후기 감사합니다. 💜

앞으로도 좋은 상품과 서비스로 고객님들을 찾아뵐 수 있도록 노력하겠습니다.
감사합니다. :)"
117014,2026-07-01 14:13:00,2026-06-22 10:49:20,2026-06-23 21:10:36,"1개사용후 1개더 추가구입했는데
딸이써보고 안맞아서 반품할려니
너무너무 반품이 어렵게 되어있음
구입하시는 분들은 반품이 안되니
 신중히구입하세요",,,966,골반 케어 프리미엄 골반 마사지기,191000,수량선택: 골반 마사지기 1개,기존리뷰,1,,0,0,1,"안녕하세요 고객님, 프리미엄 헬스테크 브랜드, 슬룸입니다.
고객님께 만족스러운 경험을 드리지 못해 대단히 죄송합니다.😥

슬룸의 모든 제품은 인체공학적으로 설계되어 편안한 사용이 가능하나 초기 사용 시 1~2주 이상의 적응 기간이 필요할 수 있습니다. 
다만 수령하신 날짜 기준으로 30일 동안 꾸준히 사용해보시고도 만족하지 못하셨을 경우에는, 슬룸에서 진행하는 <100%환불이벤트> 에 참여하여 왕복배송비 제외 전액 환불이 가능합니다.

※ 제품을 30일간 꾸준히 사용한 경우, 배송완료 후 40일이내 신청이 가능
※ 환불 서비스는 첫 구매 체험을 위한 서비스로 1회만 신청 가능

▶ <100% 환불 이벤트> 상세 환불 조건 : https://sleeplab.co.kr/notice/?page=1#13709226_notice 

슬룸을 믿고 편하게 사용 및 체험해보시고, 그럼에도 만족하시지 못하셨을 경우 슬룸 공식몰의 채널톡을 통해 이벤트 기간 내 문의 주시면 환불 접수 도움드리겠습니다."
117015,2026-07-01 14:52:36,2026-06-28 02:58:50,2026-06-30 16:15:02,크기가 알맞고 디자인이 좋아요,,,184,목편한케어 플라잉 목 마사지기,119000,수량선택: 목편한케어 플라잉 1개,기존리뷰,4,,0,0,1,"안녕하세요. 프리미엄 헬스테크 브랜드, 슬룸입니다.
진심 어린 소중한 후기 감사합니다. 💜

앞으로도 좋은 상품과 서비스로 고객님들을 찾아뵐 수 있도록 노력하겠습니다.
감사합니다. :)"
117016,2026-07-01 15:01:55,2026-06-19 01:14:10,2026-06-20 13:39:12,항상 잘 사용허고 있습니다,,,102,마그네슘 시너지 크림 쿨링 테라피,28900,수량선택: 마그네슘 시너지 크림 1개,기존리뷰,5,,0,0,1,"안녕하세요. 프리미엄 헬스테크 브랜드, 슬룸입니다.
시간 내어 소중한 후기를 작성해 주셔서 감사드립니다. :)

믿고 찾는 쇼핑몰이 되기 위해 더 좋은 상품과 서비스를 준비하겠습니다.
감사합니다. 💜"
117017,2026-07-01 15:02:03,2026-06-19 01:14:10,2026-06-20 13:39:12,항상 잘 사용허고 있습니다,,,636,허리편한케어 V2 허리 마사지기,131000,수량선택: 허리편한케어 V2 2개 (허리베개 2개 증정),기존리뷰,5,,0,0,1,"안녕하세요. 프리미엄 헬스테크 브랜드, 슬룸입니다.
진심 어린 소중한 후기 감사합니다. 💜

앞으로도 좋은 상품과 서비스로 고객님들을 찾아뵐 수 있도록 노력하겠습니다.
감사합니다. :)"
117018,2026-07-01 16:44:46,2026-06-25 16:05:15,2026-06-27 13:45:06,만족합니다 만족합니다,,,376,허리편한케어 V1 전용 케이블,5000,,기존리뷰,5,,0,0,1,"안녕하세요. 프리미엄 헬스테크 브랜드, 슬룸입니다.
시간 내어 소중한 후기를 작성해 주셔서 감사드립니다. :)

믿고 찾는 쇼핑몰이 되기 위해 더 좋은 상품과 서비스를 준비하겠습니다.
감사합니다. 💜"
117019,2026-07-01 17:57:52,2026-06-20 14:57:45,2026-06-23 16:12:12,운전을 많이 하는 신랑한테 선물했어요..,,,1001,[슬룸] 구독자 전용 ★초특가★ 비밀링크,84900,수량선택: ★SET★ 발편한케어 L 1개 + 목 마사지 베개 V2 1개 + 마그네슘 시너지 크림 100원 + (증정)중형 파우치,기존리뷰,5,,1,0,1,"안녕하세요. 프리미엄 헬스테크 브랜드, 슬룸입니다.
정성스럽게 올려주신 소중한 후기 감사합니다. 💜

고객님의 목소리로 더 발전하는 슬룸이 되도록 노력하겠습니다.
감사합니다. 🙇‍♀️"
117020,2026-07-01 18:13:36,2026-06-20 10:44:15,,반품 절차가 너무 복잡합니다.,,,980,프리미엄 엘보케어 팔꿈치 마사지기,149000,수량선택: 데일리 릴렉스 세트 (팔꿈치 마사지기 + 마그네슘 시너지 크림),기존리뷰,1,,0,0,1,"안녕하세요 고객님, 프리미엄 헬스테크 브랜드, 슬룸입니다.
고객님께 만족스러운 경험을 드리지 못해 대단히 죄송합니다.😥

슬룸의 모든 제품은 인체공학적으로 설계되어 편안한 사용이 가능하나 초기 사용 시 1~2주 이상의 적응 기간이 필요할 수 있습니다. 
다만 수령하신 날짜 기준으로 30일 동안 꾸준히 사용해보시고도 만족하지 못하셨을 경우에는, 슬룸에서 진행하는 <100%환불이벤트> 에 참여하여 왕복배송비 제외 전액 환불이 가능합니다.

※ 제품을 30일간 꾸준히 사용한 경우, 배송완료 후 40일이내 신청이 가능
※ 환불 서비스는 첫 구매 체험을 위한 서비스로 1회만 신청 가능

▶ <100% 환불 이벤트> 상세 환불 조건 : https://sleeplab.co.kr/notice/?page=1#13709226_notice 

슬룸을 믿고 편하게 사용 및 체험해보시고, 그럼에도 만족하시지 못하셨을 경우 슬룸 공식몰의 채널톡을 통해 이벤트 기간 내 문의 주시면 환불 접수 도움드리겠습니다."
117021,2026-07-01 18:19:35,2026-06-20 16:28:05,2026-06-23 16:19:02,아직 더 써봐야 알겠습니다. 나쁘진 않아요.,,,1001,[슬룸] 구독자 전용 ★초특가★ 비밀링크,84900,수량선택: 목 마사지 베개 V2 1개,기존리뷰,4,,1,0,1,"안녕하세요. 프리미엄 헬스테크 브랜드, 슬룸입니다.
정성스럽게 올려주신 소중한 후기 감사합니다. 💜

고객님의 목소리로 더 발전하는 슬룸이 되도록 노력하겠습니다.
감사합니다. 🙇‍♀️"
117022,2026-07-01 20:11:56,2026-06-26 20:52:10,2026-06-30 18:40:18,하루 사용해보니 목 긴장이나 통증이 확실히 줄었어요.,,,1001,[슬룸] 구독자 전용 ★초특가★ 비밀링크,84900,수량선택: ★SET★ 발편한케어 L 1개 + 목 마사지 베개 V2 1개 + 마그네슘 시너지 크림 100원 + (증정)중형 파우치,기존리뷰,5,,2,0,1,"안녕하세요. 프리미엄 헬스테크 브랜드, 슬룸입니다.
시간 내어 소중한 후기를 작성해 주셔서 감사드립니다. :)

믿고 찾는 쇼핑몰이 되기 위해 더 좋은 상품과 서비스를 준비하겠습니다.
감사합니다. 💜"
117023,2026-07-01 20:23:13,2026-06-28 09:51:05,2026-06-30 21:06:29,배송도 빠르고. 물품도 좋아요,,,998,[깜짝 타임특가] 코어 요추벨트 허리 보호대,40000,수량선택: 코어 요추벨트 1개,기존리뷰,5,,0,0,1,"안녕하세요. 프리미엄 헬스테크 브랜드, 슬룸입니다.
정성스럽게 올려주신 소중한 후기 감사합니다. 💜

고객님의 목소리로 더 발전하는 슬룸이 되도록 노력하겠습니다.
감사합니다. 🙇‍♀️"
117024,2026-07-01 21:01:06,2026-06-26 10:00:00,2026-06-27 16:09:19,7가지모드로 다양한 안마기능이 좋네요.,,,1007,[뜨랑낄로x슬룸] 구독자 전용 ★초특가★ 비밀링크,84900,수량선택: 발편한케어 M 1개,기존리뷰,5,,1,0,1,"안녕하세요. 프리미엄 헬스테크 브랜드, 슬룸입니다.
진심 어린 소중한 후기 감사합니다. 💜

앞으로도 좋은 상품과 서비스로 고객님들을 찾아뵐 수 있도록 노력하겠습니다.
감사합니다. :)"
117025,2026-07-01 23:02:21,2026-06-22 14:49:35,2026-06-24 16:10:36,발 피로가 풀립니다 매일 사용중입니다,,,1001,[슬룸] 구독자 전용 ★초특가★ 비밀링크,84900,수량선택: ★SET★ 발편한케어 M 1개 + 목 마사지 베개 V2 1개 + 마그네슘 시너지 크림 100원 + (증정)중형 파우치,기존리뷰,5,,1,0,1,"안녕하세요. 프리미엄 헬스테크 브랜드, 슬룸입니다.
진심 어린 소중한 후기 감사합니다. 💜

앞으로도 좋은 상품과 서비스로 고객님들을 찾아뵐 수 있도록 노력하겠습니다.
감사합니다. :)"
117026,2026-07-01 23:09:51,2026-03-30 16:01:35,2026-04-01 13:23:00,괜찮은듯하면서도 불편하기도하고... 아직 나아지는 느낌이 들지는 않아요... 그래도 어느정도 마사지가 되는 느낌이 들긴해요.,,,291,목베개 플러스 경추 목 마사지기 베개,91000,수량선택: 목베개 플러스 1개,기존리뷰,4,,0,0,1,"안녕하세요. 프리미엄 헬스테크 브랜드, 슬룸입니다.
진심 어린 소중한 후기 감사합니다. 💜

앞으로도 좋은 상품과 서비스로 고객님들을 찾아뵐 수 있도록 노력하겠습니다.
감사합니다. :)"
117027,2026-07-02 11:14:23,2026-06-29 02:33:51,2026-06-30 16:18:23,허리케어는 몸집이 있으신 어머니가 누워서 하는걸 힘들어 하셔서 앉아서 잘 사용하심 목마사지베게는 살짝 아쉬움이 있네요 강도가 살짝 부족하고 버튼이 왼쪽에 붙어 있어 조작이 어렵네요 리모콘이면 좋지 않았을까요,c9d87c9063e1,,1005,[마리코리아x슬룸] 구독자 전용 ★초특가★ 비밀링크,119900,수량선택: 허리펀한케어V2 1개 + 목마사지베개V2 1개 +(증정) 마그네슘 시너지 크림 100ml 1개,모바일,5,,0,0,1,"안녕하세요. 프리미엄 헬스테크 브랜드, 슬룸입니다.
진심 어린 소중한 후기 감사합니다. 💜

앞으로도 좋은 상품과 서비스로 고객님들을 찾아뵐 수 있도록 노력하겠습니다.
감사합니다. :)"
117028,2026-07-02 11:43:56,2026-06-22 21:26:52,2026-06-26 13:37:59,슬룸 손마사지기 목마사지기등 여행갈때마다 넣어 다닐려고 구입했는데 커서 두세개 거뜬히 들어가서 좋네요,ff8dc52b2633,,754,슬룸 전용 파우치,11900,수량선택: 슬룸 보관용 파우치 (대형) 1개 (52*67cm),모바일(팝업),5,,0,0,1,"안녕하세요. 프리미엄 헬스테크 브랜드, 슬룸입니다.
시간 내어 소중한 후기를 작성해 주셔서 감사드립니다. :)

믿고 찾는 쇼핑몰이 되기 위해 더 좋은 상품과 서비스를 준비하겠습니다.
감사합니다. 💜"
117029,2026-07-02 13:14:45,2026-06-30 01:44:12,2026-07-01 18:35:45,"남편이 직업병으로 팔꿈치, 전완근 통증이 말도 못해요 ㅠ 맨날 약으로 버티길래 폭풍검색해서 이거 사줬어요. 
별거 다해도 마사지기가 거기서기기라 신롸가 바닥이던사람이 어제 한번하곤  신세계를 만났답니다ㅎㅎ 
착용허고 자길해 몰래 동영상 찍어봅니다~ ",5a00505c3ee4,,980,프리미엄 엘보케어 팔꿈치 마사지기,149000,수량선택: 데일리 릴렉스 세트 (팔꿈치 마사지기 + 마그네슘 시너지 크림),모바일(팝업),5,동영상 리뷰,0,1,1,"안녕하세요. 프리미엄 헬스테크 브랜드, 슬룸입니다.
진심 어린 소중한 후기 감사합니다. 💜

앞으로도 좋은 상품과 서비스로 고객님들을 찾아뵐 수 있도록 노력하겠습니다.
감사합니다. :)"
117130,2026-07-02 15:19:14,2026-06-30 19:31:31,2026-07-02 15:16:00,"상품 잘 받아서 사용해 보니 
제일 문제라고 생각되는게 결착하는 밴드를 길게해서 버클에 항상 걸려있게 해서 착용하기가 용이하게 해야 할 필요가 있음.
밴드 길이가 짧다 보니 착용하려니 여간 힘드는게 아님.
다른 요소는 만족 함.",8ad5029f4687,,980,프리미엄 엘보케어 팔꿈치 마사지기,149000,수량선택: 팔꿈치 마사지기 1개,모바일,4,,0,0,1,"안녕하세요. 프리미엄 헬스테크 브랜드, 슬룸입니다.
정성스럽게 올려주신 소중한 후기 감사합니다. 💜

고객님의 목소리로 더 발전하는 슬룸이 되도록 노력하겠습니다.
감사합니다. 🙇‍♀️"
117131,2026-07-02 16:19:52,2026-06-23 18:50:04,2026-06-25 18:37:07,일주일 쓰고있는데 아직 잘 모르겠어요 베고 자면 오히려 다음날 뻐근한 느낌이라 저랑은 잘 안맞아요ㅠ,ae7f6fa0f3a2,,909,목 마사지 베개 V2 경추 마사지기 베개,112000,수량선택: 목 마사지 베개 V2 1개,반응형(내리뷰),3,,0,0,1,"안녕하세요 고객님, 프리미엄 헬스테크 브랜드, 슬룸입니다.
고객님께 만족스러운 경험을 드리지 못해 대단히 죄송합니다.😥

슬룸의 모든 제품은 인체공학적으로 설계되어 편안한 사용이 가능하나 초기 사용 시 1~2주 이상의 적응 기간이 필요할 수 있습니다. 
다만 수령하신 날짜 기준으로 30일 동안 꾸준히 사용해보시고도 만족하지 못하셨을 경우에는, 슬룸에서 진행하는 <100%환불이벤트> 에 참여하여 왕복배송비 제외 전액 환불이 가능합니다.

※ 제품을 30일간 꾸준히 사용한 경우, 배송완료 후 40일이내 신청이 가능
※ 환불 서비스는 첫 구매 체험을 위한 서비스로 1회만 신청 가능

▶ <100% 환불 이벤트> 상세 환불 조건 : https://sleeplab.co.kr/notice/?page=1#13709226_notice 

슬룸을 믿고 편하게 사용 및 체험해보시고, 그럼에도 만족하시지 못하셨을 경우 슬룸 공식몰의 채널톡을 통해 이벤트 기간 내 문의 주시면 환불 접수 도움드리겠습니다."
117132,2026-07-02 06:48:37,2026-06-19 06:39:25,2026-06-20 13:45:11,사각사각해서  잠자리가 편하고 아주 만족하고있어요.,,,62,살얼음 냉감 패드 특수 코팅 패드,109000,수량선택: 살얼음냉감패드(Q) 1개,기존리뷰,4,,0,0,1,"안녕하세요. 프리미엄 헬스테크 브랜드, 슬룸입니다.
정성스럽게 올려주신 소중한 후기 감사합니다. 💜

고객님의 목소리로 더 발전하는 슬룸이 되도록 노력하겠습니다.
감사합니다. 🙇‍♀️"
117133,2026-07-02 07:16:02,2026-06-29 19:07:50,2026-07-01 18:35:47,생각보단 별로임.소리도 많이큼,,,1005,[마리코리아x슬룸] 구독자 전용 ★초특가★ 비밀링크,119900,수량선택: 목 마사지베개 V2 1개,기존리뷰,4,,0,0,1,"안녕하세요 고객님, 프리미엄 헬스테크 브랜드, 슬룸입니다.
고객님께 만족스러운 경험을 드리지 못해 대단히 죄송합니다.😥

슬룸의 모든 제품은 인체공학적으로 설계되어 편안한 사용이 가능하나 초기 사용 시 1~2주 이상의 적응 기간이 필요할 수 있습니다. 
다만 수령하신 날짜 기준으로 30일 동안 꾸준히 사용해보시고도 만족하지 못하셨을 경우에는, 슬룸에서 진행하는 <100%환불이벤트> 에 참여하여 왕복배송비 제외 전액 환불이 가능합니다.

※ 제품을 30일간 꾸준히 사용한 경우, 배송완료 후 40일이내 신청이 가능
※ 환불 서비스는 첫 구매 체험을 위한 서비스로 1회만 신청 가능

▶ <100% 환불 이벤트> 상세 환불 조건 : https://sleeplab.co.kr/notice/?page=1#13709226_notice 

슬룸을 믿고 편하게 사용 및 체험해보시고, 그럼에도 만족하시지 못하셨을 경우 슬룸 공식몰의 채널톡을 통해 이벤트 기간 내 문의 주시면 환불 접수 도움드리겠습니다."
117134,2026-07-02 09:20:00,2026-06-18 10:41:35,2026-06-19 13:38:31,"1) 팔꿈치 엘보가 심해서 2달에 한번씩 스테로이드 주사 맞던 사람임. 이거 사용3일만에 통증이 놀랄만큼 사라져서 진짜 이것때문인지 의심했는데, 맞았음. 진짜 팔이 너무 좋아져서 테니스 더 많이 치는중. 2) 아쉬운점 : 찍찍이가 너무 약해서 에어백모드를 높일수가 없음. 풀어져버림. 왼손으로 잡고 있어야 하는데 매우 불편. 이건 빠른 개선 필요할듯. 3) 아쉬운점2: 리모콘 전원을 켤때마다 내가 조정했던 설정이 리셋이 되는데 나는 단지 강도만 좀 높이고 싶을때도 처음부터 다시 설정을 해야 하니 불편함. 이것도 개설 필수. 4) 그럼에도 불구하고 팔꿈치가 너무 안 아파져서 계속 잘 사용하겠습니다. 더 좋은 제품으로 업그레이드 계속 해주세요.",,,980,프리미엄 엘보케어 팔꿈치 마사지기,149000,수량선택: 데일리 릴렉스 세트 (팔꿈치 마사지기 + 마그네슘 시너지 크림),기존리뷰,5,,1,0,1,"안녕하세요. 프리미엄 헬스테크 브랜드, 슬룸입니다.
정성스럽게 올려주신 소중한 후기 감사합니다. 💜

고객님의 목소리로 더 발전하는 슬룸이 되도록 노력하겠습니다.
감사합니다. 🙇‍♀️"
117135,2026-07-02 09:30:20,2026-04-10 12:58:35,2026-04-11 18:37:03,딸이 목디스크가 너무 심해서 사줬는데 바로 고장이 나서 교환 했구요 아직 드라마틱한 효과는 모르겠지만 꾸준히 써보라고 하고 있어요,,,291,목베개 플러스 경추 목 마사지기 베개,91000,"버전&세트선택: V2, 수량선택: 목 마사지 베개 V2 1개",기존리뷰,5,,1,0,1,"안녕하세요. 프리미엄 헬스테크 브랜드, 슬룸입니다.
정성스럽게 올려주신 소중한 후기 감사합니다. 💜

고객님의 목소리로 더 발전하는 슬룸이 되도록 노력하겠습니다.
감사합니다. 🙇‍♀️"
117136,2026-07-02 09:44:31,2026-06-28 12:34:20,2026-06-30 16:15:20,"기능성굿
탈 착 방법이 혼자 하기에  불편합니다",,,980,프리미엄 엘보케어 팔꿈치 마사지기,149000,수량선택: 팔꿈치 마사지기 1개,기존리뷰,5,,0,0,1,"안녕하세요. 프리미엄 헬스테크 브랜드, 슬룸입니다.
진심 어린 소중한 후기 감사합니다. 💜

앞으로도 좋은 상품과 서비스로 고객님들을 찾아뵐 수 있도록 노력하겠습니다.
감사합니다. :)"
117137,2026-07-02 09:54:55,2026-06-29 09:39:25,2026-07-01 14:06:05,발바닥이 자주 아픈데 꾸준히 사용해 봐야겠어요.,,,924,발편한케어 프리미엄 EMS 발 마사지기,89000,"사이즈&세트선택: M (220-270mm), 수량선택: 발편한케어 1개",기존리뷰,5,,0,0,1,"안녕하세요. 프리미엄 헬스테크 브랜드, 슬룸입니다.
진심 어린 소중한 후기 감사합니다. 💜

앞으로도 좋은 상품과 서비스로 고객님들을 찾아뵐 수 있도록 노력하겠습니다.
감사합니다. :)"
117138,2026-07-02 10:54:23,2026-06-26 23:40:25,2026-06-30 23:05:15,슬리퍼처럼 착용할 수 있어 집안일 하면서도 마사지 가능해서 아주 좋아요.,,,874,발편한케어 프리미엄 고주파 발 마사지기,91000,"사이즈&세트선택: M (220-270mm), 수량선택: 발편한케어 1개 (파우치 중형 1개 증정)",기존리뷰,5,,1,0,1,"안녕하세요. 프리미엄 헬스테크 브랜드, 슬룸입니다.
정성스럽게 올려주신 소중한 후기 감사합니다. 💜

고객님의 목소리로 더 발전하는 슬룸이 되도록 노력하겠습니다.
감사합니다. 🙇‍♀️"
117139,2026-07-02 12:40:57,2026-06-29 18:27:10,2026-07-01 18:35:40,저희남편 허리가 고질이라 혹시나하는맘에 구입했어요 잘 쓰는것같아서 다행입니다,,,636,허리편한케어 V2 허리 마사지기,131000,수량선택: 허리편한케어 V2 1개 (허리베개 1개 증정),기존리뷰,5,,1,0,1,"안녕하세요. 프리미엄 헬스테크 브랜드, 슬룸입니다.
시간 내어 소중한 후기를 작성해 주셔서 감사드립니다. :)

믿고 찾는 쇼핑몰이 되기 위해 더 좋은 상품과 서비스를 준비하겠습니다.
감사합니다. 💜"
117140,2026-07-02 13:19:11,2026-06-22 21:32:30,2026-06-24 16:08:53,배송 빠르고 좋아요 ㅎㅎ,,,636,허리편한케어 V2 허리 마사지기,131000,수량선택: 허리편한케어 V2 1개 (허리베개 1개 증정),기존리뷰,5,,1,0,1,"안녕하세요. 프리미엄 헬스테크 브랜드, 슬룸입니다.
시간 내어 소중한 후기를 작성해 주셔서 감사드립니다. :)

믿고 찾는 쇼핑몰이 되기 위해 더 좋은 상품과 서비스를 준비하겠습니다.
감사합니다. 💜"
117141,2026-07-02 15:44:14,2026-06-27 15:58:10,2026-06-30 18:48:50,만족합니다.*^^*,,,909,목 마사지 베개 V2 경추 마사지기 베개,112000,수량선택: 목 마사지 베개 V2 1개,기존리뷰,5,,0,0,1,"안녕하세요. 프리미엄 헬스테크 브랜드, 슬룸입니다.
정성스럽게 올려주신 소중한 후기 감사합니다. 💜

고객님의 목소리로 더 발전하는 슬룸이 되도록 노력하겠습니다.
감사합니다. 🙇‍♀️"
117142,2026-07-02 16:41:06,2026-05-16 18:49:05,2026-05-19 13:43:19,하루에 한번은 무조건 할려고 합니다. 목은 쭉 늘려주는 느낌 입니다,,,909,목 마사지 베개 V2 경추 마사지기 베개,112000,수량선택: 목 마사지 베개 V2 1개,기존리뷰,5,,0,0,1,"안녕하세요. 프리미엄 헬스테크 브랜드, 슬룸입니다.
시간 내어 소중한 후기를 작성해 주셔서 감사드립니다. :)

믿고 찾는 쇼핑몰이 되기 위해 더 좋은 상품과 서비스를 준비하겠습니다.
감사합니다. 💜"
117143,2026-07-02 16:53:35,2026-06-20 18:55:35,2026-06-23 21:12:49,"아~~이거 생각보다 시원하거나 개운맛이 아니라 좀 답답한 마사지 타입입니다 
이 가격에 신중히…",,,1001,[슬룸] 구독자 전용 ★초특가★ 비밀링크,84900,수량선택: ★SET★ 발편한케어 L 1개 + 목 마사지 베개 V2 1개 + 마그네슘 시너지 크림 100원 + (증정)중형 파우치,기존리뷰,4,,0,0,1,"안녕하세요 고객님, 프리미엄 헬스테크 브랜드, 슬룸입니다.
고객님께 만족스러운 경험을 드리지 못해 대단히 죄송합니다.😥

슬룸의 모든 제품은 인체공학적으로 설계되어 편안한 사용이 가능하나 초기 사용 시 1~2주 이상의 적응 기간이 필요할 수 있습니다. 
다만 수령하신 날짜 기준으로 30일 동안 꾸준히 사용해보시고도 만족하지 못하셨을 경우에는, 슬룸에서 진행하는 <100%환불이벤트> 에 참여하여 왕복배송비 제외 전액 환불이 가능합니다.

※ 제품을 30일간 꾸준히 사용한 경우, 배송완료 후 40일이내 신청이 가능
※ 환불 서비스는 첫 구매 체험을 위한 서비스로 1회만 신청 가능

▶ <100% 환불 이벤트> 상세 환불 조건 : https://sleeplab.co.kr/notice/?page=1#13709226_notice 

슬룸을 믿고 편하게 사용 및 체험해보시고, 그럼에도 만족하시지 못하셨을 경우 슬룸 공식몰의 채널톡을 통해 이벤트 기간 내 문의 주시면 환불 접수 도움드리겠습니다."
117144,2026-07-02 16:59:35,2026-06-25 12:29:05,2026-06-26 13:45:55,목디스크로 아파서 결국 샀어요 하고 있는 동안은 통증이 감소하는것 같은데 아직 효과는 모르겠어요 가격이 저렴하진 않고 리모콘이 있을것 같은데 없어요 오래쓰면 커버가 천이라 터지거나 때 탈것 같은 걱정도 듭니다,,,1001,[슬룸] 구독자 전용 ★초특가★ 비밀링크,84900,수량선택: 목 마사지 베개 V2 1개,기존리뷰,4,,1,0,1,"안녕하세요 고객님, 프리미엄 헬스테크 브랜드, 슬룸입니다.
고객님께 만족스러운 경험을 드리지 못해 대단히 죄송합니다.😥

슬룸의 모든 제품은 인체공학적으로 설계되어 편안한 사용이 가능하나 초기 사용 시 1~2주 이상의 적응 기간이 필요할 수 있습니다. 
다만 수령하신 날짜 기준으로 30일 동안 꾸준히 사용해보시고도 만족하지 못하셨을 경우에는, 슬룸에서 진행하는 <100%환불이벤트> 에 참여하여 왕복배송비 제외 전액 환불이 가능합니다.

※ 제품을 30일간 꾸준히 사용한 경우, 배송완료 후 40일이내 신청이 가능
※ 환불 서비스는 첫 구매 체험을 위한 서비스로 1회만 신청 가능

▶ <100% 환불 이벤트> 상세 환불 조건 : https://sleeplab.co.kr/notice/?page=1#13709226_notice 

슬룸을 믿고 편하게 사용 및 체험해보시고, 그럼에도 만족하시지 못하셨을 경우 슬룸 공식몰의 채널톡을 통해 이벤트 기간 내 문의 주시면 환불 접수 도움드리겠습니다."
117145,2026-07-02 17:05:36,2026-06-28 21:53:20,2026-06-30 16:15:17,"좋은데, 소재가 보기보단 너무 푹신해요. 어느 정도 탄력성이 있어 보이는 것과는 다르네요.",,,1005,[마리코리아x슬룸] 구독자 전용 ★초특가★ 비밀링크,119900,수량선택: 목 마사지베개 V2 1개,기존리뷰,4,,1,0,1,"안녕하세요 고객님, 프리미엄 헬스테크 브랜드, 슬룸입니다.
고객님께 만족스러운 경험을 드리지 못해 대단히 죄송합니다.😥

슬룸의 모든 제품은 인체공학적으로 설계되어 편안한 사용이 가능하나 초기 사용 시 1~2주 이상의 적응 기간이 필요할 수 있습니다. 
다만 수령하신 날짜 기준으로 30일 동안 꾸준히 사용해보시고도 만족하지 못하셨을 경우에는, 슬룸에서 진행하는 <100%환불이벤트> 에 참여하여 왕복배송비 제외 전액 환불이 가능합니다.

※ 제품을 30일간 꾸준히 사용한 경우, 배송완료 후 40일이내 신청이 가능
※ 환불 서비스는 첫 구매 체험을 위한 서비스로 1회만 신청 가능

▶ <100% 환불 이벤트> 상세 환불 조건 : https://sleeplab.co.kr/notice/?page=1#13709226_notice 

슬룸을 믿고 편하게 사용 및 체험해보시고, 그럼에도 만족하시지 못하셨을 경우 슬룸 공식몰의 채널톡을 통해 이벤트 기간 내 문의 주시면 환불 접수 도움드리겠습니다."
117146,2026-07-02 17:27:43,2026-06-27 21:11:25,2026-06-30 21:11:57,온열과 자극이 적당히 좋아요~,,,980,프리미엄 엘보케어 팔꿈치 마사지기,149000,수량선택: 데일리 릴렉스 세트 (팔꿈치 마사지기 + 마그네슘 시너지 크림),기존리뷰,5,,0,0,1,"안녕하세요. 프리미엄 헬스테크 브랜드, 슬룸입니다.
시간 내어 소중한 후기를 작성해 주셔서 감사드립니다. :)

믿고 찾는 쇼핑몰이 되기 위해 더 좋은 상품과 서비스를 준비하겠습니다.
감사합니다. 💜"
117147,2026-07-02 17:43:19,2026-07-01 08:16:35,2026-07-02 16:15:19,목 마사지가 시원합니다,,,724,★최대할인 비밀링크★ 목베개 플러스 특가,69000,수량선택: 목베개 플러스 1개,기존리뷰,5,,1,0,1,"안녕하세요. 프리미엄 헬스테크 브랜드, 슬룸입니다.
진심 어린 소중한 후기 감사합니다. 💜

앞으로도 좋은 상품과 서비스로 고객님들을 찾아뵐 수 있도록 노력하겠습니다.
감사합니다. :)"
117148,2026-07-02 20:04:06,2026-06-30 10:15:40,2026-07-01 16:07:54,목이 덜 아프기를 기대하며 사용해볼께요ㅎ,,,724,★최대할인 비밀링크★ 목베개 플러스 특가,69000,수량선택: 목베개 플러스 1개,기존리뷰,5,,1,0,1,"안녕하세요. 프리미엄 헬스테크 브랜드, 슬룸입니다.
진심 어린 소중한 후기 감사합니다. 💜

앞으로도 좋은 상품과 서비스로 고객님들을 찾아뵐 수 있도록 노력하겠습니다.
감사합니다. :)"
117149,2026-07-02 20:28:19,2026-06-30 21:33:45,2026-07-02 18:35:44,감사합니다 감사합니다,,,1010,[맨즈바닥x슬룸] 구독자 전용 ★역대급★ 최저가 비밀링크,119900,수량선택: ★맨즈바닥 SET★ 허리편한케어V2 1개 + 코어요추벨트 + (증정) 시너지크림,기존리뷰,5,,1,0,1,"안녕하세요. 프리미엄 헬스테크 브랜드, 슬룸입니다.
정성스럽게 올려주신 소중한 후기 감사합니다. 💜

고객님의 목소리로 더 발전하는 슬룸이 되도록 노력하겠습니다.
감사합니다. 🙇‍♀️"
117150,2026-07-02 20:34:38,2026-06-30 22:10:35,2026-07-02 16:16:52,좋은 제품 감사합니다,,,998,[깜짝 타임특가] 코어 요추벨트 허리 보호대,40000,수량선택: 코어 요추벨트 1개,기존리뷰,5,,1,0,1,"안녕하세요. 프리미엄 헬스테크 브랜드, 슬룸입니다.
진심 어린 소중한 후기 감사합니다. 💜

앞으로도 좋은 상품과 서비스로 고객님들을 찾아뵐 수 있도록 노력하겠습니다.
감사합니다. :)"
117151,2026-07-02 21:59:49,2026-07-01 14:44:30,2026-07-02 18:35:48,제가 함마질을 예전에 많이 하다보니 엘보가 썩을대로 썩어서 3년째 파스란 파스 좋타는거 다붙혀봐도 잠시뿐 오늘 오자마자 써봤는데 오 이거머지 좋은데 하는 생각이 들어요,,,980,프리미엄 엘보케어 팔꿈치 마사지기,149000,수량선택: 데일리 릴렉스 세트 (팔꿈치 마사지기 + 마그네슘 시너지 크림),기존리뷰,5,,3,0,1,"안녕하세요. 프리미엄 헬스테크 브랜드, 슬룸입니다.
시간 내어 소중한 후기를 작성해 주셔서 감사드립니다. :)

믿고 찾는 쇼핑몰이 되기 위해 더 좋은 상품과 서비스를 준비하겠습니다.
감사합니다. 💜"
117152,2026-07-03 01:32:13,2026-06-20 18:12:05,2026-06-23 21:08:12,다른 마사지기는 아픈감이 있는데 이건 베개로 사용하면서 편안하게 마사지할수 있어서 좋아요! 유투버 꾸준이의 추천으로 사게되었지만 마사지기 자체도 가벼워서 가방에 넣고다니기도 좋아요!,,,1001,[슬룸] 구독자 전용 ★초특가★ 비밀링크,84900,수량선택: 목 마사지 베개 V2 1개,기존리뷰,5,,1,0,1,"안녕하세요. 프리미엄 헬스테크 브랜드, 슬룸입니다.
시간 내어 소중한 후기를 작성해 주셔서 감사드립니다. :)

믿고 찾는 쇼핑몰이 되기 위해 더 좋은 상품과 서비스를 준비하겠습니다.
감사합니다. 💜"
117154,2026-07-01 00:00:00,,,"에스테틱 6만원짜리를 한 달에 두 번씩 다녔는데 이거 쓰고 나서 자연스럽게 끊어졌어요. 억지로 끊은 게 아니라 이거 있으니까 굳이 갈 이유를 못 찾겠더라고요. 샵에서 받을 때랑 비교해도 이게 꿇릴 게 없고, 매일 할 수 있다는 게 가장 큰 차이예요. 에스테틱 비용이 카드 명세서에서 없어진 달에 진짜 뿌듯했어요.",ec4ec37a36be,,1003,바디풀고컷 경락 마사지기,99000,,기존리뷰,5,,0,0,1,"안녕하세요. 프리미엄 헬스테크 브랜드, 슬룸입니다.
진심 어린 소중한 후기 감사합니다. 💜

앞으로도 좋은 상품과 서비스로 고객님들을 찾아뵐 수 있도록 노력하겠습니다.
감사합니다. :)"
117159,2026-07-02 00:00:00,,,샵 예약 시간 맞추는 게 생각보다 스트레스였거든요. 2주 전에 잡아야 하는데 그날 갑자기 일이 생기면 취소하기도 눈치 보이고. 이거 생기고 나서 그 스트레스 자체가 없어졌어요. 쓰고 싶으면 켜고 오늘 피곤하면 내일 하면 되니까요. 이렇게 단순한 게 이렇게 좋을 줄 몰랐어요.,ba8d2bf52a66,,1003,바디풀고컷 경락 마사지기,99000,,기존리뷰,5,,0,0,1,"안녕하세요. 프리미엄 헬스테크 브랜드, 슬룸입니다.
시간 내어 소중한 후기를 작성해 주셔서 감사드립니다. :)

믿고 찾는 쇼핑몰이 되기 위해 더 좋은 상품과 서비스를 준비하겠습니다.
감사합니다. 💜"
117164,2026-07-02 00:00:00,,,레깅스 입을 때마다 허벅지 셀룰라이트가 신경 쓰여서 두꺼운 소재 레깅스만 골랐어요. 얇은 레깅스는 다 도드라지거든요. 컷팅 모드로 허벅지 집중 케어 한 달 하고 나서 얇은 레깅스 꺼내봤는데 생각보다 훨씬 괜찮더라고요. 셀룰라이트가 없어진 건 아닌데 탄력이 생기니까 덜 도드라져 보이는 거예요. 이제 레깅스 살 때 소재 먼저 안 봐요.,1793afe13e2f,,1003,바디풀고컷 경락 마사지기,99000,,기존리뷰,5,,0,0,1,"안녕하세요. 프리미엄 헬스테크 브랜드, 슬룸입니다.
진심 어린 소중한 후기 감사합니다. 💜

앞으로도 좋은 상품과 서비스로 고객님들을 찾아뵐 수 있도록 노력하겠습니다.
감사합니다. :)"
117165,2026-07-01 00:00:00,,,처음에 젤 대충 발랐더니 자극이 거의 없어서 이거 불량품인가 싶었어요. 사용법 다시 읽어보고 젤을 충분히 바르고 썼더니 완전히 다른 제품 같더라고요. EMS 자극이 확실하게 오면서 근육이 반응하는 게 느껴졌어요. 젤 바르는 양이 이렇게 중요한 건지 몰랐어요. 이걸 알고 나서부터 진짜 쓰기 시작한 것 같아요.,31113092a3fb,,1003,바디풀고컷 경락 마사지기,99000,,기존리뷰,5,,0,0,1,"안녕하세요. 프리미엄 헬스테크 브랜드, 슬룸입니다.
시간 내어 소중한 후기를 작성해 주셔서 감사드립니다. :)

믿고 찾는 쇼핑몰이 되기 위해 더 좋은 상품과 서비스를 준비하겠습니다.
감사합니다. 💜"
117176,2026-07-02 00:00:00,,,"야근하고 늦게 퇴근하면 다리가 더 심하게 부어있어요. 그 상태로 집에 오면 뭔가 하기 싫어서 그냥 자버리곤 했는데, 이거 있으니까 소파에 누워서 켜고 있으면 돼요. 힘들어도 할 수 있는 게 이거의 핵심인 것 같아요. 다음 날 아침에 발이 가벼운 게 느껴지거든요. 없었으면 야근 많은 생활을 어떻게 버텼나 싶어요.",63b614091a1a,,1003,바디풀고컷 경락 마사지기,99000,,기존리뷰,5,,0,0,1,"안녕하세요. 프리미엄 헬스테크 브랜드, 슬룸입니다.
진심 어린 소중한 후기 감사합니다. 💜

앞으로도 좋은 상품과 서비스로 고객님들을 찾아뵐 수 있도록 노력하겠습니다.
감사합니다. :)"
117182,2026-07-01 00:00:00,,,"에스테틱 비용이 카드 명세서에서 없어진 달에 처음엔 내가 관리를 안 하고 있나 싶었는데, 이거 매일 쓰고 있으니까 오히려 더 자주 관리받고 있는 거더라고요. 그 돈으로 다른 걸 하니까 삶의 질이 올라간 느낌이에요. 바디케어에 쓰는 돈은 줄었는데 효과는 올라간 게 신기해요.",4e558303e343,,1003,바디풀고컷 경락 마사지기,99000,,기존리뷰,4,,0,0,1,"안녕하세요. 프리미엄 헬스테크 브랜드, 슬룸입니다.
시간 내어 소중한 후기를 작성해 주셔서 감사드립니다. :)

믿고 찾는 쇼핑몰이 되기 위해 더 좋은 상품과 서비스를 준비하겠습니다.
감사합니다. 💜"
117187,2026-07-02 00:00:00,,,"샵 예약하다가 취소한 게 몇 번인지 몰라요. 예약해놓고 당일에 피곤하거나 일이 생기면 취소하고, 그러면 또 미루고. 이건 그 사이클 자체가 없어요. 오늘 하고 싶으면 켜고 피곤하면 내일 하면 되니까요. 그 유연함이 꾸준히 할 수 있게 만들어주는 것 같아요.",931142619a92,,1003,바디풀고컷 경락 마사지기,99000,,기존리뷰,5,,0,0,1,"안녕하세요. 프리미엄 헬스테크 브랜드, 슬룸입니다.
시간 내어 소중한 후기를 작성해 주셔서 감사드립니다. :)

믿고 찾는 쇼핑몰이 되기 위해 더 좋은 상품과 서비스를 준비하겠습니다.
감사합니다. 💜"
117190,2026-07-02 00:00:00,,,"발이 붓는 게 체질이라고 생각하고 체념하면서 살았는데, 이거 쓰면서 관리가 되는 거라는 걸 알았어요. 체질이 아니라 순환 문제였던 거더라고요. 매일 케어해주면 붓기가 매일 빠지는 게 느껴져요. 몸이 스스로 해결 못 하는 걸 기기가 도와주는 개념인 것 같아요.",496108549932,,1003,바디풀고컷 경락 마사지기,99000,,기존리뷰,5,,0,0,1,"안녕하세요. 프리미엄 헬스테크 브랜드, 슬룸입니다.
시간 내어 소중한 후기를 작성해 주셔서 감사드립니다. :)

믿고 찾는 쇼핑몰이 되기 위해 더 좋은 상품과 서비스를 준비하겠습니다.
감사합니다. 💜"
117210,2026-07-02 00:00:00,,,이직하고 서서 일하는 시간이 길어졌는데 적응하는 데 이게 많이 도움이 됐어요. 없었으면 다리 때문에 더 힘들었을 것 같아요. 퇴근 후 루틴이 생기면서 새 직장 적응도 더 수월하게 된 것 같아요. 몸이 편해야 마음도 적응이 되더라고요.,5cd59063e6a8,,1003,바디풀고컷 경락 마사지기,99000,,기존리뷰,5,,0,0,1,"안녕하세요. 프리미엄 헬스테크 브랜드, 슬룸입니다.
시간 내어 소중한 후기를 작성해 주셔서 감사드립니다. :)

믿고 찾는 쇼핑몰이 되기 위해 더 좋은 상품과 서비스를 준비하겠습니다.
감사합니다. 💜"
117215,2026-07-01 00:00:00,,,강도 1단계랑 15단계 차이가 진짜 커요. 처음엔 3단계도 강하다 싶었는데 지금은 10단계가 적당한 강도예요. 몸이 적응하면서 올릴 수 있다는 게 이 기기를 오래 쓸 수 있는 이유예요. 항상 내 몸에 맞는 강도를 찾아가는 재미가 있거든요.,dedcaa8b377a,,1003,바디풀고컷 경락 마사지기,99000,,기존리뷰,4,,0,0,1,"안녕하세요. 프리미엄 헬스테크 브랜드, 슬룸입니다.
시간 내어 소중한 후기를 작성해 주셔서 감사드립니다. :)

믿고 찾는 쇼핑몰이 되기 위해 더 좋은 상품과 서비스를 준비하겠습니다.
감사합니다. 💜"
117226,2026-07-03 00:00:00,,,복부 케어를 꾸준히 했더니 배가 나오는 자세가 자연스럽게 교정됐어요. 따로 자세 신경 쓴 게 아닌데 속근육이 생기면서 허리를 세우게 되더라고요. 바디케어가 자세에까지 영향을 줄 거라고는 생각 못 했어요.,2c96d3bec0e9,,1003,바디풀고컷 경락 마사지기,99000,,기존리뷰,4,,0,0,1,"안녕하세요. 프리미엄 헬스테크 브랜드, 슬룸입니다.
진심 어린 소중한 후기 감사합니다. 💜

앞으로도 좋은 상품과 서비스로 고객님들을 찾아뵐 수 있도록 노력하겠습니다.
감사합니다. :)"
117233,2026-07-03 00:00:00,,,"반팔 티셔츠를 살 때 항상 루즈한 사이즈 샀는데, 이번엔 딱 맞는 사이즈 샀어요. 팔뚝 라인이 달라지니까 기준이 달라진 거거든요. 같은 스타일의 옷도 핏에 따라 이렇게 다르게 보인다는 걸 이번에 알았어요.",e5ef33d78a23,,1003,바디풀고컷 경락 마사지기,99000,,기존리뷰,4,,0,0,1,"안녕하세요. 프리미엄 헬스테크 브랜드, 슬룸입니다.
시간 내어 소중한 후기를 작성해 주셔서 감사드립니다. :)

믿고 찾는 쇼핑몰이 되기 위해 더 좋은 상품과 서비스를 준비하겠습니다.
감사합니다. 💜"
117237,2026-07-02 00:00:00,,,퇴근길 지하철에서 앉으면 종아리가 얼마나 부었나 손으로 눌러보는 버릇이 있었거든요. 이거 쓰면서 눌러봐도 별로 안 부어있어서 신기했어요. 그 버릇 자체가 없어지고 있어요. 붓기 걱정 안 해도 되는 상태가 됐거든요.,aca09188b988,,1003,바디풀고컷 경락 마사지기,99000,,기존리뷰,5,,0,0,1,"안녕하세요. 프리미엄 헬스테크 브랜드, 슬룸입니다.
시간 내어 소중한 후기를 작성해 주셔서 감사드립니다. :)

믿고 찾는 쇼핑몰이 되기 위해 더 좋은 상품과 서비스를 준비하겠습니다.
감사합니다. 💜"
117242,2026-07-03 00:00:00,,,"퇴근 후에 운동하러 가고 싶어도 다리가 무거워서 포기한 날이 많았는데, 이거로 먼저 붓기 빼고 나면 운동 가는 게 훨씬 수월해요. 붓기 관리가 운동 동기부여까지 연결될 줄 몰랐어요.",bfb358cf891e,,1003,바디풀고컷 경락 마사지기,99000,,기존리뷰,5,,0,0,1,"안녕하세요. 프리미엄 헬스테크 브랜드, 슬룸입니다.
진심 어린 소중한 후기 감사합니다. 💜

앞으로도 좋은 상품과 서비스로 고객님들을 찾아뵐 수 있도록 노력하겠습니다.
감사합니다. :)"
117247,2026-07-01 00:00:00,,,샵 예약이 취소됐을 때 그 허탈감이 있잖아요. 이거 있으면 그 허탈감이 없어요. 언제든 내가 하면 되니까요. 바디케어에 대한 스트레스 자체가 없어진 게 생각보다 큰 변화더라고요.,5010979a8606,,1003,바디풀고컷 경락 마사지기,99000,,기존리뷰,5,,0,0,1,"안녕하세요. 프리미엄 헬스테크 브랜드, 슬룸입니다.
시간 내어 소중한 후기를 작성해 주셔서 감사드립니다. :)

믿고 찾는 쇼핑몰이 되기 위해 더 좋은 상품과 서비스를 준비하겠습니다.
감사합니다. 💜"
117251,2026-07-03 00:00:00,,,관리 못 하면 죄책감 들었는데 이제 그런 날이 없어요. 매일 하니까요. 그 안정감이 생각보다 커요. 내 몸을 잘 챙기고 있다는 느낌이 있으니까요.,661a054f5685,,1003,바디풀고컷 경락 마사지기,99000,,기존리뷰,4,,0,0,1,"안녕하세요. 프리미엄 헬스테크 브랜드, 슬룸입니다.
진심 어린 소중한 후기 감사합니다. 💜

앞으로도 좋은 상품과 서비스로 고객님들을 찾아뵐 수 있도록 노력하겠습니다.
감사합니다. :)"
117253,2026-07-03 19:20:22,2026-06-28 21:19:00,2026-06-30 16:24:42,"온열이라 따뜻해져서 풀리는 느낌
크지 않아서 자리 차지 안하고
진동도 여러모드 있어서 좋은 것 같아요!
아직 효과는 오래 써보지는 않아서 모르겠어요
써보고 다시 남기도록 하겠습니다!",9f3f5b78edd7,,909,목 마사지 베개 V2 경추 마사지기 베개,112000,수량선택: 목 마사지 베개 V2 1개,PC,4,,0,0,1,"안녕하세요. 프리미엄 헬스테크 브랜드, 슬룸입니다.
시간 내어 소중한 후기를 작성해 주셔서 감사드립니다. :)

믿고 찾는 쇼핑몰이 되기 위해 더 좋은 상품과 서비스를 준비하겠습니다.
감사합니다. 💜"
117254,2026-07-03 06:28:43,2026-06-22 22:54:15,2026-06-24 18:36:41,배송도 빠르고 좋아요,,,909,목 마사지 베개 V2 경추 마사지기 베개,112000,수량선택: 목 마사지 베개 V2 1개,기존리뷰,5,,0,0,1,"안녕하세요. 프리미엄 헬스테크 브랜드, 슬룸입니다.
진심 어린 소중한 후기 감사합니다. 💜

앞으로도 좋은 상품과 서비스로 고객님들을 찾아뵐 수 있도록 노력하겠습니다.
감사합니다. :)"
117255,2026-07-03 10:36:45,2026-06-26 21:22:30,2026-06-30 18:48:48,"부모님이 매우좋아하셨읍니다

잘쓸게요! 뜨랑낄로 만세",,,1007,[뜨랑낄로x슬룸] 구독자 전용 ★초특가★ 비밀링크,84900,수량선택: 발편한케어 M 1개 + L 1개,기존리뷰,5,,0,0,1,"안녕하세요. 프리미엄 헬스테크 브랜드, 슬룸입니다.
정성스럽게 올려주신 소중한 후기 감사합니다. 💜

고객님의 목소리로 더 발전하는 슬룸이 되도록 노력하겠습니다.
감사합니다. 🙇‍♀️"
117256,2026-07-03 10:38:16,2026-06-21 20:03:05,2026-06-23 16:23:26,더 사용해 봐야겠지만 뿍신싸고 시원한.느낌은 있어요. 그래도.잘 산거 같아요.,,,291,목베개 플러스 경추 목 마사지기 베개,91000,수량선택: 목베개 플러스 1개,기존리뷰,5,,1,0,1,"안녕하세요. 프리미엄 헬스테크 브랜드, 슬룸입니다.
시간 내어 소중한 후기를 작성해 주셔서 감사드립니다. :)

믿고 찾는 쇼핑몰이 되기 위해 더 좋은 상품과 서비스를 준비하겠습니다.
감사합니다. 💜"
117257,2026-07-03 10:46:18,2026-06-26 23:26:45,2026-06-30 13:46:57,남편이랑 둘다 거북목이 심해서 사봣는데 효과 있는듯요 넘 시원해요!,,,909,목 마사지 베개 V2 경추 마사지기 베개,112000,수량선택: 목 마사지 베개 V2 1개,기존리뷰,5,,0,0,1,"안녕하세요. 프리미엄 헬스테크 브랜드, 슬룸입니다.
정성스럽게 올려주신 소중한 후기 감사합니다. 💜

고객님의 목소리로 더 발전하는 슬룸이 되도록 노력하겠습니다.
감사합니다. 🙇‍♀️"
117258,2026-07-03 11:31:41,2026-06-23 15:27:20,2026-06-25 13:38:04,엄마 발바닥 통증땜에 구입했는데 이거 하고 효과있다고 좋아하세요,,,924,발편한케어 프리미엄 EMS 발 마사지기,89000,"사이즈&세트선택: M (220-270mm), 수량선택: 발편한케어 1개",기존리뷰,5,,1,0,1,"안녕하세요. 프리미엄 헬스테크 브랜드, 슬룸입니다.
정성스럽게 올려주신 소중한 후기 감사합니다. 💜

고객님의 목소리로 더 발전하는 슬룸이 되도록 노력하겠습니다.
감사합니다. 🙇‍♀️"
117259,2026-07-03 12:24:07,2026-06-20 20:37:25,2026-06-23 10:43:23,잘 구매했습니다.^^,,,1001,[슬룸] 구독자 전용 ★초특가★ 비밀링크,84900,수량선택: ★SET★ 발편한케어 L 1개 + 목 마사지 베개 V2 1개 + 마그네슘 시너지 크림 100원 + (증정)중형 파우치,기존리뷰,4,,1,0,1,"안녕하세요. 프리미엄 헬스테크 브랜드, 슬룸입니다.
정성스럽게 올려주신 소중한 후기 감사합니다. 💜

고객님의 목소리로 더 발전하는 슬룸이 되도록 노력하겠습니다.
감사합니다. 🙇‍♀️"
117260,2026-07-03 12:42:11,2026-06-27 09:29:55,2026-06-30 13:43:34,슬림좋와요 2번째제품 구매,,,995,[깜짝 타임특가] 목편한케어 목 마사지기,65000,수량선택: 목편한케어 1개 (목편한케어 커버 1개 증정),기존리뷰,5,,0,0,1,"안녕하세요. 프리미엄 헬스테크 브랜드, 슬룸입니다.
정성스럽게 올려주신 소중한 후기 감사합니다. 💜

고객님의 목소리로 더 발전하는 슬룸이 되도록 노력하겠습니다.
감사합니다. 🙇‍♀️"
117261,2026-07-03 13:16:40,2026-06-28 20:49:20,2026-06-30 18:42:59,거북목이 심해서 사용중인데 만족합니다,,,1005,[마리코리아x슬룸] 구독자 전용 ★초특가★ 비밀링크,119900,수량선택: 목 마사지베개 V2 1개,기존리뷰,5,,0,0,1,"안녕하세요. 프리미엄 헬스테크 브랜드, 슬룸입니다.
정성스럽게 올려주신 소중한 후기 감사합니다. 💜

고객님의 목소리로 더 발전하는 슬룸이 되도록 노력하겠습니다.
감사합니다. 🙇‍♀️"
117262,2026-07-03 13:36:43,2026-06-23 00:44:30,2026-06-24 21:10:28,"제가 받은 상품이 불량인건지 소리가 너무 커요
목 편해지려고 사봤는데 소리가 더 스트레스입니다ㅜㅜ",,,291,목베개 플러스 경추 목 마사지기 베개,91000,수량선택: 목베개 플러스 1개,기존리뷰,2,,0,0,1,"안녕하세요. 프리미엄 헬스테크 브랜드, 슬룸입니다.
고객님께 만족스러운 경험을 드리지 못해 대단히 죄송합니다. 😥

리뷰로는 상세한 안내가 어려워, 자세한 내용 알림톡(문자) 발송 도와드렸으니 확인 부탁드리겠습니다.
추가로 궁금하신 점이 있으시거나 문자 확인하신 후에도 해결되지 않는 경우
번거로우시겠지만 슬룸 채팅 상담을 통해 연락 주시면 빠르게 안내 도와드리겠습니다.

▶ 슬룸 채팅 상담 (※ 월-목 09:30-17:00, 금 09:30-16:00, 주말 및 공휴일 휴무)
http://sloom.channel.io/

고객님의 목소리로 더 발전하는 슬룸이 되도록 노력하겠습니다. 감사합니다."
117263,2026-07-03 13:49:16,2026-06-28 20:52:10,2026-06-30 18:43:19,시원해요. 좀 더 다양한 모드가 있었으면 좋겠어요.,,,1005,[마리코리아x슬룸] 구독자 전용 ★초특가★ 비밀링크,119900,수량선택: 허리펀한케어V2 1개 + 목마사지베개V2 1개 +(증정) 마그네슘 시너지 크림 100ml 1개,기존리뷰,5,,0,0,1,"안녕하세요. 프리미엄 헬스테크 브랜드, 슬룸입니다.
시간 내어 소중한 후기를 작성해 주셔서 감사드립니다. :)

믿고 찾는 쇼핑몰이 되기 위해 더 좋은 상품과 서비스를 준비하겠습니다.
감사합니다. 💜"
117264,2026-07-03 15:03:42,2026-06-29 07:16:25,2026-06-30 13:46:56,잠자는데 목이 편해요. 자고 일어 나도 목이랑 팔이 져렸는데.  이제는  많이 저리지 않아서  좋은것 같아요.,,,291,목베개 플러스 경추 목 마사지기 베개,91000,수량선택: 목베개 플러스 1개,기존리뷰,5,,0,0,1,"안녕하세요. 프리미엄 헬스테크 브랜드, 슬룸입니다.
시간 내어 소중한 후기를 작성해 주셔서 감사드립니다. :)

믿고 찾는 쇼핑몰이 되기 위해 더 좋은 상품과 서비스를 준비하겠습니다.
감사합니다. 💜"
117265,2026-07-03 15:48:32,2026-06-28 22:05:10,2026-06-30 16:15:52,좋아요 마리코리아 리카코리아 짱짱맨,,,1005,[마리코리아x슬룸] 구독자 전용 ★초특가★ 비밀링크,119900,수량선택: 목 마사지베개 V2 1개,기존리뷰,5,,0,0,1,"안녕하세요. 프리미엄 헬스테크 브랜드, 슬룸입니다.
진심 어린 소중한 후기 감사합니다. 💜

앞으로도 좋은 상품과 서비스로 고객님들을 찾아뵐 수 있도록 노력하겠습니다.
감사합니다. :)"
117266,2026-07-03 17:08:07,2026-06-17 22:07:45,2026-06-19 13:39:26,피곤할때 잘쓰고 있어요,,,1000,[김마통x슬룸] ★구독자 한정 역대급 할인 판매★,59900,수량선택: 목편한케어 플라잉 1개,기존리뷰,5,,0,0,1,"안녕하세요. 프리미엄 헬스테크 브랜드, 슬룸입니다.
정성스럽게 올려주신 소중한 후기 감사합니다. 💜

고객님의 목소리로 더 발전하는 슬룸이 되도록 노력하겠습니다.
감사합니다. 🙇‍♀️"
117267,2026-07-03 21:01:50,2026-04-23 09:47:35,2026-04-24 13:07:10,"여기서 목어깨 마사지기 넥프로랑 발 관련된 마사지기 두 제품을 구매하고 가격대비 괜찮아서 추가로 다른 라인업의 목어깨 마사지기를 구매했습니다.

분명 상품페이지란에 아주 크게 환불 보장 문구가 걸려있었고 그랬기에 고민 없이 써보고 생각하자! 하면서 결제했습니다

그리고 도착해서 써본 결과, 마사지기를 가장한 베개 였어요. 이 가격에 베개를 구매하고 싶은 생각은 없었기에 받은 당일에 바로 환불을 원했고 환불 받기 위해 고객센터와 연결을 원하는데 상담사는 없었습니다.

 답변의 범위가 좁은 답답한 ai 전화연결만 있고 문제를 해결해주지도 못하면서 반품 절차도 복잡하고 까다롭게 해놨습니다. 그리고 복잡한 방식 다 뚫고 마지막 단계에 가니, 구매한 후 몇주 후에 환불 할 수 있다면서 환불 요청을 거절합니다.

시간은 시간대로 쓰고 절차도 복잡해서 지치게 만들더니 결국 환불 요청도 거절합니다. 이럴거면 왜 환불보장 문구를 대문만하게 상세페이지란에 기재한 건지..?

가격이 나가더라도 왜 대기업 제품을 쓰라고 하는지, 고객을 위한 사후 서비스 부분에서 통감했습니다. 아무리 인건비가 비싸더라도 상담사 부서 정도는 투자하시는 게 지속 가능한 브랜드 신뢰성에서 더 좋지 않나 싶습니다.

그리고 저런 마게팅은 소비자를 기만하는 거 아닌가 싶기도 합니다.

그리고 이 제품을 베개라고 하세요 이게 무슨 마사지기라는 건지...

넥프로는 아주 잘 쓰고 있습니다. 하지만 하나의 제품이 좋다고 아닌 제품에도 제 돈을 쓰며 덕담을 할 수는 없네요

환불, 마케팅에서 고객을 지치게하고 기만하는 일이 없었으면 합니다.

다른 좋은 제품이 있어도 브랜드에 대한 인식 자체를 낮춰버리면 결국 회사를 위해서도 미래적으론 악영향이 있지 않을까요?",,,291,목베개 플러스 경추 목 마사지기 베개,91000,"버전&세트선택: V2, 수량선택: 목 마사지 베개 V2 1개 (마그네슘 시너지 크림 30ml 1개 증정)",기존리뷰,1,,0,0,1,"안녕하세요, 고객님
프리미엄 헬스테크 브랜드 슬룸입니다.

우선 제품 품질과 반품 접수 과정에서 불편을 드려 진심으로 죄송합니다.

마사지기 같은 전자제품은 법적으로 별도의 테스트 사용 개념이 없으며, 단 1회라도 작동을 하셨다면 사용으로 간주하여 사용 후 불만족으로 인한 단순 변심 반품은 불가합니다.

다만 저희 슬룸에서는 고객님들께서 충분히 제품을 체험해 보실 수 있도록 공식몰 구매 고객 한정으로 사용 후 불만족 시에도 반품이 가능한 <100% 환불 이벤트>를 특별히 운영하고 있습니다.

이벤트 안내 페이지의 유의사항에서도 확인하실 수 있듯이, 해당 이벤트는 제품 수령일로부터 30일 경과 후 ~ 40일 이내에만 신청이 가능합니다. (사전 신청 불가)

고객님의 주문 건을 확인해 보니 아직 제품을 수령하신 지 30일이 경과된 상황으로 확인됩니다.
해당 경우에는 단순 변심 반품 및 100%환불이벤트 참여가 어려운 점 양해 부탁드립니다.

감사합니다."
117268,2026-07-04 00:01:47,2026-06-27 23:26:10,2026-06-30 16:24:30,잘사용하고 있습니다~,,,1001,[슬룸] 구독자 전용 ★초특가★ 비밀링크,84900,수량선택: ★SET★ 발편한케어 M 1개 + 목 마사지 베개 V2 1개 + 마그네슘 시너지 크림 100원 + (증정)중형 파우치,기존리뷰,5,,1,0,1,"안녕하세요. 프리미엄 헬스테크 브랜드, 슬룸입니다.
시간 내어 소중한 후기를 작성해 주셔서 감사드립니다. :)

믿고 찾는 쇼핑몰이 되기 위해 더 좋은 상품과 서비스를 준비하겠습니다.
감사합니다. 💜"
117269,2026-07-04 09:12:23,2026-07-01 18:50:12,2026-07-03 16:18:31,"와..  이건진짜 제게 구세주입니다ㅜㅜㅜ

편의점 운영을 하다보니 무거운물류를 받아서 이미 팔꿈치는 말도못하게 상해있는 상태입니다.

올해 체외충격파치료 외에도 여러치료를 이미 받았고.. 이번에 실손보험이 바뀌면서 치료를 더이상 쉽게 받을수 없어서 아파도 꾹 꾹참고 파스만 덕지덕지..  그래도 붙였을때 잠시 시원할뿐..  고통은 계속가고 심할때는 손끝까지 아프기도하거든요...  

근데 와 진짜와..  이런감탄사밖에 안나오는게
몇번했다고 그고통이 완전히 사러진건아닙니다.
근데 늘 물류받고나면 팔꿈치쪽에 열이나고 욱신거리고 그랬는데 이건일하면서도 받을수있어서 칙용하고 매장청소하면서 받았는데
아픈줄도몰랐어요.
오히려 너무시원해서 청소하는내내 신났을정돕니다.

정말 저에겐 구세주같은 존재와의 만남이네요.
무엇보다 가만히받는게아니라 간단히 일하면서도 마사지 받을수있다는게 너무너무 효율적이고 효과도좋고 좋은것같습니다!
이런 좋은걸 개발해주시다니 감사함돠!",0687610c648d,,980,프리미엄 엘보케어 팔꿈치 마사지기,149000,수량선택: 팔꿈치 마사지기 1개,모바일,5,동영상 리뷰,0,1,1,"안녕하세요. 프리미엄 헬스테크 브랜드, 슬룸입니다.
진심 어린 소중한 후기 감사합니다. 💜

앞으로도 좋은 상품과 서비스로 고객님들을 찾아뵐 수 있도록 노력하겠습니다.
감사합니다. :)"
117270,2026-07-04 21:15:14,2026-07-02 14:46:09,2026-07-04 16:10:40,"평소에 조금만 무리하면 앨보 통증이 바로 나옵니다. 
사이즈가 적당해서 차량에 두고 사용하면 좋을 것 같아요 
오자마자 개봉해서 쓰는 중인데 온열도 되고 
크림 안발랐는데도 ems 잘 오고 좋네요 
",8efb6c1a8217,,980,프리미엄 엘보케어 팔꿈치 마사지기,149000,수량선택: 데일리 릴렉스 세트 (팔꿈치 마사지기 + 마그네슘 시너지 크림),반응형(내리뷰),5,,1,0,1,"안녕하세요. 프리미엄 헬스테크 브랜드, 슬룸입니다.
시간 내어 소중한 후기를 작성해 주셔서 감사드립니다. :)

믿고 찾는 쇼핑몰이 되기 위해 더 좋은 상품과 서비스를 준비하겠습니다.
감사합니다. 💜"
117271,2026-07-05 01:30:59,2026-06-28 22:49:46,2026-06-30 13:47:25,"국내산인줄  알았는데ᆢ중국산이라  좀  기분이ᆢ
써보니  그래도  좋기는 합니다~~",f1156e59edee,,291,목베개 플러스 경추 목 마사지기 베개,91000,수량선택: 목베개 플러스 1개,모바일(팝업),5,,0,0,1,"안녕하세요, 더 나은 내일을 위한 일상 속 휴식 시간, 슬룸입니다.
진심어린 소중한 후기 감사합니다, 고객님💜

슬룸은 국내 브랜드에서 직접 기획하고 설계한 제품이지만, 제조 공정은 중국 OEM 방식으로 진행되고 있습니다.

모든 제품은 국내 입고 후 검수 과정을 거쳐 출고되며, A/S 및 고객 상담 역시 국내 전문 고객센터를 통해 지원하고 있으니 안심하고 이용 부탁드립니다.

앞으로도 좋은 상품과 서비스로 고객님들께 찾아뵐 수 있도록 노력하겠습니다.
감사합니다 :)"
117272,2026-07-04 02:47:00,2026-07-02 12:10:50,2026-07-03 16:11:50,더 사용해 보고 후기 남길게요,,,636,허리편한케어 V2 허리 마사지기,131000,수량선택: 허리편한케어 V2 1개 (허리베개 1개 증정),기존리뷰,5,,0,0,1,"안녕하세요. 프리미엄 헬스테크 브랜드, 슬룸입니다.
진심 어린 소중한 후기 감사합니다. 💜

앞으로도 좋은 상품과 서비스로 고객님들을 찾아뵐 수 있도록 노력하겠습니다.
감사합니다. :)"
117273,2026-07-04 10:01:14,2026-06-30 13:04:10,2026-07-01 21:05:11,엘보치료에 도우미 되길 바라며...,,,980,프리미엄 엘보케어 팔꿈치 마사지기,149000,수량선택: 데일리 릴렉스 세트 (팔꿈치 마사지기 + 마그네슘 시너지 크림),기존리뷰,4,,1,0,1,"안녕하세요. 프리미엄 헬스테크 브랜드, 슬룸입니다.
정성스럽게 올려주신 소중한 후기 감사합니다. 💜

고객님의 목소리로 더 발전하는 슬룸이 되도록 노력하겠습니다.
감사합니다. 🙇‍♀️"
117274,2026-07-04 11:47:44,2026-06-30 07:26:10,2026-07-01 16:08:25,잘쓸께요 충전잘되요,,,376,허리편한케어 V1 전용 케이블,5000,,기존리뷰,5,,1,0,1,"안녕하세요. 프리미엄 헬스테크 브랜드, 슬룸입니다.
시간 내어 소중한 후기를 작성해 주셔서 감사드립니다. :)

믿고 찾는 쇼핑몰이 되기 위해 더 좋은 상품과 서비스를 준비하겠습니다.
감사합니다. 💜"
117275,2026-07-04 13:57:34,2026-06-30 05:52:55,2026-07-01 18:35:41,좋습니다~한결 편하게 느껴지네요~,,,636,허리편한케어 V2 허리 마사지기,131000,수량선택: 허리편한케어 V2 1개 (허리베개 1개 증정),기존리뷰,5,,0,0,1,"안녕하세요. 프리미엄 헬스테크 브랜드, 슬룸입니다.
정성스럽게 올려주신 소중한 후기 감사합니다. 💜

고객님의 목소리로 더 발전하는 슬룸이 되도록 노력하겠습니다.
감사합니다. 🙇‍♀️"
117276,2026-07-04 14:48:34,2026-06-30 15:23:55,2026-07-02 13:38:41,와이프사줫는데 좋아하네요 시원하다고합니다,,,724,★최대할인 비밀링크★ 목베개 플러스 특가,69000,수량선택: 목베개 플러스 1개,기존리뷰,5,,1,0,1,"안녕하세요. 프리미엄 헬스테크 브랜드, 슬룸입니다.
진심 어린 소중한 후기 감사합니다. 💜

앞으로도 좋은 상품과 서비스로 고객님들을 찾아뵐 수 있도록 노력하겠습니다.
감사합니다. :)"
117277,2026-07-04 18:01:58,2026-07-03 09:23:25,2026-07-04 15:16:00,성능은 마음에 드는데 제품에 흰가루같은게 뭍어있어서 털어내고 사용했는데 기분은 좋지 않네요.,,,1005,[마리코리아x슬룸] 구독자 전용 ★초특가★ 비밀링크,119900,수량선택: 목 마사지베개 V2 1개,기존리뷰,4,,1,0,1,"안녕하세요. 프리미엄 헬스테크 브랜드, 슬룸입니다.

많이 기대하고 기다려 주셨을 텐데, 수령하신 제품에 이물질이 묻어 있어 많이 속상하셨을 것 같습니다.
제품 이용에 불편을 드려 진심으로 사과드립니다.

우선 번거로우시겠지만, 묻어 있는 이물질을 물티슈 등으로 가볍게 닦아내 보시는 것을 권장해 드립니다.

만약 가볍게 닦아내어도 이물질이 지워지지 않거나 제품 자체의 오염이 심한 경우, 수령하신 날로부터 7일 이내에 오염 부위의 사진을 첨부하여 문의해 주시면 신속하게 교환 처리를 도와드리겠습니다.

이외에 추가적인 문의 사항이 있으시다면 언제든지 슬룸 고객센터로 말씀해 주세요.
▶ 슬룸 채팅 상담 (※ 월-목 09:30-17:00, 금 09:30-16:00, 주말 및 공휴일 휴무)
http://sloom.channel.io/

고객님의 목소리로 더 발전하는 슬룸이 되도록 노력하겠습니다. 감사합니다."
117278,2026-07-04 18:39:55,2026-07-02 19:54:40,2026-07-04 16:07:15,좋아요~~~~~~많이 파세요,,,1005,[마리코리아x슬룸] 구독자 전용 ★초특가★ 비밀링크,119900,수량선택: 허리펀한케어V2 1개 + 목마사지베개V2 1개 +(증정) 마그네슘 시너지 크림 100ml 1개,기존리뷰,5,,1,0,1,"안녕하세요. 프리미엄 헬스테크 브랜드, 슬룸입니다.
정성스럽게 올려주신 소중한 후기 감사합니다. 💜

고객님의 목소리로 더 발전하는 슬룸이 되도록 노력하겠습니다.
감사합니다. 🙇‍♀️"
117279,2026-07-04 18:52:21,2026-07-03 10:22:10,2026-07-04 18:36:11,오늘 도착했어요~~^^ 생각보다 배송도 빠르고 포장도 깔끔하게 잘~~왔어요,,,1008,★최대할인 비밀링크★ 바디 풀고컷 경락 마사지기,89900,수량선택: 바디 풀고컷 1개 (트리플 샷 시너지 젤 1개 증정),기존리뷰,4,,1,0,1,"안녕하세요. 프리미엄 헬스테크 브랜드, 슬룸입니다.
진심 어린 소중한 후기 감사합니다. 💜

앞으로도 좋은 상품과 서비스로 고객님들을 찾아뵐 수 있도록 노력하겠습니다.
감사합니다. :)"
117280,2026-07-04 20:37:25,2026-06-20 20:13:10,2026-06-23 21:10:37,빠른배송 감사합니다! 정말 잘 쓰고 있어요!,,,1001,[슬룸] 구독자 전용 ★초특가★ 비밀링크,84900,수량선택: 발편한케어 M 1개,기존리뷰,5,,0,0,1,"안녕하세요. 프리미엄 헬스테크 브랜드, 슬룸입니다.
정성스럽게 올려주신 소중한 후기 감사합니다. 💜

고객님의 목소리로 더 발전하는 슬룸이 되도록 노력하겠습니다.
감사합니다. 🙇‍♀️"
117281,2026-07-04 21:21:42,2026-07-02 16:28:15,2026-07-04 16:07:20,좋은데 에어펌프? 모터? 소리가 좀 크게 느껴집니다. 온열기능이 좋습니다,,,909,목 마사지 베개 V2 경추 마사지기 베개,112000,수량선택: 목 마사지 베개 V2 1개,기존리뷰,4,,1,0,1,"안녕하세요. 프리미엄 헬스테크 브랜드, 슬룸입니다.
정성스럽게 올려주신 소중한 후기 감사합니다. 💜

고객님의 목소리로 더 발전하는 슬룸이 되도록 노력하겠습니다.
감사합니다. 🙇‍♀️"
117282,2026-07-04 21:28:13,2026-07-03 12:43:30,2026-07-04 16:10:05,발에 자극이 잘오고 시원하긴한데 왼발 오른발 구분이 안되어 있어서 자극이 좀다른거 같아요 개선이 안될까요?,,,924,발편한케어 프리미엄 EMS 발 마사지기,89000,"사이즈&세트선택: M (220-270mm), 수량선택: 발편한케어 1개",기존리뷰,3,,1,0,1,"안녕하세요. 프리미엄 헬스테크 브랜드, 슬룸입니다.
고객님께 만족스러운 경험을 드리지 못해 대단히 죄송합니다. 😥

리뷰로는 상세한 안내가 어려워, 자세한 내용 알림톡(문자) 발송 도와드렸으니 확인 부탁드리겠습니다.
추가로 궁금하신 점이 있으시거나 문자 확인하신 후에도 해결되지 않는 경우
번거로우시겠지만 슬룸 채팅 상담을 통해 연락 주시면 빠르게 안내 도와드리겠습니다.

▶ 슬룸 채팅 상담 (※ 월-목 09:30-17:00, 금 09:30-16:00, 주말 및 공휴일 휴무)
http://sloom.channel.io/

고객님의 목소리로 더 발전하는 슬룸이 되도록 노력하겠습니다. 감사합니다."
117283,2026-07-04 22:26:13,2026-06-27 12:58:25,2026-06-30 21:06:58,배송도 빠르고 좋네요,,,980,프리미엄 엘보케어 팔꿈치 마사지기,149000,수량선택: 데일리 릴렉스 세트 (팔꿈치 마사지기 + 마그네슘 시너지 크림),기존리뷰,5,,1,0,1,"안녕하세요. 프리미엄 헬스테크 브랜드, 슬룸입니다.
진심 어린 소중한 후기 감사합니다. 💜

앞으로도 좋은 상품과 서비스로 고객님들을 찾아뵐 수 있도록 노력하겠습니다.
감사합니다. :)"
117284,2026-07-04 22:49:23,2026-06-30 07:51:20,2026-07-01 18:38:18,동작방식이 편해요 그래서 좋아오,,,909,목 마사지 베개 V2 경추 마사지기 베개,112000,수량선택: 목 마사지 베개 V2 1개,기존리뷰,4,,1,0,1,"안녕하세요. 프리미엄 헬스테크 브랜드, 슬룸입니다.
시간 내어 소중한 후기를 작성해 주셔서 감사드립니다. :)

믿고 찾는 쇼핑몰이 되기 위해 더 좋은 상품과 서비스를 준비하겠습니다.
감사합니다. 💜"
117285,2026-07-05 00:52:33,2026-06-21 22:32:30,2026-06-23 13:45:01,"출산 후 한달후에 첫만남이용바우처로 고민없이 구매 1일 삼회 이용중 수유중, 아기재울때 아무때고 사용가능해서 좋음 누워서 쓸때 발도 살짝 높히고해야 편함",,,966,골반 케어 프리미엄 골반 마사지기,191000,수량선택: 골반 마사지기 1개,기존리뷰,5,,1,0,1,"안녕하세요. 프리미엄 헬스테크 브랜드, 슬룸입니다.
정성스럽게 올려주신 소중한 후기 감사합니다. 💜

고객님의 목소리로 더 발전하는 슬룸이 되도록 노력하겠습니다.
감사합니다. 🙇‍♀️"
117286,2026-07-05 15:07:59,2026-07-02 06:11:23,2026-07-03 13:43:25,"오래 고질병으로 구입했는데
첫날은 조금 불편감이 있었으나
지금 3일째 아침 저녁 사용하고 있음.
안쓰는거보다 훨씬 나음",e0e809d32a18,,909,목 마사지 베개 V2 경추 마사지기 베개,112000,수량선택: 목 마사지 베개 V2 1개,모바일,5,,1,0,1,"안녕하세요. 프리미엄 헬스테크 브랜드, 슬룸입니다.
정성스럽게 올려주신 소중한 후기 감사합니다. 💜

고객님의 목소리로 더 발전하는 슬룸이 되도록 노력하겠습니다.
감사합니다. 🙇‍♀️"
117287,2026-07-05 22:40:07,2026-07-01 19:29:24,2026-07-16 20:09:11,"예약 구매라 그래서 더 늦게 올 줄 알았는데, 바로 도착했어요.
시너지젤이 생각보다 작은용량이라 놀라긴 했는데, 오늘부터 열심히 해볼랍니다. 변화가 있으리라 기대 합니다.",96125784bd8e,,1003,바디풀고컷 경락 마사지기,99000,수량선택: 바디 풀고컷 1개 (트리플 샷 시너지 젤 1개 증정),모바일(팝업),5,,1,0,1,"안녕하세요. 프리미엄 헬스테크 브랜드, 슬룸입니다.
시간 내어 소중한 후기를 작성해 주셔서 감사드립니다. :)

믿고 찾는 쇼핑몰이 되기 위해 더 좋은 상품과 서비스를 준비하겠습니다.
감사합니다. 💜"
117288,2026-07-05 08:22:02,2026-06-29 10:46:10,2026-06-30 23:05:29,일하고 들어와 스트레칭모드로 하다 그냥 잠들어 버렸네요..시원하고 목받침 베게로도 좋아서 만족합니다~ 다만 충전하면서 사용해야하는점과 버튼 리모컨이 없어 사용시마다 보고 누르고 해야하는 약간의 번거로움이 있네요,,,724,★최대할인 비밀링크★ 목베개 플러스 특가,69000,수량선택: 목베개 플러스 1개,기존리뷰,4,,1,0,1,"안녕하세요. 프리미엄 헬스테크 브랜드, 슬룸입니다.
진심 어린 소중한 후기 감사합니다. 💜

앞으로도 좋은 상품과 서비스로 고객님들을 찾아뵐 수 있도록 노력하겠습니다.
감사합니다. :)"
117289,2026-07-05 08:44:52,2026-07-03 07:37:45,2026-07-04 18:36:31,살때 사야하는데 엘보 의료기 넣을때 없어 보니 파네요ㅎㅎ,,,754,슬룸 전용 파우치,11900,수량선택: 슬룸 보관용 파우치 (중형) 1개 (33*48cm),기존리뷰,5,,1,0,1,"안녕하세요. 프리미엄 헬스테크 브랜드, 슬룸입니다.
진심 어린 소중한 후기 감사합니다. 💜

앞으로도 좋은 상품과 서비스로 고객님들을 찾아뵐 수 있도록 노력하겠습니다.
감사합니다. :)"
117290,2026-07-05 09:27:58,2026-06-27 16:46:50,2026-06-30 21:06:51,좋아요 가격이조금마누저렴히면더좋겠지만,,,909,목 마사지 베개 V2 경추 마사지기 베개,112000,수량선택: 목 마사지 베개 V2 1개,기존리뷰,5,,0,0,1,"안녕하세요. 프리미엄 헬스테크 브랜드, 슬룸입니다.
정성스럽게 올려주신 소중한 후기 감사합니다. 💜

고객님의 목소리로 더 발전하는 슬룸이 되도록 노력하겠습니다.
감사합니다. 🙇‍♀️"
117291,2026-07-05 11:16:51,2026-07-01 06:47:55,2026-07-02 13:38:54,손으로 주므르듯 좋아요,,,924,발편한케어 프리미엄 EMS 발 마사지기,89000,"사이즈&세트선택: M (220-270mm), 수량선택: 발편한케어 1개",기존리뷰,3,,0,0,1,"안녕하세요. 프리미엄 헬스테크 브랜드, 슬룸입니다.
정성스럽게 올려주신 소중한 후기 감사합니다. 💜

고객님의 목소리로 더 발전하는 슬룸이 되도록 노력하겠습니다.
감사합니다. 🙇‍♀️"
117292,2026-07-05 12:12:21,2026-07-02 23:31:40,2026-07-04 16:10:43,쓸만해요. 굿 긋 굿!!,,,980,프리미엄 엘보케어 팔꿈치 마사지기,149000,수량선택: 데일리 릴렉스 세트 (팔꿈치 마사지기 + 마그네슘 시너지 크림),기존리뷰,5,,0,0,1,"안녕하세요. 프리미엄 헬스테크 브랜드, 슬룸입니다.
정성스럽게 올려주신 소중한 후기 감사합니다. 💜

고객님의 목소리로 더 발전하는 슬룸이 되도록 노력하겠습니다.
감사합니다. 🙇‍♀️"
117293,2026-07-05 12:38:57,2026-07-01 12:13:30,2026-07-02 18:35:49,여태 사용해봤던 소형안마기중 최고입니다,,,980,프리미엄 엘보케어 팔꿈치 마사지기,149000,수량선택: 데일리 릴렉스 세트 (팔꿈치 마사지기 + 마그네슘 시너지 크림),기존리뷰,5,,1,0,1,"안녕하세요. 프리미엄 헬스테크 브랜드, 슬룸입니다.
진심 어린 소중한 후기 감사합니다. 💜

앞으로도 좋은 상품과 서비스로 고객님들을 찾아뵐 수 있도록 노력하겠습니다.
감사합니다. :)"
117294,2026-07-05 14:37:01,2026-07-02 18:33:35,2026-07-04 18:36:36,처음이라 아직은 잘모르겠고 온열이 되어서 좋습니다 잘사용 해 볼께요,,,1012,[태국박서방TV x 슬룸] 구독자 전용 ★최저가★ 비밀링크,99000,수량선택: 목마사지베개V2 1개,기존리뷰,5,,1,0,1,"안녕하세요. 프리미엄 헬스테크 브랜드, 슬룸입니다.
진심 어린 소중한 후기 감사합니다. 💜

앞으로도 좋은 상품과 서비스로 고객님들을 찾아뵐 수 있도록 노력하겠습니다.
감사합니다. :)"
117295,2026-07-05 15:16:55,2026-06-26 12:01:45,2026-06-27 18:36:24,만족합니다 신세계입니다,,,981,목 마사지 베개 V2 계절베개 목 집중 케어,112000,수량선택: 목 마사지 베개 V2 1개,기존리뷰,5,,0,0,1,"안녕하세요. 프리미엄 헬스테크 브랜드, 슬룸입니다.
시간 내어 소중한 후기를 작성해 주셔서 감사드립니다. :)

믿고 찾는 쇼핑몰이 되기 위해 더 좋은 상품과 서비스를 준비하겠습니다.
감사합니다. 💜"
117296,2026-07-05 15:28:14,2026-06-27 23:13:00,2026-06-30 16:17:40,가볍고. 진동. 온열. 여러가지 효과가 있어서 좋았어요.,,,1001,[슬룸] 구독자 전용 ★초특가★ 비밀링크,84900,수량선택: 목 마사지 베개 V2 1개,기존리뷰,4,,1,0,1,"안녕하세요. 프리미엄 헬스테크 브랜드, 슬룸입니다.
정성스럽게 올려주신 소중한 후기 감사합니다. 💜

고객님의 목소리로 더 발전하는 슬룸이 되도록 노력하겠습니다.
감사합니다. 🙇‍♀️"
117297,2026-07-05 16:19:28,2026-07-01 00:28:00,2026-07-02 16:14:30,"일단 가볍고 자극도 확실해서 좋아요~
이번 여행 갈 때 가져갈 예정인데 무게가 맘에 듭니다~",,,874,발편한케어 프리미엄 고주파 발 마사지기,91000,"사이즈&세트선택: M (220-270mm), 수량선택: 발편한케어 1개 (파우치 중형 1개 증정)",기존리뷰,5,,0,0,1,"안녕하세요. 프리미엄 헬스테크 브랜드, 슬룸입니다.
정성스럽게 올려주신 소중한 후기 감사합니다. 💜

고객님의 목소리로 더 발전하는 슬룸이 되도록 노력하겠습니다.
감사합니다. 🙇‍♀️"
117298,2026-07-05 17:21:22,2026-06-20 15:51:15,2026-06-23 21:09:33,"발 마사지기 별4개, 목 마사지기 별 4개 발 마사지기 세기가 동일하게 설정해도 강할 때도 있고 약할 때도 있음. 목 마사지기는 너무 딱딱함, 전원 off후 베개로 사용시 목이 아주 편하지는.",,,1001,[슬룸] 구독자 전용 ★초특가★ 비밀링크,84900,수량선택: ★SET★ 발편한케어 L 1개 + 목 마사지 베개 V2 1개 + 마그네슘 시너지 크림 100원 + (증정)중형 파우치,기존리뷰,4,,2,0,1,"안녕하세요. 프리미엄 헬스테크 브랜드, 슬룸입니다.
고객님께 만족스러운 경험을 드리지 못해 대단히 죄송합니다. 😥

리뷰로는 상세한 안내가 어려워, 자세한 내용 알림톡(문자) 발송 도와드렸으니 확인 부탁드리겠습니다.
추가로 궁금하신 점이 있으시거나 문자 확인하신 후에도 해결되지 않는 경우
번거로우시겠지만 슬룸 채팅 상담을 통해 연락 주시면 빠르게 안내 도와드리겠습니다.

▶ 슬룸 채팅 상담 (※ 월-목 09:30-17:00, 금 09:30-16:00, 주말 및 공휴일 휴무)
http://sloom.channel.io/

고객님의 목소리로 더 발전하는 슬룸이 되도록 노력하겠습니다. 감사합니다."
117299,2026-07-05 21:11:18,2026-06-30 11:23:05,2026-07-01 21:05:12,쓰기는 편한데 사실 시원한 정도가 좀 약한거같아요 하비만 온열도 되고 워낙 목이안좋아서 한번쓰고는 목이 좀 풀려서 좀 낫더라구요,,,909,목 마사지 베개 V2 경추 마사지기 베개,112000,수량선택: 목 마사지 베개 V2 1개,기존리뷰,2,,0,0,1,"안녕하세요 고객님, 프리미엄 헬스테크 브랜드, 슬룸입니다.
고객님께 만족스러운 경험을 드리지 못해 대단히 죄송합니다.😥

슬룸의 모든 제품은 인체공학적으로 설계되어 편안한 사용이 가능하나 초기 사용 시 1~2주 이상의 적응 기간이 필요할 수 있습니다. 
다만 수령하신 날짜 기준으로 30일 동안 꾸준히 사용해보시고도 만족하지 못하셨을 경우에는, 슬룸에서 진행하는 <100%환불이벤트> 에 참여하여 왕복배송비 제외 전액 환불이 가능합니다.

※ 제품을 30일간 꾸준히 사용한 경우, 배송완료 후 40일이내 신청이 가능
※ 환불 서비스는 첫 구매 체험을 위한 서비스로 1회만 신청 가능

▶ <100% 환불 이벤트> 상세 환불 조건 : https://sleeplab.co.kr/notice/?page=1#13709226_notice 

슬룸을 믿고 편하게 사용 및 체험해보시고, 그럼에도 만족하시지 못하셨을 경우 슬룸 공식몰의 채널톡을 통해 이벤트 기간 내 문의 주시면 환불 접수 도움드리겠습니다."
117300,2026-07-06 00:45:45,2026-06-20 13:35:50,2026-06-23 18:43:11,배송이 빠르고 좋아요,,,1001,[슬룸] 구독자 전용 ★초특가★ 비밀링크,84900,수량선택: ★SET★ 발편한케어 L 1개 + 목 마사지 베개 V2 1개 + 마그네슘 시너지 크림 100원 + (증정)중형 파우치,기존리뷰,5,,1,0,1,"안녕하세요. 프리미엄 헬스테크 브랜드, 슬룸입니다.
시간 내어 소중한 후기를 작성해 주셔서 감사드립니다. :)

믿고 찾는 쇼핑몰이 되기 위해 더 좋은 상품과 서비스를 준비하겠습니다.
감사합니다. 💜"
117301,2026-07-06 00:53:18,2026-07-02 00:11:05,2026-07-03 16:18:27,매일 사용중입니다 배송빨라요,,,1007,[뜨랑낄로x슬룸] 구독자 전용 ★초특가★ 비밀링크,84900,수량선택: 목마사지베개V2 1개,기존리뷰,5,,1,0,1,"안녕하세요. 프리미엄 헬스테크 브랜드, 슬룸입니다.
정성스럽게 올려주신 소중한 후기 감사합니다. 💜

고객님의 목소리로 더 발전하는 슬룸이 되도록 노력하겠습니다.
감사합니다. 🙇‍♀️"
117302,2026-07-06 17:34:23,,,"안녕하세요! 아이스 클라이밍 국가대표 김민철입니다🧗🏻‍♂️
팔꿈치는 한 번 뻐근하기 시작하면
방치할 시에 시즌 아웃으로 이어지다보니
팔꿈치와 전완근은 평소에도
더욱 신경 써서 관리하고 있는데요.

하루 15분만, 운동 한 세트 끝나고 사용하면
EMS+TENS 기능이 속근육까지 풀어주고
공기압 마사지가 전완근까지 관리해 줘
요즘은 운동 후 루틴으로 꼭 챙기고 있답니다.

정형외과 전문의가 자문에 참여하고
병원에도 공식 입점된 제품이라 더 믿고 사용할 수 있는
슬룸 팔꿈치 마사지기, 다들 꼭 한 번 사용해 보세요!",5e2c83a244f6,,980,프리미엄 엘보케어 팔꿈치 마사지기,149000,,스탭후기,5,동영상 리뷰,2,1,1,"안녕하세요. 프리미엄 헬스테크 브랜드, 슬룸입니다.
정성스럽게 올려주신 소중한 후기 감사합니다. 💜

고객님의 목소리로 더 발전하는 슬룸이 되도록 노력하겠습니다.
감사합니다. 🙇‍♀️"
117303,2026-07-06 21:03:19,2026-07-03 10:17:04,2026-07-24 20:08:12,2일째 사용 중인데 사용하고있을땐 좋은데 사용하고 난후엔 막 좋아 졌단 느낌은 아직 없네요 꾸준히 한번 써봐야 겠어요,ef69ff950a98,,980,프리미엄 엘보케어 팔꿈치 마사지기,149000,수량선택: 데일리 릴렉스 세트 (팔꿈치 마사지기 + 마그네슘 시너지 크림),반응형(내리뷰),4,,0,0,1,"안녕하세요. 프리미엄 헬스테크 브랜드, 슬룸입니다.
정성스럽게 올려주신 소중한 후기 감사합니다. 💜

고객님의 목소리로 더 발전하는 슬룸이 되도록 노력하겠습니다.
감사합니다. 🙇‍♀️"
117304,2026-07-06 22:43:00,2026-06-23 06:23:29,2026-06-26 18:37:26,"시간에 구애받지 않고 언제든 간편하게 사용할 수 있도, 
생각보다 시원하고 효과도 있는 것 같고
아직 많이 사용해 보지 않았지만 잘 사용할 것 같아요.
",dee7affcdf40,,1003,바디풀고컷 경락 마사지기,99000,수량선택: 바디 풀고컷 1개 (트리플 샷 시너지 젤 1개 증정),모바일,5,,0,0,1,"안녕하세요. 프리미엄 헬스테크 브랜드, 슬룸입니다.
진심 어린 소중한 후기 감사합니다. 💜

앞으로도 좋은 상품과 서비스로 고객님들을 찾아뵐 수 있도록 노력하겠습니다.
감사합니다. :)"
117305,2026-07-06 08:12:22,2026-07-03 13:13:35,2026-07-04 16:10:12,빠른배송감사합니다.,,,980,프리미엄 엘보케어 팔꿈치 마사지기,149000,수량선택: 팔꿈치 마사지기 1개,기존리뷰,5,,1,0,1,"안녕하세요. 프리미엄 헬스테크 브랜드, 슬룸입니다.
정성스럽게 올려주신 소중한 후기 감사합니다. 💜

고객님의 목소리로 더 발전하는 슬룸이 되도록 노력하겠습니다.
감사합니다. 🙇‍♀️"
117306,2026-07-06 11:21:40,2026-07-01 20:38:20,2026-07-03 18:39:27,따끈하게 목뒤를 진동과 함께 풀어주니까 좋은거 같아요.,,,724,★최대할인 비밀링크★ 목베개 플러스 특가,69000,수량선택: 목베개 플러스 1개,기존리뷰,4,,0,0,1,"안녕하세요. 프리미엄 헬스테크 브랜드, 슬룸입니다.
정성스럽게 올려주신 소중한 후기 감사합니다. 💜

고객님의 목소리로 더 발전하는 슬룸이 되도록 노력하겠습니다.
감사합니다. 🙇‍♀️"
117307,2026-07-06 12:10:38,2026-07-01 15:26:55,2026-07-03 12:48:31,사이즈가 여성용인가봐요 팔이두꺼운 사람한테는 맞는게 아니네요 제가 쓰려고 구매했다가 안맞아서 어머니 드렸습니다,,,980,프리미엄 엘보케어 팔꿈치 마사지기,149000,수량선택: 데일리 릴렉스 세트 (팔꿈치 마사지기 + 마그네슘 시너지 크림),기존리뷰,3,,1,0,1,"안녕하세요 고객님, 프리미엄 헬스테크 브랜드, 슬룸입니다.
고객님께 만족스러운 경험을 드리지 못해 대단히 죄송합니다.😥

사이즈가 맞지 않아 이용에 불편을 드려 죄송합니다.
제품의 규격이 모든 고객님의 체형을 만족시키지 못할 수 있는 점 양해 부탁드립니다.
남겨주신 피드백은 담당 부서에 전달하여 향후 제품 개선 시 참고할 수 있도록 하겠습니다.

 수령하신 날짜 기준으로 30일 동안 꾸준히 사용해보시고도 만족하지 못하셨을 경우에는, 슬룸에서 진행하는 <100%환불이벤트> 에 참여하여 왕복배송비 제외 전액 환불이 가능합니다.

※ 제품을 30일간 꾸준히 사용한 경우, 배송완료 후 40일이내 신청이 가능
※ 환불 서비스는 첫 구매 체험을 위한 서비스로 1회만 신청 가능

▶ <100% 환불 이벤트> 상세 환불 조건 : https://sleeplab.co.kr/notice/?page=1#13709226_notice 

슬룸을 믿고 편하게 사용 및 체험해보시고, 그럼에도 만족하시지 못하셨을 경우 슬룸 공식몰의 채널톡을 통해 이벤트 기간 내 문의 주시면 환불 접수 도움드리겠습니다."
117308,2026-07-06 22:06:01,2026-06-27 12:53:55,2026-06-30 13:47:23,아침마다 일어나면 목이 항상 뻐근했는데 요즘은 목이 많이 가벼워졌네요!,,,909,목 마사지 베개 V2 경추 마사지기 베개,112000,수량선택: 목 마사지 베개 V2 1개,기존리뷰,5,,0,0,1,"안녕하세요. 프리미엄 헬스테크 브랜드, 슬룸입니다.
정성스럽게 올려주신 소중한 후기 감사합니다. 💜

고객님의 목소리로 더 발전하는 슬룸이 되도록 노력하겠습니다.
감사합니다. 🙇‍♀️"
117309,2026-07-06 23:16:05,2026-06-08 21:37:30,2026-06-10 18:37:36,처음에는 어색해서 불편했는데 한달 넘게 사용하니깐 편해요 목이 아프면 두통까지 심했는데 그럴때마다 마사지해주니깐 좋아졌어요,,,909,목 마사지 베개 V2 경추 마사지기 베개,112000,수량선택: 목 마사지 베개 V2 2개 (허리베개 2개 증정),기존리뷰,5,,1,0,1,"안녕하세요. 프리미엄 헬스테크 브랜드, 슬룸입니다.
정성스럽게 올려주신 소중한 후기 감사합니다. 💜

고객님의 목소리로 더 발전하는 슬룸이 되도록 노력하겠습니다.
감사합니다. 🙇‍♀️"
117310,2026-07-07 14:18:03,2026-06-23 11:48:14,2026-06-24 18:35:43,조아요. 식구들 다같이 사용해요. 근데 자국 남을 수도 있어요 ㅎ,de8d612f4652,,999,[깜짝 타임특가] 눈편한케어 온열 진동 눈 마사지기,50000,수량선택: 눈편한케어 1개,반응형(내리뷰),5,,1,0,1,"안녕하세요. 프리미엄 헬스테크 브랜드, 슬룸입니다.
진심 어린 소중한 후기 감사합니다. 💜

앞으로도 좋은 상품과 서비스로 고객님들을 찾아뵐 수 있도록 노력하겠습니다.
감사합니다. :)"
117311,2026-07-07 00:00:00,,,"안녕하세요! 전 배드민턴 국가대표 고은별입니다~🏸

배드민턴은 스매시와 드라이브를 반복하다 보면
팔꿈치에 부담이 많이 쌓이는 운동이다 보니
팔꿈치와 전완근은 평소에도
더욱 신경 써서 관리하고 있는데요.

하루 15분만, 운동 한 세트 끝나고 사용하면
EMS+TENS 기능이 속근육까지 풀어주고
공기압 마사지가 전완근까지 관리해 줘
요즘은 운동 후 루틴으로 꼭 챙기고 있답니다.

운동 후 회복이 다음 훈련 컨디션까지 이어지는 만큼
평소 관리가 정말 중요한데,
사용하고 나면 팔이 한결 가벼워지는 느낌이라
꾸준히 사용하고 있습니다.

훈련량이 많거나 평소 팔을 많이 사용하는 분들이라면
운동 후 관리 루틴에 한 번쯤 추가해 보셔도 좋을 것 같아요.
저처럼 회복 관리에 신경 쓰시는 분들께 추천드립니다 :)",8fda7887996a,,980,프리미엄 엘보케어 팔꿈치 마사지기,149000,,기존리뷰,5,,2,0,1,"안녕하세요. 프리미엄 헬스테크 브랜드, 슬룸입니다.
시간 내어 소중한 후기를 작성해 주셔서 감사드립니다. :)

믿고 찾는 쇼핑몰이 되기 위해 더 좋은 상품과 서비스를 준비하겠습니다.
감사합니다. 💜"
117312,2026-07-07 00:00:00,,,"안녕하세요~ 13년 차 골프캐디 이혜민 입니다!

캐디 일을 하다 보면 하루 종일 클럽을 들고 옮기고,
카트를 정리하고, 반복해서 팔을 쓰는 일이 정말 많습니다..🥲

특히 바쁜 날에는 라운드가 끝날 때쯤
팔꿈치부터 전완근까지 묵직한 피로감이 남는 경우가 많아서
퇴근 후에는 꼭 관리하는 습관을 들이고 있어요.

요즘은 슬룸 팔꿈치 마사지기로
15분 정도 팔을 풀어주는데,
EMS와 TENS 기능이 자극을 주면서
뭉친 부위를 시원하게 관리해 주고,
공기압 마사지가 전완근까지 감싸줘
사용하고 나면 훨씬 편안한 느낌이 듭니다.

다음 날에도 컨디션 좋게 일하려면
회복이 정말 중요하다고 생각하는데,
요즘은 퇴근하면 자연스럽게 먼저 찾게 되는 제품이 됐어요.

저처럼 하루 종일 팔을 많이 사용하는 분들이라면
한 번쯤 사용해 보셔도 만족하실 것 같아요💙",9d0e4c670dfb,,980,프리미엄 엘보케어 팔꿈치 마사지기,149000,,기존리뷰,5,동영상 리뷰,2,1,1,"안녕하세요. 프리미엄 헬스테크 브랜드, 슬룸입니다.
정성스럽게 올려주신 소중한 후기 감사합니다. 💜

고객님의 목소리로 더 발전하는 슬룸이 되도록 노력하겠습니다.
감사합니다. 🙇‍♀️"
117313,2026-07-07 00:00:00,,,"안녕하세요, 프로 골퍼 박기태 입니다. 

요즘 많은 분들이 슬룸 팔꿈치 마사지기에 관심을 가져주시더라고요.
저도 직접 사용하고 있는 입장에서
오늘은 솔직한 후기를 한번 남겨보려고 합니다.

골프를 오래 치다 보면 가장 많이 신경 쓰이는 부위가 바로 골프엘보인데요.
레슨과 연습을 반복하는 날에는
팔꿈치 안쪽이나 전완근이 뻐근하게 느껴질 때가 있어서
평소 관리의 중요성을 많이 느끼고 있었어요.

그래서 요즘은 연습을 마치면
슬룸 팔꿈치 마사지기로 15분 정도 관리하고 있습니다.
EMS와 TENS 기능이 팔꿈치 주변 근육을 자극해 주고,
공기압 마사지가 전완근까지 감싸주니까
운동 후 뻐근했던 팔이 한결 편안해지는 느낌이 들더라고요.

골프는 꾸준히 연습하는 만큼
몸 상태를 잘 유지하는 것도 정말 중요하다고 생각해요.
저도 스윙 연습만큼이나 팔꿈치 관리에 신경 쓰고 있는데,
요즘은 운동 후 자연스럽게 찾게 되는 루틴이 됐습니다.

골프엘보가 걱정되시거나
평소 연습량이 많은 골퍼분들이라면
운동 후 관리용으로 한 번 경험해 보셔도 좋을 것 같습니다.",ac9998b31dab,,980,프리미엄 엘보케어 팔꿈치 마사지기,149000,,기존리뷰,5,,3,0,1,"안녕하세요. 프리미엄 헬스테크 브랜드, 슬룸입니다.
시간 내어 소중한 후기를 작성해 주셔서 감사드립니다. :)

믿고 찾는 쇼핑몰이 되기 위해 더 좋은 상품과 서비스를 준비하겠습니다.
감사합니다. 💜"
117314,2026-07-07 00:00:00,,,"안녕하세요! 테니스 코치 김기준 입니다 :)

슬룸 팔꿈치 마사지기를 사용한 지도 어느덧 한 달 정도 되어가네요.
꾸준히 사용해 보니 느낀 점들이 있어서
오늘은 솔직하게 후기를 남겨보려고 합니다!

테니스를 오래 치시거나 레슨을 받으시는 분들이라면
한 번쯤은 테니스 엘보에 대해 들어보셨을 텐데요.
저 역시 하루 종일 레슨을 하고 직접 시범까지 보이다 보니
팔꿈치와 전완근에 부담이 쌓이는 날이 꽤 많았습니다.

특히 레슨이 몰려 있는 날에는
팔꿈치 안쪽이 뻐근하게 느껴질 때가 있어서
운동 후 관리가 정말 중요하다고 생각하게 됐습니다.

요즘은 레슨이 끝난 뒤
슬룸 팔꿈치 마사지기로 15분 정도 관리하고 있는데,
EMS와 TENS 기능이 팔꿈치 주변 근육을 자극해 주고
공기압 마사지가 전완근까지 편안하게 감싸줘
사용하고 나면 운동 후 피로감이 한결 덜한 느낌이 들더라고요.

한 달 정도 꾸준히 사용해 보니
이제는 운동만큼이나 회복도 중요하다는 걸 더 실감하고 있어요.
그래서 레슨을 마치고 나면 자연스럽게 찾게 되는 루틴이 됐습니다😄

테니스 엘보가 걱정되시거나
평소 테니스를 자주 즐기시는 분들이라면
운동 후 팔꿈치 관리도 함께 신경 써보시면 좋을 것 같습니다.",067fe44315b6,,980,프리미엄 엘보케어 팔꿈치 마사지기,149000,,기존리뷰,5,동영상 리뷰,2,1,1,"안녕하세요. 프리미엄 헬스테크 브랜드, 슬룸입니다.
진심 어린 소중한 후기 감사합니다. 💜

앞으로도 좋은 상품과 서비스로 고객님들을 찾아뵐 수 있도록 노력하겠습니다.
감사합니다. :)"
117315,2026-07-07 18:54:19,2026-07-04 18:44:23,2026-07-07 18:41:59,아직사용전이지만 지인이쓰고있어 성능은 확인했습니다,acaf0fcb498c,,724,★최대할인 비밀링크★ 목베개 플러스 특가,69000,수량선택: 목베개 플러스 1개,반응형(내리뷰),5,,1,0,1,"안녕하세요. 프리미엄 헬스테크 브랜드, 슬룸입니다.
진심 어린 소중한 후기 감사합니다. 💜

앞으로도 좋은 상품과 서비스로 고객님들을 찾아뵐 수 있도록 노력하겠습니다.
감사합니다. :)"
117316,2026-07-07 05:19:39,2026-06-26 16:41:05,2026-06-30 13:46:52,어께가 시원해요 잠도 잘오구요 와이프가 쓰고있습니다.,,,909,목 마사지 베개 V2 경추 마사지기 베개,112000,수량선택: 목 마사지 베개 V2 1개,기존리뷰,5,,0,0,1,"안녕하세요. 프리미엄 헬스테크 브랜드, 슬룸입니다.
시간 내어 소중한 후기를 작성해 주셔서 감사드립니다. :)

믿고 찾는 쇼핑몰이 되기 위해 더 좋은 상품과 서비스를 준비하겠습니다.
감사합니다. 💜"
117317,2026-07-07 06:32:57,2026-06-23 19:09:10,2026-06-26 13:40:03,사용하기는 편하고 좋으나 조금더 견고했음 좋겠네요,,,1003,바디풀고컷 경락 마사지기,99000,수량선택: 바디 풀고컷 1개 (트리플 샷 시너지 젤 1개 증정),기존리뷰,5,,1,0,1,"안녕하세요. 프리미엄 헬스테크 브랜드, 슬룸입니다.
시간 내어 소중한 후기를 작성해 주셔서 감사드립니다. :)

믿고 찾는 쇼핑몰이 되기 위해 더 좋은 상품과 서비스를 준비하겠습니다.
감사합니다. 💜"
117318,2026-07-07 07:50:27,2026-07-02 08:52:35,2026-07-03 16:08:29,제 예상보다는 전류가 잘 느껴지진 않아요. 젤 바르면 너무 강하고 ㅠㅠ 그리고 강하게 하지도 않았는데 저는 멍이 ㅠㅠ,,,1008,★최대할인 비밀링크★ 바디 풀고컷 경락 마사지기,89900,수량선택: 바디 풀고컷 1개 (트리플 샷 시너지 젤 1개 증정),기존리뷰,3,,1,0,1,"안녕하세요. 프리미엄 헬스테크 브랜드, 슬룸입니다.
고객님께 만족스러운 경험을 드리지 못해 대단히 죄송합니다. 😥

리뷰로는 상세한 안내가 어려워, 자세한 내용 알림톡(문자) 발송 도와드렸으니 확인 부탁드리겠습니다.
추가로 궁금하신 점이 있으시거나 문자 확인하신 후에도 해결되지 않는 경우
번거로우시겠지만 슬룸 채팅 상담을 통해 연락 주시면 빠르게 안내 도와드리겠습니다.

▶ 슬룸 채팅 상담 (※ 월-목 09:30-17:00, 금 09:30-16:00, 주말 및 공휴일 휴무)
http://sloom.channel.io/

고객님의 목소리로 더 발전하는 슬룸이 되도록 노력하겠습니다. 감사합니다."
117319,2026-07-07 08:15:48,2026-06-03 09:06:50,2026-06-05 16:15:41,하고나면 허리가 많이뻐근해서 지금현재 사용 안함 원래 뻐근한건지 내 허리가 안좋은건지 모르겠음,,,100,허리편한케어 V1 허리 마사지기,129000,수량선택: 허리편한케어 V1 1개,기존리뷰,3,,1,0,1,"안녕하세요. 프리미엄 헬스테크 브랜드, 슬룸입니다.
시간 내어 소중한 후기를 작성해 주셔서 감사드립니다. :)

믿고 찾는 쇼핑몰이 되기 위해 더 좋은 상품과 서비스를 준비하겠습니다.
감사합니다. 💜"
117320,2026-07-07 09:32:23,2026-04-26 01:52:45,2026-04-28 18:58:00,"약간 높긴한데
여기에 누워서 잠들곤해요 편안해요",,,291,목베개 플러스 경추 목 마사지기 베개,91000,"버전&세트선택: V2, 수량선택: 목 마사지 베개 V2 1개 (마그네슘 시너지 크림 30ml 1개 증정)",기존리뷰,4,,0,0,1,"안녕하세요. 프리미엄 헬스테크 브랜드, 슬룸입니다.
정성스럽게 올려주신 소중한 후기 감사합니다. 💜

고객님의 목소리로 더 발전하는 슬룸이 되도록 노력하겠습니다.
감사합니다. 🙇‍♀️"
117321,2026-07-07 09:57:36,2026-06-26 09:19:35,2026-06-28 17:05:02,허리아픈부위는 더 아파요,,,636,허리편한케어 V2 허리 마사지기,131000,수량선택: 허리편한케어 V2 1개 (허리베개 1개 증정),기존리뷰,4,,0,0,1,"안녕하세요. 프리미엄 헬스테크 브랜드, 슬룸입니다.
시간 내어 소중한 후기를 작성해 주셔서 감사드립니다. :)

믿고 찾는 쇼핑몰이 되기 위해 더 좋은 상품과 서비스를 준비하겠습니다.
감사합니다. 💜"
117322,2026-07-07 10:04:45,2026-07-02 15:39:50,2026-07-04 18:36:38,디스크도 있고 후기가 좋아서 구매했어요,,,998,[깜짝 타임특가] 코어 요추벨트 허리 보호대,40000,수량선택: 코어 요추벨트 1개,기존리뷰,4,,0,0,1,"안녕하세요. 프리미엄 헬스테크 브랜드, 슬룸입니다.
진심 어린 소중한 후기 감사합니다. 💜

앞으로도 좋은 상품과 서비스로 고객님들을 찾아뵐 수 있도록 노력하겠습니다.
감사합니다. :)"
117323,2026-07-07 10:38:11,2026-06-29 13:42:45,2026-06-30 16:13:48,아주 좋네요~ 아버지 선물로 드렸더니 좋아하시네요,,,724,★최대할인 비밀링크★ 목베개 플러스 특가,69000,수량선택: 목베개 플러스 1개,기존리뷰,5,,0,0,1,"안녕하세요. 프리미엄 헬스테크 브랜드, 슬룸입니다.
정성스럽게 올려주신 소중한 후기 감사합니다. 💜

고객님의 목소리로 더 발전하는 슬룸이 되도록 노력하겠습니다.
감사합니다. 🙇‍♀️"
117324,2026-07-07 10:42:48,2026-06-27 11:55:55,2026-06-30 13:40:11,하나 사서 쓰다가 커피 엎질러져 망가져서 .ㅠㅠ 눈물을 머금고 다시 사서 쓰는중인데 좋아요~ 긴장이완화됩니다. 단 소리가 조금 거슬리네요. 이번엔 보관하는 가방까지 샀어요 여행다닐때 가지고 다녀야지요~ 좋아요.,,,909,목 마사지 베개 V2 경추 마사지기 베개,112000,수량선택: 목 마사지 베개 V2 1개,기존리뷰,5,,0,0,1,"안녕하세요. 프리미엄 헬스테크 브랜드, 슬룸입니다.
진심 어린 소중한 후기 감사합니다. 💜

앞으로도 좋은 상품과 서비스로 고객님들을 찾아뵐 수 있도록 노력하겠습니다.
감사합니다. :)"
117325,2026-07-07 10:56:03,2026-07-02 16:47:25,2026-07-04 16:10:39,너무 좋아요 재구매 할게요,,,1012,[태국박서방TV x 슬룸] 구독자 전용 ★최저가★ 비밀링크,99000,수량선택: 목마사지베개V2 2개,기존리뷰,5,,0,0,1,"안녕하세요. 프리미엄 헬스테크 브랜드, 슬룸입니다.
진심 어린 소중한 후기 감사합니다. 💜

앞으로도 좋은 상품과 서비스로 고객님들을 찾아뵐 수 있도록 노력하겠습니다.
감사합니다. :)"
117326,2026-07-07 11:52:25,2026-06-08 19:39:55,2026-06-10 18:38:22,"라운딩 후 팔꿈치 주변 통증이 있어서 구입했어요~! 헬스나 골프 후 근육 및 팔꿈치 통증 완화를 위해 사용하고 있어요 전기 자극 및 온열, 맛사지 기능이 꼭 물리치료 받는 효과입니다!",,,980,프리미엄 엘보케어 팔꿈치 마사지기,149000,수량선택: 데일리 릴렉스 세트 (팔꿈치 마사지기 + 마그네슘 시너지 크림),기존리뷰,5,,1,0,1,"안녕하세요. 프리미엄 헬스테크 브랜드, 슬룸입니다.
시간 내어 소중한 후기를 작성해 주셔서 감사드립니다. :)

믿고 찾는 쇼핑몰이 되기 위해 더 좋은 상품과 서비스를 준비하겠습니다.
감사합니다. 💜"
117327,2026-07-07 13:30:28,2026-07-02 23:58:50,2026-07-04 16:08:04,좋은데 리모컨 링크가 계속 안맞네요. 양쪽이 따로 작동하네요.,,,1012,[태국박서방TV x 슬룸] 구독자 전용 ★최저가★ 비밀링크,99000,수량선택: 발편한케어 L 1개,기존리뷰,4,,1,0,1,"안녕하세요. 프리미엄 헬스테크 브랜드, 슬룸입니다.
고객님께 만족스러운 경험을 드리지 못해 대단히 죄송합니다. 😥

리뷰로는 상세한 안내가 어려워, 자세한 내용 알림톡(문자) 발송 도와드렸으니 확인 부탁드리겠습니다.
추가로 궁금하신 점이 있으시거나 문자 확인하신 후에도 해결되지 않는 경우
번거로우시겠지만 슬룸 채팅 상담을 통해 연락 주시면 빠르게 안내 도와드리겠습니다.

▶ 슬룸 채팅 상담 (※ 월-목 09:30-17:00, 금 09:30-16:00, 주말 및 공휴일 휴무)
http://sloom.channel.io/

고객님의 목소리로 더 발전하는 슬룸이 되도록 노력하겠습니다. 감사합니다."
117328,2026-07-07 13:31:09,2026-07-02 23:34:55,2026-07-04 13:39:27,스트레칭모드로 시원하네요 번창하세요,,,1010,[맨즈바닥x슬룸] 구독자 전용 ★역대급★ 최저가 비밀링크,119900,수량선택: ★맨즈바닥 단독★ 허리편한케어V2 1개 + (증정) 시너지크림,기존리뷰,5,,1,0,1,"안녕하세요. 프리미엄 헬스테크 브랜드, 슬룸입니다.
진심 어린 소중한 후기 감사합니다. 💜

앞으로도 좋은 상품과 서비스로 고객님들을 찾아뵐 수 있도록 노력하겠습니다.
감사합니다. :)"
117329,2026-07-07 13:46:40,2026-06-22 07:58:50,2026-06-23 16:18:23,꾸준히 써볼게요~!,,,924,발편한케어 프리미엄 EMS 발 마사지기,89000,"사이즈&세트선택: M (220-270mm), 수량선택: 발편한케어 1개",기존리뷰,5,,1,0,1,"안녕하세요. 프리미엄 헬스테크 브랜드, 슬룸입니다.
정성스럽게 올려주신 소중한 후기 감사합니다. 💜

고객님의 목소리로 더 발전하는 슬룸이 되도록 노력하겠습니다.
감사합니다. 🙇‍♀️"
117330,2026-07-07 13:48:57,2026-06-30 22:06:20,2026-07-02 13:40:48,"음 예상보다 당겨주는 느낌은 없고 위로 밀어 올리는 타입과 진동으로 근육을 풀어주는 기능인데, 좀 더 사용해봐야 할 것 같습니다.",,,1001,[슬룸] 구독자 전용 ★초특가★ 비밀링크,84900,수량선택: 목 마사지 베개 V2 1개,기존리뷰,4,,1,0,1,"안녕하세요. 프리미엄 헬스테크 브랜드, 슬룸입니다.
진심 어린 소중한 후기 감사합니다. 💜

앞으로도 좋은 상품과 서비스로 고객님들을 찾아뵐 수 있도록 노력하겠습니다.
감사합니다. :)"
117331,2026-07-07 14:31:07,2026-07-02 17:08:45,2026-07-04 16:10:42,"생각보다 만족합니다 시원하구요
고민많이했는데 좋네요",,,924,발편한케어 프리미엄 EMS 발 마사지기,89000,"사이즈&세트선택: M (220-270mm), 수량선택: 발편한케어 1개",기존리뷰,5,,0,0,1,"안녕하세요. 프리미엄 헬스테크 브랜드, 슬룸입니다.
진심 어린 소중한 후기 감사합니다. 💜

앞으로도 좋은 상품과 서비스로 고객님들을 찾아뵐 수 있도록 노력하겠습니다.
감사합니다. :)"
117332,2026-07-07 14:40:10,2026-06-26 16:38:10,2026-06-30 13:47:25,2개째 구매네요 처음에는 조금 불편하지만 자고일어나면 다릅니다,,,724,★최대할인 비밀링크★ 목베개 플러스 특가,69000,수량선택: 목베개 플러스 1개,기존리뷰,5,,0,0,1,"안녕하세요. 프리미엄 헬스테크 브랜드, 슬룸입니다.
정성스럽게 올려주신 소중한 후기 감사합니다. 💜

고객님의 목소리로 더 발전하는 슬룸이 되도록 노력하겠습니다.
감사합니다. 🙇‍♀️"
117333,2026-07-07 16:39:09,2026-07-03 12:36:00,2026-07-04 16:09:31,목이 편해지는 느낌입니다,,,724,★최대할인 비밀링크★ 목베개 플러스 특가,69000,수량선택: 목베개 플러스 1개,기존리뷰,5,,0,0,1,"안녕하세요. 프리미엄 헬스테크 브랜드, 슬룸입니다.
정성스럽게 올려주신 소중한 후기 감사합니다. 💜

고객님의 목소리로 더 발전하는 슬룸이 되도록 노력하겠습니다.
감사합니다. 🙇‍♀️"
117334,2026-07-07 18:16:18,2026-06-27 13:24:35,2026-06-30 21:11:04,엘보인데 마사지하고 나니 훨 수월합니다,,,980,프리미엄 엘보케어 팔꿈치 마사지기,149000,수량선택: 팔꿈치 마사지기 1개,기존리뷰,5,,0,0,1,"안녕하세요. 프리미엄 헬스테크 브랜드, 슬룸입니다.
진심 어린 소중한 후기 감사합니다. 💜

앞으로도 좋은 상품과 서비스로 고객님들을 찾아뵐 수 있도록 노력하겠습니다.
감사합니다. :)"
117335,2026-07-07 18:17:37,2026-07-05 18:43:30,2026-07-07 17:54:00,빠른 배송과 포장이 잘되어있어요 추천합니다!^^ 엘보우에 도움 많이 될거 같아요 너무 시원!! 정형외과 전기치료 느낌!!,,,980,프리미엄 엘보케어 팔꿈치 마사지기,149000,수량선택: 팔꿈치 마사지기 1개,기존리뷰,5,,1,0,1,"안녕하세요. 프리미엄 헬스테크 브랜드, 슬룸입니다.
진심 어린 소중한 후기 감사합니다. 💜

앞으로도 좋은 상품과 서비스로 고객님들을 찾아뵐 수 있도록 노력하겠습니다.
감사합니다. :)"
117336,2026-07-07 20:46:28,2026-07-05 10:52:55,2026-07-07 16:17:21,24년도 주문한게 있어 잘쓰고있는데 지인선물로 최신형으로 주문했어요,,,636,허리편한케어 V2 허리 마사지기,131000,수량선택: 허리편한케어 V2 1개 (허리베개 1개 증정),기존리뷰,5,,1,0,1,"안녕하세요. 프리미엄 헬스테크 브랜드, 슬룸입니다.
정성스럽게 올려주신 소중한 후기 감사합니다. 💜

고객님의 목소리로 더 발전하는 슬룸이 되도록 노력하겠습니다.
감사합니다. 🙇‍♀️"
117337,2026-07-07 21:11:06,2026-04-15 08:56:50,2026-04-16 15:48:00,"자기전 자고 일어나서 뻑뻑해진 목 풀었어요. 아무래도 목 긴장이 풀리니 전체적인 컨디션에도 도움이 돼요.
딱 그 용도로 좋은것 같아요.
베개로도 쓰고 싶은데 그러기에는 높은 편이라 아쉽네요.",,,909,목 마사지 베개 V2 경추 마사지기 베개,112000,수량선택: 목 마사지 베개 V2 1개,기존리뷰,4,,0,0,1,"안녕하세요. 프리미엄 헬스테크 브랜드, 슬룸입니다.
시간 내어 소중한 후기를 작성해 주셔서 감사드립니다. :)

믿고 찾는 쇼핑몰이 되기 위해 더 좋은 상품과 서비스를 준비하겠습니다.
감사합니다. 💜"
117338,2026-07-07 22:57:24,2026-07-04 00:13:40,2026-07-07 18:42:39,디스크 때문에 구매 했는데 좋네요,,,1005,[마리코리아x슬룸] 구독자 전용 ★초특가★ 비밀링크,119900,수량선택: 허리펀한케어V2 1개 + 목마사지베개V2 1개 +(증정) 마그네슘 시너지 크림 100ml 1개,기존리뷰,5,,1,0,1,"안녕하세요. 프리미엄 헬스테크 브랜드, 슬룸입니다.
시간 내어 소중한 후기를 작성해 주셔서 감사드립니다. :)

믿고 찾는 쇼핑몰이 되기 위해 더 좋은 상품과 서비스를 준비하겠습니다.
감사합니다. 💜"
117339,2026-07-07 23:17:20,2026-07-06 10:32:00,2026-07-07 18:41:02,허리와 엉덩이가 불편한 느낌이 있어 구입해서 사용해 보니 좋네요,,,636,허리편한케어 V2 허리 마사지기,131000,수량선택: 허리편한케어 V2 1개 (허리베개 1개 증정),기존리뷰,5,,1,0,1,"안녕하세요. 프리미엄 헬스테크 브랜드, 슬룸입니다.
진심 어린 소중한 후기 감사합니다. 💜

앞으로도 좋은 상품과 서비스로 고객님들을 찾아뵐 수 있도록 노력하겠습니다.
감사합니다. :)"
117340,2026-07-08 06:29:52,2026-07-05 23:07:39,2026-07-07 13:41:43,"이거 요물입니다. 오자마자 자세 올바르게 딱 잠들었고, 새벽에 뒤척이지 않았어요 좋아요 이거",3f41c828dbd8,,909,목 마사지 베개 V2 경추 마사지기 베개,112000,쇼핑백 & 전용 어댑터 추가: 슬룸 USB 충전 어댑터 1개,반응형(내리뷰),5,,1,0,1,"안녕하세요. 프리미엄 헬스테크 브랜드, 슬룸입니다.
시간 내어 소중한 후기를 작성해 주셔서 감사드립니다. :)

믿고 찾는 쇼핑몰이 되기 위해 더 좋은 상품과 서비스를 준비하겠습니다.
감사합니다. 💜"
117341,2026-07-08 08:27:18,2026-07-04 22:13:53,2026-07-07 13:43:35,"고민하다가 후기가 좋아 구매했네요
 이제 하루 사용해 봐서 더 사용해봐야 하겠지만 성능은 꽤 괜찮은 것 같네요 
압박도 꽤 괜찮고 온열도 좋고 전자파 자극도 꽤 강해 맘에 듭니다
단지 스트랩이 너무 짧아 착용하는게 아주 불편하네요 
저도 그렇게 팔뚝이 굵은 편이 아닌데 더  굵으신 분들은 아예  체결도 안되실듯 합니다  연장할 수 있는 방법을 찾아 주시길~~~ㅋ
",39515cf81ffe,,980,프리미엄 엘보케어 팔꿈치 마사지기,149000,수량선택: 데일리 릴렉스 세트 (팔꿈치 마사지기 + 마그네슘 시너지 크림),모바일,4,,1,0,1,"안녕하세요. 프리미엄 헬스테크 브랜드, 슬룸입니다.
진심 어린 소중한 후기 감사합니다. 💜

앞으로도 좋은 상품과 서비스로 고객님들을 찾아뵐 수 있도록 노력하겠습니다.
감사합니다. :)"
117342,2026-07-08 08:47:09,2026-07-03 22:51:02,2026-07-07 13:41:25,일단...충전식이 아닌..  코드를 꽂아놓고 사용한다는것 자체가 엄청 불편합니다..  둘째.. 두두두두 두드리는 마사지소리가 너무 커서 받는 내내 신경쓰이는데다..  머리골이 울립니다. 셋째.. 55도에 맞춰 설정된게 불편합니다. 계속 뜨거워져서 피부가 아픕니다..넷째..베개커버가 피부에 닿을수록..쓸립니다.,94c76a3bb2a9,,724,★최대할인 비밀링크★ 목베개 플러스 특가,69000,수량선택: 목베개 플러스 1개,모바일,1,,1,0,1,"안녕하세요 고객님, 프리미엄 헬스테크 브랜드, 슬룸입니다.
고객님께 만족스러운 경험을 드리지 못해 대단히 죄송합니다.😥

슬룸의 모든 제품은 인체공학적으로 설계되어 편안한 사용이 가능하나 초기 사용 시 1~2주 이상의 적응 기간이 필요할 수 있습니다. 
다만 수령하신 날짜 기준으로 30일 동안 꾸준히 사용해보시고도 만족하지 못하셨을 경우에는, 슬룸에서 진행하는 <100%환불이벤트> 에 참여하여 왕복배송비 제외 전액 환불이 가능합니다.

※ 제품을 30일간 꾸준히 사용한 경우, 배송완료 후 40일이내 신청이 가능
※ 환불 서비스는 첫 구매 체험을 위한 서비스로 1회만 신청 가능

▶ <100% 환불 이벤트> 상세 환불 조건 : https://sleeplab.co.kr/notice/?page=1#13709226_notice 

슬룸을 믿고 편하게 사용 및 체험해보시고, 그럼에도 만족하시지 못하셨을 경우 슬룸 공식몰의 채널톡을 통해 이벤트 기간 내 문의 주시면 환불 접수 도움드리겠습니다."
117343,2026-07-08 09:39:28,2026-07-05 11:17:52,2026-07-07 18:51:33,"좀 헐겁다고 생각이드는데 생각보다 짱짱하지않아서 마사지로는 좀 부족해보여요 손잡이를 잡고 힘을 줘야 마사지가 된다는 느낌이 들고, 시너지젤은 용량이 작아서 복부나 다리 몇번하면 다 쓸거같습니다.",662eb01a9787,,1008,★최대할인 비밀링크★ 바디 풀고컷 경락 마사지기,89900,수량선택: 바디 풀고컷 1개 (트리플 샷 시너지 젤 1개 증정),PC,3,,0,0,1,"안녕하세요 고객님, 프리미엄 헬스테크 브랜드, 슬룸입니다.
고객님께 만족스러운 경험을 드리지 못해 대단히 죄송합니다.😥

슬룸의 모든 제품은 인체공학적으로 설계되어 편안한 사용이 가능하나 초기 사용 시 1~2주 이상의 적응 기간이 필요할 수 있습니다. 
다만 수령하신 날짜 기준으로 30일 동안 꾸준히 사용해보시고도 만족하지 못하셨을 경우에는, 슬룸에서 진행하는 <100%환불이벤트> 에 참여하여 왕복배송비 제외 전액 환불이 가능합니다.

※ 제품을 30일간 꾸준히 사용한 경우, 배송완료 후 40일이내 신청이 가능
※ 환불 서비스는 첫 구매 체험을 위한 서비스로 1회만 신청 가능

▶ <100% 환불 이벤트> 상세 환불 조건 : https://sleeplab.co.kr/notice/?page=1#13709226_notice 

슬룸을 믿고 편하게 사용 및 체험해보시고, 그럼에도 만족하시지 못하셨을 경우 슬룸 공식몰의 채널톡을 통해 이벤트 기간 내 문의 주시면 환불 접수 도움드리겠습니다."
117344,2026-07-08 13:22:53,2026-07-05 22:14:10,2026-07-07 18:43:41,어머니가 미용일을 오래하셔서 족저근막염으로 고생을 하시는데 선물해드렸더니 너무 좋아하시네요!,3e5da763a301,,874,발편한케어 프리미엄 고주파 발 마사지기,91000,"사이즈&세트선택: M (220-270mm), 수량선택: 발편한케어 1개",모바일,5,,0,0,1,"안녕하세요. 프리미엄 헬스테크 브랜드, 슬룸입니다.
시간 내어 소중한 후기를 작성해 주셔서 감사드립니다. :)

믿고 찾는 쇼핑몰이 되기 위해 더 좋은 상품과 서비스를 준비하겠습니다.
감사합니다. 💜"
117345,2026-07-08 03:24:37,2026-07-04 23:48:15,2026-07-07 21:14:54,아주 좋아요..  하나 더 구입해야게써요..,,,909,목 마사지 베개 V2 경추 마사지기 베개,112000,수량선택: 목 마사지 베개 V2 1개,기존리뷰,5,,0,0,1,"안녕하세요. 프리미엄 헬스테크 브랜드, 슬룸입니다.
진심 어린 소중한 후기 감사합니다. 💜

앞으로도 좋은 상품과 서비스로 고객님들을 찾아뵐 수 있도록 노력하겠습니다.
감사합니다. :)"
117346,2026-07-08 05:10:15,2026-07-04 11:29:10,2026-07-07 18:40:14,이게 진정 마사지베개지..아주 만족합니다..,,,724,★최대할인 비밀링크★ 목베개 플러스 특가,69000,수량선택: 목베개 플러스 1개,기존리뷰,5,,0,0,1,"안녕하세요. 프리미엄 헬스테크 브랜드, 슬룸입니다.
시간 내어 소중한 후기를 작성해 주셔서 감사드립니다. :)

믿고 찾는 쇼핑몰이 되기 위해 더 좋은 상품과 서비스를 준비하겠습니다.
감사합니다. 💜"
117347,2026-07-08 05:54:53,2026-07-05 19:17:40,2026-07-07 16:19:44,도대체 목이뽑히게 시원하단 사람들은 목이 어떻게생긴거임? 진동도 그렇고 에어백올라오는것도 시원찮고 전혀 마사지 효과못느끼겟고 광고에 또 당했네 ㅋㅋ 한두푼도아니고 개빡침,,,909,목 마사지 베개 V2 경추 마사지기 베개,112000,수량선택: 목 마사지 베개 V2 1개,기존리뷰,2,,0,0,1,"안녕하세요 고객님, 프리미엄 헬스테크 브랜드, 슬룸입니다.
고객님께 만족스러운 경험을 드리지 못해 대단히 죄송합니다.😥

슬룸의 모든 제품은 인체공학적으로 설계되어 편안한 사용이 가능하나 초기 사용 시 1~2주 이상의 적응 기간이 필요할 수 있습니다. 
다만 수령하신 날짜 기준으로 30일 동안 꾸준히 사용해보시고도 만족하지 못하셨을 경우에는, 슬룸에서 진행하는 <100%환불이벤트> 에 참여하여 왕복배송비 제외 전액 환불이 가능합니다.

※ 제품을 30일간 꾸준히 사용한 경우, 배송완료 후 40일이내 신청이 가능
※ 환불 서비스는 첫 구매 체험을 위한 서비스로 1회만 신청 가능

▶ <100% 환불 이벤트> 상세 환불 조건 : https://sleeplab.co.kr/notice/?page=1#13709226_notice 

슬룸을 믿고 편하게 사용 및 체험해보시고, 그럼에도 만족하시지 못하셨을 경우 슬룸 공식몰의 채널톡을 통해 이벤트 기간 내 문의 주시면 환불 접수 도움드리겠습니다."
117348,2026-07-08 07:17:30,2026-06-16 16:32:30,2026-06-18 16:12:43,목이시원하고허리에도어느정도효과가있어서자기전과자고나서하니더욱좋으네요,,,909,목 마사지 베개 V2 경추 마사지기 베개,112000,수량선택: 목 마사지 베개 V2 1개,기존리뷰,5,,0,0,1,"안녕하세요. 프리미엄 헬스테크 브랜드, 슬룸입니다.
시간 내어 소중한 후기를 작성해 주셔서 감사드립니다. :)

믿고 찾는 쇼핑몰이 되기 위해 더 좋은 상품과 서비스를 준비하겠습니다.
감사합니다. 💜"
117349,2026-07-08 08:43:04,2026-07-05 00:01:35,2026-07-07 16:18:14,좋은제품 빠른배송 감사합니다.,,,980,프리미엄 엘보케어 팔꿈치 마사지기,149000,수량선택: 팔꿈치 마사지기 1개,기존리뷰,5,,1,0,1,"안녕하세요. 프리미엄 헬스테크 브랜드, 슬룸입니다.
시간 내어 소중한 후기를 작성해 주셔서 감사드립니다. :)

믿고 찾는 쇼핑몰이 되기 위해 더 좋은 상품과 서비스를 준비하겠습니다.
감사합니다. 💜"
117350,2026-07-08 10:42:03,2026-07-05 07:51:10,2026-07-07 21:13:56,너무 기대됩니다 빨리사용하고 싶습니다,,,1003,바디풀고컷 경락 마사지기,99000,수량선택: 바디 풀고컷 1개 (트리플 샷 시너지 젤 1개 증정),기존리뷰,5,,1,0,1,"안녕하세요. 프리미엄 헬스테크 브랜드, 슬룸입니다.
시간 내어 소중한 후기를 작성해 주셔서 감사드립니다. :)

믿고 찾는 쇼핑몰이 되기 위해 더 좋은 상품과 서비스를 준비하겠습니다.
감사합니다. 💜"
117351,2026-07-08 11:57:28,2026-07-05 19:39:10,2026-07-07 16:23:01,마음에 들어요 아주,,,909,목 마사지 베개 V2 경추 마사지기 베개,112000,수량선택: 목 마사지 베개 V2 1개,기존리뷰,5,,0,0,1,"안녕하세요. 프리미엄 헬스테크 브랜드, 슬룸입니다.
진심 어린 소중한 후기 감사합니다. 💜

앞으로도 좋은 상품과 서비스로 고객님들을 찾아뵐 수 있도록 노력하겠습니다.
감사합니다. :)"
117352,2026-07-08 13:45:07,2026-06-25 09:48:10,2026-06-26 13:45:14,이제 3번째 사용하고 있어요 .꾸준한 사용으로 편한 허리를 유지하고 싶어요,,,636,허리편한케어 V2 허리 마사지기,131000,수량선택: 허리편한케어 V2 1개 (허리베개 1개 증정),기존리뷰,5,,1,0,1,"안녕하세요. 프리미엄 헬스테크 브랜드, 슬룸입니다.
진심 어린 소중한 후기 감사합니다. 💜

앞으로도 좋은 상품과 서비스로 고객님들을 찾아뵐 수 있도록 노력하겠습니다.
감사합니다. :)"
117353,2026-07-08 15:05:55,2026-07-06 09:32:15,2026-07-08 14:06:05,빠른 배송 감사합니다.,,,909,목 마사지 베개 V2 경추 마사지기 베개,112000,수량선택: 목 마사지 베개 V2 2개,기존리뷰,4,,0,0,1,"안녕하세요. 프리미엄 헬스테크 브랜드, 슬룸입니다.
진심 어린 소중한 후기 감사합니다. 💜

앞으로도 좋은 상품과 서비스로 고객님들을 찾아뵐 수 있도록 노력하겠습니다.
감사합니다. :)"
117354,2026-07-08 15:11:22,2026-06-15 17:13:20,2026-06-17 21:07:17,뭔가 무지성으로 압이 올라오는게 아닌 체형에 맞춰서 올라오는 느낌이 듭니다 처음에는 좀 아팠는데 지금은 그냥 베개로도 신용합니다,,,909,목 마사지 베개 V2 경추 마사지기 베개,112000,수량선택: 목 마사지 베개 V2 1개,기존리뷰,5,,1,0,1,"안녕하세요. 프리미엄 헬스테크 브랜드, 슬룸입니다.
정성스럽게 올려주신 소중한 후기 감사합니다. 💜

고객님의 목소리로 더 발전하는 슬룸이 되도록 노력하겠습니다.
감사합니다. 🙇‍♀️"
117355,2026-07-08 15:22:29,2026-06-27 11:11:20,2026-06-30 13:42:25,리뷰 믿고 구매했는데 실망 입니다 아픈허리가 하고나면 더 뻣뻣해지고 아파서 펼수가 없네요,,,636,허리편한케어 V2 허리 마사지기,131000,수량선택: 허리편한케어 V2 1개 (허리베개 1개 증정),기존리뷰,1,,0,0,1,"안녕하세요 고객님, 프리미엄 헬스테크 브랜드, 슬룸입니다.
고객님께 만족스러운 경험을 드리지 못해 대단히 죄송합니다.😥

슬룸의 모든 제품은 인체공학적으로 설계되어 편안한 사용이 가능하나 초기 사용 시 1~2주 이상의 적응 기간이 필요할 수 있습니다. 
다만 수령하신 날짜 기준으로 30일 동안 꾸준히 사용해보시고도 만족하지 못하셨을 경우에는, 슬룸에서 진행하는 <100%환불이벤트> 에 참여하여 왕복배송비 제외 전액 환불이 가능합니다.

※ 제품을 30일간 꾸준히 사용한 경우, 배송완료 후 40일이내 신청이 가능
※ 환불 서비스는 첫 구매 체험을 위한 서비스로 1회만 신청 가능

▶ <100% 환불 이벤트> 상세 환불 조건 : https://sleeplab.co.kr/notice/?page=1#13709226_notice 

슬룸을 믿고 편하게 사용 및 체험해보시고, 그럼에도 만족하시지 못하셨을 경우 슬룸 공식몰의 채널톡을 통해 이벤트 기간 내 문의 주시면 환불 접수 도움드리겠습니다."
117356,2026-07-08 16:21:42,2026-07-01 17:59:55,2026-07-04 23:34:01,리모콘으로 작동하면 만점 주겠는데,,,636,허리편한케어 V2 허리 마사지기,131000,수량선택: 허리편한케어 V2 1개 (허리베개 1개 증정),기존리뷰,4,,0,0,1,"안녕하세요. 프리미엄 헬스테크 브랜드, 슬룸입니다.
고객님께 만족스러운 경험을 드리지 못해 대단히 죄송합니다. 😥

리뷰로는 상세한 안내가 어려워, 자세한 내용 알림톡(문자) 발송 도와드렸으니 확인 부탁드리겠습니다.
추가로 궁금하신 점이 있으시거나 문자 확인하신 후에도 해결되지 않는 경우
번거로우시겠지만 슬룸 채팅 상담을 통해 연락 주시면 빠르게 안내 도와드리겠습니다.

▶ 슬룸 채팅 상담 (※ 월-목 09:30-17:00, 금 09:30-16:00, 주말 및 공휴일 휴무)
http://sloom.channel.io/

고객님의 목소리로 더 발전하는 슬룸이 되도록 노력하겠습니다. 감사합니다."
117357,2026-07-08 16:48:09,2026-07-04 18:34:00,2026-07-07 18:47:22,제품 잘 받았습니다. 잘사용할게요. 많이 파세요.,,,1005,[마리코리아x슬룸] 구독자 전용 ★초특가★ 비밀링크,119900,수량선택: 허리펀한케어V2 1개 + 목마사지베개V2 1개 +(증정) 마그네슘 시너지 크림 100ml 1개,기존리뷰,5,,0,0,1,"안녕하세요. 프리미엄 헬스테크 브랜드, 슬룸입니다.
정성스럽게 올려주신 소중한 후기 감사합니다. 💜

고객님의 목소리로 더 발전하는 슬룸이 되도록 노력하겠습니다.
감사합니다. 🙇‍♀️"
117358,2026-07-08 16:50:24,2026-07-02 11:27:45,2026-07-03 16:11:11,허리맛사지기도 있는데 이건 좀 별루였음. 골반은 일단은 허리보다 시원해요 침대에 두고 아침 저녁 사용중,,,966,골반 케어 프리미엄 골반 마사지기,191000,수량선택: 바디 밸런스 케어 세트 (골반 마사지기 + 허리베개) + 마그네슘 시너지 크림 1개 증정,기존리뷰,5,,1,0,1,"안녕하세요. 프리미엄 헬스테크 브랜드, 슬룸입니다.
진심 어린 소중한 후기 감사합니다. 💜

앞으로도 좋은 상품과 서비스로 고객님들을 찾아뵐 수 있도록 노력하겠습니다.
감사합니다. :)"
117359,2026-07-08 17:26:27,2026-07-03 10:00:25,2026-07-04 16:10:44,광고보고 속은셈치고 사봤는데 좋아요!,,,980,프리미엄 엘보케어 팔꿈치 마사지기,149000,수량선택: 팔꿈치 마사지기 1개,기존리뷰,5,,0,0,1,"안녕하세요. 프리미엄 헬스테크 브랜드, 슬룸입니다.
시간 내어 소중한 후기를 작성해 주셔서 감사드립니다. :)

믿고 찾는 쇼핑몰이 되기 위해 더 좋은 상품과 서비스를 준비하겠습니다.
감사합니다. 💜"
117360,2026-07-08 17:34:14,2026-05-07 10:28:10,2026-05-08 17:06:00,사용해보고 좋아서 하나 더 구매해 부모님께 선물드렸어요~~ 온열이 함께되어좋고 목 견인기능에 매우 만족합니다^^,,,291,목베개 플러스 경추 목 마사지기 베개,91000,수량선택: 목베개 플러스 1개 (마그네슘 시너지 크림 30ml 1개 증정),기존리뷰,5,,0,0,1,"안녕하세요. 프리미엄 헬스테크 브랜드, 슬룸입니다.
정성스럽게 올려주신 소중한 후기 감사합니다. 💜

고객님의 목소리로 더 발전하는 슬룸이 되도록 노력하겠습니다.
감사합니다. 🙇‍♀️"
117361,2026-07-08 18:03:41,2026-07-04 05:39:40,2026-07-07 23:06:57,"오늘 배송돼서 사용해보니 너무 마사지 받는거같지도 않고.
이게 먼가 싶더라구요. 거의 20가까이돼는 가격인데 반품하려고 알아보니 그것도 겁나 불편하고 이건 반품하지말라는 것같더군요. 이거 절대 사지마세요.",,,966,골반 케어 프리미엄 골반 마사지기,191000,수량선택: 골반 마사지기 1개,기존리뷰,1,,0,0,1,"안녕하세요 고객님, 프리미엄 헬스테크 브랜드, 슬룸입니다.
고객님께 만족스러운 경험을 드리지 못해 대단히 죄송합니다.😥

슬룸의 모든 제품은 인체공학적으로 설계되어 편안한 사용이 가능하나 초기 사용 시 1~2주 이상의 적응 기간이 필요할 수 있습니다. 
다만 수령하신 날짜 기준으로 30일 동안 꾸준히 사용해보시고도 만족하지 못하셨을 경우에는, 슬룸에서 진행하는 <100%환불이벤트> 에 참여하여 왕복배송비 제외 전액 환불이 가능합니다.

※ 제품을 30일간 꾸준히 사용한 경우, 배송완료 후 40일이내 신청이 가능
※ 환불 서비스는 첫 구매 체험을 위한 서비스로 1회만 신청 가능

▶ <100% 환불 이벤트> 상세 환불 조건 : https://sleeplab.co.kr/notice/?page=1#13709226_notice 

슬룸을 믿고 편하게 사용 및 체험해보시고, 그럼에도 만족하시지 못하셨을 경우 슬룸 공식몰의 채널톡을 통해 이벤트 기간 내 문의 주시면 환불 접수 도움드리겠습니다."
117362,2026-07-08 18:38:03,2026-07-06 18:15:40,2026-07-08 18:09:00,생각보다 사이즈가 크진 않아요,,,980,프리미엄 엘보케어 팔꿈치 마사지기,149000,수량선택: 팔꿈치 마사지기 1개,기존리뷰,3,,0,0,1,"안녕하세요. 프리미엄 헬스테크 브랜드, 슬룸입니다.
시간 내어 소중한 후기를 작성해 주셔서 감사드립니다. :)

믿고 찾는 쇼핑몰이 되기 위해 더 좋은 상품과 서비스를 준비하겠습니다.
감사합니다. 💜"
117363,2026-07-08 19:06:16,2026-07-03 21:44:10,2026-07-07 13:44:09,잘쓰겠습니다 감사합니다 사장님,,,1005,[마리코리아x슬룸] 구독자 전용 ★초특가★ 비밀링크,119900,수량선택: 목 마사지베개 V2 1개,기존리뷰,5,,0,0,1,"안녕하세요. 프리미엄 헬스테크 브랜드, 슬룸입니다.
진심 어린 소중한 후기 감사합니다. 💜

앞으로도 좋은 상품과 서비스로 고객님들을 찾아뵐 수 있도록 노력하겠습니다.
감사합니다. :)"
117364,2026-07-08 21:42:53,2026-07-07 13:25:45,2026-07-08 18:41:01,맨살에도 두드리는 느낌이 나는데 같이 주는 시너지 젤 바르면 두드리는 느낌이 더 강해요 ㅎ 저 시너지젤 다 쓰면 따로 구매 가능한지 궁금합니다 ㅎ,,,1008,★최대할인 비밀링크★ 바디 풀고컷 경락 마사지기,89900,수량선택: 바디 풀고컷 1개 (트리플 샷 시너지 젤 1개 증정),기존리뷰,5,,1,0,1,"안녕하세요. 프리미엄 헬스테크 브랜드, 슬룸입니다.
정성스럽게 올려주신 소중한 후기 감사합니다. 💜

고객님의 목소리로 더 발전하는 슬룸이 되도록 노력하겠습니다.
감사합니다. 🙇‍♀️"
117365,2026-07-08 22:28:14,2026-07-02 02:44:45,2026-07-03 16:14:34,잘 모르겠네요 아직은...,,,1010,[맨즈바닥x슬룸] 구독자 전용 ★역대급★ 최저가 비밀링크,119900,수량선택: ★맨즈바닥 SET★ 허리편한케어V2 1개 + 코어요추벨트 + (증정) 시너지크림,기존리뷰,3,,0,0,1,"안녕하세요. 프리미엄 헬스테크 브랜드, 슬룸입니다.
정성스럽게 올려주신 소중한 후기 감사합니다. 💜

고객님의 목소리로 더 발전하는 슬룸이 되도록 노력하겠습니다.
감사합니다. 🙇‍♀️"
117366,2026-07-08 22:35:53,2026-06-29 07:56:05,2026-06-30 21:06:55,"좋아요,,,,,,,,,,,,,",,,636,허리편한케어 V2 허리 마사지기,131000,수량선택: 허리편한케어 V2 2개 (허리베개 2개 증정),기존리뷰,5,,0,0,1,"안녕하세요. 프리미엄 헬스테크 브랜드, 슬룸입니다.
시간 내어 소중한 후기를 작성해 주셔서 감사드립니다. :)

믿고 찾는 쇼핑몰이 되기 위해 더 좋은 상품과 서비스를 준비하겠습니다.
감사합니다. 💜"
117367,2026-07-09 00:08:44,2026-07-03 15:21:10,2026-07-07 13:44:07,온열 마사지 모두가 다 맘에 든다고 하네요 선물줬는데,,,909,목 마사지 베개 V2 경추 마사지기 베개,112000,수량선택: 목 마사지 베개 V2 1개,기존리뷰,5,,1,0,1,"안녕하세요. 프리미엄 헬스테크 브랜드, 슬룸입니다.
시간 내어 소중한 후기를 작성해 주셔서 감사드립니다. :)

믿고 찾는 쇼핑몰이 되기 위해 더 좋은 상품과 서비스를 준비하겠습니다.
감사합니다. 💜"
117368,2026-07-09 07:18:28,2026-07-06 11:56:15,2026-07-07 13:43:44,"성능이랑 제품을 알려면 박스를 개봉해야하는데 박스 개봉하면 판품 안되는제도가 진짜 어이없음
최악인것같음 성능도",,,724,★최대할인 비밀링크★ 목베개 플러스 특가,69000,수량선택: 목베개 플러스 1개,기존리뷰,1,,0,0,1,"안녕하세요. 프리미엄 헬스테크 브랜드, 슬룸입니다.
고객님께 만족스러운 경험을 드리지 못해 대단히 죄송합니다. 😥

단순 개봉 후 반품이 불가한 것은 아닙니다. 개봉 후 제품 미사용일 경우에는 단순 변심 반품이 가능하시며,
개봉 후 사용일 경우에는 <100%환불이벤트> 이벤트 참여가 가능합니다.

슬룸의 모든 제품은 인체공학적으로 설계되어 편안한 사용이 가능하나 초기 사용 시 1~2주 이상의 적응 기간이 필요할 수 있습니다. 
다만 수령하신 날짜 기준으로 30일 동안 꾸준히 사용해보시고도 만족하지 못하셨을 경우에는, 슬룸에서 진행하는 <100%환불이벤트> 에 참여하여 왕복배송비 제외 전액 환불이 가능합니다.

※ 제품을 30일간 꾸준히 사용한 경우, 배송완료 후 40일이내 신청이 가능
※ 환불 서비스는 첫 구매 체험을 위한 서비스로 1회만 신청 가능

▶ <100% 환불 이벤트> 상세 환불 조건 : https://sleeplab.co.kr/notice/?page=1#13709226_notice 

슬룸을 믿고 편하게 사용 및 체험해보시고, 그럼에도 만족하시지 못하셨을 경우 슬룸 공식몰의 채널톡을 통해 이벤트 기간 내 문의 주시면 환불 접수 도움드리겠습니다."
117369,2026-07-09 07:29:14,2026-07-04 18:22:50,2026-07-07 13:44:09,아직사용하진않았지만 슬룸이름자체로 5점투척^^,,,1005,[마리코리아x슬룸] 구독자 전용 ★초특가★ 비밀링크,119900,수량선택: 허리펀한케어V2 1개 + 목마사지베개V2 1개 +(증정) 마그네슘 시너지 크림 100ml 1개,기존리뷰,5,,1,0,1,"안녕하세요. 프리미엄 헬스테크 브랜드, 슬룸입니다.
정성스럽게 올려주신 소중한 후기 감사합니다. 💜

고객님의 목소리로 더 발전하는 슬룸이 되도록 노력하겠습니다.
감사합니다. 🙇‍♀️"
117370,2026-07-09 07:59:26,2026-06-21 09:53:35,2026-06-23 10:43:34,잘 쓰겠습니다. 번창하세요.^^,,,909,목 마사지 베개 V2 경추 마사지기 베개,112000,수량선택: 코어 밸런스 업 세트 (허리편한케어 V2 + 목 마사지 베개 V2),기존리뷰,4,,0,0,1,"안녕하세요. 프리미엄 헬스테크 브랜드, 슬룸입니다.
정성스럽게 올려주신 소중한 후기 감사합니다. 💜

고객님의 목소리로 더 발전하는 슬룸이 되도록 노력하겠습니다.
감사합니다. 🙇‍♀️"
117371,2026-07-09 11:08:11,2026-07-06 19:47:30,2026-07-08 16:16:55,남편.아들 사주고 괜찮다고하니 딸네 사위도 좋아할듯해서 또 구입합니다,,,636,허리편한케어 V2 허리 마사지기,131000,수량선택: 허리편한케어 V2 1개 (허리베개 1개 증정),기존리뷰,5,,1,0,1,"안녕하세요. 프리미엄 헬스테크 브랜드, 슬룸입니다.
진심 어린 소중한 후기 감사합니다. 💜

앞으로도 좋은 상품과 서비스로 고객님들을 찾아뵐 수 있도록 노력하겠습니다.
감사합니다. :)"
117372,2026-07-09 13:29:22,2026-07-07 13:18:40,2026-07-08 16:10:10,팔 마사지하니 너무 좋아요. 이제 물리치료 받으러 안가도 될꺼같아요,,,980,프리미엄 엘보케어 팔꿈치 마사지기,149000,수량선택: 데일리 릴렉스 세트 (팔꿈치 마사지기 + 마그네슘 시너지 크림),기존리뷰,5,,1,0,1,"안녕하세요. 프리미엄 헬스테크 브랜드, 슬룸입니다.
시간 내어 소중한 후기를 작성해 주셔서 감사드립니다. :)

믿고 찾는 쇼핑몰이 되기 위해 더 좋은 상품과 서비스를 준비하겠습니다.
감사합니다. 💜"
117373,2026-07-09 15:31:44,2026-07-07 21:21:10,2026-07-09 14:57:00,좋을거라 믿고 샀어요,,,980,프리미엄 엘보케어 팔꿈치 마사지기,149000,수량선택: 데일리 릴렉스 세트 (팔꿈치 마사지기 + 마그네슘 시너지 크림),기존리뷰,5,,1,0,1,"안녕하세요. 프리미엄 헬스테크 브랜드, 슬룸입니다.
진심 어린 소중한 후기 감사합니다. 💜

앞으로도 좋은 상품과 서비스로 고객님들을 찾아뵐 수 있도록 노력하겠습니다.
감사합니다. :)"
117374,2026-07-09 16:01:43,2026-07-07 17:27:05,2026-07-09 13:36:40,"종아리, 허리, 마사지기사고 만족해서 남편이 팔꿈치가 아프다길래 팔꿈치 마사지기도 사봤어요~ 지금하고있는데 효과가 있으면 좋겠네요~ 사용법은 간단하고 편리해서 자주 사용할거같아요,",,,980,프리미엄 엘보케어 팔꿈치 마사지기,149000,수량선택: 팔꿈치 마사지기 1개,기존리뷰,5,,1,0,1,"안녕하세요. 프리미엄 헬스테크 브랜드, 슬룸입니다.
시간 내어 소중한 후기를 작성해 주셔서 감사드립니다. :)

믿고 찾는 쇼핑몰이 되기 위해 더 좋은 상품과 서비스를 준비하겠습니다.
감사합니다. 💜"
117375,2026-07-09 16:07:33,2026-06-29 12:59:50,2026-06-30 16:14:24,효과있는거 같은데 팔조이는끈 길이가 넘 짧아요 불편해서 채우는데 짜증이나네요 남자들은 어떻게 쓰나 모르겠네요,,,980,프리미엄 엘보케어 팔꿈치 마사지기,149000,수량선택: 팔꿈치 마사지기 1개,기존리뷰,5,,1,0,1,"안녕하세요 고객님, 프리미엄 헬스테크 브랜드, 슬룸입니다.
고객님께 만족스러운 경험을 드리지 못해 대단히 죄송합니다.😥

팔꿈치를 고정하는 끈의 길이가 짧아 제품을 착용하시는 과정에서 큰 불편함과 답답함을 느끼게 해드려 정말 죄송합니다.
모든 고객님이 보다 여유롭고 편안하게 착용하실 수 있도록, 끈 길이 조절 및 연장 등 커스텀 개선 조치를 적극적으로 검토하겠습니다.

말씀해주신 끈 길이에 대한 피드백은 담당 부서에 즉시 전달하여, 추후 제품 리뉴얼 및 생산 시 끈 길이를 연장하거나 개선할 수 있도록 적극적으로 검토하고 반영하겠습니다.

고객님의 의견을 수렴하여 더 발전하는 슬룸이 되도록 노력하겠습니다. 감사합니다."
117376,2026-07-09 16:25:08,2026-06-23 11:44:30,2026-06-24 16:08:53,우선 마사지 되는 느낌 좋습니다. 저주파도 좋고 강도도 좋습니다. 약간 팔 굵은 사람에게는 착용 유지가 살짝 아쉽습니다. 에어 들어가다가 떨어지기도 하고 ;;; 효과는 좀 더 꾸준히 사용해보려고 합니다. 그래도 마사지 기능 좋습니다.,,,980,프리미엄 엘보케어 팔꿈치 마사지기,149000,수량선택: 팔꿈치 마사지기 1개,기존리뷰,4,,1,0,1,"안녕하세요. 프리미엄 헬스테크 브랜드, 슬룸입니다.
정성스럽게 올려주신 소중한 후기 감사합니다. 💜

고객님의 목소리로 더 발전하는 슬룸이 되도록 노력하겠습니다.
감사합니다. 🙇‍♀️"
117377,2026-07-09 17:55:20,2026-07-06 21:04:00,2026-07-08 18:39:25,빠른배송과 재주문한거예요 사용해보니 효과좋아어,,,924,발편한케어 프리미엄 EMS 발 마사지기,89000,"사이즈&세트선택: M (220-270mm), 수량선택: 발편한케어 1개",기존리뷰,5,,0,0,1,"안녕하세요. 프리미엄 헬스테크 브랜드, 슬룸입니다.
진심 어린 소중한 후기 감사합니다. 💜

앞으로도 좋은 상품과 서비스로 고객님들을 찾아뵐 수 있도록 노력하겠습니다.
감사합니다. :)"
117378,2026-07-09 20:36:07,2026-04-19 21:24:25,2026-04-21 18:35:00,세트로 주문했는데 좋습니다 한의원안가도되용,,,925,★7일 특별 연장★ 덤순이X슬룸 구독자 한정 역대급 할인,98800,수량선택: ★덤순이SET★ 넥숄더 힐링케어V2 1개 + 허리편한케어V2 1개 + (증정) 코어요추벨트 1개,기존리뷰,5,,0,0,1,"안녕하세요. 프리미엄 헬스테크 브랜드, 슬룸입니다.
정성스럽게 올려주신 소중한 후기 감사합니다. 💜

고객님의 목소리로 더 발전하는 슬룸이 되도록 노력하겠습니다.
감사합니다. 🙇‍♀️"
117379,2026-07-09 20:38:21,2026-07-03 16:56:45,2026-07-07 18:41:21,만족해요. 팔꿈치 아픈 신랑이 좋아해요.,,,980,프리미엄 엘보케어 팔꿈치 마사지기,149000,수량선택: 팔꿈치 마사지기 1개,기존리뷰,5,,0,0,1,"안녕하세요. 프리미엄 헬스테크 브랜드, 슬룸입니다.
진심 어린 소중한 후기 감사합니다. 💜

앞으로도 좋은 상품과 서비스로 고객님들을 찾아뵐 수 있도록 노력하겠습니다.
감사합니다. :)"
117380,2026-07-09 20:50:06,2026-05-01 19:47:20,2026-05-05 16:33:00,족저근막염떄문에 삿는데 잘쓰고있습니다.,,,757,★최대할인 비밀링크★ 발편한케어 프리미엄 발 마사지기,89000,"사이즈선택: L (250 - 295mm), 수량선택: 발편한케어 V1 1개",기존리뷰,5,,0,0,1,"안녕하세요. 프리미엄 헬스테크 브랜드, 슬룸입니다.
진심 어린 소중한 후기 감사합니다. 💜

앞으로도 좋은 상품과 서비스로 고객님들을 찾아뵐 수 있도록 노력하겠습니다.
감사합니다. :)"
117381,2026-07-09 20:58:12,2026-06-29 20:25:15,2026-07-01 16:08:39,가볍고 휴대가용이합니다. 성능도 만족해요,,,1007,[뜨랑낄로x슬룸] 구독자 전용 ★초특가★ 비밀링크,84900,수량선택: 발편한케어 L 1개,기존리뷰,5,,0,0,1,"안녕하세요. 프리미엄 헬스테크 브랜드, 슬룸입니다.
진심 어린 소중한 후기 감사합니다. 💜

앞으로도 좋은 상품과 서비스로 고객님들을 찾아뵐 수 있도록 노력하겠습니다.
감사합니다. :)"
117382,2026-07-09 21:38:55,2026-06-03 12:48:25,2026-06-05 13:40:37,별도구매가능해서 좋아요,,,330,USB 충전 어댑터 멀티 충전기,5900,,기존리뷰,5,,0,0,1,"안녕하세요. 프리미엄 헬스테크 브랜드, 슬룸입니다.
진심 어린 소중한 후기 감사합니다. 💜

앞으로도 좋은 상품과 서비스로 고객님들을 찾아뵐 수 있도록 노력하겠습니다.
감사합니다. :)"
117383,2026-07-09 21:39:33,2026-06-03 12:48:25,2026-06-05 13:40:37,이사하면서 분실해서 별도구매해서 잘쓰고있어요,,,376,허리편한케어 V1 전용 케이블,5000,,기존리뷰,5,,0,0,1,"안녕하세요. 프리미엄 헬스테크 브랜드, 슬룸입니다.
정성스럽게 올려주신 소중한 후기 감사합니다. 💜

고객님의 목소리로 더 발전하는 슬룸이 되도록 노력하겠습니다.
감사합니다. 🙇‍♀️"
117384,2026-07-09 21:56:17,2026-07-02 22:05:25,2026-07-04 13:38:42,오 편하고 사용하기 좋아요,,,909,목 마사지 베개 V2 경추 마사지기 베개,112000,수량선택: 목 마사지 베개 V2 1개,기존리뷰,5,,0,0,1,"안녕하세요. 프리미엄 헬스테크 브랜드, 슬룸입니다.
시간 내어 소중한 후기를 작성해 주셔서 감사드립니다. :)

믿고 찾는 쇼핑몰이 되기 위해 더 좋은 상품과 서비스를 준비하겠습니다.
감사합니다. 💜"
117385,2026-07-10 00:33:59,2026-06-27 20:47:05,2026-06-30 10:43:05,엘보가  아파서  써보려구요~아직은  처음이라  잘모르겠지만  효과가  있으면  좋겠어요  ^^,,,980,프리미엄 엘보케어 팔꿈치 마사지기,149000,수량선택: 데일리 릴렉스 세트 (팔꿈치 마사지기 + 마그네슘 시너지 크림),기존리뷰,5,,0,0,1,"안녕하세요. 프리미엄 헬스테크 브랜드, 슬룸입니다.
정성스럽게 올려주신 소중한 후기 감사합니다. 💜

고객님의 목소리로 더 발전하는 슬룸이 되도록 노력하겠습니다.
감사합니다. 🙇‍♀️"
117386,2026-07-10 00:34:41,2026-06-23 02:17:35,2026-06-24 21:10:03,잘받았습니다. 감사합니다.,,,1001,[슬룸] 구독자 전용 ★초특가★ 비밀링크,84900,수량선택: 목 마사지 베개 V2 1개,기존리뷰,5,,0,0,1,"안녕하세요. 프리미엄 헬스테크 브랜드, 슬룸입니다.
진심 어린 소중한 후기 감사합니다. 💜

앞으로도 좋은 상품과 서비스로 고객님들을 찾아뵐 수 있도록 노력하겠습니다.
감사합니다. :)"
117387,2026-07-10 11:19:05,2026-07-08 00:40:02,2026-07-09 21:05:45,고객센터가 말도안통하는 AI로만 운영되서 너무너무 불편합니다 짜증나네요 문의가 있는데 이걸 어디에 말하나요 ,f421df5d7fa1,,291,목베개 플러스 경추 목 마사지기 베개,91000,수량선택: 목베개 플러스 1개,반응형(내리뷰),1,,0,0,1,"안녕하세요. 프리미엄 헬스테크 브랜드, 슬룸입니다.
고객님께 만족스러운 경험을 드리지 못해 대단히 죄송합니다. 😥

저희 슬룸에서는 보다 빠르고 정확한 상담을 위해, AI CX 매니저가 답변 가능한 내용은 먼저 안내를 도와드리고 있습니다.
그 외에 제품 불량 접수나 상세한 확인 등 실제 CX 매니저의 직접적인 도움이 필요한 경우에는 언제든지 CX 매니저 연결이 가능한 점 참고 부탁드립니다.

번거로우시겠지만 슬룸 채팅 상담을 통해 연락 주시면 빠르게 안내 도와드리겠습니다.

▶ 슬룸 채팅 상담 (※ 월-목 09:30-17:00, 금 09:30-16:00, 주말 및 공휴일 휴무)
http://sloom.channel.io/

고객님의 목소리로 더 발전하는 슬룸이 되도록 노력하겠습니다. 감사합니다."
117388,2026-07-10 12:25:44,2026-07-05 00:07:51,2026-07-09 20:09:12,사이드불량이라 교환햇는데 거의하루만에왓네요 불편한것도못느꼇어요 아주시원합니다 몸이좋아졋음좋겟네요,ba1ca2387734,,966,골반 케어 프리미엄 골반 마사지기,191000,수량선택: 골반 마사지기 1개,모바일,5,,0,0,1,"안녕하세요. 프리미엄 헬스테크 브랜드, 슬룸입니다.
시간 내어 소중한 후기를 작성해 주셔서 감사드립니다. :)

믿고 찾는 쇼핑몰이 되기 위해 더 좋은 상품과 서비스를 준비하겠습니다.
감사합니다. 💜"
117389,2026-07-10 06:21:01,2026-07-06 10:17:30,2026-07-07 13:44:45,목과 어깨가 결려서 구매 소음이 다소 큰게 흠이라고 목을 견인할때 소리가 다소 크네요.온열도 되고 효과는 아직 좀더 써봐야 할듯.,,,909,목 마사지 베개 V2 경추 마사지기 베개,112000,수량선택: 목 마사지 베개 V2 1개,기존리뷰,3,,1,0,1,"안녕하세요 고객님, 프리미엄 헬스테크 브랜드, 슬룸입니다.
고객님께 만족스러운 경험을 드리지 못해 대단히 죄송합니다.😥

슬룸의 모든 제품은 인체공학적으로 설계되어 편안한 사용이 가능하나 초기 사용 시 1~2주 이상의 적응 기간이 필요할 수 있습니다. 
다만 수령하신 날짜 기준으로 30일 동안 꾸준히 사용해보시고도 만족하지 못하셨을 경우에는, 슬룸에서 진행하는 <100%환불이벤트> 에 참여하여 왕복배송비 제외 전액 환불이 가능합니다.

※ 제품을 30일간 꾸준히 사용한 경우, 배송완료 후 40일이내 신청이 가능
※ 환불 서비스는 첫 구매 체험을 위한 서비스로 1회만 신청 가능

▶ <100% 환불 이벤트> 상세 환불 조건 : https://sleeplab.co.kr/notice/?page=1#13709226_notice 

슬룸을 믿고 편하게 사용 및 체험해보시고, 그럼에도 만족하시지 못하셨을 경우 슬룸 공식몰의 채널톡을 통해 이벤트 기간 내 문의 주시면 환불 접수 도움드리겠습니다."
117390,2026-07-10 07:43:44,2026-07-06 08:15:10,2026-07-07 17:00:56,열심히써봐야알거같아요,,,724,★최대할인 비밀링크★ 목베개 플러스 특가,69000,수량선택: 목베개 플러스 1개,기존리뷰,5,,1,0,1,"안녕하세요. 프리미엄 헬스테크 브랜드, 슬룸입니다.
시간 내어 소중한 후기를 작성해 주셔서 감사드립니다. :)

믿고 찾는 쇼핑몰이 되기 위해 더 좋은 상품과 서비스를 준비하겠습니다.
감사합니다. 💜"
117391,2026-07-10 08:21:35,2026-06-22 12:13:50,2026-06-26 13:38:02,아직 큰변화는 없지만 시원해요,,,1003,바디풀고컷 경락 마사지기,99000,수량선택: 바디 풀고컷 1개 (트리플 샷 시너지 젤 1개 증정),기존리뷰,5,,0,0,1,"안녕하세요. 프리미엄 헬스테크 브랜드, 슬룸입니다.
시간 내어 소중한 후기를 작성해 주셔서 감사드립니다. :)

믿고 찾는 쇼핑몰이 되기 위해 더 좋은 상품과 서비스를 준비하겠습니다.
감사합니다. 💜"
117392,2026-07-10 08:23:11,2026-07-08 12:05:10,2026-07-09 18:37:20,리뷰좋아서시켜봤습니다. 이제써보려구요ㅋㅋ 5점박고시작합니다ㅎㅎ 목잘풀어줬으면좋겠네요,,,909,목 마사지 베개 V2 경추 마사지기 베개,112000,수량선택: 목 마사지 베개 V2 1개,기존리뷰,5,,1,0,1,"안녕하세요. 프리미엄 헬스테크 브랜드, 슬룸입니다.
정성스럽게 올려주신 소중한 후기 감사합니다. 💜

고객님의 목소리로 더 발전하는 슬룸이 되도록 노력하겠습니다.
감사합니다. 🙇‍♀️"
117393,2026-07-10 09:13:29,2026-06-30 21:05:20,2026-07-02 16:10:08,유튭보고 시킨건데 대만족입니다 발목 인대가 다쳤었는데 후유증으로 고생했는데 시원해졌어요 이제 잘 안부어요 ㅠㅠ 굿,,,1007,[뜨랑낄로x슬룸] 구독자 전용 ★초특가★ 비밀링크,84900,수량선택: 발편한케어 M 1개,기존리뷰,5,,1,0,1,"안녕하세요. 프리미엄 헬스테크 브랜드, 슬룸입니다.
시간 내어 소중한 후기를 작성해 주셔서 감사드립니다. :)

믿고 찾는 쇼핑몰이 되기 위해 더 좋은 상품과 서비스를 준비하겠습니다.
감사합니다. 💜"
117394,2026-07-10 10:03:15,2026-07-01 17:55:35,2026-07-03 18:38:57,"따뜻하게 예열이 되면서 골고루 목주의 안마를 해주는데
하고나면 편안해지고 잠도 잘오네요.",,,291,목베개 플러스 경추 목 마사지기 베개,91000,수량선택: 목베개 플러스 1개,기존리뷰,5,,0,0,1,"안녕하세요. 프리미엄 헬스테크 브랜드, 슬룸입니다.
정성스럽게 올려주신 소중한 후기 감사합니다. 💜

고객님의 목소리로 더 발전하는 슬룸이 되도록 노력하겠습니다.
감사합니다. 🙇‍♀️"
117395,2026-07-10 10:04:15,2026-07-03 19:42:05,2026-07-07 18:47:27,3일째 사용중인데 다른분들 후기처럼 전  잘모르겠어요..좀더 써보겠습니다,,,874,발편한케어 프리미엄 고주파 발 마사지기,91000,"사이즈&세트선택: M (220-270mm), 수량선택: 발편한케어 1개",기존리뷰,4,,0,0,1,"안녕하세요 고객님, 프리미엄 헬스테크 브랜드, 슬룸입니다.
고객님께 만족스러운 경험을 드리지 못해 대단히 죄송합니다.😥

슬룸의 모든 제품은 인체공학적으로 설계되어 편안한 사용이 가능하나 초기 사용 시 1~2주 이상의 적응 기간이 필요할 수 있습니다. 
다만 수령하신 날짜 기준으로 30일 동안 꾸준히 사용해보시고도 만족하지 못하셨을 경우에는, 슬룸에서 진행하는 <100%환불이벤트> 에 참여하여 왕복배송비 제외 전액 환불이 가능합니다.

※ 제품을 30일간 꾸준히 사용한 경우, 배송완료 후 40일이내 신청이 가능
※ 환불 서비스는 첫 구매 체험을 위한 서비스로 1회만 신청 가능

▶ <100% 환불 이벤트> 상세 환불 조건 : https://sleeplab.co.kr/notice/?page=1#13709226_notice 

슬룸을 믿고 편하게 사용 및 체험해보시고, 그럼에도 만족하시지 못하셨을 경우 슬룸 공식몰의 채널톡을 통해 이벤트 기간 내 문의 주시면 환불 접수 도움드리겠습니다."
117396,2026-07-10 10:43:55,2026-07-03 19:25:45,2026-07-07 18:42:14,"테니스 엘보 고생하다가 구매했습니다
맛사지 기능 십 점 만점에 십 점 입니다

다만 단점을 꼽자면 
디자인 색상 이 촌스러움 ㅋ
팔에 착용 할 때 조금 불편하고
끈 길이가 조금 더 길었으면 좋겠음",,,980,프리미엄 엘보케어 팔꿈치 마사지기,149000,수량선택: 데일리 릴렉스 세트 (팔꿈치 마사지기 + 마그네슘 시너지 크림),기존리뷰,5,,0,0,1,"안녕하세요. 프리미엄 헬스테크 브랜드, 슬룸입니다.
시간 내어 소중한 후기를 작성해 주셔서 감사드립니다. :)

믿고 찾는 쇼핑몰이 되기 위해 더 좋은 상품과 서비스를 준비하겠습니다.
감사합니다. 💜"
117397,2026-07-10 12:56:03,2026-06-30 16:50:40,2026-07-02 13:43:37,매일 사용하는데 목이 시원해요. 하다보면은 잠들어 있습니다. ㅎㅎㅎ,,,1005,[마리코리아x슬룸] 구독자 전용 ★초특가★ 비밀링크,119900,수량선택: 목 마사지베개 V2 1개,기존리뷰,5,,0,0,1,"안녕하세요. 프리미엄 헬스테크 브랜드, 슬룸입니다.
시간 내어 소중한 후기를 작성해 주셔서 감사드립니다. :)

믿고 찾는 쇼핑몰이 되기 위해 더 좋은 상품과 서비스를 준비하겠습니다.
감사합니다. 💜"
117398,2026-07-10 13:43:41,2026-07-05 21:32:55,2026-07-07 16:13:43,"설명대로 잘 작동하는데 엘보 치료효과는 아직 잘 모르겠습니다. 
상품설명서 첫줄에 의료기가 아니라고 하네요~",,,980,프리미엄 엘보케어 팔꿈치 마사지기,149000,수량선택: 데일리 릴렉스 세트 (팔꿈치 마사지기 + 마그네슘 시너지 크림),기존리뷰,5,,0,0,1,"안녕하세요. 프리미엄 헬스테크 브랜드, 슬룸입니다.
정성스럽게 올려주신 소중한 후기 감사합니다. 💜

고객님의 목소리로 더 발전하는 슬룸이 되도록 노력하겠습니다.
감사합니다. 🙇‍♀️"
117399,2026-07-10 14:14:17,2026-07-01 17:06:00,2026-07-03 18:39:27,피로가 풀려요.. 진짜로..,,,924,발편한케어 프리미엄 EMS 발 마사지기,89000,"사이즈&세트선택: M (220-270mm), 수량선택: 발편한케어 1개",기존리뷰,5,,0,0,1,"안녕하세요. 프리미엄 헬스테크 브랜드, 슬룸입니다.
시간 내어 소중한 후기를 작성해 주셔서 감사드립니다. :)

믿고 찾는 쇼핑몰이 되기 위해 더 좋은 상품과 서비스를 준비하겠습니다.
감사합니다. 💜"
117400,2026-07-10 14:24:20,2026-06-23 12:55:10,2026-06-24 16:13:06,엘보 통증에 도움되었습니다,,,980,프리미엄 엘보케어 팔꿈치 마사지기,149000,수량선택: 팔꿈치 마사지기 1개,기존리뷰,5,,1,0,1,"안녕하세요. 프리미엄 헬스테크 브랜드, 슬룸입니다.
정성스럽게 올려주신 소중한 후기 감사합니다. 💜

고객님의 목소리로 더 발전하는 슬룸이 되도록 노력하겠습니다.
감사합니다. 🙇‍♀️"
117401,2026-07-10 14:51:51,2026-06-20 18:52:45,2026-06-23 18:43:51,빠른배송 감사합니다.,,,980,프리미엄 엘보케어 팔꿈치 마사지기,149000,수량선택: 팔꿈치 마사지기 1개,기존리뷰,5,,0,0,1,"안녕하세요. 프리미엄 헬스테크 브랜드, 슬룸입니다.
시간 내어 소중한 후기를 작성해 주셔서 감사드립니다. :)

믿고 찾는 쇼핑몰이 되기 위해 더 좋은 상품과 서비스를 준비하겠습니다.
감사합니다. 💜"
117402,2026-07-10 14:54:46,2026-07-06 22:11:10,2026-07-08 13:39:40,생각보다 쓸만 합니다,,,909,목 마사지 베개 V2 경추 마사지기 베개,112000,수량선택: 목 마사지 베개 V2 1개,기존리뷰,5,,0,0,1,"안녕하세요. 프리미엄 헬스테크 브랜드, 슬룸입니다.
정성스럽게 올려주신 소중한 후기 감사합니다. 💜

고객님의 목소리로 더 발전하는 슬룸이 되도록 노력하겠습니다.
감사합니다. 🙇‍♀️"
117403,2026-07-10 15:03:00,2026-06-22 19:39:35,2026-06-26 16:10:34,좋아요 ㅎㅎ 잘사용중,,,1003,바디풀고컷 경락 마사지기,99000,수량선택: 바디 풀고컷 1개 (트리플 샷 시너지 젤 1개 증정),기존리뷰,5,,0,0,1,"안녕하세요. 프리미엄 헬스테크 브랜드, 슬룸입니다.
시간 내어 소중한 후기를 작성해 주셔서 감사드립니다. :)

믿고 찾는 쇼핑몰이 되기 위해 더 좋은 상품과 서비스를 준비하겠습니다.
감사합니다. 💜"
117404,2026-07-10 15:20:02,2026-07-07 11:30:20,2026-07-08 18:41:01,가족 모두 잘 쓰고 있어요,,,291,목베개 플러스 경추 목 마사지기 베개,91000,수량선택: 목베개 플러스 1개,기존리뷰,5,,0,0,1,"안녕하세요. 프리미엄 헬스테크 브랜드, 슬룸입니다.
시간 내어 소중한 후기를 작성해 주셔서 감사드립니다. :)

믿고 찾는 쇼핑몰이 되기 위해 더 좋은 상품과 서비스를 준비하겠습니다.
감사합니다. 💜"
117405,2026-07-10 15:38:26,2026-06-25 07:17:35,2026-06-26 18:37:07,아직 회복하는데 큰 도움이 될련지ㅠ,,,980,프리미엄 엘보케어 팔꿈치 마사지기,149000,수량선택: 팔꿈치 마사지기 1개,기존리뷰,4,,0,0,1,"안녕하세요 고객님, 프리미엄 헬스테크 브랜드, 슬룸입니다.

슬룸의 모든 제품은 인체공학적으로 설계되어 편안한 사용이 가능하나 초기 사용 시 1~2주 이상의 적응 기간이 필요할 수 있습니다. 
다만 수령하신 날짜 기준으로 30일 동안 꾸준히 사용해보시고도 만족하지 못하셨을 경우에는, 슬룸에서 진행하는 <100%환불이벤트> 에 참여하여 왕복배송비 제외 전액 환불이 가능합니다.

※ 제품을 30일간 꾸준히 사용한 경우, 배송완료 후 40일이내 신청이 가능
※ 환불 서비스는 첫 구매 체험을 위한 서비스로 1회만 신청 가능

▶ <100% 환불 이벤트> 상세 환불 조건 : https://sleeplab.co.kr/notice/?page=1#13709226_notice 

슬룸을 믿고 편하게 사용 및 체험해보시고, 그럼에도 만족하시지 못하셨을 경우 슬룸 공식몰의 채널톡을 통해 이벤트 기간 내 문의 주시면 환불 접수 도움드리겠습니다."
117406,2026-07-10 15:41:12,2026-07-08 09:39:00,2026-07-09 18:37:20,배송 너무 빠르고 좋은 효과 기대해봅니다,,,909,목 마사지 베개 V2 경추 마사지기 베개,112000,수량선택: 목 마사지 베개 V2 1개,기존리뷰,5,,0,0,1,"안녕하세요. 프리미엄 헬스테크 브랜드, 슬룸입니다.
시간 내어 소중한 후기를 작성해 주셔서 감사드립니다. :)

믿고 찾는 쇼핑몰이 되기 위해 더 좋은 상품과 서비스를 준비하겠습니다.
감사합니다. 💜"
117407,2026-07-10 16:55:32,2026-07-08 13:24:55,2026-07-09 18:38:44,테니스 엘보로 고생 중인데 집에서 편하게 물리치료 받는 느낌이어서 좋았습니다,,,980,프리미엄 엘보케어 팔꿈치 마사지기,149000,수량선택: 데일리 릴렉스 세트 (팔꿈치 마사지기 + 마그네슘 시너지 크림),기존리뷰,5,,0,0,1,"안녕하세요. 프리미엄 헬스테크 브랜드, 슬룸입니다.
진심 어린 소중한 후기 감사합니다. 💜

앞으로도 좋은 상품과 서비스로 고객님들을 찾아뵐 수 있도록 노력하겠습니다.
감사합니다. :)"
117408,2026-07-10 17:10:51,2026-06-01 10:01:20,2026-06-02 18:52:16,충전 정말 잘되고 좋습니다,,,376,허리편한케어 V1 전용 케이블,5000,,기존리뷰,5,,0,0,1,"안녕하세요. 프리미엄 헬스테크 브랜드, 슬룸입니다.
진심 어린 소중한 후기 감사합니다. 💜

앞으로도 좋은 상품과 서비스로 고객님들을 찾아뵐 수 있도록 노력하겠습니다.
감사합니다. :)"
117409,2026-07-10 17:32:02,2026-05-01 21:13:50,2026-05-05 16:23:00,기분탓인지는 몰라도 여러 마사지 볼과 같이 사용하면서 발바닥 통증이 좀 사라진 기분~,,,874,발편한케어 프리미엄 고주파 발 마사지기,91000,수량선택: 발편한케어 V2 1개  (마그네슘 시너지 크림 30ml 1개 증정),기존리뷰,5,,0,0,1,"안녕하세요. 프리미엄 헬스테크 브랜드, 슬룸입니다.
진심 어린 소중한 후기 감사합니다. 💜

앞으로도 좋은 상품과 서비스로 고객님들을 찾아뵐 수 있도록 노력하겠습니다.
감사합니다. :)"
117410,2026-07-10 17:56:29,2026-07-04 17:24:45,2026-07-07 16:17:20,배송 빠르고 제품 좋아요,,,1012,[태국박서방TV x 슬룸] 구독자 전용 ★최저가★ 비밀링크,99000,수량선택: 발편한케어 M 2개,기존리뷰,5,,1,0,1,"안녕하세요. 프리미엄 헬스테크 브랜드, 슬룸입니다.
정성스럽게 올려주신 소중한 후기 감사합니다. 💜

고객님의 목소리로 더 발전하는 슬룸이 되도록 노력하겠습니다.
감사합니다. 🙇‍♀️"
117411,2026-07-10 19:07:43,2026-05-19 08:37:05,2026-05-20 13:38:10,굉장히 효과보고있고 족저근막염이 거의 나았습니다.,,,924,발편한케어 프리미엄 EMS 발 마사지기,89000,"버전&세트선택: V1, 사이즈&세트선택: L (250-295mm), 수량선택: 발편한케어 V1 1개",기존리뷰,5,,0,0,1,"안녕하세요. 프리미엄 헬스테크 브랜드, 슬룸입니다.
진심 어린 소중한 후기 감사합니다. 💜

앞으로도 좋은 상품과 서비스로 고객님들을 찾아뵐 수 있도록 노력하겠습니다.
감사합니다. :)"
117412,2026-07-10 19:57:54,2026-06-26 12:40:20,2026-06-27 21:05:04,아주아주아주 많이 좋아졌어요,,,636,허리편한케어 V2 허리 마사지기,131000,수량선택: 허리편한케어 V2 1개 (허리베개 1개 증정),기존리뷰,4,,1,0,1,"안녕하세요. 프리미엄 헬스테크 브랜드, 슬룸입니다.
정성스럽게 올려주신 소중한 후기 감사합니다. 💜

고객님의 목소리로 더 발전하는 슬룸이 되도록 노력하겠습니다.
감사합니다. 🙇‍♀️"
117413,2026-07-10 20:31:46,2026-07-09 13:47:10,2026-07-10 18:37:59,두근두근 오늘 와서 지금 사용하려고 함 효과가 있기를 모든,,,1008,★최대할인 비밀링크★ 바디 풀고컷 경락 마사지기,89900,수량선택: 바디 풀고컷 1개 (트리플 샷 시너지 젤 1개 증정),기존리뷰,5,,1,0,1,"안녕하세요. 프리미엄 헬스테크 브랜드, 슬룸입니다.
진심 어린 소중한 후기 감사합니다. 💜

앞으로도 좋은 상품과 서비스로 고객님들을 찾아뵐 수 있도록 노력하겠습니다.
감사합니다. :)"
117414,2026-07-10 21:35:34,2026-06-12 16:47:45,2026-06-16 16:34:09,소음은 있으나 목을풀어주는 마사지와 히팅이 만족감이 크기에 만족합니다,,,909,목 마사지 베개 V2 경추 마사지기 베개,112000,수량선택: 목 마사지 베개 V2 1개 (허리베개 1개 증정),기존리뷰,5,,0,0,1,"안녕하세요. 프리미엄 헬스테크 브랜드, 슬룸입니다.
진심 어린 소중한 후기 감사합니다. 💜

앞으로도 좋은 상품과 서비스로 고객님들을 찾아뵐 수 있도록 노력하겠습니다.
감사합니다. :)"
117415,2026-07-11 00:44:27,2026-04-29 01:55:05,2026-04-30 12:43:00,쿠션감도 좋고 안마도 잘됩니다,,,969,[배말랭x슬룸] 어버이날 ★최저가★ 선물 찬스!,99000,수량선택: 목마사지베개 V2 2개 + (증정)마그네슘 시너지 크림 30ml 2개,기존리뷰,5,,0,0,1,"안녕하세요. 프리미엄 헬스테크 브랜드, 슬룸입니다.
정성스럽게 올려주신 소중한 후기 감사합니다. 💜

고객님의 목소리로 더 발전하는 슬룸이 되도록 노력하겠습니다.
감사합니다. 🙇‍♀️"
117416,2026-07-11 01:22:18,2026-06-29 00:08:10,2026-06-30 18:42:02,편안하게 안마 받는 느낌이 들어 좋았다.,,,1005,[마리코리아x슬룸] 구독자 전용 ★초특가★ 비밀링크,119900,수량선택: 목 마사지베개 V2 1개,기존리뷰,4,,0,0,1,"안녕하세요. 프리미엄 헬스테크 브랜드, 슬룸입니다.
시간 내어 소중한 후기를 작성해 주셔서 감사드립니다. :)

믿고 찾는 쇼핑몰이 되기 위해 더 좋은 상품과 서비스를 준비하겠습니다.
감사합니다. 💜"
117417,2026-07-11 02:31:33,2026-07-05 08:23:30,2026-07-07 16:13:39,팔꿈치가 많이 아팠는데 생각보다 성능이 좋습니다,,,980,프리미엄 엘보케어 팔꿈치 마사지기,149000,수량선택: 데일리 릴렉스 세트 (팔꿈치 마사지기 + 마그네슘 시너지 크림),기존리뷰,5,,1,0,1,"안녕하세요. 프리미엄 헬스테크 브랜드, 슬룸입니다.
시간 내어 소중한 후기를 작성해 주셔서 감사드립니다. :)

믿고 찾는 쇼핑몰이 되기 위해 더 좋은 상품과 서비스를 준비하겠습니다.
감사합니다. 💜"
117418,2026-07-11 08:50:18,2026-07-09 11:29:05,2026-07-10 13:38:45,배송 엄청 일찍 오네요~ 잘 때마다 목이 불편해서 자다깨다했습니다. 목베개 편한거 찾으면서 여러개 사보고 써본지 몇 년 됐어요~ 이제는 디스크 초기 증상도 있을만큼 목이 많이 안좋아져서 정망 편한 베개에 누워서 푹 자고 싶다는게 소망이었어요. 베개를 구입하게 된 계기는 아들이 일자목이고 높은 베개를 베고 목을 앞으로 숙이고 자는 걸 보고 목베개를 사야겠다고 생각하다가 우연히 네이버 광고에 뜨길래 한번 들어가봤는데 너무 사고 싶더라구요. 그래서 제꺼랑 아들꺼 두개를 샀어요~ 밤에 베개를 베고 누웠는데 베개가 엄청 편한거에요~ 마사지와 온열기능이 있어서 딱딱할 줄 알았는데 포근합니다. 그리고 전 에어백 기능도 좋았어요~ 목을 견인해주는 느낌과 수그리고 있던 목을 커브에 맞게 꺽어주는 기능이 좋았어요~ 그리고 결과적으로 목이 아주 편하게 잘 잤어요~ 아침에 일어났는데 푹자고 개운하게 일어난다는 느낌이 들었고 아침마다 피곤했던 눈도 편했어요~ 진짜 오랫만에 느껴보는 편안함이었어요~~ 옆으로 누워 웅크리고 자는 버릇이 있는데 어깨도 목베개 높이 덕분에  눌림이 없고 고개가 앞으로 숙여져서 자다가 목이 뻐근하거나 어깨가 짓눌리지 않으니 승모근도 안아팠어요~ 정말 제대로 된 베개 만난것 같아 너무 좋아요~,0b4315ceebb8,,909,목 마사지 베개 V2 경추 마사지기 베개,112000,수량선택: 목 마사지 베개 V2 2개,모바일,5,,0,0,1,"안녕하세요. 프리미엄 헬스테크 브랜드, 슬룸입니다.
정성스럽게 올려주신 소중한 후기 감사합니다. 💜

고객님의 목소리로 더 발전하는 슬룸이 되도록 노력하겠습니다.
감사합니다. 🙇‍♀️"
117419,2026-07-11 10:52:45,2026-07-09 07:28:21,2026-07-10 18:37:59,받자마자 잠깐 사용해 봤는데...허리가 곧게 펴지는 느낌. 기대됩니다,5aa315f02543,,636,허리편한케어 V2 허리 마사지기,131000,수량선택: 허리편한케어 V2 1개 (허리베개 1개 증정),반응형(내리뷰),4,,0,0,1,"안녕하세요. 프리미엄 헬스테크 브랜드, 슬룸입니다.
시간 내어 소중한 후기를 작성해 주셔서 감사드립니다. :)

믿고 찾는 쇼핑몰이 되기 위해 더 좋은 상품과 서비스를 준비하겠습니다.
감사합니다. 💜"
117420,2026-07-11 14:22:40,2026-06-30 21:34:41,2026-07-02 16:08:23,"평소에 목과 어깨가 많아 아파서 이것저것찾아보다 구매해서 써보니 목이 많이 편해졌어요
엄마랑 딸도 목이 불편하다해서 재구매했습니다
첨엔 익숙하지 않아 목이 더아픈듯햿는데 온열로 맛사지를 해주고 며칠쓰디보니 신기하게 아픈데가 사라졌어요
지인분들에게도 많이 얘기하고 있구요 
강추합니다",6548c98fd13d,,909,목 마사지 베개 V2 경추 마사지기 베개,112000,수량선택: 목 마사지 베개 V2 2개,모바일,5,,1,0,1,"안녕하세요. 프리미엄 헬스테크 브랜드, 슬룸입니다.
시간 내어 소중한 후기를 작성해 주셔서 감사드립니다. :)

믿고 찾는 쇼핑몰이 되기 위해 더 좋은 상품과 서비스를 준비하겠습니다.
감사합니다. 💜"
117421,2026-07-11 22:39:16,2026-07-09 22:09:38,2026-07-11 13:46:52,"팔꿈치에 정확히 아픈곳을 마사지해주는것은 좋습니다.
하지만 운동선수 팔 사이즈에 비해 마사지기가 작아서 조금 불편합니다.
팔 사이즈에 맞춰서 크기별로 나오면 더좋을것같습니다",be12c834460c,,980,프리미엄 엘보케어 팔꿈치 마사지기,149000,쇼핑백 & 전용 어댑터 추가: [신제품 출시 한정] 슬룸 보관용 파우치 (중형) 1개,모바일(팝업),5,,0,0,1,"안녕하세요. 프리미엄 헬스테크 브랜드, 슬룸입니다.
시간 내어 소중한 후기를 작성해 주셔서 감사드립니다. :)

믿고 찾는 쇼핑몰이 되기 위해 더 좋은 상품과 서비스를 준비하겠습니다.
감사합니다. 💜"
117422,2026-07-11 08:45:09,2026-07-03 21:05:40,2026-07-07 16:25:06,온열이랑 부푸는 기능 잘 쓰고있어요. 잘 때도 베고 잡니다. 목을 잘 지지해줘서 좋아요. 근데 진동 기능은 잘 안 쓰게되네요... 골이 울려요...ㅋ,,,909,목 마사지 베개 V2 경추 마사지기 베개,112000,수량선택: 목 마사지 베개 V2 1개,기존리뷰,4,,1,0,1,"안녕하세요. 프리미엄 헬스테크 브랜드, 슬룸입니다.
시간 내어 소중한 후기를 작성해 주셔서 감사드립니다. :)

믿고 찾는 쇼핑몰이 되기 위해 더 좋은 상품과 서비스를 준비하겠습니다.
감사합니다. 💜"
117423,2026-07-11 09:19:04,2026-07-09 08:29:15,2026-07-10 18:38:44,무선인줄 알았는데 유선이구요 딱히 아주 시원하지 않아요 베개로 그냥 쓰기도 그냥 그렇네요,,,291,목베개 플러스 경추 목 마사지기 베개,91000,수량선택: 목베개 플러스 1개,기존리뷰,1,,0,0,1,"안녕하세요 고객님, 프리미엄 헬스테크 브랜드, 슬룸입니다.
고객님께 만족스러운 경험을 드리지 못해 대단히 죄송합니다.😥

슬룸의 모든 제품은 인체공학적으로 설계되어 편안한 사용이 가능하나 초기 사용 시 1~2주 이상의 적응 기간이 필요할 수 있습니다. 
다만 수령하신 날짜 기준으로 30일 동안 꾸준히 사용해보시고도 만족하지 못하셨을 경우에는, 슬룸에서 진행하는 <100%환불이벤트> 에 참여하여 왕복배송비 제외 전액 환불이 가능합니다.

※ 제품을 30일간 꾸준히 사용한 경우, 배송완료 후 40일이내 신청이 가능
※ 환불 서비스는 첫 구매 체험을 위한 서비스로 1회만 신청 가능

▶ <100% 환불 이벤트> 상세 환불 조건 : https://sleeplab.co.kr/notice/?page=1#13709226_notice 

슬룸을 믿고 편하게 사용 및 체험해보시고, 그럼에도 만족하시지 못하셨을 경우 슬룸 공식몰의 채널톡을 통해 이벤트 기간 내 문의 주시면 환불 접수 도움드리겠습니다."
117424,2026-07-11 11:17:48,2026-06-28 21:43:00,2026-06-30 18:42:54,"허리가시원해요
허리을 들어주어서",,,636,허리편한케어 V2 허리 마사지기,131000,수량선택: 허리편한케어 V2 1개 (허리베개 1개 증정),기존리뷰,5,,0,0,1,"안녕하세요. 프리미엄 헬스테크 브랜드, 슬룸입니다.
정성스럽게 올려주신 소중한 후기 감사합니다. 💜

고객님의 목소리로 더 발전하는 슬룸이 되도록 노력하겠습니다.
감사합니다. 🙇‍♀️"
117425,2026-07-11 11:35:12,2026-07-06 22:33:05,2026-07-08 16:07:54,사용하기도 편리하고 쓰고나서는 아픈곳이 덜 아팠어요.,,,980,프리미엄 엘보케어 팔꿈치 마사지기,149000,수량선택: 데일리 릴렉스 세트 (팔꿈치 마사지기 + 마그네슘 시너지 크림),기존리뷰,5,,0,0,1,"안녕하세요. 프리미엄 헬스테크 브랜드, 슬룸입니다.
정성스럽게 올려주신 소중한 후기 감사합니다. 💜

고객님의 목소리로 더 발전하는 슬룸이 되도록 노력하겠습니다.
감사합니다. 🙇‍♀️"
117426,2026-07-11 11:45:34,2026-07-03 22:13:55,2026-07-07 18:52:37,발이 피곤하다고 하시는 엄마 선물드렸는데 정말 좋다고 하십니다.,,,924,발편한케어 프리미엄 EMS 발 마사지기,89000,"사이즈&세트선택: M (220-270mm), 수량선택: 발편한케어 1개",기존리뷰,4,,0,0,1,"안녕하세요. 프리미엄 헬스테크 브랜드, 슬룸입니다.
시간 내어 소중한 후기를 작성해 주셔서 감사드립니다. :)

믿고 찾는 쇼핑몰이 되기 위해 더 좋은 상품과 서비스를 준비하겠습니다.
감사합니다. 💜"
117427,2026-07-11 11:55:36,2026-07-04 19:47:00,2026-07-07 18:40:10,아직 효과는 모르겠지만 어깨가나 목이 덜아픈듯 합니다.,,,724,★최대할인 비밀링크★ 목베개 플러스 특가,69000,수량선택: 목베개 플러스 1개,기존리뷰,5,,0,0,1,"안녕하세요. 프리미엄 헬스테크 브랜드, 슬룸입니다.
정성스럽게 올려주신 소중한 후기 감사합니다. 💜

고객님의 목소리로 더 발전하는 슬룸이 되도록 노력하겠습니다.
감사합니다. 🙇‍♀️"
117428,2026-07-11 12:20:42,2026-07-07 06:20:40,2026-07-08 16:15:46,"자극 조절이되어 있어 편리하고
마사지 받고나면 시원합니다",,,636,허리편한케어 V2 허리 마사지기,131000,수량선택: 허리편한케어 V2 1개 (허리베개 1개 증정),기존리뷰,4,,0,0,1,"안녕하세요. 프리미엄 헬스테크 브랜드, 슬룸입니다.
진심 어린 소중한 후기 감사합니다. 💜

앞으로도 좋은 상품과 서비스로 고객님들을 찾아뵐 수 있도록 노력하겠습니다.
감사합니다. :)"
117429,2026-07-11 12:51:45,2026-07-07 11:31:15,2026-07-08 18:41:05,만족스런 구매입니다,,,980,프리미엄 엘보케어 팔꿈치 마사지기,149000,수량선택: 데일리 릴렉스 세트 (팔꿈치 마사지기 + 마그네슘 시너지 크림),기존리뷰,5,,0,0,1,"안녕하세요. 프리미엄 헬스테크 브랜드, 슬룸입니다.
정성스럽게 올려주신 소중한 후기 감사합니다. 💜

고객님의 목소리로 더 발전하는 슬룸이 되도록 노력하겠습니다.
감사합니다. 🙇‍♀️"
117430,2026-07-11 13:06:26,2026-07-07 12:28:40,2026-07-08 13:38:49,아직은 잘모르겠어요,,,909,목 마사지 베개 V2 경추 마사지기 베개,112000,수량선택: 목 마사지 베개 V2 1개,기존리뷰,4,,0,0,1,"안녕하세요. 프리미엄 헬스테크 브랜드, 슬룸입니다.
시간 내어 소중한 후기를 작성해 주셔서 감사드립니다. :)

믿고 찾는 쇼핑몰이 되기 위해 더 좋은 상품과 서비스를 준비하겠습니다.
감사합니다. 💜"
117431,2026-07-11 13:11:41,2026-07-08 11:54:40,2026-07-09 18:38:49,"정형외과에서 받는 느낌과 동일해요...
하루 사용했는데 느낌은 괜찮은것 같네요..
계속사용해봐야 효과는 알수있을것 같습니다.",,,980,프리미엄 엘보케어 팔꿈치 마사지기,149000,수량선택: 데일리 릴렉스 세트 (팔꿈치 마사지기 + 마그네슘 시너지 크림),기존리뷰,5,,0,0,1,"안녕하세요. 프리미엄 헬스테크 브랜드, 슬룸입니다.
진심 어린 소중한 후기 감사합니다. 💜

앞으로도 좋은 상품과 서비스로 고객님들을 찾아뵐 수 있도록 노력하겠습니다.
감사합니다. :)"
117432,2026-07-11 14:28:34,2026-07-05 09:11:25,2026-07-07 16:15:41,다좋은데ㅜㅜ 팔을 깜싸는 줄?이 너무짧음...ㅜㅜ진짜 2센터만 길게만들지ㅜ,,,980,프리미엄 엘보케어 팔꿈치 마사지기,149000,수량선택: 팔꿈치 마사지기 1개,기존리뷰,4,,0,0,1,"안녕하세요 고객님, 프리미엄 헬스테크 브랜드, 슬룸입니다.
고객님께 만족스러운 경험을 드리지 못해 대단히 죄송합니다.😥

해당 부분은 현재 슬룸에서 인지하고 있으며, 보다 더 나은 제품 사용을 위해 내부적으로 해결 방안을 마련 중에 있습니다.
빠르게 고객님께 제공드릴 수 있도록 노력하겠습니다.

감사합니다."
117433,2026-07-11 16:03:04,2026-07-08 19:21:30,2026-07-10 16:12:56,써본게요 젤셋트는조은데젤이작음ㅎㅎ,,,1008,★최대할인 비밀링크★ 바디 풀고컷 경락 마사지기,89900,수량선택: 바디 풀고컷 1개 (트리플 샷 시너지 젤 1개 증정),기존리뷰,4,,1,0,1,"안녕하세요. 프리미엄 헬스테크 브랜드, 슬룸입니다.
정성스럽게 올려주신 소중한 후기 감사합니다. 💜

고객님의 목소리로 더 발전하는 슬룸이 되도록 노력하겠습니다.
감사합니다. 🙇‍♀️"
117434,2026-07-11 16:40:29,2026-05-14 13:37:50,2026-05-15 17:52:00,"모르겠다 난 생각보다 별로 인듯요
처음 사용  신기한데  이후는  그냥그냥",,,909,목 마사지 베개 V2 경추 마사지기 베개,112000,수량선택: 목 마사지 베개 V2 1개,기존리뷰,3,,0,0,1,"안녕하세요 고객님, 프리미엄 헬스테크 브랜드, 슬룸입니다.
고객님께 만족스러운 경험을 드리지 못해 대단히 죄송합니다.😥

슬룸의 모든 제품은 인체공학적으로 설계되어 편안한 사용이 가능하나 초기 사용 시 1~2주 이상의 적응 기간이 필요할 수 있습니다. 
다만 수령하신 날짜 기준으로 30일 동안 꾸준히 사용해보시고도 만족하지 못하셨을 경우에는, 슬룸에서 진행하는 <100%환불이벤트> 에 참여하여 왕복배송비 제외 전액 환불이 가능합니다.

※ 제품을 30일간 꾸준히 사용한 경우, 배송완료 후 40일이내 신청이 가능
※ 환불 서비스는 첫 구매 체험을 위한 서비스로 1회만 신청 가능

▶ <100% 환불 이벤트> 상세 환불 조건 : https://sleeplab.co.kr/notice/?page=1#13709226_notice 

슬룸을 믿고 편하게 사용 및 체험해보시고, 그럼에도 만족하시지 못하셨을 경우 슬룸 공식몰의 채널톡을 통해 이벤트 기간 내 문의 주시면 환불 접수 도움드리겠습니다."
117435,2026-07-11 20:00:28,2026-07-09 16:35:35,2026-07-11 13:37:20,배송이 무척 빠르네요. 며칠 써보고 후기 올릴게요.,,,724,★최대할인 비밀링크★ 목베개 플러스 특가,69000,수량선택: 목베개 플러스 1개,기존리뷰,5,,1,0,1,"안녕하세요. 프리미엄 헬스테크 브랜드, 슬룸입니다.
정성스럽게 올려주신 소중한 후기 감사합니다. 💜

고객님의 목소리로 더 발전하는 슬룸이 되도록 노력하겠습니다.
감사합니다. 🙇‍♀️"
117436,2026-07-11 21:02:19,2026-07-09 19:07:20,2026-07-11 16:15:39,척추 전반이 안 좋아서 구입했어요. 리뷰들이 정말 좋네요. 많이 아파 일상이 무너진 저도 효과 있으면 좋겠네요. 꾸준히 써 볼게요.,,,636,허리편한케어 V2 허리 마사지기,131000,수량선택: 허리편한케어 V2 1개 (허리베개 1개 증정),기존리뷰,5,,1,0,1,"안녕하세요. 프리미엄 헬스테크 브랜드, 슬룸입니다.
시간 내어 소중한 후기를 작성해 주셔서 감사드립니다. :)

믿고 찾는 쇼핑몰이 되기 위해 더 좋은 상품과 서비스를 준비하겠습니다.
감사합니다. 💜"
117437,2026-07-12 00:46:34,2026-07-08 15:49:40,2026-07-10 18:38:44,배송 빠르게 잘 왔어요,,,724,★최대할인 비밀링크★ 목베개 플러스 특가,69000,수량선택: 목베개 플러스 1개,기존리뷰,5,,0,0,1,"안녕하세요. 프리미엄 헬스테크 브랜드, 슬룸입니다.
시간 내어 소중한 후기를 작성해 주셔서 감사드립니다. :)

믿고 찾는 쇼핑몰이 되기 위해 더 좋은 상품과 서비스를 준비하겠습니다.
감사합니다. 💜"
117438,2026-07-12 12:47:58,2026-07-09 21:59:34,2026-07-11 16:16:08,"팔꿈치 통증으로 구매해서 몇일 사용해본 결과 통증이 조금씩 완화되고 있는 것 같아요.
같이 구매한 마그네슘 젤도 좋아요~",fff8f6496250,,980,프리미엄 엘보케어 팔꿈치 마사지기,149000,수량선택: 데일리 릴렉스 세트 (팔꿈치 마사지기 + 마그네슘 시너지 크림),모바일(팝업),5,,1,0,1,"안녕하세요. 프리미엄 헬스테크 브랜드, 슬룸입니다.
시간 내어 소중한 후기를 작성해 주셔서 감사드립니다. :)

믿고 찾는 쇼핑몰이 되기 위해 더 좋은 상품과 서비스를 준비하겠습니다.
감사합니다. 💜"
117439,2026-07-12 10:18:36,2026-07-10 13:38:40,2026-07-11 13:39:40,잘받았습니다……..,,,909,목 마사지 베개 V2 경추 마사지기 베개,112000,수량선택: 목 마사지 베개 V2 1개,기존리뷰,5,,0,0,1,"안녕하세요. 프리미엄 헬스테크 브랜드, 슬룸입니다.
시간 내어 소중한 후기를 작성해 주셔서 감사드립니다. :)

믿고 찾는 쇼핑몰이 되기 위해 더 좋은 상품과 서비스를 준비하겠습니다.
감사합니다. 💜"
117440,2026-07-12 11:24:22,2026-07-10 12:32:00,2026-07-11 10:39:09,약간 마사지 기능도 있으면 좋을거 같아요,,,909,목 마사지 베개 V2 경추 마사지기 베개,112000,수량선택: 목 마사지 베개 V2 1개,기존리뷰,5,,1,0,1,"안녕하세요. 프리미엄 헬스테크 브랜드, 슬룸입니다.
정성스럽게 올려주신 소중한 후기 감사합니다. 💜

고객님의 목소리로 더 발전하는 슬룸이 되도록 노력하겠습니다.
감사합니다. 🙇‍♀️"
117441,2026-07-12 11:52:36,2026-07-08 06:08:20,2026-07-09 18:40:14,잘 받았습니다. 감사합니다,,,184,목편한케어 플라잉 목 마사지기,119000,수량선택: 목편한케어 플라잉 1개,기존리뷰,4,,0,0,1,"안녕하세요. 프리미엄 헬스테크 브랜드, 슬룸입니다.
시간 내어 소중한 후기를 작성해 주셔서 감사드립니다. :)

믿고 찾는 쇼핑몰이 되기 위해 더 좋은 상품과 서비스를 준비하겠습니다.
감사합니다. 💜"
117442,2026-07-12 11:58:48,2026-06-03 11:10:55,2026-06-05 16:16:11,시원하고 좋긴하지만 목이 아픈사람은 사용하면 안될것같아요 ㅠㅠ,,,909,목 마사지 베개 V2 경추 마사지기 베개,112000,수량선택: 목 마사지 베개 V2 1개,기존리뷰,4,,1,0,1,"안녕하세요. 프리미엄 헬스테크 브랜드, 슬룸입니다.
정성스럽게 올려주신 소중한 후기 감사합니다. 💜

고객님의 목소리로 더 발전하는 슬룸이 되도록 노력하겠습니다.
감사합니다. 🙇‍♀️"
117443,2026-07-12 12:48:30,2026-06-22 13:26:27,2026-06-23 13:40:22,"좀 거 써봐야 할듯 한데 
시원해요",,,909,목 마사지 베개 V2 경추 마사지기 베개,112000,수량선택: 목 마사지 베개 V2 1개,기존리뷰,5,,0,0,1,"안녕하세요. 프리미엄 헬스테크 브랜드, 슬룸입니다.
정성스럽게 올려주신 소중한 후기 감사합니다. 💜

고객님의 목소리로 더 발전하는 슬룸이 되도록 노력하겠습니다.
감사합니다. 🙇‍♀️"
117444,2026-07-12 12:49:56,2026-07-09 05:57:00,2026-07-10 13:36:49,아직은잘모르겟음ㅋㅋㅋ,,,909,목 마사지 베개 V2 경추 마사지기 베개,112000,수량선택: 목 마사지 베개 V2 1개,기존리뷰,5,,1,0,1,"안녕하세요 고객님, 프리미엄 헬스테크 브랜드, 슬룸입니다.
고객님께 만족스러운 경험을 드리지 못해 대단히 죄송합니다.😥

슬룸의 모든 제품은 인체공학적으로 설계되어 편안한 사용이 가능하나 초기 사용 시 1~2주 이상의 적응 기간이 필요할 수 있습니다. 
다만 수령하신 날짜 기준으로 30일 동안 꾸준히 사용해보시고도 만족하지 못하셨을 경우에는, 슬룸에서 진행하는 <100%환불이벤트> 에 참여하여 왕복배송비 제외 전액 환불이 가능합니다.

※ 제품을 30일간 꾸준히 사용한 경우, 배송완료 후 40일이내 신청이 가능
※ 환불 서비스는 첫 구매 체험을 위한 서비스로 1회만 신청 가능

▶ <100% 환불 이벤트> 상세 환불 조건 : https://sleeplab.co.kr/notice/?page=1#13709226_notice 

슬룸을 믿고 편하게 사용 및 체험해보시고, 그럼에도 만족하시지 못하셨을 경우 슬룸 공식몰의 채널톡을 통해 이벤트 기간 내 문의 주시면 환불 접수 도움드리겠습니다."
117445,2026-07-12 15:45:50,2026-07-06 13:48:40,2026-07-07 16:13:45,선물했는데 시원하데요좋아요,,,1008,★최대할인 비밀링크★ 바디 풀고컷 경락 마사지기,89900,수량선택: 바디 풀고컷 1개 (트리플 샷 시너지 젤 1개 증정),기존리뷰,5,,1,0,1,"안녕하세요. 프리미엄 헬스테크 브랜드, 슬룸입니다.
시간 내어 소중한 후기를 작성해 주셔서 감사드립니다. :)

믿고 찾는 쇼핑몰이 되기 위해 더 좋은 상품과 서비스를 준비하겠습니다.
감사합니다. 💜"
117446,2026-07-12 16:18:32,2026-07-07 18:08:55,2026-07-09 16:16:45,"심한 거북목인지 좀 낮게 늦게지고. 
압이 그렇게 막 세지는 않아요.
목이라 너무 세도 안될것 같기는 해도...
그래도 아침에 완전히 깨기전에 해주면.
스트레칭이 되고 따뜻하게 해주니 이완이 좀 됩니다. 어깨는 해결이 안되네요.",,,909,목 마사지 베개 V2 경추 마사지기 베개,112000,수량선택: 목 마사지 베개 V2 1개,기존리뷰,4,,0,0,1,"안녕하세요. 프리미엄 헬스테크 브랜드, 슬룸입니다.
시간 내어 소중한 후기를 작성해 주셔서 감사드립니다. :)

믿고 찾는 쇼핑몰이 되기 위해 더 좋은 상품과 서비스를 준비하겠습니다.
감사합니다. 💜"
117447,2026-07-12 18:12:06,2026-07-10 08:16:55,2026-07-11 18:37:34,평소에 엘보 통증 때문에 힘들었는데 도착해서 한번 써보고 통증이 부드러위서 총은것 같습니다 계속 써보고 주위에 추천 해야겠네요 ㅎㅎ,,,980,프리미엄 엘보케어 팔꿈치 마사지기,149000,수량선택: 팔꿈치 마사지기 1개,기존리뷰,5,,1,0,1,"안녕하세요. 프리미엄 헬스테크 브랜드, 슬룸입니다.
정성스럽게 올려주신 소중한 후기 감사합니다. 💜

고객님의 목소리로 더 발전하는 슬룸이 되도록 노력하겠습니다.
감사합니다. 🙇‍♀️"
117448,2026-07-12 19:45:36,2026-07-07 18:50:00,2026-07-09 16:10:39,쓰기편하네요 효과가 조금씩있어요,,,980,프리미엄 엘보케어 팔꿈치 마사지기,149000,수량선택: 데일리 릴렉스 세트 (팔꿈치 마사지기 + 마그네슘 시너지 크림),기존리뷰,4,,0,0,1,"안녕하세요. 프리미엄 헬스테크 브랜드, 슬룸입니다.
시간 내어 소중한 후기를 작성해 주셔서 감사드립니다. :)

믿고 찾는 쇼핑몰이 되기 위해 더 좋은 상품과 서비스를 준비하겠습니다.
감사합니다. 💜"
117449,2026-07-12 19:57:38,2026-06-07 23:48:50,2026-06-09 18:44:47,마사지 모드가 그리 시원하지는 않지만 그럭저럭 만족합니다,,,291,목베개 플러스 경추 목 마사지기 베개,91000,수량선택: 목베개 플러스 1개 (허리베개 1개 증정),기존리뷰,3,,0,0,1,"안녕하세요 고객님, 프리미엄 헬스테크 브랜드, 슬룸입니다.
고객님께 만족스러운 경험을 드리지 못해 대단히 죄송합니다.😥

슬룸의 모든 제품은 인체공학적으로 설계되어 편안한 사용이 가능하나 초기 사용 시 1~2주 이상의 적응 기간이 필요할 수 있습니다. 
다만 수령하신 날짜 기준으로 30일 동안 꾸준히 사용해보시고도 만족하지 못하셨을 경우에는, 슬룸에서 진행하는 <100%환불이벤트> 에 참여하여 왕복배송비 제외 전액 환불이 가능합니다.

※ 제품을 30일간 꾸준히 사용한 경우, 배송완료 후 40일이내 신청이 가능
※ 환불 서비스는 첫 구매 체험을 위한 서비스로 1회만 신청 가능

▶ <100% 환불 이벤트> 상세 환불 조건 : https://sleeplab.co.kr/notice/?page=1#13709226_notice 

슬룸을 믿고 편하게 사용 및 체험해보시고, 그럼에도 만족하시지 못하셨을 경우 슬룸 공식몰의 채널톡을 통해 이벤트 기간 내 문의 주시면 환불 접수 도움드리겠습니다."
117450,2026-07-12 21:02:06,2026-07-06 21:50:30,2026-07-08 18:42:48,아직 일주일 안됐는데 괜찮은것 같아요,,,909,목 마사지 베개 V2 경추 마사지기 베개,112000,수량선택: 목 마사지 베개 V2 1개,기존리뷰,5,,1,0,1,"안녕하세요. 프리미엄 헬스테크 브랜드, 슬룸입니다.
진심 어린 소중한 후기 감사합니다. 💜

앞으로도 좋은 상품과 서비스로 고객님들을 찾아뵐 수 있도록 노력하겠습니다.
감사합니다. :)"
117451,2026-07-12 21:14:40,2026-06-25 15:41:30,2026-06-27 10:38:02,저녁마다하고자는데목이정말편안한것같아요,,,909,목 마사지 베개 V2 경추 마사지기 베개,112000,수량선택: 목 마사지 베개 V2 1개,기존리뷰,5,,0,0,1,"안녕하세요. 프리미엄 헬스테크 브랜드, 슬룸입니다.
정성스럽게 올려주신 소중한 후기 감사합니다. 💜

고객님의 목소리로 더 발전하는 슬룸이 되도록 노력하겠습니다.
감사합니다. 🙇‍♀️"
117452,2026-07-12 21:31:02,2026-07-01 07:12:05,2026-07-02 13:40:16,"펜드로잉 하면서 명암,그림자표현 할 때 넘 잘 쓰고 있어요.",,,724,★최대할인 비밀링크★ 목베개 플러스 특가,69000,수량선택: 목베개 플러스 1개,기존리뷰,5,,0,0,1,"안녕하세요. 프리미엄 헬스테크 브랜드, 슬룸입니다.
정성스럽게 올려주신 소중한 후기 감사합니다. 💜

고객님의 목소리로 더 발전하는 슬룸이 되도록 노력하겠습니다.
감사합니다. 🙇‍♀️"
117453,2026-07-12 21:53:34,2026-06-26 13:36:40,2026-06-27 16:10:45,테니스.엘보 때문에 사용하고 있는데.많은.도움이 되고 있어요,,,980,프리미엄 엘보케어 팔꿈치 마사지기,149000,수량선택: 데일리 릴렉스 세트 (팔꿈치 마사지기 + 마그네슘 시너지 크림),기존리뷰,5,,1,0,1,"안녕하세요. 프리미엄 헬스테크 브랜드, 슬룸입니다.
진심 어린 소중한 후기 감사합니다. 💜

앞으로도 좋은 상품과 서비스로 고객님들을 찾아뵐 수 있도록 노력하겠습니다.
감사합니다. :)"
117454,2026-07-12 23:23:48,2026-07-10 13:33:20,2026-07-11 16:10:19,너무 만족하고 잘사용하고있어요,,,1008,★최대할인 비밀링크★ 바디 풀고컷 경락 마사지기,89900,수량선택: 바디 풀고컷 1개 (트리플 샷 시너지 젤 1개 증정),기존리뷰,5,,0,0,1,"안녕하세요. 프리미엄 헬스테크 브랜드, 슬룸입니다.
진심 어린 소중한 후기 감사합니다. 💜

앞으로도 좋은 상품과 서비스로 고객님들을 찾아뵐 수 있도록 노력하겠습니다.
감사합니다. :)"
117455,2026-07-13 07:47:50,2026-06-28 08:09:15,2026-06-30 16:52:00,"꾸준히 더 사용해보려고요
아직 사용중인데 조금씩 좋아지는거 같아요",,,980,프리미엄 엘보케어 팔꿈치 마사지기,149000,수량선택: 데일리 릴렉스 세트 (팔꿈치 마사지기 + 마그네슘 시너지 크림),기존리뷰,5,,0,0,1,"안녕하세요. 프리미엄 헬스테크 브랜드, 슬룸입니다.
정성스럽게 올려주신 소중한 후기 감사합니다. 💜

고객님의 목소리로 더 발전하는 슬룸이 되도록 노력하겠습니다.
감사합니다. 🙇‍♀️"
117456,2026-07-13 08:09:11,2026-07-09 05:59:55,2026-07-10 18:37:57,받을 때는 효과가 있을까 했는데 진짜 있네요,,,636,허리편한케어 V2 허리 마사지기,131000,수량선택: 허리편한케어 V2 1개 (허리베개 1개 증정),기존리뷰,4,,1,0,1,"안녕하세요. 프리미엄 헬스테크 브랜드, 슬룸입니다.
정성스럽게 올려주신 소중한 후기 감사합니다. 💜

고객님의 목소리로 더 발전하는 슬룸이 되도록 노력하겠습니다.
감사합니다. 🙇‍♀️"
117457,2026-07-13 08:24:29,2026-07-06 12:25:25,2026-07-08 20:07:03,"고관절, 골반쪽도 늘려주니까 하고나면 확실히 찝히는 느낌이 덜하고, 잘때나 운전할때 좀 편한 느낌이 있어요, 꾸준히하면 좋을것같아요",,,636,허리편한케어 V2 허리 마사지기,131000,수량선택: 허리편한케어 V2 1개 (허리베개 1개 증정),기존리뷰,5,,0,0,1,"안녕하세요. 프리미엄 헬스테크 브랜드, 슬룸입니다.
진심 어린 소중한 후기 감사합니다. 💜

앞으로도 좋은 상품과 서비스로 고객님들을 찾아뵐 수 있도록 노력하겠습니다.
감사합니다. :)"
117458,2026-07-13 08:24:57,2026-07-06 12:25:25,2026-07-08 20:07:03,"드라마틱하게 발이 가볍다 이런느낌은 없지만, 좀 꾸준히 사용해보려구요",,,874,발편한케어 프리미엄 고주파 발 마사지기,91000,"사이즈&세트선택: M (220-270mm), 수량선택: 발편한케어 1개",기존리뷰,5,,0,0,1,"안녕하세요. 프리미엄 헬스테크 브랜드, 슬룸입니다.
진심 어린 소중한 후기 감사합니다. 💜

앞으로도 좋은 상품과 서비스로 고객님들을 찾아뵐 수 있도록 노력하겠습니다.
감사합니다. :)"
117459,2026-07-13 09:13:26,2026-07-08 08:26:40,2026-07-09 16:07:15,빠른 배송 감사합니다.,,,909,목 마사지 베개 V2 경추 마사지기 베개,112000,수량선택: 목 마사지 베개 V2 2개,기존리뷰,5,,0,0,1,"안녕하세요. 프리미엄 헬스테크 브랜드, 슬룸입니다.
정성스럽게 올려주신 소중한 후기 감사합니다. 💜

고객님의 목소리로 더 발전하는 슬룸이 되도록 노력하겠습니다.
감사합니다. 🙇‍♀️"
117460,2026-07-13 10:42:07,2026-07-03 20:05:45,2026-07-07 12:28:48,일자목인데 잠도 예민한데 편하게 베고 잘수가 없어요 불편함감이 있어요 ㅠㅠ 충전기 선은 흠집이 좀 있고,,,909,목 마사지 베개 V2 경추 마사지기 베개,112000,수량선택: 목 마사지 베개 V2 1개,기존리뷰,2,,0,0,1,"안녕하세요 고객님, 프리미엄 헬스테크 브랜드, 슬룸입니다.
고객님께 만족스러운 경험을 드리지 못해 대단히 죄송합니다.😥

슬룸의 모든 제품은 인체공학적으로 설계되어 편안한 사용이 가능하나 초기 사용 시 1~2주 이상의 적응 기간이 필요할 수 있습니다. 
다만 수령하신 날짜 기준으로 30일 동안 꾸준히 사용해보시고도 만족하지 못하셨을 경우에는, 슬룸에서 진행하는 <100%환불이벤트> 에 참여하여 왕복배송비 제외 전액 환불이 가능합니다.

※ 제품을 30일간 꾸준히 사용한 경우, 배송완료 후 40일이내 신청이 가능
※ 환불 서비스는 첫 구매 체험을 위한 서비스로 1회만 신청 가능

▶ <100% 환불 이벤트> 상세 환불 조건 : https://sleeplab.co.kr/notice/?page=1#13709226_notice 

슬룸을 믿고 편하게 사용 및 체험해보시고, 그럼에도 만족하시지 못하셨을 경우 슬룸 공식몰의 채널톡을 통해 이벤트 기간 내 문의 주시면 환불 접수 도움드리겠습니다."
117461,2026-07-13 11:05:12,2026-07-08 22:11:55,2026-07-10 16:10:48,지금 1주일째 쓰고있는데 아직까진 큰효과는 모르겠지만 목이 편안하네요,,,909,목 마사지 베개 V2 경추 마사지기 베개,112000,수량선택: 목 마사지 베개 V2 1개,기존리뷰,5,,0,0,1,"안녕하세요. 프리미엄 헬스테크 브랜드, 슬룸입니다.
정성스럽게 올려주신 소중한 후기 감사합니다. 💜

고객님의 목소리로 더 발전하는 슬룸이 되도록 노력하겠습니다.
감사합니다. 🙇‍♀️"
117462,2026-07-13 12:19:08,2026-07-08 10:06:55,2026-07-09 13:36:26,배송 상품 만족 합니다.,,,636,허리편한케어 V2 허리 마사지기,131000,수량선택: 허리편한케어 V2 1개 (허리베개 1개 증정),기존리뷰,5,,0,0,1,"안녕하세요. 프리미엄 헬스테크 브랜드, 슬룸입니다.
정성스럽게 올려주신 소중한 후기 감사합니다. 💜

고객님의 목소리로 더 발전하는 슬룸이 되도록 노력하겠습니다.
감사합니다. 🙇‍♀️"
117463,2026-07-13 12:53:55,2026-06-22 16:43:15,2026-06-24 13:02:28,잘 사용중이에요^^ 첨엔 좀 약한가 싶었는데 목 디스크 있다보니 이정도가 무리안가고 딱 좋더라구요 꾸준히 썼더니 목 어깨 아픈게 많이 좋아졌어요 커버가 없는건 좀 아쉬워서 쿠션커버 씌워서 사용중이에요 ㅋ,,,1001,[슬룸] 구독자 전용 ★초특가★ 비밀링크,84900,수량선택: 목 마사지 베개 V2 1개,기존리뷰,5,,3,0,1,"안녕하세요. 프리미엄 헬스테크 브랜드, 슬룸입니다.
정성스럽게 올려주신 소중한 후기 감사합니다. 💜

고객님의 목소리로 더 발전하는 슬룸이 되도록 노력하겠습니다.
감사합니다. 🙇‍♀️"
117464,2026-07-13 13:07:28,2026-07-06 13:51:20,2026-07-07 10:44:18,"넘 좋아요
특히 배송이 빠르고 좋습니다",,,724,★최대할인 비밀링크★ 목베개 플러스 특가,69000,수량선택: 목베개 플러스 1개,기존리뷰,5,,0,0,1,"안녕하세요. 프리미엄 헬스테크 브랜드, 슬룸입니다.
시간 내어 소중한 후기를 작성해 주셔서 감사드립니다. :)

믿고 찾는 쇼핑몰이 되기 위해 더 좋은 상품과 서비스를 준비하겠습니다.
감사합니다. 💜"
117465,2026-07-13 13:30:12,2026-07-09 07:05:25,2026-07-10 13:36:48,"누워서 하는 마사지라 구매했는데 허리베개를 안샀더니 허리가 아프네요 다른 베개 깔고 해도 허리가 높아져서 아파요,,, 앉아서 해야되나봐요",,,966,골반 케어 프리미엄 골반 마사지기,191000,수량선택: 골반 마사지기 1개,기존리뷰,3,,0,0,1,"안녕하세요 고객님, 프리미엄 헬스테크 브랜드, 슬룸입니다.
고객님께 만족스러운 경험을 드리지 못해 대단히 죄송합니다.😥

슬룸의 모든 제품은 인체공학적으로 설계되어 편안한 사용이 가능하나 초기 사용 시 1~2주 이상의 적응 기간이 필요할 수 있습니다. 
다만 수령하신 날짜 기준으로 30일 동안 꾸준히 사용해보시고도 만족하지 못하셨을 경우에는, 슬룸에서 진행하는 <100%환불이벤트> 에 참여하여 왕복배송비 제외 전액 환불이 가능합니다.

※ 제품을 30일간 꾸준히 사용한 경우, 배송완료 후 40일이내 신청이 가능
※ 환불 서비스는 첫 구매 체험을 위한 서비스로 1회만 신청 가능

▶ <100% 환불 이벤트> 상세 환불 조건 : https://sleeplab.co.kr/notice/?page=1#13709226_notice 

슬룸을 믿고 편하게 사용 및 체험해보시고, 그럼에도 만족하시지 못하셨을 경우 슬룸 공식몰의 채널톡을 통해 이벤트 기간 내 문의 주시면 환불 접수 도움드리겠습니다."
117466,2026-07-13 13:50:17,2026-07-08 21:28:55,2026-07-10 13:36:50,잘 사용해보고 한달후 사용 후기 남길게요.,,,980,프리미엄 엘보케어 팔꿈치 마사지기,149000,수량선택: 팔꿈치 마사지기 1개,기존리뷰,5,,0,0,1,"안녕하세요. 프리미엄 헬스테크 브랜드, 슬룸입니다.
진심 어린 소중한 후기 감사합니다. 💜

앞으로도 좋은 상품과 서비스로 고객님들을 찾아뵐 수 있도록 노력하겠습니다.
감사합니다. :)"
117467,2026-07-13 14:47:31,2026-07-02 22:16:55,2026-07-04 16:10:34,좋아요 잘 쓰고있습니다,,,980,프리미엄 엘보케어 팔꿈치 마사지기,149000,수량선택: 팔꿈치 마사지기 1개,기존리뷰,5,,0,0,1,"안녕하세요. 프리미엄 헬스테크 브랜드, 슬룸입니다.
시간 내어 소중한 후기를 작성해 주셔서 감사드립니다. :)

믿고 찾는 쇼핑몰이 되기 위해 더 좋은 상품과 서비스를 준비하겠습니다.
감사합니다. 💜"
117468,2026-07-13 16:04:35,2026-06-29 03:25:10,2026-06-30 18:43:56,매일 사용하구 있는데 너무  좋네요~~잘쓸게요,,,980,프리미엄 엘보케어 팔꿈치 마사지기,149000,수량선택: 데일리 릴렉스 세트 (팔꿈치 마사지기 + 마그네슘 시너지 크림),기존리뷰,5,,0,0,1,"안녕하세요. 프리미엄 헬스테크 브랜드, 슬룸입니다.
정성스럽게 올려주신 소중한 후기 감사합니다. 💜

고객님의 목소리로 더 발전하는 슬룸이 되도록 노력하겠습니다.
감사합니다. 🙇‍♀️"
117469,2026-07-13 16:13:08,2026-05-11 07:18:20,2026-05-12 14:19:00,시원하고 좋아요~~~,,,909,목 마사지 베개 V2 경추 마사지기 베개,112000,수량선택: 목 마사지 베개 V2 1개 (마그네슘 시너지 크림 30ml 1개 증정),기존리뷰,5,,0,0,1,"안녕하세요. 프리미엄 헬스테크 브랜드, 슬룸입니다.
진심 어린 소중한 후기 감사합니다. 💜

앞으로도 좋은 상품과 서비스로 고객님들을 찾아뵐 수 있도록 노력하겠습니다.
감사합니다. :)"
117470,2026-07-13 17:21:57,2026-06-21 00:19:30,2026-06-23 16:14:53,잘 받았습니다 빠른 배송 감사합니다~~,,,1001,[슬룸] 구독자 전용 ★초특가★ 비밀링크,84900,수량선택: 목 마사지 베개 V2 1개,기존리뷰,5,,0,0,1,"안녕하세요. 프리미엄 헬스테크 브랜드, 슬룸입니다.
시간 내어 소중한 후기를 작성해 주셔서 감사드립니다. :)

믿고 찾는 쇼핑몰이 되기 위해 더 좋은 상품과 서비스를 준비하겠습니다.
감사합니다. 💜"
117471,2026-07-13 18:20:42,2026-06-29 14:41:10,2026-06-30 21:10:24,경추마사지베개 쓰고 나서 숙면이네요 좋습니다,,,909,목 마사지 베개 V2 경추 마사지기 베개,112000,수량선택: 목 마사지 베개 V2 1개,기존리뷰,5,,1,0,1,"안녕하세요. 프리미엄 헬스테크 브랜드, 슬룸입니다.
정성스럽게 올려주신 소중한 후기 감사합니다. 💜

고객님의 목소리로 더 발전하는 슬룸이 되도록 노력하겠습니다.
감사합니다. 🙇‍♀️"
117472,2026-07-13 18:28:44,2026-07-07 10:32:35,2026-07-08 21:06:30,효과만있음 됩니다 사용이 야기간불편한감은 있는데4일차 사용중이고 효과가 바로 오진않았지만 기대해봅니다,,,980,프리미엄 엘보케어 팔꿈치 마사지기,149000,수량선택: 팔꿈치 마사지기 1개,기존리뷰,4,,3,0,1,"안녕하세요. 프리미엄 헬스테크 브랜드, 슬룸입니다.
진심 어린 소중한 후기 감사합니다. 💜

앞으로도 좋은 상품과 서비스로 고객님들을 찾아뵐 수 있도록 노력하겠습니다.
감사합니다. :)"
117473,2026-07-13 19:26:35,2026-06-28 21:44:55,2026-06-30 16:20:11,꾸준님 유튭보고 주문했는데 너무너무 좋아요 !!! 요즘 야근도 많이하는데... 받다가 기절합니다 ㅎㅎ,,,1001,[슬룸] 구독자 전용 ★초특가★ 비밀링크,84900,수량선택: 목 마사지 베개 V2 1개,기존리뷰,5,,1,0,1,"안녕하세요. 프리미엄 헬스테크 브랜드, 슬룸입니다.
진심 어린 소중한 후기 감사합니다. 💜

앞으로도 좋은 상품과 서비스로 고객님들을 찾아뵐 수 있도록 노력하겠습니다.
감사합니다. :)"
117474,2026-07-13 19:41:21,2026-07-09 15:55:55,2026-07-11 10:40:20,포장도 잘 되고 좋아요.,,,909,목 마사지 베개 V2 경추 마사지기 베개,112000,수량선택: 목 마사지 베개 V2 1개,기존리뷰,5,,0,0,1,"안녕하세요. 프리미엄 헬스테크 브랜드, 슬룸입니다.
진심 어린 소중한 후기 감사합니다. 💜

앞으로도 좋은 상품과 서비스로 고객님들을 찾아뵐 수 있도록 노력하겠습니다.
감사합니다. :)"
117475,2026-07-13 21:23:14,2026-07-08 21:50:15,2026-07-10 13:36:50,버섯목 처럼 경추끝쪽이 너무 뭉치고 무거웠는데 도움되는거같아요!!,,,909,목 마사지 베개 V2 경추 마사지기 베개,112000,수량선택: 목 마사지 베개 V2 1개,기존리뷰,5,,1,0,1,"안녕하세요. 프리미엄 헬스테크 브랜드, 슬룸입니다.
시간 내어 소중한 후기를 작성해 주셔서 감사드립니다. :)

믿고 찾는 쇼핑몰이 되기 위해 더 좋은 상품과 서비스를 준비하겠습니다.
감사합니다. 💜"
117476,2026-07-13 23:50:30,2026-05-11 17:00:50,2026-05-13 13:13:00,"골반교정기 하고 누워있으면 잘이 잘오고 힐링이 되네요, 어깨도 끼워서 할수 있어요,",,,966,골반 케어 프리미엄 골반 마사지기,191000,수량선택: 골반 마사지기 1개,기존리뷰,4,,1,0,1,"안녕하세요. 프리미엄 헬스테크 브랜드, 슬룸입니다.
진심 어린 소중한 후기 감사합니다. 💜

앞으로도 좋은 상품과 서비스로 고객님들을 찾아뵐 수 있도록 노력하겠습니다.
감사합니다. :)"
117477,2026-07-14 10:28:14,2026-07-05 16:05:51,2026-07-22 12:05:05,"내구성 최고에요!!!💗💗💗💗
한번 벌려서 사용중에 이렇게 부러질수 있다니
절대 벌려서 사용하지마세여 120도 이상 벌리면 부러진대요!
as도 유상이라 43,000원 내셔야해요
저는 89,000원에 사서 그냥 쓰다 버리렵니다
누가 저돈내고 고치나여 ㅠ 허허허",bab2e904e34b,,1008,★최대할인 비밀링크★ 바디 풀고컷 경락 마사지기,89900,수량선택: 바디 풀고컷 1개 (트리플 샷 시너지 젤 1개 증정),반응형(내리뷰),5,,2,0,1,"안녕하세요 고객님, 프리미엄 헬스테크 브랜드, 슬룸입니다.
고객님께 만족스러운 경험을 드리지 못해 대단히 죄송합니다.😥

이전 상담 내용 확인 시 사용 중 과실로 인한 파손은 유상 A/S로 적용되는 점 안내드린 것으로 확인됩니다.
상담에서도 안내드렸듯 바디풀고컷은 최대 120도까지 벌릴 수 있는 제품으로 이상으로 과하게 벌리실 경우 제품이 파손될 수 있다는 점은 구매 페이지에도 안내되어 있습니다.

유상 A/S 이외 추가적인 도움드리지 못하여 죄송하다는 말씀 전달드립니다.
사용 중 불편하거나 궁금하신 점이 있으시다면 언제든지 슬룸 공식몰 채널톡으로 편하게 문의해 주세요.
고객님의 상황에 맞게 안내해 드리겠습니다.

고객님의 의견을 수렴하여 더 발전하는 슬룸이 되도록 노력하겠습니다. 감사합니다."
117478,2026-07-14 20:36:02,2026-07-11 22:46:32,2026-07-14 16:14:14,"오늘배송 받고 2회 사용해봤는데요
종합모드  2회 온열풀 에어풀 사용 했고여 착용감은 나쁘지 않아요 
느슨하게 착용했는데 조금 작다는 느낌듭니다 그리고 작동은 3단계 사용했습니다 일단은  마사지방식은 괜찮은데요 처음 테니스엘보우 부상있어서 마시지 시 혈류가 손가락으로 몰려 절린느낌있어요 그리고 단점은 리모콘 있는데 번거럽게 컨트롤러를 눌러 주고 다시 모드 선택을 리모콘으로 작동 해야 하고여 커트롤 눌러주면 리콘컨 모드 바로 작동 되고여 대기 모드 아니고 바로 작동 한다는 점이고여  굳이 번거롭게 리모콘 필요한가 생각이 들고여 리모컨 충전식이라서 좋긴한데 리모컨이라는게 편하게 사용할려고 만들어진건데 그런 활용이 전혀 안되점이 있어요 개선이 필요 할것 같아요",2c2567fb664f,,980,프리미엄 엘보케어 팔꿈치 마사지기,149000,수량선택: 팔꿈치 마사지기 1개,반응형(내리뷰),3,,3,0,1,"안녕하세요. 프리미엄 헬스테크 브랜드, 슬룸입니다.
진심 어린 소중한 후기 감사합니다. 💜

앞으로도 좋은 상품과 서비스로 고객님들을 찾아뵐 수 있도록 노력하겠습니다.
감사합니다. :)"
117479,2026-07-14 20:47:42,2026-07-12 07:24:48,2026-07-14 16:14:12,"빠르고 안전한 배송 감사합니다~~^^
그리고 사용하고 나면 어깨가 너무 시원해요 ㅎㅎ",1f84e5ffd242,,785,넥숄더 힐링케어 V2 목 어깨 마사지기,119800,수량선택: 넥숄더 힐링케어 V2 1개,모바일,5,,1,0,1,"안녕하세요. 프리미엄 헬스테크 브랜드, 슬룸입니다.
정성스럽게 올려주신 소중한 후기 감사합니다. 💜

고객님의 목소리로 더 발전하는 슬룸이 되도록 노력하겠습니다.
감사합니다. 🙇‍♀️"
117480,2026-07-14 11:08:53,2026-07-07 16:47:25,2026-07-09 18:39:31,작동은 좀 불편하지만 시원해요~,,,909,목 마사지 베개 V2 경추 마사지기 베개,112000,수량선택: 목 마사지 베개 V2 1개,기존리뷰,4,,0,0,1,"안녕하세요. 프리미엄 헬스테크 브랜드, 슬룸입니다.
진심 어린 소중한 후기 감사합니다. 💜

앞으로도 좋은 상품과 서비스로 고객님들을 찾아뵐 수 있도록 노력하겠습니다.
감사합니다. :)"
117481,2026-07-14 12:35:25,2026-07-10 10:01:55,2026-07-11 16:10:40,사용하고 나면 목이 편하고 시원해요.,,,909,목 마사지 베개 V2 경추 마사지기 베개,112000,수량선택: 목 마사지 베개 V2 1개,기존리뷰,5,,0,0,1,"안녕하세요. 프리미엄 헬스테크 브랜드, 슬룸입니다.
정성스럽게 올려주신 소중한 후기 감사합니다. 💜

고객님의 목소리로 더 발전하는 슬룸이 되도록 노력하겠습니다.
감사합니다. 🙇‍♀️"
117482,2026-07-14 13:25:46,2026-07-06 14:21:35,2026-07-07 13:44:04,병원에서 물리치료받는정도의 느낌이 있네요 괜찮습니다,,,980,프리미엄 엘보케어 팔꿈치 마사지기,149000,수량선택: 팔꿈치 마사지기 1개,기존리뷰,4,,0,0,1,"안녕하세요. 프리미엄 헬스테크 브랜드, 슬룸입니다.
시간 내어 소중한 후기를 작성해 주셔서 감사드립니다. :)

믿고 찾는 쇼핑몰이 되기 위해 더 좋은 상품과 서비스를 준비하겠습니다.
감사합니다. 💜"
117483,2026-07-14 13:41:16,2026-05-11 00:29:50,2026-05-12 20:25:00,그닥 보통. 막 시원하고 그런건 모르겠음,,,291,목베개 플러스 경추 목 마사지기 베개,91000,수량선택: 목베개 플러스 1개 (마그네슘 시너지 크림 30ml 1개 증정),기존리뷰,2,,0,0,1,"안녕하세요 고객님, 프리미엄 헬스테크 브랜드, 슬룸입니다.
고객님께 만족스러운 경험을 드리지 못해 대단히 죄송합니다.😥

슬룸의 모든 제품은 인체공학적으로 설계되어 편안한 사용이 가능하나 초기 사용 시 1~2주 이상의 적응 기간이 필요할 수 있습니다. 
다만 수령하신 날짜 기준으로 30일 동안 꾸준히 사용해보시고도 만족하지 못하셨을 경우에는, 슬룸에서 진행하는 <100%환불이벤트> 에 참여하여 왕복배송비 제외 전액 환불이 가능합니다.

※ 제품을 30일간 꾸준히 사용한 경우, 배송완료 후 40일이내 신청이 가능
※ 환불 서비스는 첫 구매 체험을 위한 서비스로 1회만 신청 가능

▶ <100% 환불 이벤트> 상세 환불 조건 : https://sleeplab.co.kr/notice/?page=1#13709226_notice 

슬룸을 믿고 편하게 사용 및 체험해보시고, 그럼에도 만족하시지 못하셨을 경우 슬룸 공식몰의 채널톡을 통해 이벤트 기간 내 문의 주시면 환불 접수 도움드리겠습니다."
117484,2026-07-14 15:12:18,2026-07-07 11:23:05,2026-07-08 16:09:48,충전단자가 C형이었음 어땠을까요?,,,376,허리편한케어 V1 전용 케이블,5000,,기존리뷰,4,,0,0,1,"안녕하세요. 프리미엄 헬스테크 브랜드, 슬룸입니다.
시간 내어 소중한 후기를 작성해 주셔서 감사드립니다. :)

믿고 찾는 쇼핑몰이 되기 위해 더 좋은 상품과 서비스를 준비하겠습니다.
감사합니다. 💜"
117485,2026-07-14 15:17:54,2026-07-08 15:26:40,2026-07-10 16:15:29,"처음에 여행용으로 슬룸상품중 제일간단해보이는 마사지기를
주문했다가 압력이 강해서 바로 반품하고 베게형으로 두개 다시 주문했는데 이거도 광고처럼 시원함은 없어요ㆍ
집사람과 둘이 하나씩나눠 사이좋게 사용해보려했다가 돈만버린 기분ㆍ
그런데 첫상품 반품과정이 너무 복잡하고 전화는 아예 안받고 ai상담은 반복적으로 같은 답변만뜨고 결국 우체국 택배로 반송비6천원 내고 직접 보냈는데 왜 네이버창에 반품비 차감하고 96000원만 입금되는지 이해가 가지않네요?? 주문시 배송비포함이면 배송비 3천원만 차감해야되는거 아닌가요??
전화ㆍ문의ㆍai는 그어떤답변도 들을수없고
 이회사는 물건 파는거만 급급할뿐 
as는 전혀 고려하지않는업체이니 여러분들 구매시 고려하세요",,,909,목 마사지 베개 V2 경추 마사지기 베개,112000,수량선택: 목 마사지 베개 V2 2개,기존리뷰,3,,0,0,1,"안녕하세요. 프리미엄 헬스테크 브랜드, 슬룸입니다.
고객님께 만족스러운 경험을 드리지 못해 대단히 죄송합니다. 😥

리뷰로는 상세한 안내가 어려워, 자세한 내용 알림톡(문자) 발송 도와드렸으니 확인 부탁드리겠습니다.
추가로 궁금하신 점이 있으시거나 문자 확인하신 후에도 해결되지 않는 경우
번거로우시겠지만 슬룸 채팅 상담을 통해 연락 주시면 빠르게 안내 도와드리겠습니다.

▶ 슬룸 채팅 상담 (※ 월-목 09:30-17:00, 금 09:30-16:00, 주말 및 공휴일 휴무)
http://sloom.channel.io/

고객님의 목소리로 더 발전하는 슬룸이 되도록 노력하겠습니다. 감사합니다."
117486,2026-07-14 15:52:35,2026-07-01 18:17:35,,저온화상 주의하세요 ㅜ 몰랐는데 많이 데었어요ㅜ,,,980,프리미엄 엘보케어 팔꿈치 마사지기,149000,수량선택: 데일리 릴렉스 세트 (팔꿈치 마사지기 + 마그네슘 시너지 크림),기존리뷰,5,,0,0,1,"안녕하세요. 프리미엄 헬스테크 브랜드, 슬룸입니다.
고객님께 만족스러운 경험을 드리지 못해 대단히 죄송합니다. 😥

리뷰로는 상세한 안내가 어려워, 자세한 내용 알림톡(문자) 발송 도와드렸으니 확인 부탁드리겠습니다.
추가로 궁금하신 점이 있으시거나 문자 확인하신 후에도 해결되지 않는 경우
번거로우시겠지만 슬룸 채팅 상담을 통해 연락 주시면 빠르게 안내 도와드리겠습니다.

▶ 슬룸 채팅 상담 (※ 월-목 09:30-17:00, 금 09:30-16:00, 주말 및 공휴일 휴무)
http://sloom.channel.io/

고객님의 목소리로 더 발전하는 슬룸이 되도록 노력하겠습니다. 감사합니다."
117487,2026-07-14 16:51:16,2026-06-22 08:52:55,2026-06-23 13:45:33,배송도 빠르고 만족합니다,,,1001,[슬룸] 구독자 전용 ★초특가★ 비밀링크,84900,수량선택: 목 마사지 베개 V2 1개,기존리뷰,5,,0,0,1,"안녕하세요. 프리미엄 헬스테크 브랜드, 슬룸입니다.
시간 내어 소중한 후기를 작성해 주셔서 감사드립니다. :)

믿고 찾는 쇼핑몰이 되기 위해 더 좋은 상품과 서비스를 준비하겠습니다.
감사합니다. 💜"
117488,2026-07-14 17:10:41,2026-06-28 22:19:25,2026-06-30 13:34:00,충전식이라 전원 케이블 주렁주렁 안달고 도 마사지를 받을수 있어서 좋네요.,,,1005,[마리코리아x슬룸] 구독자 전용 ★초특가★ 비밀링크,119900,수량선택: 허리펀한케어V2 1개 + 목마사지베개V2 1개 +(증정) 마그네슘 시너지 크림 100ml 1개,기존리뷰,5,,0,0,1,"안녕하세요. 프리미엄 헬스테크 브랜드, 슬룸입니다.
시간 내어 소중한 후기를 작성해 주셔서 감사드립니다. :)

믿고 찾는 쇼핑몰이 되기 위해 더 좋은 상품과 서비스를 준비하겠습니다.
감사합니다. 💜"
117489,2026-07-14 17:28:15,2026-07-12 16:27:10,2026-07-14 16:14:31,오자마자 사용해 봤어요~ ems는 5단계가 적당한듯 하네요. 직업상 필요한듯하여 구매했구요. 낚시쟁이라서 낚시만 다녀오면 팔꿈치가 져려와서 구매했습니다. 부디... 좋아지길....,,,980,프리미엄 엘보케어 팔꿈치 마사지기,149000,수량선택: 데일리 릴렉스 세트 (팔꿈치 마사지기 + 마그네슘 시너지 크림),기존리뷰,5,,2,0,1,"안녕하세요. 프리미엄 헬스테크 브랜드, 슬룸입니다.
정성스럽게 올려주신 소중한 후기 감사합니다. 💜

고객님의 목소리로 더 발전하는 슬룸이 되도록 노력하겠습니다.
감사합니다. 🙇‍♀️"
117490,2026-07-14 19:28:16,2026-07-11 17:35:00,2026-07-14 10:50:47,배송 빠르고 제품 좋습니다,,,754,슬룸 전용 파우치,11900,수량선택: 슬룸 보관용 파우치 (중형) 1개 (33*48cm),기존리뷰,5,,0,0,1,"안녕하세요. 프리미엄 헬스테크 브랜드, 슬룸입니다.
정성스럽게 올려주신 소중한 후기 감사합니다. 💜

고객님의 목소리로 더 발전하는 슬룸이 되도록 노력하겠습니다.
감사합니다. 🙇‍♀️"
117491,2026-07-14 19:28:27,2026-07-11 17:35:00,2026-07-14 10:50:47,배송 빠르고 제품 좋습니다,,,924,발편한케어 프리미엄 EMS 발 마사지기,89000,"사이즈&세트선택: L (250-295mm), 수량선택: 발편한케어 1개",기존리뷰,5,,0,0,1,"안녕하세요. 프리미엄 헬스테크 브랜드, 슬룸입니다.
진심 어린 소중한 후기 감사합니다. 💜

앞으로도 좋은 상품과 서비스로 고객님들을 찾아뵐 수 있도록 노력하겠습니다.
감사합니다. :)"
117492,2026-07-14 19:36:51,2026-07-06 09:15:55,2026-07-07 13:44:17,사용하기 편하고 사용하니 허리가 좋아졌어요,,,636,허리편한케어 V2 허리 마사지기,131000,수량선택: 허리편한케어 V2 2개 (허리베개 2개 증정),기존리뷰,5,,1,0,1,"안녕하세요. 프리미엄 헬스테크 브랜드, 슬룸입니다.
진심 어린 소중한 후기 감사합니다. 💜

앞으로도 좋은 상품과 서비스로 고객님들을 찾아뵐 수 있도록 노력하겠습니다.
감사합니다. :)"
117493,2026-07-14 20:35:01,2026-07-10 17:20:45,2026-07-14 16:17:55,시원하고 사용하기딱 좋네요!!,,,379,넥숄더 프로 목 어깨 마사지기,109000,수량선택: 넥숄더 프로 1개,기존리뷰,5,,0,0,1,"안녕하세요. 프리미엄 헬스테크 브랜드, 슬룸입니다.
정성스럽게 올려주신 소중한 후기 감사합니다. 💜

고객님의 목소리로 더 발전하는 슬룸이 되도록 노력하겠습니다.
감사합니다. 🙇‍♀️"
117494,2026-07-14 22:11:53,2026-06-20 00:47:10,2026-06-23 18:43:48,진짜 시원하고 좋아요. 들고 다니며 수시로 씁니다!,,,980,프리미엄 엘보케어 팔꿈치 마사지기,149000,수량선택: 팔꿈치 마사지기 1개,기존리뷰,5,,1,0,1,"안녕하세요. 프리미엄 헬스테크 브랜드, 슬룸입니다.
정성스럽게 올려주신 소중한 후기 감사합니다. 💜

고객님의 목소리로 더 발전하는 슬룸이 되도록 노력하겠습니다.
감사합니다. 🙇‍♀️"
117495,2026-07-14 22:29:32,2026-06-16 15:22:50,2026-06-18 16:14:28,예전부터 사용하던 보호대..재구매 합니다.,,,257,코어 요추벨트 허리 보호대,59900,수량선택: 코어 요추벨트 1개,기존리뷰,4,,0,0,1,"안녕하세요. 프리미엄 헬스테크 브랜드, 슬룸입니다.
시간 내어 소중한 후기를 작성해 주셔서 감사드립니다. :)

믿고 찾는 쇼핑몰이 되기 위해 더 좋은 상품과 서비스를 준비하겠습니다.
감사합니다. 💜"
117496,2026-07-14 23:41:09,2026-07-12 16:19:15,2026-07-14 10:50:39,괜찮은거 같아요 꾸준히 써볼께요,,,909,목 마사지 베개 V2 경추 마사지기 베개,112000,수량선택: 목 마사지 베개 V2 1개,기존리뷰,5,,1,0,1,"안녕하세요. 프리미엄 헬스테크 브랜드, 슬룸입니다.
시간 내어 소중한 후기를 작성해 주셔서 감사드립니다. :)

믿고 찾는 쇼핑몰이 되기 위해 더 좋은 상품과 서비스를 준비하겠습니다.
감사합니다. 💜"
117497,2026-07-15 08:39:21,2026-07-12 11:49:05,2026-07-14 16:14:38,"너~~~무 좋아요 28년 차 미용사에 볼링까지 치니 엘보가 너무 아팠는데 어제받자마자 써보니 효과있어요..
근데 집에와서 남편해주니 팔에 감싸지지가 않네요? 보통 그냥 남자인데
남자는 못하나요? 아님 제가 여성용을 산건가 했습니다.
",7294e5f0bbcd,,980,프리미엄 엘보케어 팔꿈치 마사지기,149000,수량선택: 팔꿈치 마사지기 1개,모바일,5,,3,0,1,"안녕하세요. 프리미엄 헬스테크 브랜드, 슬룸입니다.
정성스럽게 올려주신 소중한 후기 감사합니다. 💜

고객님의 목소리로 더 발전하는 슬룸이 되도록 노력하겠습니다.
감사합니다. 🙇‍♀️"
117498,2026-07-15 11:16:20,2026-07-12 12:27:06,2026-07-14 21:09:41,허리 마사지 하고있는데 온열 기능이 있으면서 진동과 스트레칭까지 되서 굳어있던 허리가 편해지고 있어요. 2일차 마사지중 입니다.,226c6f2f32aa,,636,허리편한케어 V2 허리 마사지기,131000,수량선택: 허리편한케어 V2 1개 (마그네슘 시너지 크림 1개 증정),모바일,5,,0,0,1,"안녕하세요. 프리미엄 헬스테크 브랜드, 슬룸입니다.
진심 어린 소중한 후기 감사합니다. 💜

앞으로도 좋은 상품과 서비스로 고객님들을 찾아뵐 수 있도록 노력하겠습니다.
감사합니다. :)"
117499,2026-07-15 11:17:39,2026-07-12 12:16:56,2026-07-14 21:14:08,목 어깨를 사람이 주물러주는거 같은 느낌입니다. 시원하고 좋아여,226c6f2f32aa,,379,넥숄더 프로 목 어깨 마사지기,109000,수량선택: 넥숄더 프로 1개,모바일,5,,0,0,1,"안녕하세요. 프리미엄 헬스테크 브랜드, 슬룸입니다.
정성스럽게 올려주신 소중한 후기 감사합니다. 💜

고객님의 목소리로 더 발전하는 슬룸이 되도록 노력하겠습니다.
감사합니다. 🙇‍♀️"
117500,2026-07-15 22:19:13,2026-06-26 16:18:50,2026-06-30 10:43:02,"구매후 3주동안 매일 사용하면서 느끼고 개선해야 될 점에 찐후기로 남겨 드리오며 개선된 제품의 교환 이나 별도의 조치가 없을시 30일 무료 환불 요청 하도록 하겠습니다

1. 테니스 엘보로 몇달 동안 고생을 하면서 주사 및 물리 치료를 병행 하다가 광고 글을 보고 구매하게 됨

2. 제품을 받고 시연 test 시 체외 충격파 같은 느낌으로 뭔가 치료가 되고 있다는 느낌을 받아 계속 사용하기를 희망함

3. 3일차 부터 지금까지 하기 동영상에서 보여 지듯이 하단 체결 부위가 짧고 부착력이 점점 저하 되다 보니 엘보우 고정이 안되어 마사지가 힘듬

상기 내용 참조 하시어 후속 조치 및 제품 개선에 참조 하시길 바랍니다",8710de8ae923,,980,프리미엄 엘보케어 팔꿈치 마사지기,149000,수량선택: 데일리 릴렉스 세트 (팔꿈치 마사지기 + 마그네슘 시너지 크림),반응형(내리뷰),3,동영상 리뷰,0,1,1,"안녕하세요. 프리미엄 헬스테크 브랜드, 슬룸입니다.
진심 어린 소중한 후기 감사합니다. 💜

앞으로도 좋은 상품과 서비스로 고객님들을 찾아뵐 수 있도록 노력하겠습니다.
감사합니다. :)"
117501,2026-07-15 04:19:53,2026-07-10 19:29:05,2026-07-14 21:08:10,아직잘모르겟디만ㄴ.,,,636,허리편한케어 V2 허리 마사지기,131000,수량선택: 허리편한케어 V2 1개 (마그네슘 시너지 크림 1개 증정),기존리뷰,5,,0,0,1,"안녕하세요. 프리미엄 헬스테크 브랜드, 슬룸입니다.
시간 내어 소중한 후기를 작성해 주셔서 감사드립니다. :)

믿고 찾는 쇼핑몰이 되기 위해 더 좋은 상품과 서비스를 준비하겠습니다.
감사합니다. 💜"
117502,2026-07-15 06:34:17,2026-07-04 22:18:05,2026-07-07 16:17:42,배송은 빨랐어요. 팔꿈치에 쓰려고하는데 끈이 너무 짧아서 착용이 힘드네요. 팔이 두껍진않아요. 효과는 아직 모르겠어요,,,980,프리미엄 엘보케어 팔꿈치 마사지기,149000,수량선택: 팔꿈치 마사지기 1개,기존리뷰,3,,1,0,1,"안녕하세요. 프리미엄 헬스테크 브랜드, 슬룸입니다.
정성스럽게 올려주신 소중한 후기 감사합니다. 💜

고객님의 목소리로 더 발전하는 슬룸이 되도록 노력하겠습니다.
감사합니다. 🙇‍♀️"
117503,2026-07-15 08:35:42,2026-07-08 06:03:35,2026-07-09 16:17:05,좋습니다 잘사용하겠습니다,,,724,★최대할인 비밀링크★ 목베개 플러스 특가,69000,수량선택: 목베개 플러스 1개,기존리뷰,5,,0,0,1,"안녕하세요. 프리미엄 헬스테크 브랜드, 슬룸입니다.
진심 어린 소중한 후기 감사합니다. 💜

앞으로도 좋은 상품과 서비스로 고객님들을 찾아뵐 수 있도록 노력하겠습니다.
감사합니다. :)"
117504,2026-07-15 09:09:10,2026-07-10 13:12:35,2026-07-11 16:10:41,편함  승모근 뻐근했는데 풀림,,,724,★최대할인 비밀링크★ 목베개 플러스 특가,69000,수량선택: 목베개 플러스 1개,기존리뷰,5,,0,0,1,"안녕하세요. 프리미엄 헬스테크 브랜드, 슬룸입니다.
진심 어린 소중한 후기 감사합니다. 💜

앞으로도 좋은 상품과 서비스로 고객님들을 찾아뵐 수 있도록 노력하겠습니다.
감사합니다. :)"
117505,2026-07-15 09:25:35,2026-07-10 10:02:15,2026-07-11 16:10:01,느낌이 좋아서 치료받는 기분이네요,,,980,프리미엄 엘보케어 팔꿈치 마사지기,149000,수량선택: 데일리 릴렉스 세트 (팔꿈치 마사지기 + 마그네슘 시너지 크림),기존리뷰,4,,0,0,1,"안녕하세요. 프리미엄 헬스테크 브랜드, 슬룸입니다.
진심 어린 소중한 후기 감사합니다. 💜

앞으로도 좋은 상품과 서비스로 고객님들을 찾아뵐 수 있도록 노력하겠습니다.
감사합니다. :)"
117506,2026-07-15 10:03:38,2026-06-16 13:14:45,2026-06-18 14:06:08,"이거 좋긴 한대요
충전기 단자가 자꾸 뒤틀려서 충전기가 고장나여 ㅠㅠ",,,909,목 마사지 베개 V2 경추 마사지기 베개,112000,수량선택: 목 마사지 베개 V2 1개,기존리뷰,5,,0,0,1,"안녕하세요. 프리미엄 헬스테크 브랜드, 슬룸입니다.
시간 내어 소중한 후기를 작성해 주셔서 감사드립니다. :)

믿고 찾는 쇼핑몰이 되기 위해 더 좋은 상품과 서비스를 준비하겠습니다.
감사합니다. 💜"
117507,2026-07-15 10:35:09,2026-07-09 11:12:05,2026-07-10 16:10:58,남편허리가 디스크가있어서 자주아프다고하는데 이걸쓰고나서는 훨신좋아졌다고하네요,,,636,허리편한케어 V2 허리 마사지기,131000,수량선택: 허리편한케어 V2 1개 (허리베개 1개 증정),기존리뷰,5,,1,0,1,"안녕하세요. 프리미엄 헬스테크 브랜드, 슬룸입니다.
시간 내어 소중한 후기를 작성해 주셔서 감사드립니다. :)

믿고 찾는 쇼핑몰이 되기 위해 더 좋은 상품과 서비스를 준비하겠습니다.
감사합니다. 💜"
117508,2026-07-15 10:43:50,2026-07-12 15:40:25,2026-07-14 23:06:53,배송이 빠르고 시원해요,,,724,★최대할인 비밀링크★ 목베개 플러스 특가,69000,수량선택: 목베개 플러스 1개,기존리뷰,5,,0,0,1,"안녕하세요. 프리미엄 헬스테크 브랜드, 슬룸입니다.
시간 내어 소중한 후기를 작성해 주셔서 감사드립니다. :)

믿고 찾는 쇼핑몰이 되기 위해 더 좋은 상품과 서비스를 준비하겠습니다.
감사합니다. 💜"
117509,2026-07-15 10:49:00,2026-07-09 17:32:40,2026-07-11 16:16:01,"말해뭐해 
일단써보면
너무너무 자극적이지않고
좋아요",,,980,프리미엄 엘보케어 팔꿈치 마사지기,149000,수량선택: 팔꿈치 마사지기 1개,기존리뷰,5,,0,0,1,"안녕하세요. 프리미엄 헬스테크 브랜드, 슬룸입니다.
정성스럽게 올려주신 소중한 후기 감사합니다. 💜

고객님의 목소리로 더 발전하는 슬룸이 되도록 노력하겠습니다.
감사합니다. 🙇‍♀️"
117510,2026-07-15 11:11:00,2026-07-06 12:45:45,2026-07-07 10:42:13,사용하고 팔꿈치 통증이  확 줄었습니다. 엘보로  고생했었는데 보호대 풀었습니다,,,980,프리미엄 엘보케어 팔꿈치 마사지기,149000,수량선택: 팔꿈치 마사지기 1개,기존리뷰,5,,0,0,1,"안녕하세요. 프리미엄 헬스테크 브랜드, 슬룸입니다.
진심 어린 소중한 후기 감사합니다. 💜

앞으로도 좋은 상품과 서비스로 고객님들을 찾아뵐 수 있도록 노력하겠습니다.
감사합니다. :)"
117511,2026-07-15 12:07:29,2026-07-10 15:14:20,2026-07-14 13:43:44,강력하고 좋은데 사이즈가 좀 작아요,,,924,발편한케어 프리미엄 EMS 발 마사지기,89000,"사이즈&세트선택: M (220-270mm), 수량선택: 발편한케어 1개",기존리뷰,5,,0,0,1,"안녕하세요. 프리미엄 헬스테크 브랜드, 슬룸입니다.
정성스럽게 올려주신 소중한 후기 감사합니다. 💜

고객님의 목소리로 더 발전하는 슬룸이 되도록 노력하겠습니다.
감사합니다. 🙇‍♀️"
117512,2026-07-15 12:50:34,2026-07-02 14:31:00,2026-07-03 13:37:47,족저근막염이 있어 아침에 일어나 발 딛으면 아팠는데 꾸준히 사용해보니 통증이 조금씩 가라앉네요. 좋은 제품 고맙습니다. 잘 사용할께요.,,,1012,[태국박서방TV x 슬룸] 구독자 전용 ★최저가★ 비밀링크,99000,수량선택: 발편한케어 M 1개,기존리뷰,5,,2,0,1,"안녕하세요. 프리미엄 헬스테크 브랜드, 슬룸입니다.
진심 어린 소중한 후기 감사합니다. 💜

앞으로도 좋은 상품과 서비스로 고객님들을 찾아뵐 수 있도록 노력하겠습니다.
감사합니다. :)"
117513,2026-07-15 13:50:25,2026-07-10 18:49:00,2026-07-14 16:14:18,효과가 있었으면 좋겠어요.,,,980,프리미엄 엘보케어 팔꿈치 마사지기,149000,수량선택: 데일리 릴렉스 세트 (팔꿈치 마사지기 + 마그네슘 시너지 크림),기존리뷰,3,,1,0,1,"안녕하세요. 프리미엄 헬스테크 브랜드, 슬룸입니다.
정성스럽게 올려주신 소중한 후기 감사합니다. 💜

고객님의 목소리로 더 발전하는 슬룸이 되도록 노력하겠습니다.
감사합니다. 🙇‍♀️"
117514,2026-07-15 14:19:18,2026-07-12 00:17:25,2026-07-14 18:53:37,팔이 시원하네요~ 몇일 더 써보고 더 남길께요~ 근데 팔이 넘무 쨍겨요~ 사이즈가 좀더 크면 좋겠습니닺,,,980,프리미엄 엘보케어 팔꿈치 마사지기,149000,수량선택: 데일리 릴렉스 세트 (팔꿈치 마사지기 + 마그네슘 시너지 크림),기존리뷰,5,,3,0,1,"안녕하세요. 프리미엄 헬스테크 브랜드, 슬룸입니다.
진심 어린 소중한 후기 감사합니다. 💜

앞으로도 좋은 상품과 서비스로 고객님들을 찾아뵐 수 있도록 노력하겠습니다.
감사합니다. :)"
117515,2026-07-15 15:08:17,2026-06-17 20:46:10,2026-06-19 16:11:27,목 마사지 후에 벼개로써도 편안하게 잘 수 있어 좋아요,,,909,목 마사지 베개 V2 경추 마사지기 베개,112000,수량선택: 목 마사지 베개 V2 1개,기존리뷰,4,,0,0,1,"안녕하세요. 프리미엄 헬스테크 브랜드, 슬룸입니다.
진심 어린 소중한 후기 감사합니다. 💜

앞으로도 좋은 상품과 서비스로 고객님들을 찾아뵐 수 있도록 노력하겠습니다.
감사합니다. :)"
117516,2026-07-15 16:17:05,2026-07-08 09:52:15,2026-07-09 16:08:54,간편한 사용이 가능합니다,,,102,마그네슘 시너지 크림 쿨링 테라피,28900,수량선택: 마그네슘 시너지 크림 2개,기존리뷰,5,,0,0,1,"안녕하세요. 프리미엄 헬스테크 브랜드, 슬룸입니다.
정성스럽게 올려주신 소중한 후기 감사합니다. 💜

고객님의 목소리로 더 발전하는 슬룸이 되도록 노력하겠습니다.
감사합니다. 🙇‍♀️"
117517,2026-07-15 16:29:14,2026-07-06 06:48:40,2026-07-07 18:49:43,"오른쪽 팔꿈치에 착장하면 조절판이 안쪽 바닥으로 깔려져 업무를 볼수가 없어요.
그것만 아니면 최고예요",,,980,프리미엄 엘보케어 팔꿈치 마사지기,149000,수량선택: 팔꿈치 마사지기 1개,기존리뷰,3,,0,0,1,"안녕하세요. 프리미엄 헬스테크 브랜드, 슬룸입니다.
시간 내어 소중한 후기를 작성해 주셔서 감사드립니다. :)

믿고 찾는 쇼핑몰이 되기 위해 더 좋은 상품과 서비스를 준비하겠습니다.
감사합니다. 💜"
117518,2026-07-15 16:52:52,2026-07-04 15:58:25,2026-07-07 13:41:07,생각보다 시원하네요,,,724,★최대할인 비밀링크★ 목베개 플러스 특가,69000,수량선택: 목베개 플러스 1개,기존리뷰,5,,0,0,1,"안녕하세요. 프리미엄 헬스테크 브랜드, 슬룸입니다.
정성스럽게 올려주신 소중한 후기 감사합니다. 💜

고객님의 목소리로 더 발전하는 슬룸이 되도록 노력하겠습니다.
감사합니다. 🙇‍♀️"
117519,2026-07-15 16:56:07,2026-07-08 10:28:30,2026-07-09 13:36:18,하루종일 사무실에 앉아 근무하다보면 발이 부는듯한 느낌이 들고 아들도 발바닥이 아프다하여 구매해서 사용해보니 붓는듯한 종아리가 풀어지는거 같이 편안하고 아들도 발바닥의 통증이 가라 앉는것 같이 편하다고 하네요,,,924,발편한케어 프리미엄 EMS 발 마사지기,89000,"사이즈&세트선택: L (250-295mm), 수량선택: 발편한케어 1개",기존리뷰,5,,0,0,1,"안녕하세요. 프리미엄 헬스테크 브랜드, 슬룸입니다.
시간 내어 소중한 후기를 작성해 주셔서 감사드립니다. :)

믿고 찾는 쇼핑몰이 되기 위해 더 좋은 상품과 서비스를 준비하겠습니다.
감사합니다. 💜"
117520,2026-07-15 17:01:08,2026-06-10 07:56:40,2026-06-11 13:38:05,엘보가 완치 되는가 싶다가도 가끔 문서정리하다보면 다시금 통증이 시작도 병원가는 횟수가 잦고 돈이 많이 들어 구매했는데 받을때마다 신기방기하게도 통증이 사라져요,,,980,프리미엄 엘보케어 팔꿈치 마사지기,149000,수량선택: 데일리 릴렉스 세트 (팔꿈치 마사지기 + 마그네슘 시너지 크림),기존리뷰,5,,0,0,1,"안녕하세요. 프리미엄 헬스테크 브랜드, 슬룸입니다.
시간 내어 소중한 후기를 작성해 주셔서 감사드립니다. :)

믿고 찾는 쇼핑몰이 되기 위해 더 좋은 상품과 서비스를 준비하겠습니다.
감사합니다. 💜"
117521,2026-07-15 19:09:25,2026-05-05 23:23:35,2026-05-08 14:40:00,"부모님 눕고 쓰기 편하게 쓰신다고 좋아하세요 그전에 쓰던거는 앉아서 썼는데 이번에는 사용하기
편하시다고 하네요",,,909,목 마사지 베개 V2 경추 마사지기 베개,112000,수량선택: 목 마사지 베개 V2 1개 (마그네슘 시너지 크림 30ml 1개 증정),기존리뷰,5,,0,0,1,"안녕하세요. 프리미엄 헬스테크 브랜드, 슬룸입니다.
시간 내어 소중한 후기를 작성해 주셔서 감사드립니다. :)

믿고 찾는 쇼핑몰이 되기 위해 더 좋은 상품과 서비스를 준비하겠습니다.
감사합니다. 💜"
117522,2026-07-15 19:56:23,2026-07-10 15:12:10,2026-07-14 21:11:36,아주 조아요~맛사지가 잘 돼요,,,980,프리미엄 엘보케어 팔꿈치 마사지기,149000,수량선택: 데일리 릴렉스 세트 (팔꿈치 마사지기 + 마그네슘 시너지 크림),기존리뷰,5,,0,0,1,"안녕하세요. 프리미엄 헬스테크 브랜드, 슬룸입니다.
정성스럽게 올려주신 소중한 후기 감사합니다. 💜

고객님의 목소리로 더 발전하는 슬룸이 되도록 노력하겠습니다.
감사합니다. 🙇‍♀️"
117523,2026-07-15 22:02:45,2026-06-24 17:17:15,2026-06-26 18:38:47,거북목에 시달리는중에 구매하게됐어요. 마사지에 좋네요,,,1001,[슬룸] 구독자 전용 ★초특가★ 비밀링크,84900,수량선택: ★SET★ 발편한케어 M 1개 + 목 마사지 베개 V2 1개 + 마그네슘 시너지 크림 100원 + (증정)중형 파우치,기존리뷰,4,,1,0,1,"안녕하세요. 프리미엄 헬스테크 브랜드, 슬룸입니다.
진심 어린 소중한 후기 감사합니다. 💜

앞으로도 좋은 상품과 서비스로 고객님들을 찾아뵐 수 있도록 노력하겠습니다.
감사합니다. :)"
117524,2026-07-15 22:32:56,2026-07-13 15:14:25,2026-07-14 18:43:01,EMS기능이 좋네요 가끔 저절로 약해지는것 같기도 한데 기능 좀 더 봐야할듯요 좋긴 합니다 물리치료 받는 느낌,,,636,허리편한케어 V2 허리 마사지기,131000,수량선택: 허리편한케어 V2 1개 (마그네슘 시너지 크림 1개 증정),기존리뷰,5,,1,0,1,"안녕하세요. 프리미엄 헬스테크 브랜드, 슬룸입니다.
시간 내어 소중한 후기를 작성해 주셔서 감사드립니다. :)

믿고 찾는 쇼핑몰이 되기 위해 더 좋은 상품과 서비스를 준비하겠습니다.
감사합니다. 💜"
117525,2026-07-16 08:05:50,2026-07-14 12:59:35,2026-07-15 16:14:05,"상품은 좋아요
제품포장도 좋은데
외부박스 포장은 엉망이네요",dac75b476890,,980,프리미엄 엘보케어 팔꿈치 마사지기,149000,수량선택: 팔꿈치 마사지기 1개,반응형(내리뷰),3,,0,0,1,"안녕하세요. 프리미엄 헬스테크 브랜드, 슬룸입니다.
정성스럽게 올려주신 소중한 후기 감사합니다. 💜

고객님의 목소리로 더 발전하는 슬룸이 되도록 노력하겠습니다.
감사합니다. 🙇‍♀️"
117526,2026-07-16 12:49:27,2026-07-14 19:37:21,2026-07-16 12:49:00,"정말 광고 믿지 않는데 반신반의하며 30일 체험하고 반품된다길래 구입해봤습니다,오늘 받아서 바로 작동해봤는데,,,,와 이번광고는 성공이규나 느꼈습니다, 정말 좋아요!!",fd1f84dc358d,,1034,★타노스X슬룸 히든 특가★ 프리미엄 엘보케어 팔꿈치 마사지기,149000,수량선택: 근성장 시너지 세트 (팔꿈치 마사지기 + 마그네슘 시너지 크림),모바일,5,,1,0,1,"안녕하세요. 프리미엄 헬스테크 브랜드, 슬룸입니다.
정성스럽게 올려주신 소중한 후기 감사합니다. 💜

고객님의 목소리로 더 발전하는 슬룸이 되도록 노력하겠습니다.
감사합니다. 🙇‍♀️"
117527,2026-07-16 15:46:56,2026-07-06 11:35:02,2026-07-07 10:42:39,"기계 만족도는 좋으나
성인남자가 사용하기에 사이즈가 작음
찍찍이 접착력 부족으로 사용중 떨어짐",dac0f64717c5,,980,프리미엄 엘보케어 팔꿈치 마사지기,149000,수량선택: 데일리 릴렉스 세트 (팔꿈치 마사지기 + 마그네슘 시너지 크림),반응형(내리뷰),3,,2,0,1,"안녕하세요. 프리미엄 헬스테크 브랜드, 슬룸입니다.
시간 내어 소중한 후기를 작성해 주셔서 감사드립니다. :)

믿고 찾는 쇼핑몰이 되기 위해 더 좋은 상품과 서비스를 준비하겠습니다.
감사합니다. 💜"
117528,2026-07-16 20:50:08,2026-07-12 19:50:36,2026-07-14 16:13:57,정말시원하고 회사 아이템으로 최곱니다 써보더니 친구도 구매한데요ㅜㅜ 정말만족감에강추,f58919950d40,,874,발편한케어 프리미엄 고주파 발 마사지기,91000,"사이즈&세트선택: M (220-270mm), 수량선택: 발편한케어 1개",모바일(팝업),5,,1,0,1,"안녕하세요. 프리미엄 헬스테크 브랜드, 슬룸입니다.
정성스럽게 올려주신 소중한 후기 감사합니다. 💜

고객님의 목소리로 더 발전하는 슬룸이 되도록 노력하겠습니다.
감사합니다. 🙇‍♀️"
117529,2026-07-16 22:04:25,2026-07-14 08:31:26,2026-07-15 13:41:23,허리마사지기 살 때 큰 기대없이 같이 구입했다. 그런데 한번 사용해 보았는데 목이 시원함이 느껴졌다.  어제 오늘 계속해서 사용했다. 꾸준히 사용하면 목의 뻣뻣함이 한결 풀릴것 같다. 강추!,b8dafc33360b,,909,목 마사지 베개 V2 경추 마사지기 베개,112000,수량선택: 목 마사지 베개 V2 1개 (마그네슘 시너지 크림 1개 증정),모바일,5,동영상 리뷰,0,1,1,"안녕하세요. 프리미엄 헬스테크 브랜드, 슬룸입니다.
정성스럽게 올려주신 소중한 후기 감사합니다. 💜

고객님의 목소리로 더 발전하는 슬룸이 되도록 노력하겠습니다.
감사합니다. 🙇‍♀️"
117530,2026-07-16 09:24:00,2026-07-13 11:38:55,2026-07-14 13:42:34,"일단 이틀째쓰고있는데
목을 끌어올려줘서좋구요
근데 아직목은아픕니다
점차좋아지겠죠",,,909,목 마사지 베개 V2 경추 마사지기 베개,112000,수량선택: 목 마사지 베개 V2 1개 (마그네슘 시너지 크림 1개 증정),기존리뷰,5,,0,0,1,"안녕하세요. 프리미엄 헬스테크 브랜드, 슬룸입니다.
정성스럽게 올려주신 소중한 후기 감사합니다. 💜

고객님의 목소리로 더 발전하는 슬룸이 되도록 노력하겠습니다.
감사합니다. 🙇‍♀️"
117531,2026-07-16 10:11:56,2026-04-21 08:51:20,2026-04-22 16:17:00,그 당시 제가 너무 간절했나봐요,,,291,목베개 플러스 경추 목 마사지기 베개,91000,"버전&세트선택: V1, 수량선택: 목베개 플러스 1개 (마그네슘 시너지 크림 30ml 1개 증정)",기존리뷰,1,,0,0,1,"안녕하세요 고객님, 프리미엄 헬스테크 브랜드, 슬룸입니다.

소중한 후기 남겨주셔서 감사드리며, 기대하셨던 것만큼 만족감을 드리지 못한 점 진심으로 사과드립니다. 😥

슬룸 제품은 개인의 체형과 사용 습관에 따라 효과를 느끼시는 시기가 다를 수 있습니다.
사용 중 불편하거나 궁금하신 점이 있으시다면 언제든지 슬룸 공식몰 채널톡으로 편하게 문의해 주세요. 고객님의 상황에 맞게 안내해 드리겠습니다.

고객님의 의견을 수렴하여 더 발전하는 슬룸이 되도록 노력하겠습니다. 감사합니다."
117532,2026-07-16 11:41:58,2026-06-18 21:08:10,,"표시되는 프로모션과는다르게 
여기도 공식몰인데 이벤트 적용이 안된다니
그거보구
큰맘먹고 구매했거든요
근데 할수록 골반은 너무 아프고 참으면서가지 해야하나 싶고 한달써보고 나아지면좋겠다라는맘이었는데 차라리 여기서 구매하시면 이벤트적용이 안됩니다 라고 적어놓으셨어야한다고봅니다",,,966,골반 케어 프리미엄 골반 마사지기,191000,수량선택: 밸런스 리셋 케어 세트 (골반 마사지기 + 목 마사지 베개 V2) + 마그네슘 시너지 크림 1개 증정,기존리뷰,1,,0,0,1,"안녕하세요. 프리미엄 헬스테크 브랜드, 슬룸입니다.
고객님께 만족스러운 경험을 드리지 못해 대단히 죄송합니다. 😥

리뷰로는 상세한 안내가 어려워, 자세한 내용 알림톡(문자) 발송 도와드렸으니 확인 부탁드리겠습니다.
추가로 궁금하신 점이 있으시거나 문자 확인하신 후에도 해결되지 않는 경우
번거로우시겠지만 슬룸 채팅 상담을 통해 연락 주시면 빠르게 안내 도와드리겠습니다.

▶ 슬룸 채팅 상담 (※ 월-목 09:30-17:00, 금 09:30-16:00, 주말 및 공휴일 휴무)
http://sloom.channel.io/

고객님의 목소리로 더 발전하는 슬룸이 되도록 노력하겠습니다. 감사합니다."
117533,2026-07-16 13:00:27,2026-06-11 18:25:25,2026-06-13 13:47:29,목이 많이 좋아졌어요,,,909,목 마사지 베개 V2 경추 마사지기 베개,112000,수량선택: 목 마사지 베개 V2 1개 (허리베개 1개 증정),기존리뷰,5,,0,0,1,"안녕하세요. 프리미엄 헬스테크 브랜드, 슬룸입니다.
정성스럽게 올려주신 소중한 후기 감사합니다. 💜

고객님의 목소리로 더 발전하는 슬룸이 되도록 노력하겠습니다.
감사합니다. 🙇‍♀️"
117534,2026-07-16 13:07:44,2026-07-14 01:53:40,2026-07-15 13:38:10,"대부분 이런 제품들의 특징이 단단해서 사용감이 불편했는데 
생각보다 보들보들하고 폭신해서 좋았어요
하루 자고일어나니 목도안아프고 너무좋아요 ^^",,,981,목 마사지 베개 V2 계절베개 목 집중 케어,112000,수량선택: 목 마사지 베개 V2 1개,기존리뷰,5,,0,0,1,"안녕하세요. 프리미엄 헬스테크 브랜드, 슬룸입니다.
진심 어린 소중한 후기 감사합니다. 💜

앞으로도 좋은 상품과 서비스로 고객님들을 찾아뵐 수 있도록 노력하겠습니다.
감사합니다. :)"
117535,2026-07-16 14:11:04,2026-07-15 02:52:00,2026-07-16 13:38:02,좋다고 해서 구매해봅니다,,,1013,★최대할인 비밀링크★ 바디 풀고컷 경락 마사지기,89900,수량선택: 바디 풀고컷 1개 (트리플 샷 시너지 젤 1개 증정),기존리뷰,5,,1,0,1,"안녕하세요. 프리미엄 헬스테크 브랜드, 슬룸입니다.
정성스럽게 올려주신 소중한 후기 감사합니다. 💜

고객님의 목소리로 더 발전하는 슬룸이 되도록 노력하겠습니다.
감사합니다. 🙇‍♀️"
117536,2026-07-16 15:40:55,2026-07-14 23:17:25,2026-07-16 14:33:00,일단 받고나서 바로 충전 실시 하였습니다. 아직은 처음이라 효과는 모르겠지만 한달 후기에 정확한 펙트로 작성 하겠습니다. 참고로 현제 저는 테니스엘보로 고생하고 있어요ㅠ,,,1034,★타노스X슬룸 히든 특가★ 프리미엄 엘보케어 팔꿈치 마사지기,149000,수량선택: 근성장 시너지 세트 (팔꿈치 마사지기 + 마그네슘 시너지 크림),기존리뷰,4,,2,0,1,"안녕하세요. 프리미엄 헬스테크 브랜드, 슬룸입니다.
정성스럽게 올려주신 소중한 후기 감사합니다. 💜

고객님의 목소리로 더 발전하는 슬룸이 되도록 노력하겠습니다.
감사합니다. 🙇‍♀️"
117537,2026-07-16 16:10:26,2026-07-03 16:27:25,2026-07-07 18:41:20,비슷한 제품 써보고 실망해서 좀 다르겠지 기대하고 샀는데 아쉽습니다.,,,980,프리미엄 엘보케어 팔꿈치 마사지기,149000,수량선택: 팔꿈치 마사지기 1개,기존리뷰,2,,0,0,1,"안녕하세요 고객님, 프리미엄 헬스테크 브랜드, 슬룸입니다.
고객님께 만족스러운 경험을 드리지 못해 대단히 죄송합니다.😥

슬룸의 모든 제품은 인체공학적으로 설계되어 편안한 사용이 가능하나 초기 사용 시 1~2주 이상의 적응 기간이 필요할 수 있습니다. 
다만 수령하신 날짜 기준으로 30일 동안 꾸준히 사용해보시고도 만족하지 못하셨을 경우에는, 슬룸에서 진행하는 <100%환불이벤트> 에 참여하여 왕복배송비 제외 전액 환불이 가능합니다.

※ 제품을 30일간 꾸준히 사용한 경우, 배송완료 후 40일이내 신청이 가능
※ 환불 서비스는 첫 구매 체험을 위한 서비스로 1회만 신청 가능

▶ <100% 환불 이벤트> 상세 환불 조건 : https://sleeplab.co.kr/notice/?page=1#13709226_notice 

슬룸을 믿고 편하게 사용 및 체험해보시고, 그럼에도 만족하시지 못하셨을 경우 슬룸 공식몰의 채널톡을 통해 이벤트 기간 내 문의 주시면 환불 접수 도움드리겠습니다."
117538,2026-07-16 16:18:27,2026-06-20 18:16:45,2026-06-23 18:45:21,편하고 좋아요 잘 쓰고 있어요,,,1001,[슬룸] 구독자 전용 ★초특가★ 비밀링크,84900,수량선택: 발편한케어 L 1개,기존리뷰,5,,1,0,1,"안녕하세요. 프리미엄 헬스테크 브랜드, 슬룸입니다.
정성스럽게 올려주신 소중한 후기 감사합니다. 💜

고객님의 목소리로 더 발전하는 슬룸이 되도록 노력하겠습니다.
감사합니다. 🙇‍♀️"
117539,2026-07-16 19:57:40,2026-06-20 15:15:30,2026-06-23 18:41:16,목하고 다리 마사지 하려고 구매했는데 좋아요.,,,1001,[슬룸] 구독자 전용 ★초특가★ 비밀링크,84900,수량선택: ★SET★ 발편한케어 L 1개 + 목 마사지 베개 V2 1개 + 마그네슘 시너지 크림 100원 + (증정)중형 파우치,기존리뷰,4,,1,0,1,"안녕하세요. 프리미엄 헬스테크 브랜드, 슬룸입니다.
정성스럽게 올려주신 소중한 후기 감사합니다. 💜

고객님의 목소리로 더 발전하는 슬룸이 되도록 노력하겠습니다.
감사합니다. 🙇‍♀️"
117540,2026-07-16 20:16:28,2026-07-14 23:39:55,2026-07-16 13:37:56,엘보통증으로 구매했는데 치료에 도움이 되길 바래봅니다 착용감과 다양한 모드/리모콘 컨트롤을 지원해 사용하기 편합니다,,,980,프리미엄 엘보케어 팔꿈치 마사지기,149000,수량선택: 팔꿈치 마사지기 1개,기존리뷰,5,,1,0,1,"안녕하세요. 프리미엄 헬스테크 브랜드, 슬룸입니다.
진심 어린 소중한 후기 감사합니다. 💜

앞으로도 좋은 상품과 서비스로 고객님들을 찾아뵐 수 있도록 노력하겠습니다.
감사합니다. :)"
117541,2026-07-16 20:50:25,2026-07-15 09:53:30,2026-07-16 18:37:34,"좋은거 같아요
사용후 후기 남길께요",,,724,★최대할인 비밀링크★ 목베개 플러스 특가,69000,수량선택: 목베개 플러스 1개,기존리뷰,5,,0,0,1,"안녕하세요. 프리미엄 헬스테크 브랜드, 슬룸입니다.
진심 어린 소중한 후기 감사합니다. 💜

앞으로도 좋은 상품과 서비스로 고객님들을 찾아뵐 수 있도록 노력하겠습니다.
감사합니다. :)"
117542,2026-07-16 21:48:03,2026-07-12 00:21:00,2026-07-14 13:47:54,"내돈주고 쓰레기를 샀다
혜리추성훈 광고하는거 십만원대에서 산거보다 더후회스럽다 이리뷰가 삭제되겠지만
누구하나라도 꼭보시길 도수추나약침 주사약물치료 다해봤다 피티도 300주고 끈고 해봐도 안된다
그냥 죽어야하나싶다 머리통을 뜯어내고싶다
이 제품을 사용하고 느낀점은 뭐?무슨 마사지??뭐하는데?였음 온도도 따뜻하지도 않음
진동 머리만 울리지 아무느낌없음
더문제인건 하고있으면 없던 통증도 더 생김
내몸땡이가 문제인지ㅡㅡ차라리 백지영 목견인기가 더 낫다",,,909,목 마사지 베개 V2 경추 마사지기 베개,112000,수량선택: 목 마사지 베개 V2 1개,기존리뷰,1,,0,0,1,"안녕하세요 고객님, 프리미엄 헬스테크 브랜드, 슬룸입니다.
고객님께 만족스러운 경험을 드리지 못해 대단히 죄송합니다.😥

슬룸의 모든 제품은 인체공학적으로 설계되어 편안한 사용이 가능하나 초기 사용 시 1~2주 이상의 적응 기간이 필요할 수 있습니다. 
다만 수령하신 날짜 기준으로 30일 동안 꾸준히 사용해보시고도 만족하지 못하셨을 경우에는, 슬룸에서 진행하는 <100%환불이벤트> 에 참여하여 왕복배송비 제외 전액 환불이 가능합니다.

※ 제품을 30일간 꾸준히 사용한 경우, 배송완료 후 40일이내 신청이 가능
※ 환불 서비스는 첫 구매 체험을 위한 서비스로 1회만 신청 가능

▶ <100% 환불 이벤트> 상세 환불 조건 : https://sleeplab.co.kr/notice/?page=1#13709226_notice 

슬룸을 믿고 편하게 사용 및 체험해보시고, 그럼에도 만족하시지 못하셨을 경우 슬룸 공식몰의 채널톡을 통해 이벤트 기간 내 문의 주시면 환불 접수 도움드리겠습니다."
117543,2026-07-16 22:41:41,2026-07-15 00:08:50,2026-07-16 16:14:57,적당 텐션이 부족한것 빼고는 전류흐름 느낌나고 괜찮아요,,,1008,★최대할인 비밀링크★ 바디 풀고컷 경락 마사지기,89900,수량선택: 바디 풀고컷 1개 (트리플 샷 시너지 젤 1개 증정),기존리뷰,4,,1,0,1,"안녕하세요. 프리미엄 헬스테크 브랜드, 슬룸입니다.
시간 내어 소중한 후기를 작성해 주셔서 감사드립니다. :)

믿고 찾는 쇼핑몰이 되기 위해 더 좋은 상품과 서비스를 준비하겠습니다.
감사합니다. 💜"
117544,2026-07-16 23:57:19,2026-07-01 09:31:45,2026-07-02 16:08:45,한 달만 쓰고 반품할까 했는데 간편해서 그냥 사용하려고요^^,,,724,★최대할인 비밀링크★ 목베개 플러스 특가,69000,수량선택: 목베개 플러스 1개,기존리뷰,4,,0,0,1,"안녕하세요. 프리미엄 헬스테크 브랜드, 슬룸입니다.
정성스럽게 올려주신 소중한 후기 감사합니다. 💜

고객님의 목소리로 더 발전하는 슬룸이 되도록 노력하겠습니다.
감사합니다. 🙇‍♀️"
117545,2026-07-17 02:39:35,2026-07-12 12:25:55,2026-07-14 10:51:40,"목지지대와 받침대 부분이 
쉽게 찢어?져서 분리될것같아요ㅠㅠ",,,909,목 마사지 베개 V2 경추 마사지기 베개,112000,수량선택: 목 마사지 베개 V2 1개,기존리뷰,3,,0,0,1,"안녕하세요. 프리미엄 헬스테크 브랜드, 슬룸입니다.
고객님께 만족스러운 경험을 드리지 못해 대단히 죄송합니다. 😥

리뷰로는 상세한 안내가 어려워, 자세한 내용 알림톡(문자) 발송 도와드렸으니 확인 부탁드리겠습니다.
추가로 궁금하신 점이 있으시거나 문자 확인하신 후에도 해결되지 않는 경우
번거로우시겠지만 슬룸 채팅 상담을 통해 연락 주시면 빠르게 안내 도와드리겠습니다.

▶ 슬룸 채팅 상담 (※ 월-목 09:30-17:00, 금 09:30-16:00, 주말 및 공휴일 휴무)
http://sloom.channel.io/

고객님의 목소리로 더 발전하는 슬룸이 되도록 노력하겠습니다. 감사합니다."
117546,2026-07-17 08:32:35,2026-07-12 07:39:38,2026-07-14 21:13:24,"추천 받아 구입했는데 밤마다 누워서 마사지 받다가 자요~
행복 피로 회복 템~♡♡♡",a0897b9ff8a9,,724,★최대할인 비밀링크★ 목베개 플러스 특가,69000,수량선택: 목베개 플러스 1개,모바일(팝업),5,,1,0,1,"안녕하세요. 프리미엄 헬스테크 브랜드, 슬룸입니다.
진심 어린 소중한 후기 감사합니다. 💜

앞으로도 좋은 상품과 서비스로 고객님들을 찾아뵐 수 있도록 노력하겠습니다.
감사합니다. :)"
117547,2026-07-17 09:06:30,2026-07-01 15:44:12,2026-07-03 18:38:58,처음엔 에어가 힘들었는데. 사묭하다보니 좋아요,f27f68c8d96e,,909,목 마사지 베개 V2 경추 마사지기 베개,112000,수량선택: 목 마사지 베개 V2 1개,모바일,5,,1,0,1,"안녕하세요. 프리미엄 헬스테크 브랜드, 슬룸입니다.
진심 어린 소중한 후기 감사합니다. 💜

앞으로도 좋은 상품과 서비스로 고객님들을 찾아뵐 수 있도록 노력하겠습니다.
감사합니다. :)"
117548,2026-07-17 09:07:55,2026-07-15 13:24:15,2026-07-16 16:08:51,남편. 눈 건조증  피로감이 있어 구매했는데 효과보면 좋겠 습니다,f27f68c8d96e,,1025,[썸머 수퍼데이] 눈편한케어 온열 진동 눈 마사지기,49000,수량선택: 눈편한케어 1개,모바일,5,,0,0,1,"안녕하세요. 프리미엄 헬스테크 브랜드, 슬룸입니다.
시간 내어 소중한 후기를 작성해 주셔서 감사드립니다. :)

믿고 찾는 쇼핑몰이 되기 위해 더 좋은 상품과 서비스를 준비하겠습니다.
감사합니다. 💜"
117549,2026-07-17 21:43:37,2026-07-14 19:00:34,2026-07-16 21:05:04,목도 편한데 이 베개를 쓰니 코를 잘 안고는 거 같아요.,58e442ca8806,,63,목베개 스트레칭 베개,39900,수량선택: 목베개 1개,모바일,5,,1,0,1,"안녕하세요. 프리미엄 헬스테크 브랜드, 슬룸입니다.
진심 어린 소중한 후기 감사합니다. 💜

앞으로도 좋은 상품과 서비스로 고객님들을 찾아뵐 수 있도록 노력하겠습니다.
감사합니다. :)"
117550,2026-07-17 21:44:24,2026-07-14 19:00:34,2026-07-16 21:05:04,베개에 타이트하게 딱 맞아요.,58e442ca8806,,85,목베개 전용 커버,9900,수량선택: 목베개 커버 1개 (그레이),모바일,5,,1,0,1,"안녕하세요. 프리미엄 헬스테크 브랜드, 슬룸입니다.
시간 내어 소중한 후기를 작성해 주셔서 감사드립니다. :)

믿고 찾는 쇼핑몰이 되기 위해 더 좋은 상품과 서비스를 준비하겠습니다.
감사합니다. 💜"
117551,2026-07-18 01:15:29,2026-07-11 22:45:53,2026-07-14 21:13:36,목 뻐근하던게 덜해졌어요 괜찮네요,570e8dc023f0,,909,목 마사지 베개 V2 경추 마사지기 베개,112000,수량선택: 목 마사지 베개 V2 1개,모바일(팝업),5,,0,0,1,"안녕하세요. 프리미엄 헬스테크 브랜드, 슬룸입니다.
정성스럽게 올려주신 소중한 후기 감사합니다. 💜

고객님의 목소리로 더 발전하는 슬룸이 되도록 노력하겠습니다.
감사합니다. 🙇‍♀️"
117552,2026-07-17 07:41:39,2026-06-17 12:35:35,2026-06-18 16:10:56,목이 굉장히 편해졌습니다,,,909,목 마사지 베개 V2 경추 마사지기 베개,112000,수량선택: 목 마사지 베개 V2 1개,기존리뷰,5,,0,0,1,"안녕하세요. 프리미엄 헬스테크 브랜드, 슬룸입니다.
정성스럽게 올려주신 소중한 후기 감사합니다. 💜

고객님의 목소리로 더 발전하는 슬룸이 되도록 노력하겠습니다.
감사합니다. 🙇‍♀️"
117553,2026-07-17 10:42:48,2026-07-09 21:12:30,2026-07-11 18:37:53,누웠을때 목받침은 편하지만 진동 소리가 커서 귀에 신경이 쓰입니다.생각보다 목 건강에 도움이되는지는 더 사용해봐야할듯...,,,909,목 마사지 베개 V2 경추 마사지기 베개,112000,수량선택: 목 마사지 베개 V2 1개,기존리뷰,3,,1,0,1,"안녕하세요. 프리미엄 헬스테크 브랜드, 슬룸입니다.
정성스럽게 올려주신 소중한 후기 감사합니다. 💜

고객님의 목소리로 더 발전하는 슬룸이 되도록 노력하겠습니다.
감사합니다. 🙇‍♀️"
117554,2026-07-17 11:20:51,2026-07-11 19:33:40,2026-07-14 10:46:18,만족합니다. 지속 사용해볼께요,,,1034,★타노스X슬룸 히든 특가★ 프리미엄 엘보케어 팔꿈치 마사지기,149000,수량선택: 팔꿈치 마사지기 1개,기존리뷰,5,,0,0,1,"안녕하세요. 프리미엄 헬스테크 브랜드, 슬룸입니다.
시간 내어 소중한 후기를 작성해 주셔서 감사드립니다. :)

믿고 찾는 쇼핑몰이 되기 위해 더 좋은 상품과 서비스를 준비하겠습니다.
감사합니다. 💜"
117555,2026-07-17 11:37:54,2026-07-08 19:10:05,2026-07-10 16:10:49,팔꿈치 테니스엘보있어서 마사지기 구입해보았습니다. 효과가 있었음 좋겠네요. 충전해서 사용하기에는 간편합니다,,,980,프리미엄 엘보케어 팔꿈치 마사지기,149000,수량선택: 팔꿈치 마사지기 1개,기존리뷰,5,,1,0,1,"안녕하세요. 프리미엄 헬스테크 브랜드, 슬룸입니다.
시간 내어 소중한 후기를 작성해 주셔서 감사드립니다. :)

믿고 찾는 쇼핑몰이 되기 위해 더 좋은 상품과 서비스를 준비하겠습니다.
감사합니다. 💜"
117556,2026-07-17 11:40:09,2026-06-26 22:42:15,2026-06-30 21:07:18,발이 자주 부어서 밤에 힘들었는데 효과가 너무 좋아요 한 번 마사지 하면 발이 편합니다,,,874,발편한케어 프리미엄 고주파 발 마사지기,91000,"사이즈&세트선택: M (220-270mm), 수량선택: 발편한케어 1개 (파우치 중형 1개 증정)",기존리뷰,5,,1,0,1,"안녕하세요. 프리미엄 헬스테크 브랜드, 슬룸입니다.
정성스럽게 올려주신 소중한 후기 감사합니다. 💜

고객님의 목소리로 더 발전하는 슬룸이 되도록 노력하겠습니다.
감사합니다. 🙇‍♀️"
117557,2026-07-17 12:00:05,2026-07-06 23:37:15,2026-07-08 18:41:32,"성능은 확실합니다.
다만아쉬운게 프리사이즈인데 팔 굵으면 에어기능할때 벨크로부착한게 고정이 풀려버립니다.",,,980,프리미엄 엘보케어 팔꿈치 마사지기,149000,수량선택: 팔꿈치 마사지기 1개,기존리뷰,5,,0,0,1,"안녕하세요, 더 나은 내일을 위한 일상 속 휴식 시간, 슬룸입니다.
진심어린 소중한 후기 감사합니다, 고객님💜

해당 부분과 관련하여 현재 내부적으로 개선할 수 있는 방안을 마련하고 있습니다.
빠르게 개선하여 고객님에게 더 좋은 상품을 제공드릴 수 있도록 하겠습니다.

앞으로도 좋은 상품과 서비스로 고객님들께 찾아뵐 수 있도록 노력하겠습니다.
감사합니다 :)"
117558,2026-07-17 12:13:58,2026-07-12 07:21:00,2026-07-14 16:14:04,받는날 바로 사용해보니 다음날 발바닥 화끈거리이 없어져 주위에 추천했어요,,,757,★최대할인 비밀링크★ 발편한케어 프리미엄 발 마사지기,89000,"사이즈선택: M (220 - 270mm), 수량선택: 발편한케어 1개",기존리뷰,5,,1,0,1,"안녕하세요. 프리미엄 헬스테크 브랜드, 슬룸입니다.
시간 내어 소중한 후기를 작성해 주셔서 감사드립니다. :)

믿고 찾는 쇼핑몰이 되기 위해 더 좋은 상품과 서비스를 준비하겠습니다.
감사합니다. 💜"
117559,2026-07-17 12:23:42,2026-07-11 01:01:10,2026-07-14 18:54:39,바디라인이 좋아지는것 같아요^^,,,1008,★최대할인 비밀링크★ 바디 풀고컷 경락 마사지기,89900,수량선택: 바디 풀고컷 1개 (트리플 샷 시너지 젤 1개 증정),기존리뷰,5,,0,0,1,"안녕하세요. 프리미엄 헬스테크 브랜드, 슬룸입니다.
정성스럽게 올려주신 소중한 후기 감사합니다. 💜

고객님의 목소리로 더 발전하는 슬룸이 되도록 노력하겠습니다.
감사합니다. 🙇‍♀️"
117560,2026-07-17 13:48:14,2026-07-12 20:14:10,2026-07-14 16:14:27,잘 사용하고 있어요.,,,376,허리편한케어 V1 전용 케이블,5000,,기존리뷰,5,,0,0,1,"안녕하세요. 프리미엄 헬스테크 브랜드, 슬룸입니다.
진심 어린 소중한 후기 감사합니다. 💜

앞으로도 좋은 상품과 서비스로 고객님들을 찾아뵐 수 있도록 노력하겠습니다.
감사합니다. :)"
117561,2026-07-17 14:51:15,2026-07-09 18:33:00,2026-07-12 17:05:02,"​평소에 손을 많이 쓰거나 운동을 자주 해서 팔꿈치 안쪽이 늘 시큰거렸는데, '프리미엄 엘보케어' 덕분에 요즘 살 것 같습니다.
​밀착감과 착용감: 벨크로 스트랩이 튼튼해서 제 팔 사이즈에 딱 맞게 고정됩니다. 마사지기 작동하는 동안 압이 밀리지 않고 꽉 잡아주는 느낌이 아주 좋습니다.
​시원한 공기압&진동: 단순한 진동이 아니라 꼼꼼하게 지압해 주는 느낌이라 정말 시원합니다. 단계 조절이 가능해서 그날그날 컨디션에 맞춰서 쓰고 있어요.
​온열 기능 탑재: 따뜻한 온열 기능이 신의 한 수네요. 뜨끈하게 지져주면서 마사지를 받으니까 피로가 두 배는 더 빨리 풀리는 기분입니다",,,980,프리미엄 엘보케어 팔꿈치 마사지기,149000,수량선택: 팔꿈치 마사지기 1개,기존리뷰,5,,0,0,1,"안녕하세요. 프리미엄 헬스테크 브랜드, 슬룸입니다.
시간 내어 소중한 후기를 작성해 주셔서 감사드립니다. :)

믿고 찾는 쇼핑몰이 되기 위해 더 좋은 상품과 서비스를 준비하겠습니다.
감사합니다. 💜"
117562,2026-07-17 15:35:00,2026-07-04 18:35:30,2026-07-07 10:42:48,부모님 혼자 끼우기 힘들어하시긴하는데 할땐 시원하다고하세요..효과는 조금더 사용해봐야될것같아요,,,980,프리미엄 엘보케어 팔꿈치 마사지기,149000,수량선택: 팔꿈치 마사지기 1개,기존리뷰,5,,0,0,1,"안녕하세요. 프리미엄 헬스테크 브랜드, 슬룸입니다.
진심 어린 소중한 후기 감사합니다. 💜

앞으로도 좋은 상품과 서비스로 고객님들을 찾아뵐 수 있도록 노력하겠습니다.
감사합니다. :)"
117563,2026-07-17 15:41:18,2026-07-13 13:37:30,2026-07-14 18:46:16,"자기전에 2.30분 마사지하고자면 딥슬림이에요.

간편하고좋아요",,,909,목 마사지 베개 V2 경추 마사지기 베개,112000,수량선택: 목 마사지 베개 V2 1개 (마그네슘 시너지 크림 1개 증정),기존리뷰,5,,0,0,1,"안녕하세요. 프리미엄 헬스테크 브랜드, 슬룸입니다.
정성스럽게 올려주신 소중한 후기 감사합니다. 💜

고객님의 목소리로 더 발전하는 슬룸이 되도록 노력하겠습니다.
감사합니다. 🙇‍♀️"
117564,2026-07-17 17:02:50,2026-07-13 09:14:35,2026-07-14 23:06:04,잘때 편하게 잘수있어서..너무좋아요,,,909,목 마사지 베개 V2 경추 마사지기 베개,112000,수량선택: 목 마사지 베개 V2 1개,기존리뷰,4,,0,0,1,"안녕하세요. 프리미엄 헬스테크 브랜드, 슬룸입니다.
정성스럽게 올려주신 소중한 후기 감사합니다. 💜

고객님의 목소리로 더 발전하는 슬룸이 되도록 노력하겠습니다.
감사합니다. 🙇‍♀️"
117565,2026-07-17 17:04:30,2026-07-04 16:51:40,2026-07-07 10:42:41,시원하고 기분도 좋네요,,,1003,바디풀고컷 경락 마사지기,99000,수량선택: 바디 풀고컷 1개 (트리플 샷 시너지 젤 1개 증정),기존리뷰,5,,0,0,1,"안녕하세요. 프리미엄 헬스테크 브랜드, 슬룸입니다.
시간 내어 소중한 후기를 작성해 주셔서 감사드립니다. :)

믿고 찾는 쇼핑몰이 되기 위해 더 좋은 상품과 서비스를 준비하겠습니다.
감사합니다. 💜"
117566,2026-07-17 17:44:53,2026-06-13 22:34:10,2026-06-16 14:08:24,할때는 몰랐는데 막상 하고 나니깐 목 불편함이 많이 줄었슺니다,,,291,목베개 플러스 경추 목 마사지기 베개,91000,수량선택: 목베개 플러스 1개 (허리베개 1개 증정),기존리뷰,5,,0,0,1,"안녕하세요. 프리미엄 헬스테크 브랜드, 슬룸입니다.
정성스럽게 올려주신 소중한 후기 감사합니다. 💜

고객님의 목소리로 더 발전하는 슬룸이 되도록 노력하겠습니다.
감사합니다. 🙇‍♀️"
117567,2026-07-17 17:51:04,2026-05-28 20:53:25,2026-05-30 13:38:57,"어머니와 번갈아가며 자주 쓰는 편입니다.
근데 벨크로 접착력이 너무 안 좋아요. 압력이 가해지는 마사지기인데 처음 접착부터 떨어지고, 결국은 세팅후 맞춰 당겨 붙인후 떨어지지 않게 잡고 사용합니다. 광고처럼 사용중 팔로 다른 일 못합니다. 진심 구매 말리고 싶어요. 개발 단계에서 내구성 테스트 한건지 의문이 드네요. 시급히 개선품 나오길 바랍니다. 통증에 효과는 충분히 있습니다만 이 사용 불편함이 처음 만족감을 다 깎아먹었어요",,,980,프리미엄 엘보케어 팔꿈치 마사지기,149000,수량선택: 데일리 릴렉스 세트 (팔꿈치 마사지기 + 마그네슘 시너지 크림),기존리뷰,3,,0,0,1,"안녕하세요, 더 나은 내일을 위한 일상 속 휴식 시간, 슬룸입니다.
진심어린 소중한 후기 감사합니다, 고객님💜

해당 부분과 관련하여 현재 내부적으로 개선할 수 있는 방안을 마련하고 있습니다.
빠르게 개선하여 고객님에게 더 좋은 상품을 제공드릴 수 있도록 하겠습니다.

앞으로도 좋은 상품과 서비스로 고객님들께 찾아뵐 수 있도록 노력하겠습니다.
감사합니다 :)"
117568,2026-07-17 18:06:08,2026-07-15 09:40:55,2026-07-16 16:18:35,잘사용할게요 조으네요,,,1034,★타노스X슬룸 히든 특가★ 프리미엄 엘보케어 팔꿈치 마사지기,149000,수량선택: 근성장 시너지 세트 (팔꿈치 마사지기 + 마그네슘 시너지 크림),기존리뷰,5,,1,0,1,"안녕하세요. 프리미엄 헬스테크 브랜드, 슬룸입니다.
정성스럽게 올려주신 소중한 후기 감사합니다. 💜

고객님의 목소리로 더 발전하는 슬룸이 되도록 노력하겠습니다.
감사합니다. 🙇‍♀️"
117569,2026-07-17 18:19:12,2026-07-13 08:54:55,2026-07-14 21:13:42,너무 잘 이용하고 있습니다. 시원하고 좋아요.,,,909,목 마사지 베개 V2 경추 마사지기 베개,112000,수량선택: 목 마사지 베개 V2 1개,기존리뷰,5,,1,0,1,"안녕하세요. 프리미엄 헬스테크 브랜드, 슬룸입니다.
시간 내어 소중한 후기를 작성해 주셔서 감사드립니다. :)

믿고 찾는 쇼핑몰이 되기 위해 더 좋은 상품과 서비스를 준비하겠습니다.
감사합니다. 💜"
117570,2026-07-17 20:14:35,2026-04-25 09:35:30,2026-04-28 17:44:00,잘 때 허리에 받치고 있어요,,,39,허리베개 허리 편안 베개,43800,수량선택: 허리베개 2개,기존리뷰,4,,0,0,1,"안녕하세요. 프리미엄 헬스테크 브랜드, 슬룸입니다.
정성스럽게 올려주신 소중한 후기 감사합니다. 💜

고객님의 목소리로 더 발전하는 슬룸이 되도록 노력하겠습니다.
감사합니다. 🙇‍♀️"
117571,2026-07-17 20:31:16,2026-06-29 18:34:35,2026-07-01 16:12:58,목이 편한하고 부드럽게 늘려주네요,,,724,★최대할인 비밀링크★ 목베개 플러스 특가,69000,수량선택: 목베개 플러스 1개,기존리뷰,5,,0,0,1,"안녕하세요. 프리미엄 헬스테크 브랜드, 슬룸입니다.
진심 어린 소중한 후기 감사합니다. 💜

앞으로도 좋은 상품과 서비스로 고객님들을 찾아뵐 수 있도록 노력하겠습니다.
감사합니다. :)"
117572,2026-07-17 21:26:51,2026-06-29 13:14:10,2026-06-30 13:43:22,좋아요 다만 아쉬운점은 소음이 좀 커요 ㅠㅠ 진동은 쇼파도 침대도 울려요 ㅠㅠ 밤엔 못하겠어요 머리에 대고 하는거니까 내 귀에 소리가 좀 커요 ^^;; 근데 하기만하면 코곯고자요 ㅠㅠ 편하다는거겠죠?? 엄마하나 더 사드리려구요~~,,,724,★최대할인 비밀링크★ 목베개 플러스 특가,69000,수량선택: 목베개 플러스 1개,기존리뷰,5,,1,0,1,"안녕하세요. 프리미엄 헬스테크 브랜드, 슬룸입니다.
정성스럽게 올려주신 소중한 후기 감사합니다. 💜

고객님의 목소리로 더 발전하는 슬룸이 되도록 노력하겠습니다.
감사합니다. 🙇‍♀️"
117573,2026-07-18 08:15:36,2026-07-15 09:45:39,2026-07-17 14:04:16,"물리치료받으러갈필요없어요
간편히 집에서티비보고 
편하고 좋아요  잘써볼게요",93f9b90b76f2,,980,프리미엄 엘보케어 팔꿈치 마사지기,149000,수량선택: 데일리 릴렉스 세트 (팔꿈치 마사지기 + 마그네슘 시너지 크림),모바일,5,동영상 리뷰,1,1,1,"안녕하세요. 프리미엄 헬스테크 브랜드, 슬룸입니다.
시간 내어 소중한 후기를 작성해 주셔서 감사드립니다. :)

믿고 찾는 쇼핑몰이 되기 위해 더 좋은 상품과 서비스를 준비하겠습니다.
감사합니다. 💜"
117574,2026-07-18 12:07:05,2026-07-05 20:02:58,2026-07-07 10:42:32,"체형이 하체비만 이어서 늘 붓기로 다리가 뚱뚱해 보였는데
 바디풀고컷으로 요즘 마사지 하는게 즐겁습니다 ♡

일단 너무 시원하구요~

하고나면 붓기 빠지는게 눈에 보입니다.
기상후 취침전 하게 됩니다♡

요즘 제 애정템 이예요.

정말 피부 , 건강 기계 사놓고 안 쓰는게 천진데

풀고컷은 계속 씁니다♡

사세요~~~~ 후회 않 하십니다.

팔뚝, 허벅지, 종아리~~~~~  계속 문지르게 되네요~

너무 좋아요~

이 기계가 너무 좋아서 다른것도 둘러보고 있네요.
기술력에 무한 신뢰가 ❤️ ❤️  ❤️

가성비 좋은 마시지 기계를 만들어 주셔서 너무 감사드립니다 ~~~~~ 😀",f1dd4e3f4241,,1003,바디풀고컷 경락 마사지기,99000,수량선택: 바디 풀고컷 1개 (트리플 샷 시너지 젤 1개 증정),반응형(내리뷰),5,,0,0,1,"안녕하세요. 프리미엄 헬스테크 브랜드, 슬룸입니다.
정성스럽게 올려주신 소중한 후기 감사합니다. 💜

고객님의 목소리로 더 발전하는 슬룸이 되도록 노력하겠습니다.
감사합니다. 🙇‍♀️"
117575,2026-07-18 12:12:23,2026-07-13 10:51:40,2026-07-14 18:46:07,제품평 일단 만족합니다 저와 와이프가 엘보가 있어 다른 제품을 먼저 구매했는대 핫** 이제품은 일단 소리가 너무 큽니다 EMS모드도 1가지 선택이 안됩니다 반면 이제품은 소음이 전혀 없습니다 저녁에 침대 누워서 해도 소음이 없어서 마사지 하다 잠들때도 있습니다 그리고 EMS 모드 선택이 있어좋았습니다 단점으로 충전에 비해 사용시간이 짧다는 분이 많은데 이건 다른 제품도 마찬가지 입니다 아쉬운건 벨크로가 짧다는 리뷰가 많은데 이건 저도 공감 합니다 와이프가 하기는 괜찮은데 남자인 제가 하기는 좀 짧은 감이 있는데 왜 개선을 안하는지 모르겠습니다 ,994e61cb8a24,,980,프리미엄 엘보케어 팔꿈치 마사지기,149000,수량선택: 데일리 릴렉스 세트 (팔꿈치 마사지기 + 마그네슘 시너지 크림),모바일(팝업),4,,1,0,1,"안녕하세요, 더 나은 내일을 위한 일상 속 휴식 시간, 슬룸입니다.
진심어린 소중한 후기 감사합니다, 고객님💜

해당 부분과 관련하여 현재 내부적으로 개선할 수 있는 방안을 마련하고 있습니다.
빠르게 개선하여 고객님에게 더 좋은 상품을 제공드릴 수 있도록 하겠습니다.

앞으로도 좋은 상품과 서비스로 고객님들께 찾아뵐 수 있도록 노력하겠습니다.
감사합니다 :)"
117576,2026-07-18 05:39:23,2026-07-09 07:29:10,2026-07-10 13:42:05,3일째 사용중입니다..허리협착증으로 스트레칭을 매일 하기가 잘 안되더라구요..구입후 여러가지 기능으로 해보고 있어요..좀더 사용을 해봐야 알수있을것같습니다,,,636,허리편한케어 V2 허리 마사지기,131000,수량선택: 허리편한케어 V2 1개 (허리베개 1개 증정),기존리뷰,5,,0,0,1,"안녕하세요. 프리미엄 헬스테크 브랜드, 슬룸입니다.
시간 내어 소중한 후기를 작성해 주셔서 감사드립니다. :)

믿고 찾는 쇼핑몰이 되기 위해 더 좋은 상품과 서비스를 준비하겠습니다.
감사합니다. 💜"
117577,2026-07-18 10:25:39,2026-07-13 15:23:40,2026-07-15 16:11:47,"간편한 사용법과 효과가 끝내줍니다.
와이프가 자주 아파했는데 한번 사용하더니 아주 좋아합니다.",,,980,프리미엄 엘보케어 팔꿈치 마사지기,149000,수량선택: 팔꿈치 마사지기 1개,기존리뷰,5,,0,0,1,"안녕하세요. 프리미엄 헬스테크 브랜드, 슬룸입니다.
시간 내어 소중한 후기를 작성해 주셔서 감사드립니다. :)

믿고 찾는 쇼핑몰이 되기 위해 더 좋은 상품과 서비스를 준비하겠습니다.
감사합니다. 💜"
117578,2026-07-18 14:57:42,2026-06-26 17:58:40,2026-06-30 16:25:46,"온열과 에어가 좋은거 같아요
하지만 소음이 좀 심하네요
어깨. 목 통증이 심한데 꾸준히 써 볼께요",,,724,★최대할인 비밀링크★ 목베개 플러스 특가,69000,수량선택: 목베개 플러스 1개,기존리뷰,4,,0,0,1,"안녕하세요. 프리미엄 헬스테크 브랜드, 슬룸입니다.
시간 내어 소중한 후기를 작성해 주셔서 감사드립니다. :)

믿고 찾는 쇼핑몰이 되기 위해 더 좋은 상품과 서비스를 준비하겠습니다.
감사합니다. 💜"
117579,2026-07-18 19:04:30,2026-07-13 07:21:25,2026-07-14 21:08:03,그냥그래………………,,,924,발편한케어 프리미엄 EMS 발 마사지기,89000,"사이즈&세트선택: M (220-270mm), 수량선택: 발편한케어 1개",기존리뷰,4,,0,0,1,"안녕하세요. 프리미엄 헬스테크 브랜드, 슬룸입니다.
진심 어린 소중한 후기 감사합니다. 💜

앞으로도 좋은 상품과 서비스로 고객님들을 찾아뵐 수 있도록 노력하겠습니다.
감사합니다. :)"
117580,2026-07-18 20:58:30,2026-07-15 21:32:35,2026-07-17 16:13:13,팔꿈치통증때문에 소염제를 달고 살았는데 마사지를 해주니 통증이 많이 사라지네여 자주 쓸듯 해요,,,980,프리미엄 엘보케어 팔꿈치 마사지기,149000,수량선택: 데일리 릴렉스 세트 (팔꿈치 마사지기 + 마그네슘 시너지 크림),기존리뷰,5,,1,0,1,"안녕하세요. 프리미엄 헬스테크 브랜드, 슬룸입니다.
진심 어린 소중한 후기 감사합니다. 💜

앞으로도 좋은 상품과 서비스로 고객님들을 찾아뵐 수 있도록 노력하겠습니다.
감사합니다. :)"
117581,2026-07-18 21:59:43,2026-07-06 23:43:45,2026-07-08 16:16:57,손쉽게 할 수 있어서 좋아요,,,980,프리미엄 엘보케어 팔꿈치 마사지기,149000,수량선택: 팔꿈치 마사지기 1개,기존리뷰,5,,1,0,1,"안녕하세요. 프리미엄 헬스테크 브랜드, 슬룸입니다.
정성스럽게 올려주신 소중한 후기 감사합니다. 💜

고객님의 목소리로 더 발전하는 슬룸이 되도록 노력하겠습니다.
감사합니다. 🙇‍♀️"
117582,2026-07-18 22:48:39,2026-07-09 23:46:10,2026-07-11 16:16:31,좋은데 배터리가 너무 금방 떨어지는듯 ㅠㅠ,,,980,프리미엄 엘보케어 팔꿈치 마사지기,149000,수량선택: 데일리 릴렉스 세트 (팔꿈치 마사지기 + 마그네슘 시너지 크림),기존리뷰,5,,1,0,1,"안녕하세요. 프리미엄 헬스테크 브랜드, 슬룸입니다.
시간 내어 소중한 후기를 작성해 주셔서 감사드립니다. :)

믿고 찾는 쇼핑몰이 되기 위해 더 좋은 상품과 서비스를 준비하겠습니다.
감사합니다. 💜"
117583,2026-07-18 22:51:23,2026-06-12 21:31:30,2026-06-16 13:46:09,"경추배개 고민이신분들 추천합니다.
여러개 사용해봤는데 제일좋습니다~^^",,,909,목 마사지 베개 V2 경추 마사지기 베개,112000,수량선택: 목 마사지 베개 V2 1개 (허리베개 1개 증정),기존리뷰,5,,0,0,1,"안녕하세요. 프리미엄 헬스테크 브랜드, 슬룸입니다.
진심 어린 소중한 후기 감사합니다. 💜

앞으로도 좋은 상품과 서비스로 고객님들을 찾아뵐 수 있도록 노력하겠습니다.
감사합니다. :)"
117584,2026-07-19 13:16:44,2026-07-15 10:52:40,2026-07-16 16:08:48,골반이 많이 안좋은데 안자있으면 안마도되고 골반도 조여주고 따뜻하기까지. 너무 잘샀습ㄴㄱ다,3ceff6793f11,,966,골반 케어 프리미엄 골반 마사지기,191000,수량선택: 골반 마사지기 1개,모바일(팝업),5,,0,0,1,"안녕하세요. 프리미엄 헬스테크 브랜드, 슬룸입니다.
시간 내어 소중한 후기를 작성해 주셔서 감사드립니다. :)

믿고 찾는 쇼핑몰이 되기 위해 더 좋은 상품과 서비스를 준비하겠습니다.
감사합니다. 💜"
117585,2026-07-19 16:15:58,2026-07-14 08:34:18,2026-07-15 13:41:26,상품을 받은 후 며칠동안 사용중입니다.  아직은 허리에 되는지 잘 모르겠습니다. 상품의 설명대로 여러 기능을 조심스럽게 사용해보고 있습니다.,b8dafc33360b,,636,허리편한케어 V2 허리 마사지기,131000,쇼핑백 & 전용 어댑터 추가: 슬룸 USB 충전 어댑터 1개,모바일,5,,0,0,1,"안녕하세요. 프리미엄 헬스테크 브랜드, 슬룸입니다.
시간 내어 소중한 후기를 작성해 주셔서 감사드립니다. :)

믿고 찾는 쇼핑몰이 되기 위해 더 좋은 상품과 서비스를 준비하겠습니다.
감사합니다. 💜"
117586,2026-07-19 19:24:42,2026-07-15 22:49:31,2026-07-17 13:44:51,"심한  엘보로 엄청 고생중입니다.
어떤 치료를해도  효과가  없어서 그냥 포기싯ㆍ고  살려다 마지막으로  선택한 방법인데  정말 효과있어요",110a0e713da8,,980,프리미엄 엘보케어 팔꿈치 마사지기,149000,수량선택: 데일리 릴렉스 세트 (팔꿈치 마사지기 + 마그네슘 시너지 크림),모바일(팝업),5,,0,0,1,"안녕하세요. 프리미엄 헬스테크 브랜드, 슬룸입니다.
정성스럽게 올려주신 소중한 후기 감사합니다. 💜

고객님의 목소리로 더 발전하는 슬룸이 되도록 노력하겠습니다.
감사합니다. 🙇‍♀️"
117587,2026-07-19 09:21:09,2026-07-03 05:08:10,2026-07-04 18:36:39,쓸만해요 ㅎㅎㅎ 베터리가 조금 빨리 닳는게 약간흠...,,,1012,[태국박서방TV x 슬룸] 구독자 전용 ★최저가★ 비밀링크,99000,수량선택: 발편한케어 L 1개,기존리뷰,3,,0,0,1,"안녕하세요. 프리미엄 헬스테크 브랜드, 슬룸입니다.
진심 어린 소중한 후기 감사합니다. 💜

앞으로도 좋은 상품과 서비스로 고객님들을 찾아뵐 수 있도록 노력하겠습니다.
감사합니다. :)"
117588,2026-07-19 09:58:08,2026-06-19 12:52:15,2026-06-20 13:41:08,좋습니다.추천합니다,,,980,프리미엄 엘보케어 팔꿈치 마사지기,149000,수량선택: 팔꿈치 마사지기 1개,기존리뷰,5,,0,0,1,"안녕하세요. 프리미엄 헬스테크 브랜드, 슬룸입니다.
시간 내어 소중한 후기를 작성해 주셔서 감사드립니다. :)

믿고 찾는 쇼핑몰이 되기 위해 더 좋은 상품과 서비스를 준비하겠습니다.
감사합니다. 💜"
117589,2026-07-19 11:32:11,2026-07-15 02:26:40,2026-07-16 13:49:04,저아요좋아요좋아요구,,,724,★최대할인 비밀링크★ 목베개 플러스 특가,69000,수량선택: 목베개 플러스 1개,기존리뷰,5,,0,0,1,"안녕하세요. 프리미엄 헬스테크 브랜드, 슬룸입니다.
시간 내어 소중한 후기를 작성해 주셔서 감사드립니다. :)

믿고 찾는 쇼핑몰이 되기 위해 더 좋은 상품과 서비스를 준비하겠습니다.
감사합니다. 💜"
117590,2026-07-19 11:59:46,2026-06-28 12:35:40,2026-06-30 21:11:04,잘 사용하고있습니다.,,,980,프리미엄 엘보케어 팔꿈치 마사지기,149000,수량선택: 데일리 릴렉스 세트 (팔꿈치 마사지기 + 마그네슘 시너지 크림),기존리뷰,4,,0,0,1,"안녕하세요. 프리미엄 헬스테크 브랜드, 슬룸입니다.
진심 어린 소중한 후기 감사합니다. 💜

앞으로도 좋은 상품과 서비스로 고객님들을 찾아뵐 수 있도록 노력하겠습니다.
감사합니다. :)"
117591,2026-07-19 12:15:00,2026-07-15 07:55:55,2026-07-16 18:35:21,기능 마음에 들고 좋아요. 다만 찍찍이가 좀 약한 편이에요.,,,980,프리미엄 엘보케어 팔꿈치 마사지기,149000,수량선택: 팔꿈치 마사지기 1개,기존리뷰,4,,1,0,1,"안녕하세요, 더 나은 내일을 위한 일상 속 휴식 시간, 슬룸입니다.
진심어린 소중한 후기 감사합니다, 고객님💜

해당 부분과 관련하여 현재 내부적으로 개선할 수 있는 방안을 마련하고 있습니다.
빠르게 개선하여 고객님에게 더 좋은 상품을 제공드릴 수 있도록 하겠습니다.

앞으로도 좋은 상품과 서비스로 고객님들께 찾아뵐 수 있도록 노력하겠습니다.
감사합니다 :)"
117592,2026-07-19 14:40:07,2026-06-22 16:27:50,2026-06-24 16:10:54,"빠른 배송, 성능도 좋네요 ㅎㅎ",,,909,목 마사지 베개 V2 경추 마사지기 베개,112000,수량선택: 목 마사지 베개 V2 1개,기존리뷰,5,,1,0,1,"안녕하세요. 프리미엄 헬스테크 브랜드, 슬룸입니다.
정성스럽게 올려주신 소중한 후기 감사합니다. 💜

고객님의 목소리로 더 발전하는 슬룸이 되도록 노력하겠습니다.
감사합니다. 🙇‍♀️"
117593,2026-07-19 16:04:38,2026-07-14 15:30:25,2026-07-16 16:08:10,성능 좋고 제품 마감이 좋아요,,,980,프리미엄 엘보케어 팔꿈치 마사지기,149000,수량선택: 데일리 릴렉스 세트 (팔꿈치 마사지기 + 마그네슘 시너지 크림),기존리뷰,5,,1,0,1,"안녕하세요. 프리미엄 헬스테크 브랜드, 슬룸입니다.
시간 내어 소중한 후기를 작성해 주셔서 감사드립니다. :)

믿고 찾는 쇼핑몰이 되기 위해 더 좋은 상품과 서비스를 준비하겠습니다.
감사합니다. 💜"
117594,2026-07-19 16:04:42,2026-07-11 17:13:40,2026-07-15 20:06:31,"여윽시 과장광고... 100개 한정은 맨날이네... 마사지 전혀 시원하지 않음. 목은 편한가하면 그건 아직 효과를 모르겠음. 현재는 불편함. 며칠 더 써봐야 목, 어깨 상태변화를 알 수 있을 듯. 후기보고 함 질러봤는데 음... 그닥...",,,724,★최대할인 비밀링크★ 목베개 플러스 특가,69000,수량선택: 목베개 플러스 1개,기존리뷰,2,,1,0,1,"안녕하세요 고객님, 프리미엄 헬스테크 브랜드, 슬룸입니다.
고객님께 만족스러운 경험을 드리지 못해 대단히 죄송합니다.😥

슬룸의 모든 제품은 인체공학적으로 설계되어 편안한 사용이 가능하나 초기 사용 시 1~2주 이상의 적응 기간이 필요할 수 있습니다. 
다만 수령하신 날짜 기준으로 30일 동안 꾸준히 사용해보시고도 만족하지 못하셨을 경우에는, 슬룸에서 진행하는 <100%환불이벤트> 에 참여하여 왕복배송비 제외 전액 환불이 가능합니다.

※ 제품을 30일간 꾸준히 사용한 경우, 배송완료 후 40일이내 신청이 가능
※ 환불 서비스는 첫 구매 체험을 위한 서비스로 1회만 신청 가능

▶ <100% 환불 이벤트> 상세 환불 조건 : https://sleeplab.co.kr/notice/?page=1#13709226_notice 

슬룸을 믿고 편하게 사용 및 체험해보시고, 그럼에도 만족하시지 못하셨을 경우 슬룸 공식몰의 채널톡을 통해 이벤트 기간 내 문의 주시면 환불 접수 도움드리겠습니다."
117595,2026-07-19 16:14:55,2026-06-18 18:08:55,2026-06-20 16:13:23,오 생각보다 아침에일언ㄹ때 개운해요 근데여 으로 눕는습관이있어서 잠들기까지가 좀 힘드네요 ㅠㅠㅠ그래두 아침에일어나서 목 어깨 승모근 하나도안아픈게 최고네요,,,909,목 마사지 베개 V2 경추 마사지기 베개,112000,수량선택: 목 마사지 베개 V2 1개,기존리뷰,5,,0,0,1,"안녕하세요. 프리미엄 헬스테크 브랜드, 슬룸입니다.
진심 어린 소중한 후기 감사합니다. 💜

앞으로도 좋은 상품과 서비스로 고객님들을 찾아뵐 수 있도록 노력하겠습니다.
감사합니다. :)"
117596,2026-07-19 16:52:55,2026-06-16 13:58:50,2026-06-17 13:41:54,목 주변 시원하게 마사지됩니다.,,,909,목 마사지 베개 V2 경추 마사지기 베개,112000,수량선택: 목 마사지 베개 V2 1개,기존리뷰,5,,0,0,1,"안녕하세요. 프리미엄 헬스테크 브랜드, 슬룸입니다.
진심 어린 소중한 후기 감사합니다. 💜

앞으로도 좋은 상품과 서비스로 고객님들을 찾아뵐 수 있도록 노력하겠습니다.
감사합니다. :)"
117597,2026-07-19 17:22:44,2026-07-12 13:05:40,2026-07-16 13:05:03,남편이 매우 만족해합니다. 대신 혼자 착용하기 조금 불편하다고 하네요. 그래도 씩씩하게 합니다.,,,980,프리미엄 엘보케어 팔꿈치 마사지기,149000,수량선택: 팔꿈치 마사지기 1개,기존리뷰,5,,1,0,1,"안녕하세요. 프리미엄 헬스테크 브랜드, 슬룸입니다.
정성스럽게 올려주신 소중한 후기 감사합니다. 💜

고객님의 목소리로 더 발전하는 슬룸이 되도록 노력하겠습니다.
감사합니다. 🙇‍♀️"
117598,2026-07-19 17:37:26,2026-06-19 00:04:25,2026-06-20 13:45:51,실 사용 진짜 만족스럽습니다 오랜만에 제값하는 제품산 기분!,,,980,프리미엄 엘보케어 팔꿈치 마사지기,149000,수량선택: 팔꿈치 마사지기 1개,기존리뷰,5,,0,0,1,"안녕하세요. 프리미엄 헬스테크 브랜드, 슬룸입니다.
진심 어린 소중한 후기 감사합니다. 💜

앞으로도 좋은 상품과 서비스로 고객님들을 찾아뵐 수 있도록 노력하겠습니다.
감사합니다. :)"
117599,2026-07-19 17:42:33,2026-07-13 19:49:55,2026-07-15 16:11:54,최곤데 찍찍이가 더 길었으면 좋겠어요~~,,,980,프리미엄 엘보케어 팔꿈치 마사지기,149000,수량선택: 팔꿈치 마사지기 1개,기존리뷰,5,,0,0,1,"안녕하세요, 더 나은 내일을 위한 일상 속 휴식 시간, 슬룸입니다.
진심어린 소중한 후기 감사합니다, 고객님💜

해당 부분과 관련하여 현재 내부적으로 개선할 수 있는 방안을 마련하고 있습니다.
빠르게 개선하여 고객님에게 더 좋은 상품을 제공드릴 수 있도록 하겠습니다.

앞으로도 좋은 상품과 서비스로 고객님들께 찾아뵐 수 있도록 노력하겠습니다.
감사합니다 :)"
117600,2026-07-20 06:23:07,2026-07-07 06:08:15,2026-07-08 18:39:13,좋아요 전기오르는 느낌,,,924,발편한케어 프리미엄 EMS 발 마사지기,89000,"사이즈&세트선택: M (220-270mm), 수량선택: 발편한케어 1개",기존리뷰,4,,1,0,1,"안녕하세요. 프리미엄 헬스테크 브랜드, 슬룸입니다.
진심 어린 소중한 후기 감사합니다. 💜

앞으로도 좋은 상품과 서비스로 고객님들을 찾아뵐 수 있도록 노력하겠습니다.
감사합니다. :)"
117601,2026-07-20 07:38:22,2026-06-14 22:39:45,2026-06-17 17:09:30,"사용하기는 편리하고 푹신해서 좋은데 제대로 사용을 못하고있는건지 효과는 잘 모르겠습니다.
허리쿠션은 허리가 뻐근할때 누워서 사용하면 좀 편해집니다",,,909,목 마사지 베개 V2 경추 마사지기 베개,112000,수량선택: 목 마사지 베개 V2 1개 (허리베개 1개 증정),기존리뷰,4,,0,0,1,"안녕하세요. 프리미엄 헬스테크 브랜드, 슬룸입니다.
시간 내어 소중한 후기를 작성해 주셔서 감사드립니다. :)

믿고 찾는 쇼핑몰이 되기 위해 더 좋은 상품과 서비스를 준비하겠습니다.
감사합니다. 💜"
117602,2026-07-20 09:33:15,2026-07-07 12:34:25,2026-07-08 18:40:41,혼자하기에는 불편한데 시원하긴 합니다.,,,1003,바디풀고컷 경락 마사지기,99000,수량선택: 바디 풀고컷 1개 (트리플 샷 시너지 젤 1개 증정),기존리뷰,5,,1,0,1,"안녕하세요. 프리미엄 헬스테크 브랜드, 슬룸입니다.
정성스럽게 올려주신 소중한 후기 감사합니다. 💜

고객님의 목소리로 더 발전하는 슬룸이 되도록 노력하겠습니다.
감사합니다. 🙇‍♀️"
117603,2026-07-20 10:10:26,2026-07-13 09:39:20,2026-07-14 16:16:13,엘보에ㅠ효과 있네요 잘 사용하고 있습니다,,,980,프리미엄 엘보케어 팔꿈치 마사지기,149000,수량선택: 팔꿈치 마사지기 1개,기존리뷰,5,,0,0,1,"안녕하세요. 프리미엄 헬스테크 브랜드, 슬룸입니다.
시간 내어 소중한 후기를 작성해 주셔서 감사드립니다. :)

믿고 찾는 쇼핑몰이 되기 위해 더 좋은 상품과 서비스를 준비하겠습니다.
감사합니다. 💜"
117604,2026-07-20 10:15:23,2026-07-02 20:00:25,2026-07-04 16:08:05,남편이 시원하다고 넘 좋아합니다,,,924,발편한케어 프리미엄 EMS 발 마사지기,89000,"사이즈&세트선택: M (220-270mm), 수량선택: 발편한케어 1개",기존리뷰,5,,0,0,1,"안녕하세요. 프리미엄 헬스테크 브랜드, 슬룸입니다.
정성스럽게 올려주신 소중한 후기 감사합니다. 💜

고객님의 목소리로 더 발전하는 슬룸이 되도록 노력하겠습니다.
감사합니다. 🙇‍♀️"
117605,2026-07-20 10:37:18,2026-07-15 23:15:40,2026-07-17 13:45:41,사이드쪽의 높이가 좀더 높았으면 허리를 더 잘 잡아줄수 있을거 같은데 강도를 높이면 옆쪽 에어가 이탈하는 현상이 생깁니다 그점이 좀  아쉽네요,,,966,골반 케어 프리미엄 골반 마사지기,191000,수량선택: 골반 마사지기 1개,기존리뷰,4,,0,0,1,"안녕하세요. 프리미엄 헬스테크 브랜드, 슬룸입니다.
고객님께 만족스러운 경험을 드리지 못해 대단히 죄송합니다. 😥

리뷰로는 상세한 안내가 어려워, 자세한 내용 알림톡(문자) 발송 도와드렸으니 확인 부탁드리겠습니다.
추가로 궁금하신 점이 있으시거나 문자 확인하신 후에도 해결되지 않는 경우
번거로우시겠지만 슬룸 채팅 상담을 통해 연락 주시면 빠르게 안내 도와드리겠습니다.

▶ 슬룸 채팅 상담 (※ 월-목 09:30-17:00, 금 09:30-16:00, 주말 및 공휴일 휴무)
http://sloom.channel.io/

고객님의 목소리로 더 발전하는 슬룸이 되도록 노력하겠습니다. 감사합니다."
117606,2026-07-20 11:25:37,2026-07-16 12:12:00,2026-07-17 16:09:02,"육아하느라 버섯목 굽은등 목 너무 아파요 
베개 알아보고있었는데 마사지까지 되는게 좋아요 

커버 세탁후 입히는데 조금 어려웠어요 각 잡기가 힘들 수 있어요 
마사지는 사람손만큼은 아니에요 
진동은 목에 하면 위험하다고 알고 있어서 안하고 있습니다 

마사지는 그냥 그럭저럭 
그냥베개+휴식차원 마사지를 원하신다면 
구매 추천입니다",,,909,목 마사지 베개 V2 경추 마사지기 베개,112000,수량선택: 목 마사지 베개 V2 1개 (마그네슘 시너지 크림 1개 증정),기존리뷰,5,,0,0,1,"안녕하세요. 프리미엄 헬스테크 브랜드, 슬룸입니다.
정성스럽게 올려주신 소중한 후기 감사합니다. 💜

고객님의 목소리로 더 발전하는 슬룸이 되도록 노력하겠습니다.
감사합니다. 🙇‍♀️"
117607,2026-07-20 11:36:11,2026-07-16 14:16:30,2026-07-17 16:12:16,광고많이 봤서 구매했는데 광고처럼 큰효과는 없는거 같아요^^,,,1033,[신금동x슬룸] 최저가 마켓 OPEN,79000,수량선택: ★최저가★ 경추 마사지 베개 V2 1개 + (증정) 마그네슘 크림 1개,기존리뷰,4,,0,0,1,"안녕하세요 고객님, 프리미엄 헬스테크 브랜드, 슬룸입니다.
고객님께 만족스러운 경험을 드리지 못해 대단히 죄송합니다.😥

슬룸의 모든 제품은 인체공학적으로 설계되어 편안한 사용이 가능하나 초기 사용 시 1~2주 이상의 적응 기간이 필요할 수 있습니다. 
다만 수령하신 날짜 기준으로 30일 동안 꾸준히 사용해보시고도 만족하지 못하셨을 경우에는, 슬룸에서 진행하는 <100%환불이벤트> 에 참여하여 왕복배송비 제외 전액 환불이 가능합니다.

※ 제품을 30일간 꾸준히 사용한 경우, 배송완료 후 40일이내 신청이 가능
※ 환불 서비스는 첫 구매 체험을 위한 서비스로 1회만 신청 가능

▶ <100% 환불 이벤트> 상세 환불 조건 : https://sleeplab.co.kr/notice/?page=1#13709226_notice 

슬룸을 믿고 편하게 사용 및 체험해보시고, 그럼에도 만족하시지 못하셨을 경우 슬룸 공식몰의 채널톡을 통해 이벤트 기간 내 문의 주시면 환불 접수 도움드리겠습니다."
117608,2026-07-20 12:27:26,2026-07-13 10:05:30,2026-07-14 13:41:19,목이 펴지긴 합니다,,,909,목 마사지 베개 V2 경추 마사지기 베개,112000,수량선택: 목 마사지 베개 V2 1개,기존리뷰,5,,0,0,1,"안녕하세요. 프리미엄 헬스테크 브랜드, 슬룸입니다.
시간 내어 소중한 후기를 작성해 주셔서 감사드립니다. :)

믿고 찾는 쇼핑몰이 되기 위해 더 좋은 상품과 서비스를 준비하겠습니다.
감사합니다. 💜"
117609,2026-07-20 16:53:02,2026-07-15 20:42:20,2026-07-17 13:45:37,먼저 허리에 강하게 잡아주는느낌이좋네요..사용하기편하고 충전식으로 엄청난힘으로 맛사지를해주니깐좋아요..몸무게가84키로인데 아주괜찮아요,,,636,허리편한케어 V2 허리 마사지기,131000,수량선택: 허리편한케어 V2 1개 (마그네슘 시너지 크림 1개 증정),기존리뷰,5,,0,0,1,"안녕하세요. 프리미엄 헬스테크 브랜드, 슬룸입니다.
시간 내어 소중한 후기를 작성해 주셔서 감사드립니다. :)

믿고 찾는 쇼핑몰이 되기 위해 더 좋은 상품과 서비스를 준비하겠습니다.
감사합니다. 💜"
117610,2026-07-20 17:50:14,2026-07-05 18:03:05,2026-07-07 10:43:29,좋어요시원하고또구매할게요,,,980,프리미엄 엘보케어 팔꿈치 마사지기,149000,수량선택: 팔꿈치 마사지기 1개,기존리뷰,5,,0,0,1,"안녕하세요. 프리미엄 헬스테크 브랜드, 슬룸입니다.
시간 내어 소중한 후기를 작성해 주셔서 감사드립니다. :)

믿고 찾는 쇼핑몰이 되기 위해 더 좋은 상품과 서비스를 준비하겠습니다.
감사합니다. 💜"
117611,2026-07-20 18:31:54,2026-07-09 15:32:05,2026-07-11 13:47:08,대체로 좋은데 고정 시 접착력이 떨어져 사용중에 아랫쪽이 풀어져 다시 부착을 반복해야 하는 문제가 있습니다.,,,980,프리미엄 엘보케어 팔꿈치 마사지기,149000,수량선택: 데일리 릴렉스 세트 (팔꿈치 마사지기 + 마그네슘 시너지 크림),기존리뷰,1,,0,0,1,"안녕하세요, 더 나은 내일을 위한 일상 속 휴식 시간, 슬룸입니다.
진심어린 소중한 후기 감사합니다, 고객님💜

해당 부분은 현재 슬룸에서 인지하고 있는 부분으로 더 나은 제품을 고객님들에게 제공하기 위해 방안을 마련 중에 있습니다. 곧 좋은 소식으로 고객님들에게 선보일 수 있도록 하겠습니다.

앞으로도 좋은 상품과 서비스로 고객님들께 찾아뵐 수 있도록 노력하겠습니다.
감사합니다 :)"
117612,2026-07-20 19:49:15,2026-07-08 16:08:00,2026-07-10 16:13:04,"족저큰막염이 심해서
지인소개로 구매하게되얻사용준인데..
병원가면 고주파치료 기본5만원인데..
집에서 할수있고
마사지하면
좋은것같아요-
꾸준히 사용해보려구요~",,,874,발편한케어 프리미엄 고주파 발 마사지기,91000,"사이즈&세트선택: M (220-270mm), 수량선택: 발편한케어 1개",기존리뷰,4,,0,0,1,"안녕하세요. 프리미엄 헬스테크 브랜드, 슬룸입니다.
진심 어린 소중한 후기 감사합니다. 💜

앞으로도 좋은 상품과 서비스로 고객님들을 찾아뵐 수 있도록 노력하겠습니다.
감사합니다. :)"
117613,2026-07-20 20:32:24,2026-07-15 04:05:40,2026-07-16 14:00:34,한달 무료 반품된다해서 사용함해보려구요 해보고 바로 해보려니 그래일단 한달은써보자 해서요 도움되서 반품안보내면좋겠네요,,,636,허리편한케어 V2 허리 마사지기,131000,수량선택: 허리편한케어 V2 1개 (마그네슘 시너지 크림 1개 증정),기존리뷰,3,,1,0,1,"안녕하세요. 프리미엄 헬스테크 브랜드, 슬룸입니다.
시간 내어 소중한 후기를 작성해 주셔서 감사드립니다. :)

믿고 찾는 쇼핑몰이 되기 위해 더 좋은 상품과 서비스를 준비하겠습니다.
감사합니다. 💜"
117614,2026-07-20 22:21:50,2026-06-21 13:31:00,2026-06-23 10:44:10,"편안하니 좋아요
가격이 사악한것ㅈ빼구오ㅡ",,,291,목베개 플러스 경추 목 마사지기 베개,91000,수량선택: 목베개 플러스 1개,기존리뷰,5,,0,0,1,"안녕하세요. 프리미엄 헬스테크 브랜드, 슬룸입니다.
진심 어린 소중한 후기 감사합니다. 💜

앞으로도 좋은 상품과 서비스로 고객님들을 찾아뵐 수 있도록 노력하겠습니다.
감사합니다. :)"
117615,2026-07-21 00:28:50,2026-07-06 17:10:05,2026-07-08 13:36:00,너무좋아요 추천합니다,,,980,프리미엄 엘보케어 팔꿈치 마사지기,149000,수량선택: 팔꿈치 마사지기 1개,기존리뷰,5,,0,0,1,"안녕하세요. 프리미엄 헬스테크 브랜드, 슬룸입니다.
진심 어린 소중한 후기 감사합니다. 💜

앞으로도 좋은 상품과 서비스로 고객님들을 찾아뵐 수 있도록 노력하겠습니다.
감사합니다. :)"
117616,2026-07-21 14:46:57,2026-07-15 11:52:51,2026-07-16 16:18:23,"V1구매후 너무 좋았는데 리모콘 작동이 제멋데로여서 반품후 V2로 재구매 했는데 너무  좋습니다 
허리로 고생한지가  수년이  지나고 신경차단치료도 수년에 걸처했지만 그때 뿐이라서 다리에 힘빠지고 발끝까지 저림증상이 일상다반사 였는데 V2로 허리 케어하면서 일단 저림증상이  많이 호전된것 같습니다
계속 사용해서 허리 편하고 다리 편했으면 좋겠네요
틈나는데로 하루  8~9회 꾸준히 마사지 받고있고
할때마다 모드 변환해서 사용하고 있습니다 
좋은제품 감사하고 번창하시길 바랍니다 
",ceef2d9a2f02,,636,허리편한케어 V2 허리 마사지기,131000,수량선택: 허리편한케어 V2 1개 (마그네슘 시너지 크림 1개 증정),반응형(내리뷰),5,,2,0,1,"안녕하세요. 프리미엄 헬스테크 브랜드, 슬룸입니다.
시간 내어 소중한 후기를 작성해 주셔서 감사드립니다. :)

믿고 찾는 쇼핑몰이 되기 위해 더 좋은 상품과 서비스를 준비하겠습니다.
감사합니다. 💜"
117617,2026-07-21 23:30:54,2026-07-19 08:02:12,2026-07-21 21:19:49,다른거는 되는데 높이 조절이 안보여요 조절이 되는지도 모르겠어요 제품도착하자마자 테스트중입니다!,263b7e676f82,,964,[코어 밸런스 업 세트] 허리편한케어 V2 + 목 마사지 베개 V2,242000,수량선택: 코어 밸런스 업 세트 (허리편한케어 V2 + 목 마사지 베개 V2),모바일,2,동영상 리뷰,0,1,1,"안녕하세요. 프리미엄 헬스테크 브랜드, 슬룸입니다.
고객님께 만족스러운 경험을 드리지 못해 대단히 죄송합니다. 😥

리뷰로는 상세한 안내가 어려워, 자세한 내용 알림톡(문자) 발송 도와드렸으니 확인 부탁드리겠습니다.
추가로 궁금하신 점이 있으시거나 문자 확인하신 후에도 해결되지 않는 경우
번거로우시겠지만 슬룸 채팅 상담을 통해 연락 주시면 빠르게 안내 도와드리겠습니다.

▶ 슬룸 채팅 상담 (※ 월-목 09:30-17:00, 금 09:30-16:00, 주말 및 공휴일 휴무)
http://sloom.channel.io/

고객님의 목소리로 더 발전하는 슬룸이 되도록 노력하겠습니다. 감사합니다."
117618,2026-07-21 09:49:02,2026-07-04 10:51:35,2026-07-07 18:52:29,좋습니다 ~ 좋아요,,,909,목 마사지 베개 V2 경추 마사지기 베개,112000,수량선택: 목 마사지 베개 V2 1개,기존리뷰,5,,0,0,1,"안녕하세요. 프리미엄 헬스테크 브랜드, 슬룸입니다.
정성스럽게 올려주신 소중한 후기 감사합니다. 💜

고객님의 목소리로 더 발전하는 슬룸이 되도록 노력하겠습니다.
감사합니다. 🙇‍♀️"
117619,2026-07-21 10:39:59,2026-06-26 14:57:20,2026-06-30 18:49:59,막 시원하지않습미다 젤 좋은건 온열 하나뿐,,,1007,[뜨랑낄로x슬룸] 구독자 전용 ★초특가★ 비밀링크,84900,수량선택: 목마사지베개V2 1개,기존리뷰,1,,1,0,1,"안녕하세요 고객님, 프리미엄 헬스테크 브랜드, 슬룸입니다.
고객님께 만족스러운 경험을 드리지 못해 대단히 죄송합니다.😥

슬룸의 모든 제품은 인체공학적으로 설계되어 편안한 사용이 가능하나 초기 사용 시 1~2주 이상의 적응 기간이 필요할 수 있습니다. 
다만 수령하신 날짜 기준으로 30일 동안 꾸준히 사용해보시고도 만족하지 못하셨을 경우에는, 슬룸에서 진행하는 <100%환불이벤트> 에 참여하여 왕복배송비 제외 전액 환불이 가능합니다.

※ 제품을 30일간 꾸준히 사용한 경우, 배송완료 후 40일이내 신청이 가능
※ 환불 서비스는 첫 구매 체험을 위한 서비스로 1회만 신청 가능

▶ <100% 환불 이벤트> 상세 환불 조건 : https://sleeplab.co.kr/notice/?page=1#13709226_notice 

슬룸을 믿고 편하게 사용 및 체험해보시고, 그럼에도 만족하시지 못하셨을 경우 슬룸 공식몰의 채널톡을 통해 이벤트 기간 내 문의 주시면 환불 접수 도움드리겠습니다."
117620,2026-07-21 13:32:21,2026-07-13 14:48:50,2026-07-14 18:46:18,엘보로 몇년째 고생하는데 도움 받고있어요,,,980,프리미엄 엘보케어 팔꿈치 마사지기,149000,수량선택: 팔꿈치 마사지기 1개,기존리뷰,5,,0,0,1,"안녕하세요. 프리미엄 헬스테크 브랜드, 슬룸입니다.
시간 내어 소중한 후기를 작성해 주셔서 감사드립니다. :)

믿고 찾는 쇼핑몰이 되기 위해 더 좋은 상품과 서비스를 준비하겠습니다.
감사합니다. 💜"
117621,2026-07-21 13:43:47,2026-07-12 09:02:00,2026-07-14 16:14:55,ㅜㅠ 항상 병원에 갈수없어 추천 받아샀는데 좋습니다,,,636,허리편한케어 V2 허리 마사지기,131000,수량선택: 허리편한케어 V2 1개 (마그네슘 시너지 크림 1개 증정),기존리뷰,5,,0,0,1,"안녕하세요. 프리미엄 헬스테크 브랜드, 슬룸입니다.
정성스럽게 올려주신 소중한 후기 감사합니다. 💜

고객님의 목소리로 더 발전하는 슬룸이 되도록 노력하겠습니다.
감사합니다. 🙇‍♀️"
117622,2026-07-21 15:31:16,2026-07-18 18:22:30,2026-07-21 15:10:00,제품을 믿고 의지하며 사용합니다 목이 편치 않을때에 근육을 살며시 풀어 주어 매우편하고 좋아요,,,724,★최대할인 비밀링크★ 목베개 플러스 특가,69000,수량선택: 목베개 플러스 1개,기존리뷰,5,,1,0,1,"안녕하세요. 프리미엄 헬스테크 브랜드, 슬룸입니다.
시간 내어 소중한 후기를 작성해 주셔서 감사드립니다. :)

믿고 찾는 쇼핑몰이 되기 위해 더 좋은 상품과 서비스를 준비하겠습니다.
감사합니다. 💜"
117623,2026-07-21 16:08:40,2026-07-09 13:17:30,2026-07-10 18:38:57,"지퍼안에 제품을 봤는데 뭔가 많이 허접해 보여서 놀랬어요
그래도 작동 잘되고 시원해서 잘 쓰겠습니다.",,,724,★최대할인 비밀링크★ 목베개 플러스 특가,69000,수량선택: 목베개 플러스 1개,기존리뷰,3,,0,0,1,"안녕하세요. 프리미엄 헬스테크 브랜드, 슬룸입니다.
정성스럽게 올려주신 소중한 후기 감사합니다. 💜

고객님의 목소리로 더 발전하는 슬룸이 되도록 노력하겠습니다.
감사합니다. 🙇‍♀️"
117624,2026-07-21 17:13:59,2026-07-07 13:35:50,2026-07-08 16:10:09,"남편이 테니스코치라 만성 엘보가
있는데 써보더니 좋다고 합니다
잘쓸께요",,,980,프리미엄 엘보케어 팔꿈치 마사지기,149000,수량선택: 데일리 릴렉스 세트 (팔꿈치 마사지기 + 마그네슘 시너지 크림),기존리뷰,5,,0,0,1,"안녕하세요. 프리미엄 헬스테크 브랜드, 슬룸입니다.
진심 어린 소중한 후기 감사합니다. 💜

앞으로도 좋은 상품과 서비스로 고객님들을 찾아뵐 수 있도록 노력하겠습니다.
감사합니다. :)"
117625,2026-07-21 17:39:31,2026-07-16 12:21:55,2026-07-17 15:01:59,"그냥 그래요...
반품할거임!!",,,909,목 마사지 베개 V2 경추 마사지기 베개,112000,수량선택: 목 마사지 베개 V2 1개 (마그네슘 시너지 크림 1개 증정),기존리뷰,1,,0,0,1,"안녕하세요 고객님, 프리미엄 헬스테크 브랜드, 슬룸입니다.
고객님께 만족스러운 경험을 드리지 못해 대단히 죄송합니다.😥

슬룸의 모든 제품은 인체공학적으로 설계되어 편안한 사용이 가능하나 초기 사용 시 1~2주 이상의 적응 기간이 필요할 수 있습니다. 
다만 수령하신 날짜 기준으로 30일 동안 꾸준히 사용해보시고도 만족하지 못하셨을 경우에는, 슬룸에서 진행하는 <100%환불이벤트> 에 참여하여 왕복배송비 제외 전액 환불이 가능합니다.

※ 제품을 30일간 꾸준히 사용한 경우, 배송완료 후 40일이내 신청이 가능
※ 환불 서비스는 첫 구매 체험을 위한 서비스로 1회만 신청 가능

▶ <100% 환불 이벤트> 상세 환불 조건 : https://sleeplab.co.kr/notice/?page=1#13709226_notice 

슬룸을 믿고 편하게 사용 및 체험해보시고, 그럼에도 만족하시지 못하셨을 경우 슬룸 공식몰의 채널톡을 통해 이벤트 기간 내 문의 주시면 환불 접수 도움드리겠습니다."
117626,2026-07-21 17:53:13,2026-07-07 16:43:25,2026-07-09 16:16:56,목 통증에서 해방입니다.,,,909,목 마사지 베개 V2 경추 마사지기 베개,112000,수량선택: 목 마사지 베개 V2 1개,기존리뷰,5,,1,0,1,"안녕하세요. 프리미엄 헬스테크 브랜드, 슬룸입니다.
정성스럽게 올려주신 소중한 후기 감사합니다. 💜

고객님의 목소리로 더 발전하는 슬룸이 되도록 노력하겠습니다.
감사합니다. 🙇‍♀️"
117627,2026-07-21 18:11:27,2026-07-20 06:05:30,2026-07-21 10:50:39,받아서 사용하보니 좀작습니다,,,980,프리미엄 엘보케어 팔꿈치 마사지기,149000,수량선택: 데일리 릴렉스 세트 (팔꿈치 마사지기 + 마그네슘 시너지 크림),기존리뷰,3,,1,0,1,"안녕하세요, 더 나은 내일을 위한 일상 속 휴식 시간, 슬룸입니다.
진심어린 소중한 후기 감사합니다, 고객님💜

해당 부분은 슬룸 내부적으로 충분히 인지하고 있으며, 해결 방안을 마련하기 위해 노력하고 있습니다.
곧 좋은 소식으로 고객님들에게 선보일 수 있도록 노력하겠습니다.

앞으로도 좋은 상품과 서비스로 고객님들께 찾아뵐 수 있도록 노력하겠습니다.
감사합니다 :)"
117628,2026-07-21 18:42:50,2026-07-16 06:43:10,2026-07-17 16:07:50,자극 충분히 되고 좋습니다 3일차 꾸준히 쓰고있는데 내측엘보 쪽에 자극이 많고 외측엘보는 상대적으로 자극이 좀 저조한느낌인데 만족합니다,,,980,프리미엄 엘보케어 팔꿈치 마사지기,149000,수량선택: 팔꿈치 마사지기 1개,기존리뷰,5,,1,0,1,"안녕하세요. 프리미엄 헬스테크 브랜드, 슬룸입니다.
진심 어린 소중한 후기 감사합니다. 💜

앞으로도 좋은 상품과 서비스로 고객님들을 찾아뵐 수 있도록 노력하겠습니다.
감사합니다. :)"
117629,2026-07-21 19:04:40,2026-07-13 23:25:40,2026-07-15 18:39:49,진동 좋고 사용더해봐야겠지만 편해지긴합니다,,,636,허리편한케어 V2 허리 마사지기,131000,수량선택: 허리편한케어 V2 1개 (마그네슘 시너지 크림 1개 증정),기존리뷰,5,,0,0,1,"안녕하세요. 프리미엄 헬스테크 브랜드, 슬룸입니다.
정성스럽게 올려주신 소중한 후기 감사합니다. 💜

고객님의 목소리로 더 발전하는 슬룸이 되도록 노력하겠습니다.
감사합니다. 🙇‍♀️"
117630,2026-07-21 19:12:44,2026-06-23 19:17:20,2026-06-25 16:13:37,"평소 골반부위가 안좋았데
눌러주고 비틀어주고 
골반을위한마사지기라서 더 좋으네요",,,966,골반 케어 프리미엄 골반 마사지기,191000,수량선택: 골반 마사지기 1개,기존리뷰,5,,0,0,1,"안녕하세요. 프리미엄 헬스테크 브랜드, 슬룸입니다.
정성스럽게 올려주신 소중한 후기 감사합니다. 💜

고객님의 목소리로 더 발전하는 슬룸이 되도록 노력하겠습니다.
감사합니다. 🙇‍♀️"
117631,2026-07-21 19:12:34,2026-06-18 10:22:15,2026-06-19 16:09:53,목마사지는 시원한데 허리는 먼가 높고 불편하네요,,,1000,[김마통x슬룸] ★구독자 한정 역대급 할인 판매★,59900,수량선택: ★김마통SET★ 목편한케어 플라잉 1개 + 허리편한케어V1 1개 + (증정) 마그네슘 시너지 크림 100ml,기존리뷰,4,,1,0,1,"안녕하세요 고객님, 프리미엄 헬스테크 브랜드, 슬룸입니다.
고객님께 만족스러운 경험을 드리지 못해 대단히 죄송합니다.😥

슬룸의 모든 제품은 인체공학적으로 설계되어 편안한 사용이 가능하나 초기 사용 시 1~2주 이상의 적응 기간이 필요할 수 있습니다. 
다만 수령하신 날짜 기준으로 30일 동안 꾸준히 사용해보시고도 만족하지 못하셨을 경우에는, 슬룸에서 진행하는 <100%환불이벤트> 에 참여하여 왕복배송비 제외 전액 환불이 가능합니다.

※ 제품을 30일간 꾸준히 사용한 경우, 배송완료 후 40일이내 신청이 가능
※ 환불 서비스는 첫 구매 체험을 위한 서비스로 1회만 신청 가능

▶ <100% 환불 이벤트> 상세 환불 조건 : https://sleeplab.co.kr/notice/?page=1#13709226_notice 

슬룸을 믿고 편하게 사용 및 체험해보시고, 그럼에도 만족하시지 못하셨을 경우 슬룸 공식몰의 채널톡을 통해 이벤트 기간 내 문의 주시면 환불 접수 도움드리겠습니다."
117632,2026-07-21 19:39:15,2026-07-17 21:12:35,2026-07-21 19:09:00,시아버님 생신선물로 샀어요 제것도 하나사려공ㄴㆍㄷ,,,874,발편한케어 프리미엄 고주파 발 마사지기,91000,"사이즈&세트선택: M (220-270mm), 수량선택: 발편한케어 1개 (마그네슘 시너지 크림 1개 증정)",기존리뷰,5,,1,0,1,"안녕하세요. 프리미엄 헬스테크 브랜드, 슬룸입니다.
진심 어린 소중한 후기 감사합니다. 💜

앞으로도 좋은 상품과 서비스로 고객님들을 찾아뵐 수 있도록 노력하겠습니다.
감사합니다. :)"
117633,2026-07-21 19:51:08,2026-06-29 15:08:40,2026-07-01 16:13:51,전에 1년 이상 쓰니깐 끊어져서 재구매 했습니다,,,746,[코어 강화 세트] 허리편한케어 V2 + 코어 요추벨트,188900,수량선택: 코어 강화 세트 (허리편한케어 V2 + 코어 요추벨트),기존리뷰,5,,1,0,1,"안녕하세요. 프리미엄 헬스테크 브랜드, 슬룸입니다.
정성스럽게 올려주신 소중한 후기 감사합니다. 💜

고객님의 목소리로 더 발전하는 슬룸이 되도록 노력하겠습니다.
감사합니다. 🙇‍♀️"
117634,2026-07-21 20:27:39,2026-07-18 23:03:10,2026-07-21 18:47:00,팔꿈치 염증생겨 수술후 관리하고싶어 주문했어요,,,980,프리미엄 엘보케어 팔꿈치 마사지기,149000,수량선택: 팔꿈치 마사지기 1개,기존리뷰,5,,1,0,1,"안녕하세요. 프리미엄 헬스테크 브랜드, 슬룸입니다.
시간 내어 소중한 후기를 작성해 주셔서 감사드립니다. :)

믿고 찾는 쇼핑몰이 되기 위해 더 좋은 상품과 서비스를 준비하겠습니다.
감사합니다. 💜"
117635,2026-07-21 21:05:43,2026-07-17 18:10:05,2026-07-21 19:59:00,일단 잘받았어요 잘 써보고 후기 올릴게요,,,724,★최대할인 비밀링크★ 목베개 플러스 특가,69000,수량선택: 목베개 플러스 1개,기존리뷰,5,,1,0,1,"안녕하세요. 프리미엄 헬스테크 브랜드, 슬룸입니다.
진심 어린 소중한 후기 감사합니다. 💜

앞으로도 좋은 상품과 서비스로 고객님들을 찾아뵐 수 있도록 노력하겠습니다.
감사합니다. :)"
117636,2026-07-21 22:10:49,2026-07-18 15:33:30,2026-07-21 18:54:46,퇴근하고 부푼 기대감으로 마주했어요. 잠깐 이용해 보았는데 현재까지 만족합니다.,,,1033,[신금동x슬룸] 최저가 마켓 OPEN,79000,수량선택: ★최저가★ 경추 마사지 베개 V2 1개 + (증정) 마그네슘 크림 1개,기존리뷰,5,,1,0,1,"안녕하세요. 프리미엄 헬스테크 브랜드, 슬룸입니다.
진심 어린 소중한 후기 감사합니다. 💜

앞으로도 좋은 상품과 서비스로 고객님들을 찾아뵐 수 있도록 노력하겠습니다.
감사합니다. :)"
117637,2026-07-21 22:21:28,2026-07-19 20:26:40,2026-07-21 18:46:53,마사지 기능도 있고 좋네요,,,909,목 마사지 베개 V2 경추 마사지기 베개,112000,수량선택: 목 마사지 베개 V2 1개 (마그네슘 시너지 크림 1개 증정),기존리뷰,5,,0,0,1,"안녕하세요. 프리미엄 헬스테크 브랜드, 슬룸입니다.
정성스럽게 올려주신 소중한 후기 감사합니다. 💜

고객님의 목소리로 더 발전하는 슬룸이 되도록 노력하겠습니다.
감사합니다. 🙇‍♀️"
117638,2026-07-21 22:37:23,2026-07-20 07:52:00,2026-07-21 21:10:59,진동느낌보다 주무르는 느낌 좋지만 온열기능은좋네요,,,981,목 마사지 베개 V2 계절베개 목 집중 케어,112000,수량선택: 목 마사지 베개 V2 1개 (마그네슘 시너지 크림 1개 증정),기존리뷰,3,,0,0,1,"안녕하세요. 프리미엄 헬스테크 브랜드, 슬룸입니다.
정성스럽게 올려주신 소중한 후기 감사합니다. 💜

고객님의 목소리로 더 발전하는 슬룸이 되도록 노력하겠습니다.
감사합니다. 🙇‍♀️"
117639,2026-07-21 22:52:13,2026-07-09 10:15:55,2026-07-10 18:37:22,"장기간 써야 효과를 보는건가요?
바로 하고나선 시원하진 않아서. 반품해야하나 고민중입니다.",,,909,목 마사지 베개 V2 경추 마사지기 베개,112000,수량선택: 목 마사지 베개 V2 1개,기존리뷰,3,,0,0,1,"안녕하세요 고객님, 프리미엄 헬스테크 브랜드, 슬룸입니다.
고객님께 만족스러운 경험을 드리지 못해 대단히 죄송합니다.😥

슬룸의 모든 제품은 인체공학적으로 설계되어 편안한 사용이 가능하나 초기 사용 시 1~2주 이상의 적응 기간이 필요할 수 있습니다. 
다만 수령하신 날짜 기준으로 30일 동안 꾸준히 사용해보시고도 만족하지 못하셨을 경우에는, 슬룸에서 진행하는 <100%환불이벤트> 에 참여하여 왕복배송비 제외 전액 환불이 가능합니다.

※ 제품을 30일간 꾸준히 사용한 경우, 배송완료 후 40일이내 신청이 가능
※ 환불 서비스는 첫 구매 체험을 위한 서비스로 1회만 신청 가능

▶ <100% 환불 이벤트> 상세 환불 조건 : https://sleeplab.co.kr/notice/?page=1#13709226_notice 

슬룸을 믿고 편하게 사용 및 체험해보시고, 그럼에도 만족하시지 못하셨을 경우 슬룸 공식몰의 채널톡을 통해 이벤트 기간 내 문의 주시면 환불 접수 도움드리겠습니다."
117640,2026-07-22 00:14:09,2026-07-20 11:37:25,2026-07-21 21:18:19,좋은제품 보내주셔서 감사합니다~,,,909,목 마사지 베개 V2 경추 마사지기 베개,112000,수량선택: 목 마사지 베개 V2 1개 (마그네슘 시너지 크림 1개 증정),기존리뷰,5,,1,0,1,"안녕하세요. 프리미엄 헬스테크 브랜드, 슬룸입니다.
시간 내어 소중한 후기를 작성해 주셔서 감사드립니다. :)

믿고 찾는 쇼핑몰이 되기 위해 더 좋은 상품과 서비스를 준비하겠습니다.
감사합니다. 💜"
117641,2026-07-22 00:42:39,2026-07-17 21:23:55,2026-07-21 13:44:09,혼자 진동하는 느낌이네요.ㅡㅡ.주물러주는 줄 알았는데 제가 잘못 샀나봐요ㅡㅡ.그냥 베개로 써야겠어요.,,,724,★최대할인 비밀링크★ 목베개 플러스 특가,69000,수량선택: 목베개 플러스 1개,기존리뷰,3,,2,0,1,"안녕하세요 고객님, 프리미엄 헬스테크 브랜드, 슬룸입니다.
고객님께 만족스러운 경험을 드리지 못해 대단히 죄송합니다.😥

슬룸의 모든 제품은 인체공학적으로 설계되어 편안한 사용이 가능하나 초기 사용 시 1~2주 이상의 적응 기간이 필요할 수 있습니다. 
다만 수령하신 날짜 기준으로 30일 동안 꾸준히 사용해보시고도 만족하지 못하셨을 경우에는, 슬룸에서 진행하는 <100%환불이벤트> 에 참여하여 왕복배송비 제외 전액 환불이 가능합니다.

※ 제품을 30일간 꾸준히 사용한 경우, 배송완료 후 40일이내 신청이 가능
※ 환불 서비스는 첫 구매 체험을 위한 서비스로 1회만 신청 가능

▶ <100% 환불 이벤트> 상세 환불 조건 : https://sleeplab.co.kr/notice/?page=1#13709226_notice 

슬룸을 믿고 편하게 사용 및 체험해보시고, 그럼에도 만족하시지 못하셨을 경우 슬룸 공식몰의 채널톡을 통해 이벤트 기간 내 문의 주시면 환불 접수 도움드리겠습니다."
117642,2026-07-22 07:46:26,2026-07-19 16:51:31,2026-07-21 16:18:57,싸가지 ㅈㄴ없네 구매하고 어제배송받았는데 79000원에 팔고있네,c58dd7a80709,,909,목 마사지 베개 V2 경추 마사지기 베개,112000,수량선택: 목 마사지 베개 V2 1개 (마그네슘 시너지 크림 1개 증정),모바일(상품리뷰),1,,2,0,1,"안녕하세요 고객님, 프리미엄 헬스테크 브랜드, 슬룸입니다.
고객님께 만족스러운 경험을 드리지 못해 대단히 죄송합니다.😥

제품 가격의 경우 이벤트 진행 여부와 시기에 따라 상이해질 수 있는 점 양해 부탁드립니다.

고객님들에게 더 나은 제품과 서비스를 제공할 수 있는 슬룸이 되도록 노력하겠습니다.
감사합니다."
117643,2026-07-22 08:14:33,2026-07-20 06:20:55,2026-07-21 13:50:22,배드민턴 치면서 엘보우가 와서 현재 8개월되었는데 병원가서 약 먹어보고 충격파도 해보고 완치 안되어서 한방가서 봉침도 맞아보고 있는데 제일 효과가 큰게 봉침 이었다고 생각되고 계속 갈수 없어서 마사지기를 구매해서 사용해봤는데 기존 전기 충격 사용 중이었는데 거기에 압력 마사지가 추가된거  같아서 효과가 없는건 아니지만 기대만큼 안되네요. 엘보우 주위 전체 마사지가 되는게 아니고 무듈 있는 주변이 되네요. 전체를 감싸고 효과가 있으면 좋겠네요.,b7bbc701d2e8,,980,프리미엄 엘보케어 팔꿈치 마사지기,149000,수량선택: 팔꿈치 마사지기 1개,모바일,3,,0,0,1,"안녕하세요 고객님, 프리미엄 헬스테크 브랜드, 슬룸입니다.
고객님께 만족스러운 경험을 드리지 못해 대단히 죄송합니다.😥

슬룸의 모든 제품은 인체공학적으로 설계되어 편안한 사용이 가능하나 초기 사용 시 1~2주 이상의 적응 기간이 필요할 수 있습니다. 
다만 수령하신 날짜 기준으로 30일 동안 꾸준히 사용해보시고도 만족하지 못하셨을 경우에는, 슬룸에서 진행하는 <100%환불이벤트> 에 참여하여 왕복배송비 제외 전액 환불이 가능합니다.

※ 제품을 30일간 꾸준히 사용한 경우, 배송완료 후 40일이내 신청이 가능
※ 환불 서비스는 첫 구매 체험을 위한 서비스로 1회만 신청 가능

▶ <100% 환불 이벤트> 상세 환불 조건 : https://sleeplab.co.kr/notice/?page=1#13709226_notice 

슬룸을 믿고 편하게 사용 및 체험해보시고, 그럼에도 만족하시지 못하셨을 경우 슬룸 공식몰의 채널톡을 통해 이벤트 기간 내 문의 주시면 환불 접수 도움드리겠습니다."
117644,2026-07-22 11:00:05,2026-07-17 16:30:16,2026-07-21 18:48:07,상품은 잘받았습니다 사용해보니 정말 편하게 잠을 잘수있어서  고맙고 감사 합니다  많은 홍보을 해드릴께요,248a0990ce23,,909,목 마사지 베개 V2 경추 마사지기 베개,112000,수량선택: 목 마사지 베개 V2 1개 (마그네슘 시너지 크림 1개 증정),반응형(내리뷰),5,,0,0,1,"안녕하세요. 프리미엄 헬스테크 브랜드, 슬룸입니다.
시간 내어 소중한 후기를 작성해 주셔서 감사드립니다. :)

믿고 찾는 쇼핑몰이 되기 위해 더 좋은 상품과 서비스를 준비하겠습니다.
감사합니다. 💜"
117645,2026-07-22 11:36:21,2026-07-18 20:52:11,2026-07-21 21:11:13,"어제 택배 받자마자 자기전 사용해봤어요
평소 거북목땜에 신경쓰이고 걱정이었은데 지인소개로
알게되면서 구매하게되었네요

꾸준히 사용해보고 목상태도 좋아지길 바래봅니다",b1840cce670e,,909,목 마사지 베개 V2 경추 마사지기 베개,112000,수량선택: 목 마사지 베개 V2 1개 (마그네슘 시너지 크림 1개 증정),모바일,5,,1,0,1,"안녕하세요. 프리미엄 헬스테크 브랜드, 슬룸입니다.
정성스럽게 올려주신 소중한 후기 감사합니다. 💜

고객님의 목소리로 더 발전하는 슬룸이 되도록 노력하겠습니다.
감사합니다. 🙇‍♀️"
117646,2026-07-22 11:45:30,2026-07-19 09:13:19,2026-07-21 13:50:25,"물리치료를 매일 받지못하는데 따뜻하게 집에서 케서하기 좋네요
안롁이 샛각보다 조금 약하지만 꾸준히 사용해보려 합니다",6ba744990d9c,,724,★최대할인 비밀링크★ 목베개 플러스 특가,69000,수량선택: 목베개 플러스 1개,모바일,5,,0,0,1,"안녕하세요. 프리미엄 헬스테크 브랜드, 슬룸입니다.
시간 내어 소중한 후기를 작성해 주셔서 감사드립니다. :)

믿고 찾는 쇼핑몰이 되기 위해 더 좋은 상품과 서비스를 준비하겠습니다.
감사합니다. 💜"
117647,2026-07-22 13:55:22,2026-07-17 13:05:12,2026-07-21 23:08:04,"팔이 계속아파서 동네 병원에 갔습니다 엘보우가 다쳤다고 테니스 치는 선수들이 자주아파한다고 주사 맞고 물리치료받고 처음에는 병원 다녀온날 바로 다음날부터 괜찮아 지고 그다음 아팠을때는 병원을 두세번 그다음에는 잠깐 안아프고 또 아프더라고요
그래서 이제품을 구매했는데 어제 밤에 한번 오늘 아침에 한번 아주 건강해졌습니다 병원 주사는 면혁력이 생겨서 나중에는 주사도 소용 없다고 하는데 이건 정말 물건이네요 아주 좋습니다 ",8dbe07a46d00,,980,프리미엄 엘보케어 팔꿈치 마사지기,149000,수량선택: 데일리 릴렉스 세트 (팔꿈치 마사지기 + 마그네슘 시너지 크림),반응형(내리뷰),5,,1,0,1,"안녕하세요. 프리미엄 헬스테크 브랜드, 슬룸입니다.
진심 어린 소중한 후기 감사합니다. 💜

앞으로도 좋은 상품과 서비스로 고객님들을 찾아뵐 수 있도록 노력하겠습니다.
감사합니다. :)"
117648,2026-07-22 18:39:31,2026-07-17 04:45:20,2026-07-21 19:00:46,"와..정말 아*유 베개도 써보고 별별개 다 썼는데 이거 하루 쓰니깐 자고 일어나니 목이 가벼움을 느껴요 돈 아깝지 않네요 
",4fcd4ff7aa6b,,909,목 마사지 베개 V2 경추 마사지기 베개,112000,수량선택: 목 마사지 베개 V2 1개 (마그네슘 시너지 크림 1개 증정),PC,5,,2,0,1,"안녕하세요. 프리미엄 헬스테크 브랜드, 슬룸입니다.
정성스럽게 올려주신 소중한 후기 감사합니다. 💜

고객님의 목소리로 더 발전하는 슬룸이 되도록 노력하겠습니다.
감사합니다. 🙇‍♀️"
117649,2026-07-22 06:29:21,2026-07-17 08:55:45,2026-07-21 13:50:33,너무 좋아서 하나 더,,,924,발편한케어 프리미엄 EMS 발 마사지기,89000,"사이즈&세트선택: M (220-270mm), 수량선택: 발편한케어 1개",기존리뷰,5,,0,0,1,"안녕하세요. 프리미엄 헬스테크 브랜드, 슬룸입니다.
진심 어린 소중한 후기 감사합니다. 💜

앞으로도 좋은 상품과 서비스로 고객님들을 찾아뵐 수 있도록 노력하겠습니다.
감사합니다. :)"
117650,2026-07-22 08:21:37,2026-07-19 21:17:35,2026-07-21 21:11:13,일단 와서 한번 써봤는데.. 아직은 잘모르겠네요!! 꾸준히 써봐야 알듯하네요.,,,724,★최대할인 비밀링크★ 목베개 플러스 특가,69000,수량선택: 목베개 플러스 1개,기존리뷰,5,,0,0,1,"안녕하세요. 프리미엄 헬스테크 브랜드, 슬룸입니다.
진심 어린 소중한 후기 감사합니다. 💜

앞으로도 좋은 상품과 서비스로 고객님들을 찾아뵐 수 있도록 노력하겠습니다.
감사합니다. :)"
117651,2026-07-22 09:49:57,2026-07-03 11:16:45,2026-07-04 13:38:23,빠른 배송과 꼼꼼한 포장 감사합니다,,,724,★최대할인 비밀링크★ 목베개 플러스 특가,69000,수량선택: 목베개 플러스 1개,기존리뷰,5,,0,0,1,"안녕하세요. 프리미엄 헬스테크 브랜드, 슬룸입니다.
정성스럽게 올려주신 소중한 후기 감사합니다. 💜

고객님의 목소리로 더 발전하는 슬룸이 되도록 노력하겠습니다.
감사합니다. 🙇‍♀️"
117652,2026-07-22 13:50:32,2026-06-11 21:33:15,2026-06-13 12:14:00,"쓰기 편하고 잘 풀어줘서 좋네요
생각보다 강하게 주물러 줘서 쓰고 나면 한결 편해지네요",,,785,넥숄더 힐링케어 V2 목 어깨 마사지기,119800,수량선택: 넥숄더 힐링케어 V2 1개,기존리뷰,5,,0,0,1,"안녕하세요. 프리미엄 헬스테크 브랜드, 슬룸입니다.
진심 어린 소중한 후기 감사합니다. 💜

앞으로도 좋은 상품과 서비스로 고객님들을 찾아뵐 수 있도록 노력하겠습니다.
감사합니다. :)"
117653,2026-07-22 14:25:57,2026-07-14 21:30:35,2026-07-16 16:18:24,아버지 목 디스크수술 후 베개바꿔드릴겸 구매했어요 선이있는거라 꽃아서 써야한다는데 나름 잘쓰시는거같아요. 꾸준히 써보시면 알겠죠?!,,,724,★최대할인 비밀링크★ 목베개 플러스 특가,69000,수량선택: 목베개 플러스 1개,기존리뷰,5,,1,0,1,"안녕하세요. 프리미엄 헬스테크 브랜드, 슬룸입니다.
진심 어린 소중한 후기 감사합니다. 💜

앞으로도 좋은 상품과 서비스로 고객님들을 찾아뵐 수 있도록 노력하겠습니다.
감사합니다. :)"
117654,2026-07-22 14:27:08,2026-07-14 22:51:05,2026-07-16 16:08:12,부모님 사드렸어요. 베개로 마사지받을수있는 게다가 무선이라 넘 좋아보여서 샀습니다. 효과보셨음 좋겠어요,,,1033,[신금동x슬룸] 최저가 마켓 OPEN,79000,수량선택: ★최저가★ 경추 마사지 베개 V2 1개 + (증정) 마그네슘 크림 1개,기존리뷰,5,,1,0,1,"안녕하세요. 프리미엄 헬스테크 브랜드, 슬룸입니다.
정성스럽게 올려주신 소중한 후기 감사합니다. 💜

고객님의 목소리로 더 발전하는 슬룸이 되도록 노력하겠습니다.
감사합니다. 🙇‍♀️"
117655,2026-07-22 17:08:59,2026-06-30 15:52:10,2026-07-02 16:16:49,"다 좋고 만족하는데,,, 커버는 꼭 빨아쓰세요.... 물빠짐 장난아님",,,1007,[뜨랑낄로x슬룸] 구독자 전용 ★초특가★ 비밀링크,84900,수량선택: 목마사지베개V2 1개,기존리뷰,4,,0,0,1,"안녕하세요. 프리미엄 헬스테크 브랜드, 슬룸입니다.
고객님께 만족스러운 경험을 드리지 못해 대단히 죄송합니다. 😥

리뷰로는 상세한 안내가 어려워, 자세한 내용 알림톡(문자) 발송 도와드렸으니 확인 부탁드리겠습니다.
추가로 궁금하신 점이 있으시거나 문자 확인하신 후에도 해결되지 않는 경우
번거로우시겠지만 슬룸 채팅 상담을 통해 연락 주시면 빠르게 안내 도와드리겠습니다.

▶ 슬룸 채팅 상담 (※ 월-목 09:30-17:00, 금 09:30-16:00, 주말 및 공휴일 휴무)
http://sloom.channel.io/

고객님의 목소리로 더 발전하는 슬룸이 되도록 노력하겠습니다. 감사합니다."
117656,2026-07-22 17:58:34,2026-06-26 10:55:50,2026-06-27 16:07:42,배송 빠르고 박스도 튼튼해서 좋았습니디.,,,1001,[슬룸] 구독자 전용 ★초특가★ 비밀링크,84900,수량선택: ★SET★ 발편한케어 L 1개 + 목 마사지 베개 V2 1개 + 마그네슘 시너지 크림 100원 + (증정)중형 파우치,기존리뷰,5,,0,0,1,"안녕하세요. 프리미엄 헬스테크 브랜드, 슬룸입니다.
진심 어린 소중한 후기 감사합니다. 💜

앞으로도 좋은 상품과 서비스로 고객님들을 찾아뵐 수 있도록 노력하겠습니다.
감사합니다. :)"
117657,2026-07-22 18:26:20,2026-07-20 18:06:40,2026-07-22 16:12:38,음....괜찮았어요,,,1033,[신금동x슬룸] 최저가 마켓 OPEN,79000,수량선택: ★최저가★ 경추 마사지 베개 V2 1개 + (증정) 마그네슘 크림 1개,기존리뷰,4,,0,0,1,"안녕하세요. 프리미엄 헬스테크 브랜드, 슬룸입니다.
시간 내어 소중한 후기를 작성해 주셔서 감사드립니다. :)

믿고 찾는 쇼핑몰이 되기 위해 더 좋은 상품과 서비스를 준비하겠습니다.
감사합니다. 💜"
117658,2026-07-22 18:41:51,2026-07-17 16:06:50,2026-07-21 18:59:24,사용해보니 만족합니다,,,1033,[신금동x슬룸] 최저가 마켓 OPEN,79000,수량선택: ★최저가★ 경추 마사지 베개 V2 1개 + (증정) 마그네슘 크림 1개,기존리뷰,5,,0,0,1,"안녕하세요. 프리미엄 헬스테크 브랜드, 슬룸입니다.
정성스럽게 올려주신 소중한 후기 감사합니다. 💜

고객님의 목소리로 더 발전하는 슬룸이 되도록 노력하겠습니다.
감사합니다. 🙇‍♀️"
117659,2026-07-22 18:41:54,2026-07-21 09:15:40,2026-07-22 18:39:22,술룸 제품 하나씩 들이는 중이에요:),,,1033,[신금동x슬룸] 최저가 마켓 OPEN,79000,수량선택: ★최저가★ 경추 마사지 베개 V2 1개 + (증정) 마그네슘 크림 1개,기존리뷰,5,,1,0,1,"안녕하세요. 프리미엄 헬스테크 브랜드, 슬룸입니다.
정성스럽게 올려주신 소중한 후기 감사합니다. 💜

고객님의 목소리로 더 발전하는 슬룸이 되도록 노력하겠습니다.
감사합니다. 🙇‍♀️"
117660,2026-07-22 19:51:23,2026-07-20 11:06:30,2026-07-22 16:49:00,배송빠르구마음에드렁여!,,,1035,[애진X슬룸] ★단독 최대혜택★ 바디풀고컷 경락 마사지기,79900,수량선택: [68%] 바디풀고컷 1개 + 시너지 젤 2개 증정,기존리뷰,5,,1,0,1,"안녕하세요. 프리미엄 헬스테크 브랜드, 슬룸입니다.
시간 내어 소중한 후기를 작성해 주셔서 감사드립니다. :)

믿고 찾는 쇼핑몰이 되기 위해 더 좋은 상품과 서비스를 준비하겠습니다.
감사합니다. 💜"
117661,2026-07-22 20:13:33,2026-07-21 01:18:10,2026-07-22 16:09:12,배송빠르네요 잘사용할게요 ㅎㅎ,,,1033,[신금동x슬룸] 최저가 마켓 OPEN,79000,수량선택: ★100개한정★ 경추 마사지 베개 V1 1개,기존리뷰,5,,1,0,1,"안녕하세요. 프리미엄 헬스테크 브랜드, 슬룸입니다.
시간 내어 소중한 후기를 작성해 주셔서 감사드립니다. :)

믿고 찾는 쇼핑몰이 되기 위해 더 좋은 상품과 서비스를 준비하겠습니다.
감사합니다. 💜"
117662,2026-07-22 20:30:21,2026-06-14 09:23:55,2026-06-16 10:51:55,열심히 치료중인데...효과가 있는거 같아요!,,,980,프리미엄 엘보케어 팔꿈치 마사지기,149000,수량선택: 데일리 릴렉스 세트 (팔꿈치 마사지기 + 마그네슘 시너지 크림),기존리뷰,5,,0,0,1,"안녕하세요. 프리미엄 헬스테크 브랜드, 슬룸입니다.
시간 내어 소중한 후기를 작성해 주셔서 감사드립니다. :)

믿고 찾는 쇼핑몰이 되기 위해 더 좋은 상품과 서비스를 준비하겠습니다.
감사합니다. 💜"
117663,2026-07-22 21:05:01,2026-07-19 20:41:50,2026-07-21 23:06:21,배송 빠르고 상품도 좋네요,,,1033,[신금동x슬룸] 최저가 마켓 OPEN,79000,수량선택: ★최저가★ 경추 마사지 베개 V2 1개 + (증정) 마그네슘 크림 1개,기존리뷰,5,,1,0,1,"안녕하세요. 프리미엄 헬스테크 브랜드, 슬룸입니다.
정성스럽게 올려주신 소중한 후기 감사합니다. 💜

고객님의 목소리로 더 발전하는 슬룸이 되도록 노력하겠습니다.
감사합니다. 🙇‍♀️"
117664,2026-07-22 21:22:39,2026-07-20 21:55:50,2026-07-22 16:12:54,배송 빠르고 제품 좋습니다,,,1033,[신금동x슬룸] 최저가 마켓 OPEN,79000,수량선택: ★최저가★ 경추 마사지 베개 V2 1개 + (증정) 마그네슘 크림 1개,기존리뷰,5,,0,0,1,"안녕하세요. 프리미엄 헬스테크 브랜드, 슬룸입니다.
진심 어린 소중한 후기 감사합니다. 💜

앞으로도 좋은 상품과 서비스로 고객님들을 찾아뵐 수 있도록 노력하겠습니다.
감사합니다. :)"
117665,2026-07-22 22:11:56,2026-07-21 08:59:00,2026-07-22 18:38:38,아들이 목이 불편해 요즘 컨디션이 별로라 해 구매했는데 좋다고 하네요,,,1033,[신금동x슬룸] 최저가 마켓 OPEN,79000,수량선택: ★100개한정★ 경추 마사지 베개 V1 1개,기존리뷰,5,,0,0,1,"안녕하세요. 프리미엄 헬스테크 브랜드, 슬룸입니다.
진심 어린 소중한 후기 감사합니다. 💜

앞으로도 좋은 상품과 서비스로 고객님들을 찾아뵐 수 있도록 노력하겠습니다.
감사합니다. :)"
117666,2026-07-22 22:13:22,2026-07-21 11:52:55,2026-07-22 16:13:46,ㅣ조아아여아어여아ㅓㅇ,,,1035,[애진X슬룸] ★단독 최대혜택★ 바디풀고컷 경락 마사지기,79900,수량선택: [68%] 바디풀고컷 1개 + 시너지 젤 2개 증정,기존리뷰,5,,1,0,1,"안녕하세요. 프리미엄 헬스테크 브랜드, 슬룸입니다.
시간 내어 소중한 후기를 작성해 주셔서 감사드립니다. :)

믿고 찾는 쇼핑몰이 되기 위해 더 좋은 상품과 서비스를 준비하겠습니다.
감사합니다. 💜"
117667,2026-07-22 22:30:58,2026-07-14 17:58:40,2026-07-16 13:39:20,골프엘보로 고생하는데 도움이 되길 바랍니다,,,980,프리미엄 엘보케어 팔꿈치 마사지기,149000,수량선택: 팔꿈치 마사지기 1개,기존리뷰,5,,1,0,1,"안녕하세요. 프리미엄 헬스테크 브랜드, 슬룸입니다.
진심 어린 소중한 후기 감사합니다. 💜

앞으로도 좋은 상품과 서비스로 고객님들을 찾아뵐 수 있도록 노력하겠습니다.
감사합니다. :)"
117668,2026-07-22 22:52:59,2026-07-15 17:54:20,2026-07-17 18:35:41,허리근육이 굳어서샀어요 쓸때는 아픈데 스트레칭되는 느낌이에요.계속 꾸준히써볼예정입니다 일단 따뜻해서 생리통에 좋은거같긴해요,,,636,허리편한케어 V2 허리 마사지기,131000,수량선택: 허리편한케어 V2 1개 (마그네슘 시너지 크림 1개 증정),기존리뷰,3,,1,0,1,"안녕하세요. 프리미엄 헬스테크 브랜드, 슬룸입니다.
시간 내어 소중한 후기를 작성해 주셔서 감사드립니다. :)

믿고 찾는 쇼핑몰이 되기 위해 더 좋은 상품과 서비스를 준비하겠습니다.
감사합니다. 💜"
117669,2026-07-23 01:02:38,2026-05-22 10:52:45,2026-05-23 15:25:00,마사지 강도가 생각보다 세고 의자 뒤에 놓고 쓰기도 편해요. 다만 케이블을 좀 가리는지 가끔 전원이 끊겼다 들어오네요. 소음은 중간일때 보통이에뇨,,,71,허리베개 프로 허리 마사지기,89000,수량선택: 허리베개 프로 1개,기존리뷰,4,,3,0,1,"안녕하세요. 프리미엄 헬스테크 브랜드, 슬룸입니다.
고객님께 만족스러운 경험을 드리지 못해 대단히 죄송합니다. 😥

리뷰로는 상세한 안내가 어려워, 자세한 내용 알림톡(문자) 발송 도와드렸으니 확인 부탁드리겠습니다.
추가로 궁금하신 점이 있으시거나 문자 확인하신 후에도 해결되지 않는 경우
번거로우시겠지만 슬룸 채팅 상담을 통해 연락 주시면 빠르게 안내 도와드리겠습니다.

▶ 슬룸 채팅 상담 (※ 월-목 09:30-17:00, 금 09:30-16:00, 주말 및 공휴일 휴무)
http://sloom.channel.io/

고객님의 목소리로 더 발전하는 슬룸이 되도록 노력하겠습니다. 감사합니다."
117670,2026-07-23 01:03:03,2026-06-11 22:22:50,2026-06-13 13:41:46,엄마가 사용하니 좀 낫다고 하시네요,,,980,프리미엄 엘보케어 팔꿈치 마사지기,149000,수량선택: 데일리 릴렉스 세트 (팔꿈치 마사지기 + 마그네슘 시너지 크림),기존리뷰,5,,1,0,1,"안녕하세요. 프리미엄 헬스테크 브랜드, 슬룸입니다.
진심 어린 소중한 후기 감사합니다. 💜

앞으로도 좋은 상품과 서비스로 고객님들을 찾아뵐 수 있도록 노력하겠습니다.
감사합니다. :)"
117671,2026-07-23 20:20:42,2026-07-22 08:50:14,2026-07-23 16:18:34,"빠른배송 감사합니다.
받고 바로 첫테스트 15분해봤는데
온열도 잘되고 스트레칭이 제법 잘되네요.
꾸준히 받으면 교정효과 볼듯합니다👍
",573ed5577cb9,,724,★최대할인 비밀링크★ 목베개 플러스 특가,69000,수량선택: 목베개 플러스 1개,반응형(내리뷰),5,동영상 리뷰,2,1,1,"안녕하세요. 프리미엄 헬스테크 브랜드, 슬룸입니다.
시간 내어 소중한 후기를 작성해 주셔서 감사드립니다. :)

믿고 찾는 쇼핑몰이 되기 위해 더 좋은 상품과 서비스를 준비하겠습니다.
감사합니다. 💜"
117672,2026-07-23 09:24:48,2026-07-20 11:33:15,2026-07-21 16:14:24,감사합니다 부자되세요~,,,724,★최대할인 비밀링크★ 목베개 플러스 특가,69000,수량선택: 목베개 플러스 1개,기존리뷰,5,,0,0,1,"안녕하세요. 프리미엄 헬스테크 브랜드, 슬룸입니다.
시간 내어 소중한 후기를 작성해 주셔서 감사드립니다. :)

믿고 찾는 쇼핑몰이 되기 위해 더 좋은 상품과 서비스를 준비하겠습니다.
감사합니다. 💜"
117673,2026-07-23 09:25:26,2026-07-18 17:29:00,2026-07-21 23:06:52,음..집에서 받는 물리치료입니다.,,,636,허리편한케어 V2 허리 마사지기,131000,수량선택: 허리편한케어 V2 1개 (마그네슘 시너지 크림 1개 증정),기존리뷰,4,,0,0,1,"안녕하세요. 프리미엄 헬스테크 브랜드, 슬룸입니다.
진심 어린 소중한 후기 감사합니다. 💜

앞으로도 좋은 상품과 서비스로 고객님들을 찾아뵐 수 있도록 노력하겠습니다.
감사합니다. :)"
117674,2026-07-23 10:12:37,2026-07-02 18:28:05,2026-07-04 13:39:25,배송이 빠르게 잘 왔네요,,,330,USB 충전 어댑터 멀티 충전기,5900,,기존리뷰,5,,1,0,1,"안녕하세요. 프리미엄 헬스테크 브랜드, 슬룸입니다.
진심 어린 소중한 후기 감사합니다. 💜

앞으로도 좋은 상품과 서비스로 고객님들을 찾아뵐 수 있도록 노력하겠습니다.
감사합니다. :)"
117675,2026-07-23 10:13:05,2026-07-02 18:28:05,2026-07-04 13:39:25,배송이 빠르게 잘 왔고 충전도 잘 되네요,,,376,허리편한케어 V1 전용 케이블,5000,,기존리뷰,5,,1,0,1,"안녕하세요. 프리미엄 헬스테크 브랜드, 슬룸입니다.
진심 어린 소중한 후기 감사합니다. 💜

앞으로도 좋은 상품과 서비스로 고객님들을 찾아뵐 수 있도록 노력하겠습니다.
감사합니다. :)"
117676,2026-07-23 11:21:41,2026-07-20 21:56:45,2026-07-22 23:06:07,빠른 배송과 여러 모드에 의한 마사지가 아주 좋음ㆍ,,,724,★최대할인 비밀링크★ 목베개 플러스 특가,69000,수량선택: 목베개 플러스 1개,기존리뷰,5,,1,0,1,"안녕하세요. 프리미엄 헬스테크 브랜드, 슬룸입니다.
진심 어린 소중한 후기 감사합니다. 💜

앞으로도 좋은 상품과 서비스로 고객님들을 찾아뵐 수 있도록 노력하겠습니다.
감사합니다. :)"
117677,2026-07-23 13:03:13,2026-07-22 06:31:10,2026-07-23 12:08:00,너무 너무 시원해요,,,924,발편한케어 프리미엄 EMS 발 마사지기,89000,"사이즈&세트선택: L (250-295mm), 수량선택: 발편한케어 1개",기존리뷰,5,,0,0,1,"안녕하세요. 프리미엄 헬스테크 브랜드, 슬룸입니다.
정성스럽게 올려주신 소중한 후기 감사합니다. 💜

고객님의 목소리로 더 발전하는 슬룸이 되도록 노력하겠습니다.
감사합니다. 🙇‍♀️"
117678,2026-07-23 13:14:30,2026-07-22 12:58:40,2026-07-23 11:12:00,생각보다 너무 높아서 오히려 목이아픔... 자기는 힘들꺼 같음 잠깐 했는데도 머리아픔,,,1038,[썸머 수퍼데이] 목베개 스트레칭 베개,11900,수량선택: 목베개 1개 (목베개 커버 증정),기존리뷰,1,,1,0,1,"안녕하세요 고객님, 프리미엄 헬스테크 브랜드, 슬룸입니다.
고객님께 만족스러운 경험을 드리지 못해 대단히 죄송합니다.😥

슬룸의 모든 제품은 인체공학적으로 설계되어 편안한 사용이 가능하나 초기 사용 시 1~2주 이상의 적응 기간이 필요할 수 있습니다. 
다만 수령하신 날짜 기준으로 30일 동안 꾸준히 사용해보시고도 만족하지 못하셨을 경우에는, 슬룸에서 진행하는 <100%환불이벤트> 에 참여하여 왕복배송비 제외 전액 환불이 가능합니다.

※ 제품을 30일간 꾸준히 사용한 경우, 배송완료 후 40일이내 신청이 가능
※ 환불 서비스는 첫 구매 체험을 위한 서비스로 1회만 신청 가능

▶ <100% 환불 이벤트> 상세 환불 조건 : https://sleeplab.co.kr/notice/?page=1#13709226_notice 

슬룸을 믿고 편하게 사용 및 체험해보시고, 그럼에도 만족하시지 못하셨을 경우 슬룸 공식몰의 채널톡을 통해 이벤트 기간 내 문의 주시면 환불 접수 도움드리겠습니다."
117679,2026-07-23 13:49:35,2026-07-18 19:20:30,2026-07-21 21:11:10,강도를 조절 할 수 있어서 좋아요!,,,1008,★최대할인 비밀링크★ 바디 풀고컷 경락 마사지기,89900,수량선택: 바디 풀고컷 1개 (트리플 샷 시너지 젤 1개 증정),기존리뷰,5,,0,0,1,"안녕하세요. 프리미엄 헬스테크 브랜드, 슬룸입니다.
진심 어린 소중한 후기 감사합니다. 💜

앞으로도 좋은 상품과 서비스로 고객님들을 찾아뵐 수 있도록 노력하겠습니다.
감사합니다. :)"
117680,2026-07-23 14:45:29,2026-07-20 11:36:55,2026-07-22 18:36:22,기대가됩니다 !! 얼른 몇주가 지났ㄹ으면 좋겠어요,,,1035,[애진X슬룸] ★단독 최대혜택★ 바디풀고컷 경락 마사지기,79900,수량선택: [68%] 바디풀고컷 1개 + 시너지 젤 2개 증정,기존리뷰,5,,1,0,1,"안녕하세요. 프리미엄 헬스테크 브랜드, 슬룸입니다.
진심 어린 소중한 후기 감사합니다. 💜

앞으로도 좋은 상품과 서비스로 고객님들을 찾아뵐 수 있도록 노력하겠습니다.
감사합니다. :)"
117681,2026-07-23 17:40:14,2026-05-14 13:43:20,2026-05-17 13:04:01,좋은거 모르겠어요.,,,636,허리편한케어 V2 허리 마사지기,131000,수량선택: 허리편한케어 V2 1개,기존리뷰,2,,0,0,1,"안녕하세요. 프리미엄 헬스테크 브랜드, 슬룸입니다.
정성스럽게 올려주신 소중한 후기 감사합니다. 💜

고객님의 목소리로 더 발전하는 슬룸이 되도록 노력하겠습니다.
감사합니다. 🙇‍♀️"
117682,2026-07-23 17:57:54,2026-07-18 20:34:45,2026-07-21 13:46:37,잘 사용하고 있습니다,,,636,허리편한케어 V2 허리 마사지기,131000,수량선택: 허리편한케어 V2 1개 (마그네슘 시너지 크림 1개 증정),기존리뷰,5,,0,0,1,"안녕하세요. 프리미엄 헬스테크 브랜드, 슬룸입니다.
정성스럽게 올려주신 소중한 후기 감사합니다. 💜

고객님의 목소리로 더 발전하는 슬룸이 되도록 노력하겠습니다.
감사합니다. 🙇‍♀️"
117683,2026-07-23 18:07:06,2026-07-20 21:02:00,2026-07-22 13:39:35,가격도 만족스럽고 좋은 거 같아여 ㅎㅎ,,,1035,[애진X슬룸] ★단독 최대혜택★ 바디풀고컷 경락 마사지기,79900,수량선택: [68%] 바디풀고컷 1개 + 시너지 젤 2개 증정,기존리뷰,5,,1,0,1,"안녕하세요. 프리미엄 헬스테크 브랜드, 슬룸입니다.
정성스럽게 올려주신 소중한 후기 감사합니다. 💜

고객님의 목소리로 더 발전하는 슬룸이 되도록 노력하겠습니다.
감사합니다. 🙇‍♀️"
117684,2026-07-23 18:29:09,2026-07-22 12:05:10,2026-07-23 16:17:56,생각보다 높이가 엄청 높네요 커브를 잘 지지해줄 것 같은데 처음엔 적응이 필요해 보입니다,,,1038,[썸머 수퍼데이] 목베개 스트레칭 베개,11900,수량선택: 목베개 1개 (목베개 커버 증정),기존리뷰,4,,1,0,1,"안녕하세요. 프리미엄 헬스테크 브랜드, 슬룸입니다.
정성스럽게 올려주신 소중한 후기 감사합니다. 💜

고객님의 목소리로 더 발전하는 슬룸이 되도록 노력하겠습니다.
감사합니다. 🙇‍♀️"
117685,2026-07-23 19:17:32,2026-07-21 20:36:20,2026-07-23 16:13:03,고관절이 불편해서 병원에 갈까하다 신제품 나왔다길래 구매했네요,,,966,골반 케어 프리미엄 골반 마사지기,191000,수량선택: 골반 마사지기 1개,기존리뷰,5,,1,0,1,"안녕하세요. 프리미엄 헬스테크 브랜드, 슬룸입니다.
진심 어린 소중한 후기 감사합니다. 💜

앞으로도 좋은 상품과 서비스로 고객님들을 찾아뵐 수 있도록 노력하겠습니다.
감사합니다. :)"
117686,2026-07-23 20:00:14,2026-07-22 14:47:05,2026-07-23 16:18:11,만족합니다 감사합니다 ㅎㅎ,,,980,프리미엄 엘보케어 팔꿈치 마사지기,149000,수량선택: 팔꿈치 마사지기 1개,기존리뷰,5,,1,0,1,"안녕하세요. 프리미엄 헬스테크 브랜드, 슬룸입니다.
진심 어린 소중한 후기 감사합니다. 💜

앞으로도 좋은 상품과 서비스로 고객님들을 찾아뵐 수 있도록 노력하겠습니다.
감사합니다. :)"
117687,2026-07-23 20:39:19,2026-07-18 13:25:40,2026-07-21 21:18:49,빠른 배송과 목이 편안해요,,,724,★최대할인 비밀링크★ 목베개 플러스 특가,69000,수량선택: 목베개 플러스 1개,기존리뷰,5,,1,0,1,"안녕하세요. 프리미엄 헬스테크 브랜드, 슬룸입니다.
진심 어린 소중한 후기 감사합니다. 💜

앞으로도 좋은 상품과 서비스로 고객님들을 찾아뵐 수 있도록 노력하겠습니다.
감사합니다. :)"
117688,2026-07-23 21:06:51,2026-07-22 09:55:40,2026-07-23 16:17:27,오늘 받아서 사용해봤는데 아직은 잘 모르겠어요. 근데 마사지크림은 대박 좋네요 ㅎㅎ,,,1033,[신금동x슬룸] 최저가 마켓 OPEN,79000,수량선택: ★최저가★ 경추 마사지 베개 V2 1개 + (증정) 마그네슘 크림 1개,기존리뷰,5,,1,0,1,"안녕하세요. 프리미엄 헬스테크 브랜드, 슬룸입니다.
시간 내어 소중한 후기를 작성해 주셔서 감사드립니다. :)

믿고 찾는 쇼핑몰이 되기 위해 더 좋은 상품과 서비스를 준비하겠습니다.
감사합니다. 💜"
117689,2026-07-23 23:31:16,2026-06-29 13:00:15,2026-06-30 18:38:19,"팔꿈치 부위에 자극을 주는 점이 좋습니다.
밸크로의 접착력이 약해서 에어백이 팽창하면 밸크로가 떨어지는 경우가 잦아서 불편합니다. 출시전 제품 테스트를 꼼꼼히 해주시기 바랍니다",,,980,프리미엄 엘보케어 팔꿈치 마사지기,149000,수량선택: 팔꿈치 마사지기 1개,기존리뷰,3,,0,0,1,"안녕하세요. 프리미엄 헬스테크 브랜드, 슬룸입니다.
정성스럽게 올려주신 소중한 후기 감사합니다. 💜

고객님의 목소리로 더 발전하는 슬룸이 되도록 노력하겠습니다.
감사합니다. 🙇‍♀️"
117690,2026-07-23 23:34:49,2026-07-17 00:20:10,2026-07-21 16:16:41,우선 써봐야 알겠지만 브랜드꺼 허리 쓰고있는데 좋아서 구매했어용,,,980,프리미엄 엘보케어 팔꿈치 마사지기,149000,수량선택: 데일리 릴렉스 세트 (팔꿈치 마사지기 + 마그네슘 시너지 크림),기존리뷰,5,,0,0,1,"안녕하세요. 프리미엄 헬스테크 브랜드, 슬룸입니다.
정성스럽게 올려주신 소중한 후기 감사합니다. 💜

고객님의 목소리로 더 발전하는 슬룸이 되도록 노력하겠습니다.
감사합니다. 🙇‍♀️"
117691,2026-07-24 06:17:51,2026-07-04 21:57:24,2026-07-07 13:43:56,"목디스크에 자비없는 1자목 거북목..목 디스크 시술까지 받았으나 항상 일주일에 2~3번 통증주사 맞으러 다녔음.
낮은 배게 불편해서 못씀.
저는 소염진통제 한번에 4알 먹을정도로 통증 심한 인간입니다.
30일 무료 체험이라길래 구매하고 첫날 잉? 목을 올렸다 내렸다 하고 마사지 두드리는건 넘 약해서 반품하고 마사지기 사야겠다 했어요.
그런데 작동 시키고 누워있는데 
항상 옆으로 자야 잠드는 내가
시체 처럼 잠이들어버림.
거의 한달 다 되어 가는데 저는 매일 꿀잠자고
통증 주사 맞는 횟수도 점점 줄어갑니다.
진짜 목 아프신분들께 강추합니다.
2개 지인에게 선물할 예정이에요.
처음 구매할때 성격이 급해서 무료배송 쿠폰만쓰고 
추가 할인쿠폰 못쓰고 주문하고 
구매하고 나서 가격 내려서 억울했는데 
병원비 줄어드니 억울함 사라졌어요 ㅎㅎ
목 디스크에 일자 목이신 분들 30일후 무료반품 되니까
꼭 써보세요.
단점은 두드리는 기능 약한거
커버없어서 아쉽긴 합니다.
저 예민보스라 집에 똑딱똑딱 시계도 없을정도에요 
그런데 배게 작동하는 소리조차 
거슬리지 않아요.

밤새 뒤척이고 자다깨던 사람인데 
하늘보고 똑바로 누워자는게 됩니다.",66e2897d8068,,909,목 마사지 베개 V2 경추 마사지기 베개,112000,수량선택: 목 마사지 베개 V2 1개,반응형(내리뷰),5,,1,0,1,"안녕하세요. 프리미엄 헬스테크 브랜드, 슬룸입니다.
정성스럽게 올려주신 소중한 후기 감사합니다. 💜

고객님의 목소리로 더 발전하는 슬룸이 되도록 노력하겠습니다.
감사합니다. 🙇‍♀️"
117692,2026-07-24 12:07:49,2026-07-22 09:00:27,2026-07-23 16:20:23,모터 마사지가 아니고 진동이라 마사지 효과가 적은듯,44bb4ce516f4,,1033,[신금동x슬룸] 최저가 마켓 OPEN,79000,수량선택: ★1+1 세트★ 경추 마사지 베개 V2 2개+ (증정) 마그네슘 크림 1개 + (증정) 중형 파우치 1개,반응형(내리뷰),3,,0,0,1,"안녕하세요 고객님, 프리미엄 헬스테크 브랜드, 슬룸입니다.
고객님께 만족스러운 경험을 드리지 못해 대단히 죄송합니다.😥

슬룸의 모든 제품은 인체공학적으로 설계되어 편안한 사용이 가능하나 초기 사용 시 1~2주 이상의 적응 기간이 필요할 수 있습니다. 
다만 수령하신 날짜 기준으로 30일 동안 꾸준히 사용해보시고도 만족하지 못하셨을 경우에는, 슬룸에서 진행하는 <100%환불이벤트> 에 참여하여 왕복배송비 제외 전액 환불이 가능합니다.

※ 제품을 30일간 꾸준히 사용한 경우, 배송완료 후 40일이내 신청이 가능
※ 환불 서비스는 첫 구매 체험을 위한 서비스로 1회만 신청 가능

▶ <100% 환불 이벤트> 상세 환불 조건 : https://sleeplab.co.kr/notice/?page=1#13709226_notice 

슬룸을 믿고 편하게 사용 및 체험해보시고, 그럼에도 만족하시지 못하셨을 경우 슬룸 공식몰의 채널톡을 통해 이벤트 기간 내 문의 주시면 환불 접수 도움드리겠습니다."
117693,2026-07-24 12:24:42,2026-07-23 10:35:05,2026-07-24 13:47:13,높이가 좀 높아서 불편하네요,6d4527fbb1a2,,1038,[썸머 수퍼데이] 목베개 스트레칭 베개,11900,수량선택: 목베개 1개 (목베개 커버 증정),반응형(내리뷰),2,,1,0,1,"안녕하세요 고객님, 프리미엄 헬스테크 브랜드, 슬룸입니다.
고객님께 만족스러운 경험을 드리지 못해 대단히 죄송합니다.😥

슬룸의 모든 제품은 인체공학적으로 설계되어 편안한 사용이 가능하나 초기 사용 시 1~2주 이상의 적응 기간이 필요할 수 있습니다. 
다만 수령하신 날짜 기준으로 30일 동안 꾸준히 사용해보시고도 만족하지 못하셨을 경우에는, 슬룸에서 진행하는 <100%환불이벤트> 에 참여하여 왕복배송비 제외 전액 환불이 가능합니다.

※ 제품을 30일간 꾸준히 사용한 경우, 배송완료 후 40일이내 신청이 가능
※ 환불 서비스는 첫 구매 체험을 위한 서비스로 1회만 신청 가능

▶ <100% 환불 이벤트> 상세 환불 조건 : https://sleeplab.co.kr/notice/?page=1#13709226_notice 

슬룸을 믿고 편하게 사용 및 체험해보시고, 그럼에도 만족하시지 못하셨을 경우 슬룸 공식몰의 채널톡을 통해 이벤트 기간 내 문의 주시면 환불 접수 도움드리겠습니다."
117694,2026-07-24 16:10:35,2026-07-21 16:24:38,2026-07-23 13:38:21,"테니스엘보, 골프엘보가 동시에 와서 저주파 치료기로 치료중인데 확실히 제품 좋네요! 적극 추천합니다. 꾸준히 사용하면 효과 좋을 듯하네요~",f3d1b98b36d4,,980,프리미엄 엘보케어 팔꿈치 마사지기,149000,수량선택: 데일리 릴렉스 세트 (팔꿈치 마사지기 + 마그네슘 시너지 크림),PC,5,,0,0,1,"안녕하세요. 프리미엄 헬스테크 브랜드, 슬룸입니다.
진심 어린 소중한 후기 감사합니다. 💜

앞으로도 좋은 상품과 서비스로 고객님들을 찾아뵐 수 있도록 노력하겠습니다.
감사합니다. :)"
117695,2026-07-24 19:26:24,2026-07-20 11:22:23,2026-07-21 23:07:32,"골프엘보로 여러방법으로 파스와 엘보밴드를 이용해 보았는데요
인터넷 상에서. 좋은 영상등이 보여서 구입 해보았어요 한번 두번 사용해보고 후기 더 올리겠습니다. 굿~~~~",5eea5b21381a,,980,프리미엄 엘보케어 팔꿈치 마사지기,149000,수량선택: 데일리 릴렉스 세트 (팔꿈치 마사지기 + 마그네슘 시너지 크림),모바일(팝업),5,,0,0,1,"안녕하세요. 프리미엄 헬스테크 브랜드, 슬룸입니다.
시간 내어 소중한 후기를 작성해 주셔서 감사드립니다. :)

믿고 찾는 쇼핑몰이 되기 위해 더 좋은 상품과 서비스를 준비하겠습니다.
감사합니다. 💜"
117696,2026-07-24 19:47:14,2026-07-20 07:01:40,2026-07-21 18:59:38,"생각했던것보다 시원하고 좋아요
",40440b1b5284,,964,[코어 밸런스 업 세트] 허리편한케어 V2 + 목 마사지 베개 V2,242000,수량선택: 코어 밸런스 업 세트 (허리편한케어 V2 + 목 마사지 베개 V2),모바일,5,,0,0,1,"안녕하세요. 프리미엄 헬스테크 브랜드, 슬룸입니다.
진심 어린 소중한 후기 감사합니다. 💜

앞으로도 좋은 상품과 서비스로 고객님들을 찾아뵐 수 있도록 노력하겠습니다.
감사합니다. :)"
117697,2026-07-24 21:19:44,2026-07-21 23:04:20,2026-07-23 16:20:38,뒤꿈치가 넘 아파서 구매했는데 병원 물리치료 받는것과 동일하네요 전기자극이 많이 오네요.  꾸준히 해봐야죠.,8f460d9710f3,,874,발편한케어 프리미엄 고주파 발 마사지기,91000,"사이즈&세트선택: M (220-270mm), 수량선택: 발편한케어 1개 (마그네슘 시너지 크림 1개 증정)",모바일(팝업),5,,1,0,1,"안녕하세요. 프리미엄 헬스테크 브랜드, 슬룸입니다.
진심 어린 소중한 후기 감사합니다. 💜

앞으로도 좋은 상품과 서비스로 고객님들을 찾아뵐 수 있도록 노력하겠습니다.
감사합니다. :)"
117698,2026-07-24 08:50:43,2026-07-22 14:27:50,2026-07-23 13:38:39,어제 받자마자 충전해서 썼는데 압이약한것같은데 하고나면 목이가벼워지는 마법입니다!!!,,,909,목 마사지 베개 V2 경추 마사지기 베개,112000,수량선택: 목 마사지 베개 V2 1개 (마그네슘 시너지 크림 1개 증정),기존리뷰,5,,1,0,1,"안녕하세요. 프리미엄 헬스테크 브랜드, 슬룸입니다.
진심 어린 소중한 후기 감사합니다. 💜

앞으로도 좋은 상품과 서비스로 고객님들을 찾아뵐 수 있도록 노력하겠습니다.
감사합니다. :)"
117699,2026-07-24 09:12:38,2026-07-21 21:08:35,2026-07-23 21:05:44,상세설명서 제대로 못본 제가 잘못이지만 잠자리에 유선 연결해서 사용하는 제품이 맞나 싶네요.,,,724,★최대할인 비밀링크★ 목베개 플러스 특가,69000,수량선택: 목베개 플러스 1개,기존리뷰,3,,0,0,1,"안녕하세요 고객님, 프리미엄 헬스테크 브랜드, 슬룸입니다.
고객님께 만족스러운 경험을 드리지 못해 대단히 죄송합니다.😥

목베개 플러스는 유선으로 사용 가능한 제품으로, 해당 부분은 구매 페이지에서도 확인 가능한 점 참고 부탁드립니다.
수령하신 날짜 기준으로 30일 동안 꾸준히 사용해보시고도 만족하지 못하셨을 경우에는, 슬룸에서 진행하는 <100%환불이벤트> 에 참여하여 왕복배송비 제외 전액 환불이 가능합니다.

※ 제품을 30일간 꾸준히 사용한 경우, 배송완료 후 40일이내 신청이 가능
※ 환불 서비스는 첫 구매 체험을 위한 서비스로 1회만 신청 가능

▶ <100% 환불 이벤트> 상세 환불 조건 : https://sleeplab.co.kr/notice/?page=1#13709226_notice 

슬룸을 믿고 편하게 사용 및 체험해보시고, 그럼에도 만족하시지 못하셨을 경우 슬룸 공식몰의 채널톡을 통해 이벤트 기간 내 문의 주시면 환불 접수 도움드리겠습니다."
117700,2026-07-24 09:55:06,2026-07-21 09:20:55,2026-07-22 18:39:08,일처리가 왜이따구에요 선물포장까지 시켰는데 다꾸겨져서 오게 해놓고 반품접수가 안되네 사진까지보냈는데 어이가없네요 ㅋㅋㅋ,,,874,발편한케어 프리미엄 고주파 발 마사지기,91000,"사이즈&세트선택: M (220-270mm), 수량선택: 발편한케어 2개",기존리뷰,1,,0,0,1,"안녕하세요. 프리미엄 헬스테크 브랜드, 슬룸입니다.
고객님께 만족스러운 경험을 드리지 못해 대단히 죄송합니다. 😥

리뷰로는 상세한 안내가 어려워, 자세한 내용 알림톡(문자) 발송 도와드렸으니 확인 부탁드리겠습니다.
추가로 궁금하신 점이 있으시거나 문자 확인하신 후에도 해결되지 않는 경우
번거로우시겠지만 슬룸 채팅 상담을 통해 연락 주시면 빠르게 안내 도와드리겠습니다.

▶ 슬룸 채팅 상담 (※ 월-목 09:30-17:00, 금 09:30-16:00, 주말 및 공휴일 휴무)
http://sloom.channel.io/

고객님의 목소리로 더 발전하는 슬룸이 되도록 노력하겠습니다. 감사합니다."
117701,2026-07-24 12:16:52,2026-07-18 10:32:30,2026-07-21 16:22:14,"목디스크 생긴 아빠에게 선물로 드렸어요
고민 많이하고 구매 결정했는데, 만족합니다
옆으로 주무셔서 잘때는 불편하다고 다른 베개를 사용하시지만, 마사지만큼은 너무 좋다고 하시네요
온열기능도 있어서 뭉친 목을 풀어주는데 좋은 듯 합니다 추천합니다!!",,,909,목 마사지 베개 V2 경추 마사지기 베개,112000,수량선택: 목 마사지 베개 V2 1개 (마그네슘 시너지 크림 1개 증정),기존리뷰,5,,0,0,1,"안녕하세요. 프리미엄 헬스테크 브랜드, 슬룸입니다.
진심 어린 소중한 후기 감사합니다. 💜

앞으로도 좋은 상품과 서비스로 고객님들을 찾아뵐 수 있도록 노력하겠습니다.
감사합니다. :)"
117702,2026-07-24 12:51:01,2026-07-17 21:34:40,2026-07-21 21:10:55,"빠른 배송 감사 합니다.

잘 사용 해볼게요~~~~

많이 파시길~~~~~~~~~~~~~~~~~",,,636,허리편한케어 V2 허리 마사지기,131000,수량선택: 허리편한케어 V2 1개 (마그네슘 시너지 크림 1개 증정),기존리뷰,5,,0,0,1,"안녕하세요. 프리미엄 헬스테크 브랜드, 슬룸입니다.
시간 내어 소중한 후기를 작성해 주셔서 감사드립니다. :)

믿고 찾는 쇼핑몰이 되기 위해 더 좋은 상품과 서비스를 준비하겠습니다.
감사합니다. 💜"
117703,2026-07-24 13:46:36,2026-07-17 09:53:55,2026-07-21 21:12:20,"치료가 되는지는 모르겠으나 
온열기능 마사지 기능 기분상 좋고
EMS 기능도 생각보다 강도가 좋아서
매일 해보고 있습니다. 한달 사용후 후기 다시 올릴게요",,,980,프리미엄 엘보케어 팔꿈치 마사지기,149000,수량선택: 팔꿈치 마사지기 1개,기존리뷰,5,,0,0,1,"안녕하세요. 프리미엄 헬스테크 브랜드, 슬룸입니다.
진심 어린 소중한 후기 감사합니다. 💜

앞으로도 좋은 상품과 서비스로 고객님들을 찾아뵐 수 있도록 노력하겠습니다.
감사합니다. :)"
117704,2026-07-24 14:52:04,2026-07-04 15:26:35,2026-07-07 13:44:22,좋은제품 잘 받았습니다,,,1012,[태국박서방TV x 슬룸] 구독자 전용 ★최저가★ 비밀링크,99000,수량선택: 목마사지베개V2 2개,기존리뷰,5,,1,0,1,"안녕하세요. 프리미엄 헬스테크 브랜드, 슬룸입니다.
시간 내어 소중한 후기를 작성해 주셔서 감사드립니다. :)

믿고 찾는 쇼핑몰이 되기 위해 더 좋은 상품과 서비스를 준비하겠습니다.
감사합니다. 💜"
117705,2026-07-24 18:55:21,2026-07-21 16:59:50,2026-07-23 16:21:02,어머니 선물로 좋아하셨어요 가격대비 마사지기로도 좋은데 베개로도 사용가능하니 괜찮은 선물인거같아요,,,724,★최대할인 비밀링크★ 목베개 플러스 특가,69000,수량선택: 목베개 플러스 1개,기존리뷰,5,,2,0,1,"안녕하세요. 프리미엄 헬스테크 브랜드, 슬룸입니다.
정성스럽게 올려주신 소중한 후기 감사합니다. 💜

고객님의 목소리로 더 발전하는 슬룸이 되도록 노력하겠습니다.
감사합니다. 🙇‍♀️"
117706,2026-07-24 19:22:51,2026-06-28 01:25:50,2026-06-30 13:41:15,무선아닙니다 잘보셔야해요,,,724,★최대할인 비밀링크★ 목베개 플러스 특가,69000,수량선택: 목베개 플러스 1개,기존리뷰,5,,0,0,1,"안녕하세요 고객님, 프리미엄 헬스테크 브랜드, 슬룸입니다.
고객님께 만족스러운 경험을 드리지 못해 대단히 죄송합니다.😥

슬룸의 모든 제품은 인체공학적으로 설계되어 편안한 사용이 가능하나 초기 사용 시 1~2주 이상의 적응 기간이 필요할 수 있습니다. 
다만 수령하신 날짜 기준으로 30일 동안 꾸준히 사용해보시고도 만족하지 못하셨을 경우에는, 슬룸에서 진행하는 <100%환불이벤트> 에 참여하여 왕복배송비 제외 전액 환불이 가능합니다.

※ 제품을 30일간 꾸준히 사용한 경우, 배송완료 후 40일이내 신청이 가능
※ 환불 서비스는 첫 구매 체험을 위한 서비스로 1회만 신청 가능

▶ <100% 환불 이벤트> 상세 환불 조건 : https://sleeplab.co.kr/notice/?page=1#13709226_notice 

슬룸을 믿고 편하게 사용 및 체험해보시고, 그럼에도 만족하시지 못하셨을 경우 슬룸 공식몰의 채널톡을 통해 이벤트 기간 내 문의 주시면 환불 접수 도움드리겠습니다."
117707,2026-07-24 21:44:10,2026-07-23 09:57:30,2026-07-24 16:14:12,온열기능 압 ems 3가지가 다돼서 팔꿈치관리하기가 좋을꺼같아여,,,1034,★타노스X슬룸 히든 특가★ 프리미엄 엘보케어 팔꿈치 마사지기,149000,수량선택: 근성장 시너지 세트 (팔꿈치 마사지기 + 마그네슘 시너지 크림),기존리뷰,5,,0,0,1,"안녕하세요. 프리미엄 헬스테크 브랜드, 슬룸입니다.
정성스럽게 올려주신 소중한 후기 감사합니다. 💜

고객님의 목소리로 더 발전하는 슬룸이 되도록 노력하겠습니다.
감사합니다. 🙇‍♀️"
117708,2026-07-24 22:55:44,2026-07-15 16:50:15,2026-07-17 13:37:27,생각 했던거보다 별로임. . 사용 하고 있을때 소리가 넘 크고 시원 하지 않네요,,,724,★최대할인 비밀링크★ 목베개 플러스 특가,69000,수량선택: 목베개 플러스 1개,기존리뷰,4,,1,0,1,"안녕하세요 고객님, 프리미엄 헬스테크 브랜드, 슬룸입니다.
고객님께 만족스러운 경험을 드리지 못해 대단히 죄송합니다.😥

슬룸의 모든 제품은 인체공학적으로 설계되어 편안한 사용이 가능하나 초기 사용 시 1~2주 이상의 적응 기간이 필요할 수 있습니다. 
다만 수령하신 날짜 기준으로 30일 동안 꾸준히 사용해보시고도 만족하지 못하셨을 경우에는, 슬룸에서 진행하는 <100%환불이벤트> 에 참여하여 왕복배송비 제외 전액 환불이 가능합니다.

※ 제품을 30일간 꾸준히 사용한 경우, 배송완료 후 40일이내 신청이 가능
※ 환불 서비스는 첫 구매 체험을 위한 서비스로 1회만 신청 가능

▶ <100% 환불 이벤트> 상세 환불 조건 : https://sleeplab.co.kr/notice/?page=1#13709226_notice 

슬룸을 믿고 편하게 사용 및 체험해보시고, 그럼에도 만족하시지 못하셨을 경우 슬룸 공식몰의 채널톡을 통해 이벤트 기간 내 문의 주시면 환불 접수 도움드리겠습니다."
117709,2026-07-25 08:04:13,2026-07-16 21:40:43,2026-07-21 21:10:55,주말부부인 남편이 엘보로 고생해 제품을 주문하고 도착하자마자 제가 사용해봤는데 만족스러웠어요 주말이되어 남편이 사용해보려 하는데 헐... 줄이 짧아요 ㅠ 평균보다 조금만 팔이 굵어도 짧아 사용할수가 없어요 여자만 사용하라는건지... 길이를 늘릴수있는 연결선을 첨부해 주던지 본제품의 길이를 더 길게해 주던지 해야지 지금 제품으로는 팔굵은 사람은 사용 못합니다,f68c44d02815,,980,프리미엄 엘보케어 팔꿈치 마사지기,149000,수량선택: 팔꿈치 마사지기 1개,모바일,3,,0,0,1,"안녕하세요. 프리미엄 헬스테크 브랜드, 슬룸입니다.
고객님께 만족스러운 경험을 드리지 못해 대단히 죄송합니다. 😥

먼저 남편분의 엘보 통증으로 걱정이 크셨을 텐데, 제품 사용에 큰 불편을 드려 마음이 매우 무겁습니다.
바쁘신 와중에 정성스러운 리뷰로 귀한 의견 남겨주셔서 진심으로 감사드립니다.

고객님께서 지적해 주신 스트랩 길이 부족 문제는 현재 저희 슬룸 내부에서도 인지하고 있는 부분입니다.
모든 고객님께서 편안하게 사용하실 수 있도록  적용 가능한 개선 방안을 적극적으로 준비하고 있습니다.

머지않아 선보일 예정이니 조금만 믿고 기다려 주시면 감사하겠습니다.

고객님의 목소리로 더 발전하는 슬룸이 되도록 노력하겠습니다. 감사합니다."
117710,2026-07-25 08:09:39,2026-07-16 21:40:43,2026-07-21 21:10:55,"슬룸제품중에 가장 잘 사용하고 있는 제품이에요
발마사지도 하지만  펼쳐놓고 허리도 어깨도 몸 전신에 사용할수 있어요 한의원가서 받는거 같아 좋습니다
강력추천 합니다
",f68c44d02815,,874,발편한케어 프리미엄 고주파 발 마사지기,91000,"사이즈&세트선택: L (250-295mm), 수량선택: 발편한케어 1개 (마그네슘 시너지 크림 1개 증정)",모바일,5,,0,0,1,"안녕하세요. 프리미엄 헬스테크 브랜드, 슬룸입니다.
시간 내어 소중한 후기를 작성해 주셔서 감사드립니다. :)

믿고 찾는 쇼핑몰이 되기 위해 더 좋은 상품과 서비스를 준비하겠습니다.
감사합니다. 💜"
117711,2026-07-25 11:14:45,2026-07-22 07:11:56,2026-07-23 10:39:27,"테니스엘보가 점점 심해져 우연히 마사지기를 알게됬어요
허리마사지기를 사용중인데 너무좋아서 팔꿈치마사지기도 구매했네요
일단 여러모드로 작동이되서 너무 좋네요
효과기대 해봅니다~",0835af6e5524,,980,프리미엄 엘보케어 팔꿈치 마사지기,149000,수량선택: 팔꿈치 마사지기 1개,반응형(내리뷰),5,,1,0,1,"안녕하세요. 프리미엄 헬스테크 브랜드, 슬룸입니다.
정성스럽게 올려주신 소중한 후기 감사합니다. 💜

고객님의 목소리로 더 발전하는 슬룸이 되도록 노력하겠습니다.
감사합니다. 🙇‍♀️"
117712,2026-07-25 12:20:07,2026-07-23 04:39:46,2026-07-24 18:36:38,목디스크가 있어서 베개는 가능한 신경쓰고있는데 자그마한 베게가 편안하고 자연스럽게 c커브로 만들어주네요 받자마자 한참베고 있었네요 만족합니다 ,e2739be577a9,,1038,[썸머 수퍼데이] 목베개 스트레칭 베개,11900,수량선택: 목베개 1개 (목베개 커버 증정),모바일,5,,0,0,1,"안녕하세요. 프리미엄 헬스테크 브랜드, 슬룸입니다.
진심 어린 소중한 후기 감사합니다. 💜

앞으로도 좋은 상품과 서비스로 고객님들을 찾아뵐 수 있도록 노력하겠습니다.
감사합니다. :)"
117713,2026-07-25 12:22:30,2026-07-23 04:39:46,2026-07-24 18:36:32,"기존 타제품은 기계식의 딱딱한 제품이 많은데 폭신한 베개느낌에 제품을 허리에 대고 버튼을 작동하였더니 둥둥둥둥 소리 내며 허리 곳곳을 눌러주네요 
썸머 수퍼데이 맞아서 할인 많이 받고 편안하게 허리 마사지 하니 좋습니다",e2739be577a9,,1022,[썸머 수퍼데이] 허리베개 프로 허리 마사지기,69000,수량선택: 허리베개 프로 1개,모바일,5,,0,0,1,"안녕하세요. 프리미엄 헬스테크 브랜드, 슬룸입니다.
시간 내어 소중한 후기를 작성해 주셔서 감사드립니다. :)

믿고 찾는 쇼핑몰이 되기 위해 더 좋은 상품과 서비스를 준비하겠습니다.
감사합니다. 💜"
117714,2026-07-25 12:23:46,2026-07-23 04:39:46,2026-07-24 18:36:32,"친구가 강추해서 할인하는김에 어여 구매 했어요 
전자기기를 많이 사용하는 요즈음 눈의 피로도가 극에 달아있는 요즈음 가장 필요한 마사지 기기입니다 ",e2739be577a9,,1025,[썸머 수퍼데이] 눈편한케어 온열 진동 눈 마사지기,49000,수량선택: 눈편한케어 1개,모바일,5,,0,0,1,"안녕하세요. 프리미엄 헬스테크 브랜드, 슬룸입니다.
시간 내어 소중한 후기를 작성해 주셔서 감사드립니다. :)

믿고 찾는 쇼핑몰이 되기 위해 더 좋은 상품과 서비스를 준비하겠습니다.
감사합니다. 💜"
117715,2026-07-25 14:09:02,2026-07-04 17:42:29,2026-07-28 13:45:49,"선물로 구매한거였고 잘될때는 너무 시원하고 좋다고 이야기 들었는데, 사용 2주만에 충전이 되지 않는지 전원이 들어오지 않는 상황이라 교횐신청하였는고 하루 빨리 교환해주었으면 좋겠네요!!!!! 검수좀 잘 해주세요!!!!!",303f8e855a8d,,909,목 마사지 베개 V2 경추 마사지기 베개,112000,수량선택: 목 마사지 베개 V2 1개,모바일,1,,0,0,1,"안녕하세요. 프리미엄 헬스테크 브랜드, 슬룸입니다.
고객님께 만족스러운 경험을 드리지 못해 대단히 죄송합니다. 😥

슬룸 고객센터로 불량 접수하시어 안내 받으신 것으로 확인됩니다.

추가로 궁금하신 점이 있으시거나 문자 확인하신 후에도 해결되지 않는 경우
번거로우시겠지만 슬룸 채팅 상담을 통해 연락 주시면 빠르게 안내 도와드리겠습니다.

▶ 슬룸 채팅 상담 (※ 월-목 09:30-17:00, 금 09:30-16:00, 주말 및 공휴일 휴무)
http://sloom.channel.io/

고객님의 목소리로 더 발전하는 슬룸이 되도록 노력하겠습니다. 감사합니다."
117716,2026-07-25 18:22:42,2026-07-22 23:35:06,2026-07-24 16:09:33,배송 빠르고 제품 좋습니다,99486eee4f30,,754,슬룸 전용 파우치,11900,수량선택: 슬룸 보관용 파우치 (중형) 1개 (33*48cm),모바일,5,,0,0,1,"안녕하세요. 프리미엄 헬스테크 브랜드, 슬룸입니다.
진심 어린 소중한 후기 감사합니다. 💜

앞으로도 좋은 상품과 서비스로 고객님들을 찾아뵐 수 있도록 노력하겠습니다.
감사합니다. :)"
117717,2026-07-25 18:37:31,2026-07-11 14:08:16,2026-07-14 21:11:09,"찍찍이가 좀약해서 불안해요
AS가능한가요",fb71697ffa9a,,980,프리미엄 엘보케어 팔꿈치 마사지기,149000,수량선택: 팔꿈치 마사지기 1개,반응형(내리뷰),5,,1,0,1,"안녕하세요. 프리미엄 헬스테크 브랜드, 슬룸입니다.
고객님께 만족스러운 경험을 드리지 못해 대단히 죄송합니다. 😥

리뷰로는 상세한 안내가 어려워, 자세한 내용 알림톡(문자) 발송 도와드렸으니 확인 부탁드리겠습니다.
추가로 궁금하신 점이 있으시거나 문자 확인하신 후에도 해결되지 않는 경우
번거로우시겠지만 슬룸 채팅 상담을 통해 연락 주시면 빠르게 안내 도와드리겠습니다.

▶ 슬룸 채팅 상담 (※ 월-목 09:30-17:00, 금 09:30-16:00, 주말 및 공휴일 휴무)
http://sloom.channel.io/

고객님의 목소리로 더 발전하는 슬룸이 되도록 노력하겠습니다. 감사합니다."
117718,2026-07-25 10:20:49,2026-07-05 14:24:05,2026-07-07 18:53:12,리뷰보고 제품 구매했어여 목이 편안하게 마사지 해주네요 ㅎㅎ,,,909,목 마사지 베개 V2 경추 마사지기 베개,112000,수량선택: 목 마사지 베개 V2 1개,기존리뷰,4,,1,0,1,"안녕하세요. 프리미엄 헬스테크 브랜드, 슬룸입니다.
정성스럽게 올려주신 소중한 후기 감사합니다. 💜

고객님의 목소리로 더 발전하는 슬룸이 되도록 노력하겠습니다.
감사합니다. 🙇‍♀️"
117719,2026-07-25 10:29:04,2026-07-20 14:59:20,2026-07-22 16:16:44,사용하기 편하고 좋아요,,,980,프리미엄 엘보케어 팔꿈치 마사지기,149000,수량선택: 데일리 릴렉스 세트 (팔꿈치 마사지기 + 마그네슘 시너지 크림),기존리뷰,5,,1,0,1,"안녕하세요. 프리미엄 헬스테크 브랜드, 슬룸입니다.
시간 내어 소중한 후기를 작성해 주셔서 감사드립니다. :)

믿고 찾는 쇼핑몰이 되기 위해 더 좋은 상품과 서비스를 준비하겠습니다.
감사합니다. 💜"
117720,2026-07-25 10:39:12,2026-07-20 15:50:15,2026-07-22 18:42:02,"ㅍ로감이 없어지는거 같고 
족저 근막염에 좋네요",,,924,발편한케어 프리미엄 EMS 발 마사지기,89000,"사이즈&세트선택: M (220-270mm), 수량선택: 발편한케어 1개",기존리뷰,5,,0,0,1,"안녕하세요. 프리미엄 헬스테크 브랜드, 슬룸입니다.
정성스럽게 올려주신 소중한 후기 감사합니다. 💜

고객님의 목소리로 더 발전하는 슬룸이 되도록 노력하겠습니다.
감사합니다. 🙇‍♀️"
117721,2026-07-25 11:53:52,2026-07-20 13:14:55,2026-07-22 18:38:42,상담도 자세하고 배송도 빠르고 좋았어요,,,330,USB 충전 어댑터 멀티 충전기,5900,,기존리뷰,5,,0,0,1,"안녕하세요. 프리미엄 헬스테크 브랜드, 슬룸입니다.
정성스럽게 올려주신 소중한 후기 감사합니다. 💜

고객님의 목소리로 더 발전하는 슬룸이 되도록 노력하겠습니다.
감사합니다. 🙇‍♀️"
117722,2026-07-25 11:54:24,2026-07-20 13:13:40,2026-07-22 18:40:23,상담도 정확하고 배송도 빠르고 좋았어요,,,376,허리편한케어 V1 전용 케이블,5000,,기존리뷰,5,,0,0,1,"안녕하세요. 프리미엄 헬스테크 브랜드, 슬룸입니다.
진심 어린 소중한 후기 감사합니다. 💜

앞으로도 좋은 상품과 서비스로 고객님들을 찾아뵐 수 있도록 노력하겠습니다.
감사합니다. :)"
117723,2026-07-25 12:28:49,2026-07-23 12:40:40,2026-07-24 16:13:05,만성허리통증을 가지고 계시는 아빠한테 선물로 사줬어요! 아빠가 엄청 만족하시니 저도 기분이 좋아지네요 ㅎ 효과는 두고봐야알겠지만 일단 ~~ 은 너무 좋습니당,,,636,허리편한케어 V2 허리 마사지기,131000,수량선택: 허리편한케어 V2 1개 (마그네슘 시너지 크림 1개 증정),기존리뷰,5,,1,0,1,"안녕하세요. 프리미엄 헬스테크 브랜드, 슬룸입니다.
진심 어린 소중한 후기 감사합니다. 💜

앞으로도 좋은 상품과 서비스로 고객님들을 찾아뵐 수 있도록 노력하겠습니다.
감사합니다. :)"
117724,2026-07-25 13:41:54,2026-07-11 18:32:30,2026-07-14 16:12:54,아내를 위해 구입했는데 너무 좋아하네요,,,924,발편한케어 프리미엄 EMS 발 마사지기,89000,"사이즈&세트선택: M (220-270mm), 수량선택: 발편한케어 1개",기존리뷰,5,,0,0,1,"안녕하세요. 프리미엄 헬스테크 브랜드, 슬룸입니다.
시간 내어 소중한 후기를 작성해 주셔서 감사드립니다. :)

믿고 찾는 쇼핑몰이 되기 위해 더 좋은 상품과 서비스를 준비하겠습니다.
감사합니다. 💜"
117725,2026-07-25 13:57:49,2026-07-24 12:56:45,2026-07-25 13:44:27,빠른 배송 감사합니다,,,1043,[슬룸 4차 진행!] 코이티비 구독자 전용 ★최저가★ 비밀링크,99000,수량선택: 종아리편한케어 1개,기존리뷰,5,,1,0,1,"안녕하세요. 프리미엄 헬스테크 브랜드, 슬룸입니다.
진심 어린 소중한 후기 감사합니다. 💜

앞으로도 좋은 상품과 서비스로 고객님들을 찾아뵐 수 있도록 노력하겠습니다.
감사합니다. :)"
117726,2026-07-25 15:34:50,2026-07-24 12:41:10,2026-07-25 14:44:00,오 이런제품 너무좋아요.,,,1043,[슬룸 4차 진행!] 코이티비 구독자 전용 ★최저가★ 비밀링크,99000,수량선택: 종아리편한케어 1개,기존리뷰,5,,3,0,1,"안녕하세요. 프리미엄 헬스테크 브랜드, 슬룸입니다.
시간 내어 소중한 후기를 작성해 주셔서 감사드립니다. :)

믿고 찾는 쇼핑몰이 되기 위해 더 좋은 상품과 서비스를 준비하겠습니다.
감사합니다. 💜"
117727,2026-07-25 16:17:44,2026-07-04 06:14:05,2026-07-07 16:24:53,베개가 쓰면 쓸수록 편하네요,,,981,목 마사지 베개 V2 계절베개 목 집중 케어,112000,수량선택: 목 마사지 베개 V2 1개,기존리뷰,5,,1,0,1,"안녕하세요. 프리미엄 헬스테크 브랜드, 슬룸입니다.
진심 어린 소중한 후기 감사합니다. 💜

앞으로도 좋은 상품과 서비스로 고객님들을 찾아뵐 수 있도록 노력하겠습니다.
감사합니다. :)"
117728,2026-07-25 17:04:10,2026-07-16 16:58:05,2026-07-21 18:59:58,목부위에 재질이 좀...그렇긴한데 좋아요ㅎㅎ 보풀이 빨리펴요,,,636,허리편한케어 V2 허리 마사지기,131000,수량선택: 시그니처 세트 (허리편한케어 V2 + 목편한케어 플라잉),기존리뷰,5,,1,0,1,"안녕하세요. 프리미엄 헬스테크 브랜드, 슬룸입니다.
진심 어린 소중한 후기 감사합니다. 💜

앞으로도 좋은 상품과 서비스로 고객님들을 찾아뵐 수 있도록 노력하겠습니다.
감사합니다. :)"
117729,2026-07-25 17:09:31,2026-07-24 12:47:50,2026-07-25 11:26:00,아내에게 선물  했는데 너무좋다고 하더라고요  잘쓰겠습니다,,,1043,[슬룸 4차 진행!] 코이티비 구독자 전용 ★최저가★ 비밀링크,99000,수량선택: 목 마사지 베개 V2 1개,기존리뷰,5,,0,0,1,"안녕하세요. 프리미엄 헬스테크 브랜드, 슬룸입니다.
진심 어린 소중한 후기 감사합니다. 💜

앞으로도 좋은 상품과 서비스로 고객님들을 찾아뵐 수 있도록 노력하겠습니다.
감사합니다. :)"
117730,2026-07-25 18:16:39,2026-07-16 01:54:15,2026-07-17 13:40:13,약함 팔이 아픔..,,,1013,★최대할인 비밀링크★ 바디 풀고컷 경락 마사지기,89900,수량선택: 바디 풀고컷 1개 (트리플 샷 시너지 젤 1개 증정),기존리뷰,1,,0,0,1,"안녕하세요 고객님, 프리미엄 헬스테크 브랜드, 슬룸입니다.
고객님께 만족스러운 경험을 드리지 못해 대단히 죄송합니다.😥

슬룸의 모든 제품은 인체공학적으로 설계되어 편안한 사용이 가능하나 초기 사용 시 1~2주 이상의 적응 기간이 필요할 수 있습니다. 
다만 수령하신 날짜 기준으로 30일 동안 꾸준히 사용해보시고도 만족하지 못하셨을 경우에는, 슬룸에서 진행하는 <100%환불이벤트> 에 참여하여 왕복배송비 제외 전액 환불이 가능합니다.

※ 제품을 30일간 꾸준히 사용한 경우, 배송완료 후 40일이내 신청이 가능
※ 환불 서비스는 첫 구매 체험을 위한 서비스로 1회만 신청 가능

▶ <100% 환불 이벤트> 상세 환불 조건 : https://sleeplab.co.kr/notice/?page=1#13709226_notice 

슬룸을 믿고 편하게 사용 및 체험해보시고, 그럼에도 만족하시지 못하셨을 경우 슬룸 공식몰의 채널톡을 통해 이벤트 기간 내 문의 주시면 환불 접수 도움드리겠습니다."
117731,2026-07-25 18:26:45,2026-05-02 13:44:30,2026-05-05 15:22:00,편하게 잘 사용하고 있어요,,,62,살얼음 냉감 패드 특수 코팅 패드,109000,수량선택: 살얼음냉감패드(Q) 1개,기존리뷰,5,,0,0,1,"안녕하세요. 프리미엄 헬스테크 브랜드, 슬룸입니다.
시간 내어 소중한 후기를 작성해 주셔서 감사드립니다. :)

믿고 찾는 쇼핑몰이 되기 위해 더 좋은 상품과 서비스를 준비하겠습니다.
감사합니다. 💜"
117732,2026-07-25 18:43:23,2026-07-24 12:43:50,2026-07-25 16:06:28,빠른 배송 감사합니다.,,,1043,[슬룸 4차 진행!] 코이티비 구독자 전용 ★최저가★ 비밀링크,99000,수량선택: ★코이티비SET★목 마사지 베개 V2 1개 + 종아리편한케어 1개 +(증정)마그네슘 시너지 크림 1개,기존리뷰,5,,0,0,1,"안녕하세요. 프리미엄 헬스테크 브랜드, 슬룸입니다.
시간 내어 소중한 후기를 작성해 주셔서 감사드립니다. :)

믿고 찾는 쇼핑몰이 되기 위해 더 좋은 상품과 서비스를 준비하겠습니다.
감사합니다. 💜"
117733,2026-07-25 19:28:55,2026-07-24 12:48:00,2026-07-24 12:48:00,빠른 배송으로 잘 받았어요,,,1043,[슬룸 4차 진행!] 코이티비 구독자 전용 ★최저가★ 비밀링크,99000,수량선택: 목 마사지 베개 V2 1개,기존리뷰,5,,1,0,1,"안녕하세요. 프리미엄 헬스테크 브랜드, 슬룸입니다.
정성스럽게 올려주신 소중한 후기 감사합니다. 💜

고객님의 목소리로 더 발전하는 슬룸이 되도록 노력하겠습니다.
감사합니다. 🙇‍♀️"
117734,2026-07-26 08:10:51,2026-07-24 14:20:47,2026-07-25 16:13:21,기대한 만큼의 효과는 없네요 에어가 한쪽으로 치우치는 경향이 있어요,10b7e63b0012,,1043,[슬룸 4차 진행!] 코이티비 구독자 전용 ★최저가★ 비밀링크,99000,수량선택: 목 마사지 베개 V2 2개 +(증정)마그네슘 시너지 크림 1개,반응형(내리뷰),3,,0,0,1,"안녕하세요 고객님, 프리미엄 헬스테크 브랜드, 슬룸입니다.
고객님께 만족스러운 경험을 드리지 못해 대단히 죄송합니다.😥

슬룸의 모든 제품은 인체공학적으로 설계되어 편안한 사용이 가능하나 초기 사용 시 1~2주 이상의 적응 기간이 필요할 수 있습니다. 
다만 수령하신 날짜 기준으로 30일 동안 꾸준히 사용해보시고도 만족하지 못하셨을 경우에는, 슬룸에서 진행하는 <100%환불이벤트> 에 참여하여 왕복배송비 제외 전액 환불이 가능합니다.

※ 제품을 30일간 꾸준히 사용한 경우, 배송완료 후 40일이내 신청이 가능
※ 환불 서비스는 첫 구매 체험을 위한 서비스로 1회만 신청 가능

▶ <100% 환불 이벤트> 상세 환불 조건 : https://sleeplab.co.kr/notice/?page=1#13709226_notice 

슬룸을 믿고 편하게 사용 및 체험해보시고, 그럼에도 만족하시지 못하셨을 경우 슬룸 공식몰의 채널톡을 통해 이벤트 기간 내 문의 주시면 환불 접수 도움드리겠습니다."
117735,2026-07-26 10:50:31,2026-07-24 12:42:39,2026-07-25 16:08:09, 진동모드가 조금약하긴 함. 2일 사용후 느낀점은 나름 목의 긴장을 풀어준다. 편하게 잠들수 있을것 같음,cc525b6cffaa,,1043,[슬룸 4차 진행!] 코이티비 구독자 전용 ★최저가★ 비밀링크,99000,수량선택: 목 마사지 베개 V2 1개,반응형(내리뷰),5,,1,0,1,"안녕하세요. 프리미엄 헬스테크 브랜드, 슬룸입니다.
정성스럽게 올려주신 소중한 후기 감사합니다. 💜

고객님의 목소리로 더 발전하는 슬룸이 되도록 노력하겠습니다.
감사합니다. 🙇‍♀️"
117736,2026-07-26 11:20:30,2026-07-22 16:12:43,2026-07-25 14:05:10,제품 받자마자 충전하고 바로 사용 했어요 정말 전문 샵에서 케어 받는 느낌이었어요~~ 매일매일 사용할것 같아요 추천합니다 ~~,349a2fd3ef48,,1025,[썸머 수퍼데이] 눈편한케어 온열 진동 눈 마사지기,49000,수량선택: 눈편한케어 1개,반응형(내리뷰),5,,0,0,1,"안녕하세요. 프리미엄 헬스테크 브랜드, 슬룸입니다.
정성스럽게 올려주신 소중한 후기 감사합니다. 💜

고객님의 목소리로 더 발전하는 슬룸이 되도록 노력하겠습니다.
감사합니다. 🙇‍♀️"
117737,2026-07-26 11:25:17,2026-07-22 16:12:43,2026-07-25 14:05:10,목디스크로 입원하고 퇴원후 재활치료 목적으로 사용했는데 너무 좋아요 불편했던 목주변 근육이 긴장을 풀고 바른 자세로 숙면 핯수 있게 도와주네요 ~~ 아주 쓸모 있어야,349a2fd3ef48,,909,목 마사지 베개 V2 경추 마사지기 베개,112000,수량선택: 목 마사지 베개 V2 1개 (마그네슘 시너지 크림 1개 증정),반응형(내리뷰),5,,0,0,1,"안녕하세요. 프리미엄 헬스테크 브랜드, 슬룸입니다.
정성스럽게 올려주신 소중한 후기 감사합니다. 💜

고객님의 목소리로 더 발전하는 슬룸이 되도록 노력하겠습니다.
감사합니다. 🙇‍♀️"
117738,2026-07-26 08:01:59,2026-07-19 02:54:05,2026-07-21 19:01:05,발이 너무.시원해요.가지고다니면서 점심 저녁 두번씩 합니다. 한달 써보고 재후기 올릴게요,,,924,발편한케어 프리미엄 EMS 발 마사지기,89000,"사이즈&세트선택: M (220-270mm), 수량선택: 발편한케어 1개",기존리뷰,5,,1,0,1,"안녕하세요. 프리미엄 헬스테크 브랜드, 슬룸입니다.
진심 어린 소중한 후기 감사합니다. 💜

앞으로도 좋은 상품과 서비스로 고객님들을 찾아뵐 수 있도록 노력하겠습니다.
감사합니다. :)"
117739,2026-07-26 08:23:33,2026-07-19 04:38:15,2026-07-21 21:11:55,마사지 한가지 기능만 있는게 아쉬워요,,,909,목 마사지 베개 V2 경추 마사지기 베개,112000,수량선택: 목 마사지 베개 V2 1개 (마그네슘 시너지 크림 1개 증정),기존리뷰,4,,0,0,1,"안녕하세요 고객님, 프리미엄 헬스테크 브랜드, 슬룸입니다.
고객님께 만족스러운 경험을 드리지 못해 대단히 죄송합니다.😥

슬룸의 모든 제품은 인체공학적으로 설계되어 편안한 사용이 가능하나 초기 사용 시 1~2주 이상의 적응 기간이 필요할 수 있습니다. 
다만 수령하신 날짜 기준으로 30일 동안 꾸준히 사용해보시고도 만족하지 못하셨을 경우에는, 슬룸에서 진행하는 <100%환불이벤트> 에 참여하여 왕복배송비 제외 전액 환불이 가능합니다.

※ 제품을 30일간 꾸준히 사용한 경우, 배송완료 후 40일이내 신청이 가능
※ 환불 서비스는 첫 구매 체험을 위한 서비스로 1회만 신청 가능

▶ <100% 환불 이벤트> 상세 환불 조건 : https://sleeplab.co.kr/notice/?page=1#13709226_notice 

슬룸을 믿고 편하게 사용 및 체험해보시고, 그럼에도 만족하시지 못하셨을 경우 슬룸 공식몰의 채널톡을 통해 이벤트 기간 내 문의 주시면 환불 접수 도움드리겠습니다."
117740,2026-07-26 11:11:11,2026-07-23 08:38:25,2026-07-24 16:16:02,"일자목인데 몇번사용하진 않았지만  목이 시원합니다
요즘 목이 아팠는데 통증도 줄었어요",,,1033,[신금동x슬룸] 최저가 마켓 OPEN,79000,수량선택: ★최저가★ 경추 마사지 베개 V2 1개 + (증정) 마그네슘 크림 1개,기존리뷰,5,,0,0,1,"안녕하세요. 프리미엄 헬스테크 브랜드, 슬룸입니다.
진심 어린 소중한 후기 감사합니다. 💜

앞으로도 좋은 상품과 서비스로 고객님들을 찾아뵐 수 있도록 노력하겠습니다.
감사합니다. :)"
117741,2026-07-26 11:16:13,2026-07-23 02:01:30,2026-07-24 16:13:19,무선이라 너무 좋네요^^ 유선도 같이 샀는데 이게 훨~더 좋아요 인정,,,1033,[신금동x슬룸] 최저가 마켓 OPEN,79000,수량선택: ★최저가★ 경추 마사지 베개 V2 1개 + (증정) 마그네슘 크림 1개,기존리뷰,5,,1,0,1,"안녕하세요. 프리미엄 헬스테크 브랜드, 슬룸입니다.
진심 어린 소중한 후기 감사합니다. 💜

앞으로도 좋은 상품과 서비스로 고객님들을 찾아뵐 수 있도록 노력하겠습니다.
감사합니다. :)"
117742,2026-07-26 11:57:05,2026-07-22 11:01:15,2026-07-23 16:09:50,가성비가 최고네요 ㅎㅎ,,,724,★최대할인 비밀링크★ 목베개 플러스 특가,69000,수량선택: 목베개 플러스 1개,기존리뷰,5,,0,0,1,"안녕하세요. 프리미엄 헬스테크 브랜드, 슬룸입니다.
시간 내어 소중한 후기를 작성해 주셔서 감사드립니다. :)

믿고 찾는 쇼핑몰이 되기 위해 더 좋은 상품과 서비스를 준비하겠습니다.
감사합니다. 💜"
117743,2026-07-26 13:08:39,2026-07-21 21:55:50,2026-07-23 16:20:08,팔꿈치 통증을 달고 사는데 확실히 하고나면 한결 편해요,,,980,프리미엄 엘보케어 팔꿈치 마사지기,149000,수량선택: 팔꿈치 마사지기 1개,기존리뷰,5,,0,0,1,"안녕하세요. 프리미엄 헬스테크 브랜드, 슬룸입니다.
정성스럽게 올려주신 소중한 후기 감사합니다. 💜

고객님의 목소리로 더 발전하는 슬룸이 되도록 노력하겠습니다.
감사합니다. 🙇‍♀️"
117744,2026-07-26 13:09:13,2026-07-21 21:55:50,2026-07-23 16:20:08,허리편한케어 요물입니다,,,964,[코어 밸런스 업 세트] 허리편한케어 V2 + 목 마사지 베개 V2,242000,수량선택: 코어 밸런스 업 세트 (허리편한케어 V2 + 목 마사지 베개 V2),기존리뷰,5,,0,0,1,"안녕하세요. 프리미엄 헬스테크 브랜드, 슬룸입니다.
진심 어린 소중한 후기 감사합니다. 💜

앞으로도 좋은 상품과 서비스로 고객님들을 찾아뵐 수 있도록 노력하겠습니다.
감사합니다. :)"
117745,2026-07-26 13:11:58,2026-07-22 23:11:05,2026-07-24 16:16:20,마사지와 온열까지 한번에 하니 너무 좋아요,,,1033,[신금동x슬룸] 최저가 마켓 OPEN,79000,수량선택: ★최저가★ 경추 마사지 베개 V2 1개 + (증정) 마그네슘 크림 1개,기존리뷰,5,,1,0,1,"안녕하세요. 프리미엄 헬스테크 브랜드, 슬룸입니다.
진심 어린 소중한 후기 감사합니다. 💜

앞으로도 좋은 상품과 서비스로 고객님들을 찾아뵐 수 있도록 노력하겠습니다.
감사합니다. :)"
117746,2026-07-26 13:25:25,2026-07-20 18:10:05,2026-07-22 16:17:27,크림 바르고 하면 확실히 찌릿찌릿하고 시원해요 근데 혼자 자꾸 벌어져서 팔이나 종아리같은 상대적으로 약한 부분은 잡아주는게 약해요,,,1035,[애진X슬룸] ★단독 최대혜택★ 바디풀고컷 경락 마사지기,79900,수량선택: [68%] 바디풀고컷 1개 + 시너지 젤 2개 증정,기존리뷰,4,,1,0,1,"안녕하세요. 프리미엄 헬스테크 브랜드, 슬룸입니다.
시간 내어 소중한 후기를 작성해 주셔서 감사드립니다. :)

믿고 찾는 쇼핑몰이 되기 위해 더 좋은 상품과 서비스를 준비하겠습니다.
감사합니다. 💜"
117747,2026-07-26 14:31:11,2026-07-20 18:20:35,2026-07-22 16:10:41,1+1 구성으로 좀 더 저렴하게 구매했어요! 꾸준히 사용해볼게요 ㅎㅎ 많이 파세용~~,,,1035,[애진X슬룸] ★단독 최대혜택★ 바디풀고컷 경락 마사지기,79900,수량선택: [69%] 바디풀고컷 2개 + 시너지 젤 4개 증정,기존리뷰,5,,1,0,1,"안녕하세요. 프리미엄 헬스테크 브랜드, 슬룸입니다.
정성스럽게 올려주신 소중한 후기 감사합니다. 💜

고객님의 목소리로 더 발전하는 슬룸이 되도록 노력하겠습니다.
감사합니다. 🙇‍♀️"
117748,2026-07-26 15:11:31,2026-07-12 08:02:45,2026-07-14 16:17:38,집에서 편리하게 관리하려고 구매했는데 3가지 모드에 세기도 조절가능해서 좋습니다,,,1008,★최대할인 비밀링크★ 바디 풀고컷 경락 마사지기,89900,수량선택: 바디 풀고컷 1개 (트리플 샷 시너지 젤 1개 증정),기존리뷰,5,,0,0,1,"안녕하세요. 프리미엄 헬스테크 브랜드, 슬룸입니다.
정성스럽게 올려주신 소중한 후기 감사합니다. 💜

고객님의 목소리로 더 발전하는 슬룸이 되도록 노력하겠습니다.
감사합니다. 🙇‍♀️"
117749,2026-07-26 16:29:41,2026-07-23 00:43:40,2026-07-24 13:47:48,배송빠르내요 효과는 잘 모르겤ㅅ음,,,1035,[애진X슬룸] ★단독 최대혜택★ 바디풀고컷 경락 마사지기,79900,수량선택: [68%] 바디풀고컷 1개 + 시너지 젤 2개 증정,기존리뷰,5,,0,0,1,"안녕하세요 고객님, 프리미엄 헬스테크 브랜드, 슬룸입니다.
고객님께 만족스러운 경험을 드리지 못해 대단히 죄송합니다.😥

슬룸의 모든 제품은 인체공학적으로 설계되어 편안한 사용이 가능하나 초기 사용 시 1~2주 이상의 적응 기간이 필요할 수 있습니다. 
다만 수령하신 날짜 기준으로 30일 동안 꾸준히 사용해보시고도 만족하지 못하셨을 경우에는, 슬룸에서 진행하는 <100%환불이벤트> 에 참여하여 왕복배송비 제외 전액 환불이 가능합니다.

※ 제품을 30일간 꾸준히 사용한 경우, 배송완료 후 40일이내 신청이 가능
※ 환불 서비스는 첫 구매 체험을 위한 서비스로 1회만 신청 가능

▶ <100% 환불 이벤트> 상세 환불 조건 : https://sleeplab.co.kr/notice/?page=1#13709226_notice 

슬룸을 믿고 편하게 사용 및 체험해보시고, 그럼에도 만족하시지 못하셨을 경우 슬룸 공식몰의 채널톡을 통해 이벤트 기간 내 문의 주시면 환불 접수 도움드리겠습니다."
117750,2026-07-26 16:31:20,2026-07-22 18:25:10,2026-07-24 18:36:32,배송도 빠르고 자동설정으로 이틀 사용 중입니다 한달 꾸준히 사용하고 목도 편해졌으면 좋겠어요,,,1033,[신금동x슬룸] 최저가 마켓 OPEN,79000,수량선택: ★100개한정★ 경추 마사지 베개 V1 1개,기존리뷰,5,,1,0,1,"안녕하세요. 프리미엄 헬스테크 브랜드, 슬룸입니다.
시간 내어 소중한 후기를 작성해 주셔서 감사드립니다. :)

믿고 찾는 쇼핑몰이 되기 위해 더 좋은 상품과 서비스를 준비하겠습니다.
감사합니다. 💜"
117751,2026-07-26 18:15:32,2026-07-16 17:25:05,2026-07-21 18:49:12,그냥그래요.시원한맛읏그냥글2,,,1033,[신금동x슬룸] 최저가 마켓 OPEN,79000,수량선택: ★최저가★ 경추 마사지 베개 V2 1개 + (증정) 마그네슘 크림 1개,기존리뷰,4,,0,0,1,"안녕하세요 고객님, 프리미엄 헬스테크 브랜드, 슬룸입니다.
고객님께 만족스러운 경험을 드리지 못해 대단히 죄송합니다.😥

슬룸의 모든 제품은 인체공학적으로 설계되어 편안한 사용이 가능하나 초기 사용 시 1~2주 이상의 적응 기간이 필요할 수 있습니다. 
다만 수령하신 날짜 기준으로 30일 동안 꾸준히 사용해보시고도 만족하지 못하셨을 경우에는, 슬룸에서 진행하는 <100%환불이벤트> 에 참여하여 왕복배송비 제외 전액 환불이 가능합니다.

※ 제품을 30일간 꾸준히 사용한 경우, 배송완료 후 40일이내 신청이 가능
※ 환불 서비스는 첫 구매 체험을 위한 서비스로 1회만 신청 가능

▶ <100% 환불 이벤트> 상세 환불 조건 : https://sleeplab.co.kr/notice/?page=1#13709226_notice 

슬룸을 믿고 편하게 사용 및 체험해보시고, 그럼에도 만족하시지 못하셨을 경우 슬룸 공식몰의 채널톡을 통해 이벤트 기간 내 문의 주시면 환불 접수 도움드리겠습니다."
117752,2026-07-26 18:52:45,2026-07-23 07:31:00,2026-07-24 16:15:43,설마 하고 샀는데 마사지하고 고대로 잠들었는데 다음날 확실히 어깨랑 목이 가볍 더라구요!!!!,,,1033,[신금동x슬룸] 최저가 마켓 OPEN,79000,수량선택: ★최저가★ 경추 마사지 베개 V2 1개 + (증정) 마그네슘 크림 1개,기존리뷰,5,,1,0,1,"안녕하세요. 프리미엄 헬스테크 브랜드, 슬룸입니다.
진심 어린 소중한 후기 감사합니다. 💜

앞으로도 좋은 상품과 서비스로 고객님들을 찾아뵐 수 있도록 노력하겠습니다.
감사합니다. :)"
117753,2026-07-26 21:39:31,2026-07-14 15:25:15,2026-07-16 13:38:58,"쓰기편하고 좋네요
감사합니다",,,980,프리미엄 엘보케어 팔꿈치 마사지기,149000,수량선택: 데일리 릴렉스 세트 (팔꿈치 마사지기 + 마그네슘 시너지 크림),기존리뷰,5,,0,0,1,"안녕하세요. 프리미엄 헬스테크 브랜드, 슬룸입니다.
정성스럽게 올려주신 소중한 후기 감사합니다. 💜

고객님의 목소리로 더 발전하는 슬룸이 되도록 노력하겠습니다.
감사합니다. 🙇‍♀️"
117754,2026-07-26 23:02:16,2026-06-17 20:48:10,2026-06-19 16:12:04,엉덩이크면 안들어갈것같아요,,,966,골반 케어 프리미엄 골반 마사지기,191000,수량선택: 바디 밸런스 케어 세트 (골반 마사지기 + 허리베개) + 마그네슘 시너지 크림 1개 증정,기존리뷰,5,,0,0,1,"안녕하세요. 프리미엄 헬스테크 브랜드, 슬룸입니다.
고객님께 만족스러운 경험을 드리지 못해 대단히 죄송합니다. 😥

리뷰로는 상세한 안내가 어려워, 자세한 내용 알림톡(문자) 발송 도와드렸으니 확인 부탁드리겠습니다.
추가로 궁금하신 점이 있으시거나 문자 확인하신 후에도 해결되지 않는 경우
번거로우시겠지만 슬룸 채팅 상담을 통해 연락 주시면 빠르게 안내 도와드리겠습니다.

▶ 슬룸 채팅 상담 (※ 월-목 09:30-17:00, 금 09:30-16:00, 주말 및 공휴일 휴무)
http://sloom.channel.io/

고객님의 목소리로 더 발전하는 슬룸이 되도록 노력하겠습니다. 감사합니다."
117755,2026-07-26 23:31:44,2026-07-23 15:46:55,2026-07-25 16:11:46,에어리프팅모드가 좋아요ㅔ,,,724,★최대할인 비밀링크★ 목베개 플러스 특가,69000,수량선택: 목베개 플러스 1개,기존리뷰,5,,1,0,1,"안녕하세요. 프리미엄 헬스테크 브랜드, 슬룸입니다.
정성스럽게 올려주신 소중한 후기 감사합니다. 💜

고객님의 목소리로 더 발전하는 슬룸이 되도록 노력하겠습니다.
감사합니다. 🙇‍♀️"
117756,2026-07-27 00:04:52,2026-07-22 23:29:40,2026-07-24 13:46:33,세탁이 안된다는 단점이 있지만 개인적으로 단점을 극복할 스 있을만큼 만족합니다.,,,1033,[신금동x슬룸] 최저가 마켓 OPEN,79000,수량선택: ★최저가★ 경추 마사지 베개 V2 1개 + (증정) 마그네슘 크림 1개,기존리뷰,5,,1,0,1,"안녕하세요. 프리미엄 헬스테크 브랜드, 슬룸입니다.
진심 어린 소중한 후기 감사합니다. 💜

앞으로도 좋은 상품과 서비스로 고객님들을 찾아뵐 수 있도록 노력하겠습니다.
감사합니다. :)"
117757,2026-07-27 00:41:46,2026-07-20 11:23:40,2026-07-22 16:17:59,기대보다 막 소름돋게 좋은건 잘 모르겠는데 가성비는 좋은 것 같아요,,,1035,[애진X슬룸] ★단독 최대혜택★ 바디풀고컷 경락 마사지기,79900,수량선택: [68%] 바디풀고컷 1개 + 시너지 젤 2개 증정,기존리뷰,4,,1,0,1,"안녕하세요. 프리미엄 헬스테크 브랜드, 슬룸입니다.
진심 어린 소중한 후기 감사합니다. 💜

앞으로도 좋은 상품과 서비스로 고객님들을 찾아뵐 수 있도록 노력하겠습니다.
감사합니다. :)"
117758,2026-07-27 11:26:52,2026-07-24 12:41:07,2026-07-25 16:14:29,"제품이 너무 허접하며 기능도 형편 없어요.
코이님. 오랜 구독자로  이런 제품은 취급하면 안됩니다.
반품하려면 어떻게 해야죠. (010 3433 3867)
연락주세요~!!",a56748d6f3a1,,1043,[슬룸 4차 진행!] 코이티비 구독자 전용 ★최저가★ 비밀링크,99000,수량선택: 목 마사지 베개 V2 1개,모바일(팝업),1,,0,0,1,"안녕하세요 고객님, 프리미엄 헬스테크 브랜드, 슬룸입니다.
고객님께 만족스러운 경험을 드리지 못해 대단히 죄송합니다.😥

슬룸의 모든 제품은 인체공학적으로 설계되어 편안한 사용이 가능하나 초기 사용 시 1~2주 이상의 적응 기간이 필요할 수 있습니다. 
다만 수령하신 날짜 기준으로 30일 동안 꾸준히 사용해보시고도 만족하지 못하셨을 경우에는, 슬룸에서 진행하는 <100%환불이벤트> 에 참여하여 왕복배송비 제외 전액 환불이 가능합니다.

※ 제품을 30일간 꾸준히 사용한 경우, 배송완료 후 40일이내 신청이 가능
※ 환불 서비스는 첫 구매 체험을 위한 서비스로 1회만 신청 가능

▶ <100% 환불 이벤트> 상세 환불 조건 : https://sleeplab.co.kr/notice/?page=1#13709226_notice 

슬룸을 믿고 편하게 사용 및 체험해보시고, 그럼에도 만족하시지 못하셨을 경우 슬룸 공식몰의 채널톡을 통해 이벤트 기간 내 문의 주시면 환불 접수 도움드리겠습니다."
117759,2026-07-27 06:46:20,2026-07-24 14:19:05,2026-07-25 16:11:23,지인 선물인데 편하다고 하네요,,,1043,[슬룸 4차 진행!] 코이티비 구독자 전용 ★최저가★ 비밀링크,99000,수량선택: 목 마사지 베개 V2 1개,기존리뷰,4,,1,0,1,"안녕하세요. 프리미엄 헬스테크 브랜드, 슬룸입니다.
정성스럽게 올려주신 소중한 후기 감사합니다. 💜

고객님의 목소리로 더 발전하는 슬룸이 되도록 노력하겠습니다.
감사합니다. 🙇‍♀️"
117760,2026-07-27 08:30:36,2026-07-24 13:53:15,2026-07-25 18:35:20,"본인이 사용한건 아니고, 아버지 집으로 배달했습니다. 아용 후기 알려주신댔는데 그냥 주무시는거보니 편안하셨나봐요. 조만간 내려가서 사용해보고 괜찮으면 하나 더 사볼까 합니다.",,,1043,[슬룸 4차 진행!] 코이티비 구독자 전용 ★최저가★ 비밀링크,99000,수량선택: 목 마사지 베개 V2 1개,기존리뷰,5,,0,0,1,"안녕하세요. 프리미엄 헬스테크 브랜드, 슬룸입니다.
시간 내어 소중한 후기를 작성해 주셔서 감사드립니다. :)

믿고 찾는 쇼핑몰이 되기 위해 더 좋은 상품과 서비스를 준비하겠습니다.
감사합니다. 💜"
117761,2026-07-27 09:13:42,2026-07-18 21:57:10,2026-07-21 21:19:12,제가 목이 짧아서인지..제스스로 콘트로해서 베야하기에..암튼 효과 보면 좋겠지요,,,724,★최대할인 비밀링크★ 목베개 플러스 특가,69000,수량선택: 목베개 플러스 1개,기존리뷰,4,,0,0,1,"안녕하세요 고객님, 프리미엄 헬스테크 브랜드, 슬룸입니다.
고객님께 만족스러운 경험을 드리지 못해 대단히 죄송합니다.😥

슬룸의 모든 제품은 인체공학적으로 설계되어 편안한 사용이 가능하나 초기 사용 시 1~2주 이상의 적응 기간이 필요할 수 있습니다. 
다만 수령하신 날짜 기준으로 30일 동안 꾸준히 사용해보시고도 만족하지 못하셨을 경우에는, 슬룸에서 진행하는 <100%환불이벤트> 에 참여하여 왕복배송비 제외 전액 환불이 가능합니다.

※ 제품을 30일간 꾸준히 사용한 경우, 배송완료 후 40일이내 신청이 가능
※ 환불 서비스는 첫 구매 체험을 위한 서비스로 1회만 신청 가능

▶ <100% 환불 이벤트> 상세 환불 조건 : https://sleeplab.co.kr/notice/?page=1#13709226_notice 

슬룸을 믿고 편하게 사용 및 체험해보시고, 그럼에도 만족하시지 못하셨을 경우 슬룸 공식몰의 채널톡을 통해 이벤트 기간 내 문의 주시면 환불 접수 도움드리겠습니다."
117762,2026-07-27 09:31:03,2026-07-15 19:28:15,2026-07-17 18:35:01,그냥 그래요  사용할만해요.....,,,924,발편한케어 프리미엄 EMS 발 마사지기,89000,"사이즈&세트선택: M (220-270mm), 수량선택: 발편한케어 1개",기존리뷰,3,,0,0,1,"안녕하세요 고객님, 프리미엄 헬스테크 브랜드, 슬룸입니다.
고객님께 만족스러운 경험을 드리지 못해 대단히 죄송합니다.😥

슬룸의 모든 제품은 인체공학적으로 설계되어 편안한 사용이 가능하나 초기 사용 시 1~2주 이상의 적응 기간이 필요할 수 있습니다. 
다만 수령하신 날짜 기준으로 30일 동안 꾸준히 사용해보시고도 만족하지 못하셨을 경우에는, 슬룸에서 진행하는 <100%환불이벤트> 에 참여하여 왕복배송비 제외 전액 환불이 가능합니다.

※ 제품을 30일간 꾸준히 사용한 경우, 배송완료 후 40일이내 신청이 가능
※ 환불 서비스는 첫 구매 체험을 위한 서비스로 1회만 신청 가능

▶ <100% 환불 이벤트> 상세 환불 조건 : https://sleeplab.co.kr/notice/?page=1#13709226_notice 

슬룸을 믿고 편하게 사용 및 체험해보시고, 그럼에도 만족하시지 못하셨을 경우 슬룸 공식몰의 채널톡을 통해 이벤트 기간 내 문의 주시면 환불 접수 도움드리겠습니다."
117763,2026-07-27 09:41:59,2026-07-24 10:52:15,2026-07-25 13:37:43,자극이 있어서 좋아요 기대해보께요,,,1036,[은주언니X슬룸] ★뱃살 돌려깎기★ 바디풀고컷 경락 디바이스,79900,수량선택: [68%] 바디풀고컷 1개 + 시너지 젤 2개 증정,기존리뷰,5,,0,0,1,"안녕하세요. 프리미엄 헬스테크 브랜드, 슬룸입니다.
정성스럽게 올려주신 소중한 후기 감사합니다. 💜

고객님의 목소리로 더 발전하는 슬룸이 되도록 노력하겠습니다.
감사합니다. 🙇‍♀️"
117764,2026-07-27 10:58:53,2026-07-08 01:17:30,2026-07-09 18:38:08,매우 편안하게 잘쓰고 있습니다. 만족합니다.,,,980,프리미엄 엘보케어 팔꿈치 마사지기,149000,수량선택: 데일리 릴렉스 세트 (팔꿈치 마사지기 + 마그네슘 시너지 크림),기존리뷰,5,,0,0,1,"안녕하세요. 프리미엄 헬스테크 브랜드, 슬룸입니다.
진심 어린 소중한 후기 감사합니다. 💜

앞으로도 좋은 상품과 서비스로 고객님들을 찾아뵐 수 있도록 노력하겠습니다.
감사합니다. :)"
117765,2026-07-27 11:11:11,2026-07-18 15:44:30,2026-07-21 16:17:55,목이 짧아서 그런건지 늘어나는? 목이 스트레칭 되는 건지 느낌을 잘모르겠어요 맞는 자세를 잘 찾아봐야겠어요,,,1033,[신금동x슬룸] 최저가 마켓 OPEN,79000,수량선택: ★최저가★ 경추 마사지 베개 V2 1개 + (증정) 마그네슘 크림 1개,기존리뷰,4,,1,0,1,"안녕하세요 고객님, 프리미엄 헬스테크 브랜드, 슬룸입니다.
고객님께 만족스러운 경험을 드리지 못해 대단히 죄송합니다.😥

슬룸의 모든 제품은 인체공학적으로 설계되어 편안한 사용이 가능하나 초기 사용 시 1~2주 이상의 적응 기간이 필요할 수 있습니다. 
다만 수령하신 날짜 기준으로 30일 동안 꾸준히 사용해보시고도 만족하지 못하셨을 경우에는, 슬룸에서 진행하는 <100%환불이벤트> 에 참여하여 왕복배송비 제외 전액 환불이 가능합니다.

※ 제품을 30일간 꾸준히 사용한 경우, 배송완료 후 40일이내 신청이 가능
※ 환불 서비스는 첫 구매 체험을 위한 서비스로 1회만 신청 가능

▶ <100% 환불 이벤트> 상세 환불 조건 : https://sleeplab.co.kr/notice/?page=1#13709226_notice 

슬룸을 믿고 편하게 사용 및 체험해보시고, 그럼에도 만족하시지 못하셨을 경우 슬룸 공식몰의 채널톡을 통해 이벤트 기간 내 문의 주시면 환불 접수 도움드리겠습니다."
117766,2026-07-27 11:56:30,2026-07-20 13:35:10,2026-07-22 16:17:45,승모랑 기타 체형 관리하려고 샀는데 힘이 더들어가서 승모올라갈삘,,,1035,[애진X슬룸] ★단독 최대혜택★ 바디풀고컷 경락 마사지기,79900,수량선택: [68%] 바디풀고컷 1개 + 시너지 젤 2개 증정,기존리뷰,3,,1,0,1,"안녕하세요 고객님, 프리미엄 헬스테크 브랜드, 슬룸입니다.

소중한 후기 남겨주셔서 감사드리며, 기대하셨던 것만큼 만족감을 드리지 못한 점 진심으로 사과드립니다. 😥

슬룸 제품은 개인의 체형과 사용 습관에 따라 효과를 느끼시는 시기가 다를 수 있습니다.
사용 중 불편하거나 궁금하신 점이 있으시다면 언제든지 슬룸 공식몰 채널톡으로 편하게 문의해 주세요. 고객님의 상황에 맞게 안내해 드리겠습니다.

고객님의 의견을 수렴하여 더 발전하는 슬룸이 되도록 노력하겠습니다. 감사합니다."
117767,2026-07-27 12:29:46,2026-07-23 12:22:20,2026-07-24 18:36:23,더서봐야하지만 좋아요,,,909,목 마사지 베개 V2 경추 마사지기 베개,112000,수량선택: 목 마사지 베개 V2 1개 (마그네슘 시너지 크림 1개 증정),기존리뷰,5,,0,0,1,"안녕하세요. 프리미엄 헬스테크 브랜드, 슬룸입니다.
진심 어린 소중한 후기 감사합니다. 💜

앞으로도 좋은 상품과 서비스로 고객님들을 찾아뵐 수 있도록 노력하겠습니다.
감사합니다. :)"
117768,2026-07-27 12:31:48,2026-07-22 23:46:10,2026-07-24 18:35:12,너무 좋아요 자주애용합니다,,,1035,[애진X슬룸] ★단독 최대혜택★ 바디풀고컷 경락 마사지기,79900,수량선택: [68%] 바디풀고컷 1개 + 시너지 젤 2개 증정,기존리뷰,5,,0,0,1,"안녕하세요. 프리미엄 헬스테크 브랜드, 슬룸입니다.
정성스럽게 올려주신 소중한 후기 감사합니다. 💜

고객님의 목소리로 더 발전하는 슬룸이 되도록 노력하겠습니다.
감사합니다. 🙇‍♀️"
117769,2026-07-27 12:46:06,2026-07-19 18:59:55,2026-07-21 21:11:39,크게 강도가 좋지는 않고요. 온열기능때문에 목이 뜨거워서 수건깔고 받아야 해요. 충던선 꽂지 않으면 닥동안하는 건 일부러 그렇게 하신건가요?,,,724,★최대할인 비밀링크★ 목베개 플러스 특가,69000,수량선택: 목베개 플러스 1개,기존리뷰,2,,0,0,1,"안녕하세요. 프리미엄 헬스테크 브랜드, 슬룸입니다.
고객님께 만족스러운 경험을 드리지 못해 대단히 죄송합니다. 😥

리뷰로는 상세한 안내가 어려워, 자세한 내용 알림톡(문자) 발송 도와드렸으니 확인 부탁드리겠습니다.
추가로 궁금하신 점이 있으시거나 문자 확인하신 후에도 해결되지 않는 경우
번거로우시겠지만 슬룸 채팅 상담을 통해 연락 주시면 빠르게 안내 도와드리겠습니다.

▶ 슬룸 채팅 상담 (※ 월-목 09:30-17:00, 금 09:30-16:00, 주말 및 공휴일 휴무)
http://sloom.channel.io/

고객님의 목소리로 더 발전하는 슬룸이 되도록 노력하겠습니다. 감사합니다."
117770,2026-07-27 13:06:45,2026-07-03 08:22:00,2026-07-04 16:08:42,베개가 높은데다 기계부분이 딱딱해서 조금 누워있으면 머리에 쥐가 납니다 베고 잠까지 잘 수도 없구요 이미 사용해서 반품도 못하고 후회되네요,,,909,목 마사지 베개 V2 경추 마사지기 베개,112000,수량선택: 목 마사지 베개 V2 1개,기존리뷰,1,,1,0,1,"안녕하세요 고객님, 프리미엄 헬스테크 브랜드, 슬룸입니다.
고객님께 만족스러운 경험을 드리지 못해 대단히 죄송합니다.😥

슬룸의 모든 제품은 인체공학적으로 설계되어 편안한 사용이 가능하나 초기 사용 시 1~2주 이상의 적응 기간이 필요할 수 있습니다. 
다만 수령하신 날짜 기준으로 30일 동안 꾸준히 사용해보시고도 만족하지 못하셨을 경우에는, 슬룸에서 진행하는 <100%환불이벤트> 에 참여하여 왕복배송비 제외 전액 환불이 가능합니다.

※ 제품을 30일간 꾸준히 사용한 경우, 배송완료 후 40일이내 신청이 가능
※ 환불 서비스는 첫 구매 체험을 위한 서비스로 1회만 신청 가능

▶ <100% 환불 이벤트> 상세 환불 조건 : https://sleeplab.co.kr/notice/?page=1#13709226_notice 

슬룸을 믿고 편하게 사용 및 체험해보시고, 그럼에도 만족하시지 못하셨을 경우 슬룸 공식몰의 채널톡을 통해 이벤트 기간 내 문의 주시면 환불 접수 도움드리겠습니다."
117771,2026-07-27 13:32:05,2026-07-23 07:02:00,2026-07-24 13:46:34,배송도빠르고 좋아요,,,636,허리편한케어 V2 허리 마사지기,131000,수량선택: 허리편한케어 V2 1개 (마그네슘 시너지 크림 1개 증정),기존리뷰,5,,0,0,1,"안녕하세요. 프리미엄 헬스테크 브랜드, 슬룸입니다.
시간 내어 소중한 후기를 작성해 주셔서 감사드립니다. :)

믿고 찾는 쇼핑몰이 되기 위해 더 좋은 상품과 서비스를 준비하겠습니다.
감사합니다. 💜"
117772,2026-07-27 13:53:58,2026-05-08 07:13:00,2026-05-09 15:33:00,전혀 편하지 않고 너무 시끄러워요,,,291,목베개 플러스 경추 목 마사지기 베개,91000,수량선택: 목베개 플러스 1개 (마그네슘 시너지 크림 30ml 1개 증정),기존리뷰,1,,0,0,1,"안녕하세요 고객님, 프리미엄 헬스테크 브랜드, 슬룸입니다.

소중한 후기 남겨주셔서 감사드리며, 기대하셨던 것만큼 만족감을 드리지 못한 점 진심으로 사과드립니다. 😥

슬룸 제품은 개인의 체형과 사용 습관에 따라 효과를 느끼시는 시기가 다를 수 있습니다.
사용 중 불편하거나 궁금하신 점이 있으시다면 언제든지 슬룸 공식몰 채널톡으로 편하게 문의해 주세요. 고객님의 상황에 맞게 안내해 드리겠습니다.

고객님의 의견을 수렴하여 더 발전하는 슬룸이 되도록 노력하겠습니다. 감사합니다."
117773,2026-07-27 14:02:24,2026-07-04 23:15:45,2026-07-07 13:43:37,효과 만점이네요 좋아요,,,980,프리미엄 엘보케어 팔꿈치 마사지기,149000,수량선택: 팔꿈치 마사지기 1개,기존리뷰,5,,0,0,1,"안녕하세요. 프리미엄 헬스테크 브랜드, 슬룸입니다.
정성스럽게 올려주신 소중한 후기 감사합니다. 💜

고객님의 목소리로 더 발전하는 슬룸이 되도록 노력하겠습니다.
감사합니다. 🙇‍♀️"
117774,2026-07-27 15:11:39,2026-07-24 12:34:45,2026-07-25 13:38:04,배송이 빨라 좋아요,,,1043,[슬룸 4차 진행!] 코이티비 구독자 전용 ★최저가★ 비밀링크,99000,수량선택: 목 마사지 베개 V2 1개,기존리뷰,5,,1,0,1,"안녕하세요. 프리미엄 헬스테크 브랜드, 슬룸입니다.
진심 어린 소중한 후기 감사합니다. 💜

앞으로도 좋은 상품과 서비스로 고객님들을 찾아뵐 수 있도록 노력하겠습니다.
감사합니다. :)"
117775,2026-07-27 15:22:55,2026-06-14 09:05:25,2026-06-16 13:46:12,목베개 플러스. 목 어깨 효과가 좋아요,,,291,목베개 플러스 경추 목 마사지기 베개,91000,수량선택: 목베개 플러스 1개 (허리베개 1개 증정),기존리뷰,5,,1,0,1,"안녕하세요. 프리미엄 헬스테크 브랜드, 슬룸입니다.
진심 어린 소중한 후기 감사합니다. 💜

앞으로도 좋은 상품과 서비스로 고객님들을 찾아뵐 수 있도록 노력하겠습니다.
감사합니다. :)"
117776,2026-07-27 15:31:39,2026-07-22 17:01:50,2026-07-24 16:07:33,팔만 마사지 받는거는 좋은데 착용하는거가 좀 불편하네요,,,980,프리미엄 엘보케어 팔꿈치 마사지기,149000,수량선택: 팔꿈치 마사지기 1개,기존리뷰,4,,1,0,1,"안녕하세요. 프리미엄 헬스테크 브랜드, 슬룸입니다.
고객님께 만족스러운 경험을 드리지 못해 대단히 죄송합니다. 😥

바쁘신 와중에 정성스러운 리뷰로 귀한 의견 남겨주셔서 진심으로 감사드립니다.

고객님께서 지적해 주신 스트랩 길이 부족 문제는 현재 저희 슬룸 내부에서도 인지하고 있는 부분입니다.
모든 고객님께서 편안하게 사용하실 수 있도록  적용 가능한 개선 방안을 적극적으로 준비하고 있습니다.

머지않아 선보일 예정이니 조금만 믿고 기다려 주시면 감사하겠습니다.

고객님의 목소리로 더 발전하는 슬룸이 되도록 노력하겠습니다. 감사합니다."
117777,2026-07-27 16:44:27,2026-07-24 14:34:05,2026-07-25 16:08:06,감사합니다 잘쓸깨요...,,,1043,[슬룸 4차 진행!] 코이티비 구독자 전용 ★최저가★ 비밀링크,99000,수량선택: ★코이티비SET★목 마사지 베개 V2 1개 + 종아리편한케어 1개 +(증정)마그네슘 시너지 크림 1개,기존리뷰,5,,0,0,1,"안녕하세요. 프리미엄 헬스테크 브랜드, 슬룸입니다.
진심 어린 소중한 후기 감사합니다. 💜

앞으로도 좋은 상품과 서비스로 고객님들을 찾아뵐 수 있도록 노력하겠습니다.
감사합니다. :)"
117778,2026-07-27 17:59:39,2026-07-24 12:25:00,2026-07-25 13:37:44,다좋은데. 산지 몇일 지났다고 벌써 2만원 싸게 파는건지... 코이티비보고 바로삿는데 좋은마음으로 삿는데 기분이 찹찹하네,,,1043,[슬룸 4차 진행!] 코이티비 구독자 전용 ★최저가★ 비밀링크,99000,수량선택: 목 마사지 베개 V2 1개,기존리뷰,3,,1,0,1,"안녕하세요 고객님, 프리미엄 헬스테크 브랜드, 슬룸입니다.
고객님께 만족스러운 경험을 드리지 못해 대단히 죄송합니다.😥

제품 가격은 이벤트 기간 및 상세 내용에 따라 지속 변경될 수 있는 점 양해 부탁드립니다.

사용 중 불편하거나 궁금하신 점이 있으시다면 언제든지 슬룸 공식몰 채널톡으로 편하게 문의해 주세요. 고객님의 상황에 맞게 안내해 드리겠습니다.

고객님의 의견을 수렴하여 더 발전하는 슬룸이 되도록 노력하겠습니다. 감사합니다."
117779,2026-07-27 18:51:54,2026-07-23 09:17:30,2026-07-24 16:10:02,견인기능 온열맛사지 진동기능이 너무 좋네요,,,724,★최대할인 비밀링크★ 목베개 플러스 특가,69000,수량선택: 목베개 플러스 1개,기존리뷰,5,,1,0,1,"안녕하세요. 프리미엄 헬스테크 브랜드, 슬룸입니다.
시간 내어 소중한 후기를 작성해 주셔서 감사드립니다. :)

믿고 찾는 쇼핑몰이 되기 위해 더 좋은 상품과 서비스를 준비하겠습니다.
감사합니다. 💜"
117780,2026-07-27 19:26:15,2026-06-27 19:45:50,2026-06-30 18:42:16,"3주반 정도 사용후기 마사지 기능 온열 진동 기능은 좋으나 동봉된 c타입 선의 주둥이가 충분히 깊지 않고, 고정이 되지 않아 충전을 제대로 할 수가 없음 , 손으로 꾹 누르고 있어야지 그나마 조금 충전 가능 박스도 버렸고 , 평일에 새 박스 구하기는 힘들어 교환 반품 하지 않을 생각 입니다. 위에서도 말했지만 기능은 좋습니다",,,909,목 마사지 베개 V2 경추 마사지기 베개,112000,수량선택: 코어 밸런스 업 세트 (허리편한케어 V2 + 목 마사지 베개 V2),기존리뷰,2,,2,0,1,"안녕하세요. 프리미엄 헬스테크 브랜드, 슬룸입니다.
고객님께 만족스러운 경험을 드리지 못해 대단히 죄송합니다. 😥

리뷰로는 상세한 안내가 어려워, 자세한 내용 알림톡(문자) 발송 도와드렸으니 확인 부탁드리겠습니다.
추가로 궁금하신 점이 있으시거나 문자 확인하신 후에도 해결되지 않는 경우
번거로우시겠지만 슬룸 채팅 상담을 통해 연락 주시면 빠르게 안내 도와드리겠습니다.

▶ 슬룸 채팅 상담 (※ 월-목 09:30-17:00, 금 09:30-16:00, 주말 및 공휴일 휴무)
http://sloom.channel.io/

고객님의 목소리로 더 발전하는 슬룸이 되도록 노력하겠습니다. 감사합니다."
117781,2026-07-27 19:40:35,2026-07-22 17:30:20,2026-07-24 18:35:44,원하는 압으로 하려면 힘이 많이 들어서 팔이 좀 아파요 ㅋㅋ,,,1035,[애진X슬룸] ★단독 최대혜택★ 바디풀고컷 경락 마사지기,79900,수량선택: [68%] 바디풀고컷 1개 + 시너지 젤 2개 증정,기존리뷰,4,,1,0,1,"안녕하세요 고객님, 프리미엄 헬스테크 브랜드, 슬룸입니다.

소중한 후기 남겨주셔서 감사드리며, 기대하셨던 것만큼 만족감을 드리지 못한 점 진심으로 사과드립니다. 😥

슬룸 제품은 개인의 체형과 사용 습관에 따라 효과를 느끼시는 시기가 다를 수 있습니다.
사용 중 불편하거나 궁금하신 점이 있으시다면 언제든지 슬룸 공식몰 채널톡으로 편하게 문의해 주세요. 고객님의 상황에 맞게 안내해 드리겠습니다.

고객님의 의견을 수렴하여 더 발전하는 슬룸이 되도록 노력하겠습니다. 감사합니다."
117782,2026-07-27 20:03:43,2026-07-20 11:04:25,2026-07-22 16:18:02,아직은 잘 모르겠어요.. 충전도 반나절 해도 완충도 안되는 것 같고..,,,1035,[애진X슬룸] ★단독 최대혜택★ 바디풀고컷 경락 마사지기,79900,수량선택: [68%] 바디풀고컷 1개 + 시너지 젤 2개 증정,기존리뷰,4,,1,0,1,"안녕하세요. 프리미엄 헬스테크 브랜드, 슬룸입니다.
고객님께 만족스러운 경험을 드리지 못해 대단히 죄송합니다. 😥

리뷰로는 상세한 안내가 어려워, 자세한 내용 알림톡(문자) 발송 도와드렸으니 확인 부탁드리겠습니다.
추가로 궁금하신 점이 있으시거나 문자 확인하신 후에도 해결되지 않는 경우
번거로우시겠지만 슬룸 채팅 상담을 통해 연락 주시면 빠르게 안내 도와드리겠습니다.

▶ 슬룸 채팅 상담 (※ 월-목 09:30-17:00, 금 09:30-16:00, 주말 및 공휴일 휴무)
http://sloom.channel.io/

고객님의 목소리로 더 발전하는 슬룸이 되도록 노력하겠습니다. 감사합니다."
117783,2026-07-27 20:36:41,2026-07-07 09:52:30,2026-07-08 16:09:50,"양쪽 엘보로 고생중인데
운동전 후 사용하고 있는데 편하고
좋아요",,,980,프리미엄 엘보케어 팔꿈치 마사지기,149000,수량선택: 데일리 릴렉스 세트 (팔꿈치 마사지기 + 마그네슘 시너지 크림),기존리뷰,5,,0,0,1,"안녕하세요. 프리미엄 헬스테크 브랜드, 슬룸입니다.
정성스럽게 올려주신 소중한 후기 감사합니다. 💜

고객님의 목소리로 더 발전하는 슬룸이 되도록 노력하겠습니다.
감사합니다. 🙇‍♀️"
117784,2026-07-28 00:56:09,2026-05-31 17:09:55,2026-06-05 14:38:07,몇번 사용안했는데 충전 단자도 분리되어있고!! 너무 허접하게 만드셨네요,,,909,목 마사지 베개 V2 경추 마사지기 베개,112000,수량선택: 목 마사지 베개 V2 1개,기존리뷰,1,,1,0,1,"안녕하세요. 프리미엄 헬스테크 브랜드, 슬룸입니다.
고객님께 만족스러운 경험을 드리지 못해 대단히 죄송합니다. 😥

리뷰로는 상세한 안내가 어려워, 자세한 내용 알림톡(문자) 발송 도와드렸으니 확인 부탁드리겠습니다.
추가로 궁금하신 점이 있으시거나 문자 확인하신 후에도 해결되지 않는 경우
번거로우시겠지만 슬룸 채팅 상담을 통해 연락 주시면 빠르게 안내 도와드리겠습니다.

▶ 슬룸 채팅 상담 (※ 월-목 09:30-17:00, 금 09:30-16:00, 주말 및 공휴일 휴무)
http://sloom.channel.io/

고객님의 목소리로 더 발전하는 슬룸이 되도록 노력하겠습니다. 감사합니다."
117785,2026-07-28 13:46:56,2026-07-23 12:21:26,2026-07-24 21:05:18,"요사이 슬룸에 빠져 5종류 째 구매인데요.
경추 베개이면서 마사지 온열 기능까지 있어 정말 좋네요.",58e442ca8806,,909,목 마사지 베개 V2 경추 마사지기 베개,112000,수량선택: 목 마사지 베개 V2 1개 (마그네슘 시너지 크림 1개 증정),모바일(팝업),5,,1,0,1,"안녕하세요. 프리미엄 헬스테크 브랜드, 슬룸입니다.
정성스럽게 올려주신 소중한 후기 감사합니다. 💜

고객님의 목소리로 더 발전하는 슬룸이 되도록 노력하겠습니다.
감사합니다. 🙇‍♀️"
117786,2026-07-28 15:23:03,2026-07-22 17:43:25,2026-07-24 16:15:58,"목이 안 좋아서 구매했는데 아직 사용한지 얼마 안되서 더 사용해 봐야 될 듯 싶어요~
",0f275473f6b4,,1033,[신금동x슬룸] 최저가 마켓 OPEN,79000,수량선택: ★최저가★ 경추 마사지 베개 V2 1개 + (증정) 마그네슘 크림 1개,모바일,5,,4,0,1,"안녕하세요. 프리미엄 헬스테크 브랜드, 슬룸입니다.
정성스럽게 올려주신 소중한 후기 감사합니다. 💜

고객님의 목소리로 더 발전하는 슬룸이 되도록 노력하겠습니다.
감사합니다. 🙇‍♀️"
117787,2026-07-28 15:23:38,2026-07-22 17:43:25,2026-07-24 16:15:58,"팔이 안 좋아서 구매했는데 아직 사용한지 얼마 안되서 더 사용해 봐야 될 듯 싶어요~
",0f275473f6b4,,980,프리미엄 엘보케어 팔꿈치 마사지기,149000,수량선택: 팔꿈치 마사지기 1개,모바일,5,,2,0,1,"안녕하세요. 프리미엄 헬스테크 브랜드, 슬룸입니다.
정성스럽게 올려주신 소중한 후기 감사합니다. 💜

고객님의 목소리로 더 발전하는 슬룸이 되도록 노력하겠습니다.
감사합니다. 🙇‍♀️"
117788,2026-07-28 18:18:19,2026-07-24 23:17:19,2026-07-28 18:44:16,"와이프가 항상 종아리가 아프다고해서 관련 상품 찾고 있었는데 마침 코이티비에서 광고를 해서 좋은가격에 구매했습니다
와이프가 처음 작동시 아프다고 하던데 익숙해지니 너무 시원하다고 하네요 ",4a42c433f57e,,1043,[슬룸 4차 진행!] 코이티비 구독자 전용 ★최저가★ 비밀링크,99000,수량선택: 종아리편한케어 1개,반응형(내리뷰),5,,1,0,1,"안녕하세요. 프리미엄 헬스테크 브랜드, 슬룸입니다.
시간 내어 소중한 후기를 작성해 주셔서 감사드립니다. :)

믿고 찾는 쇼핑몰이 되기 위해 더 좋은 상품과 서비스를 준비하겠습니다.
감사합니다. 💜"
117789,2026-07-28 23:41:39,2026-07-25 11:42:07,2026-07-28 16:16:12,"계속 목 어깨 아파서 아이유 베개, 경추 베개 다 써봣는데도 별로 안 좋아서 큰 맘 먹고 이거 사봣어요. 제발 이거는 효과 잇으면 좋겟네요. 일단 1달 써보고 계속 쓸지 말지 생각해볼게요~",499cbf89fa4a,,909,목 마사지 베개 V2 경추 마사지기 베개,112000,수량선택: 목 마사지 베개 V2 1개 (마그네슘 시너지 크림 1개 증정),모바일,5,,1,0,1,"안녕하세요. 프리미엄 헬스테크 브랜드, 슬룸입니다.
정성스럽게 올려주신 소중한 후기 감사합니다. 💜

고객님의 목소리로 더 발전하는 슬룸이 되도록 노력하겠습니다.
감사합니다. 🙇‍♀️"
117790,2026-07-28 06:51:35,2026-07-12 19:03:55,2026-07-14 18:55:05,온열기능  너무좋아요  날씨가  조금더 선선해지면  더 잘사용할듯해요,,,724,★최대할인 비밀링크★ 목베개 플러스 특가,69000,수량선택: 목베개 플러스 1개,기존리뷰,5,,0,0,1,"안녕하세요. 프리미엄 헬스테크 브랜드, 슬룸입니다.
진심 어린 소중한 후기 감사합니다. 💜

앞으로도 좋은 상품과 서비스로 고객님들을 찾아뵐 수 있도록 노력하겠습니다.
감사합니다. :)"
117791,2026-07-28 07:38:39,2026-07-17 08:53:00,2026-07-21 13:44:39,일단 소리가 너무 큽니다.구입할때 상세정보에도 소음에 대한 얘기는 없었습니다.1대1 톡에 문의하시 55데시벨까지는 정상적인 소음이라하고 전화연결 자체가 어렵고 1대1톡에 문의도 한계가 있습니다. 그리고 일단 개봉하고 사용후에는 반품이 안된다하니 어쩔수 없이 반품도 못하고..그렇다고 견인해주는 기능이 아주 우수한것도 아니고 안하는것보다는 낫겠지 하는 심정으로 걍 씁니다. 소음이 크니 구입할 계획 있으신분들 참고하세요,,,909,목 마사지 베개 V2 경추 마사지기 베개,112000,수량선택: 목 마사지 베개 V2 1개 (마그네슘 시너지 크림 1개 증정),기존리뷰,1,,0,0,1,"안녕하세요 고객님, 프리미엄 헬스테크 브랜드, 슬룸입니다.
고객님께 만족스러운 경험을 드리지 못해 대단히 죄송합니다.😥

슬룸의 모든 제품은 인체공학적으로 설계되어 편안한 사용이 가능하나 초기 사용 시 1~2주 이상의 적응 기간이 필요할 수 있습니다. 
다만 수령하신 날짜 기준으로 30일 동안 꾸준히 사용해보시고도 만족하지 못하셨을 경우에는, 슬룸에서 진행하는 <100%환불이벤트> 에 참여하여 왕복배송비 제외 전액 환불이 가능합니다.

※ 제품을 30일간 꾸준히 사용한 경우, 배송완료 후 40일이내 신청이 가능
※ 환불 서비스는 첫 구매 체험을 위한 서비스로 1회만 신청 가능

▶ <100% 환불 이벤트> 상세 환불 조건 : https://sleeplab.co.kr/notice/?page=1#13709226_notice 

슬룸을 믿고 편하게 사용 및 체험해보시고, 그럼에도 만족하시지 못하셨을 경우 슬룸 공식몰의 채널톡을 통해 이벤트 기간 내 문의 주시면 환불 접수 도움드리겠습니다."
117792,2026-07-28 10:00:19,2026-07-23 21:37:55,2026-07-25 18:36:40,신제품이 사용잘하고 있습니다,,,785,넥숄더 힐링케어 V2 목 어깨 마사지기,119800,수량선택: 넥숄더 힐링케어 V2 1개,기존리뷰,5,,0,0,1,"안녕하세요. 프리미엄 헬스테크 브랜드, 슬룸입니다.
진심 어린 소중한 후기 감사합니다. 💜

앞으로도 좋은 상품과 서비스로 고객님들을 찾아뵐 수 있도록 노력하겠습니다.
감사합니다. :)"
117793,2026-07-28 11:12:30,2026-07-23 17:06:35,2026-07-25 16:14:22,엄청 가벼워여 가벼워서 좋은데 잡아주는게 없어서 아쉽기도 해요 꾸준히 해보고 다시 후기 작성할게오,,,1035,[애진X슬룸] ★단독 최대혜택★ 바디풀고컷 경락 마사지기,79900,수량선택: [68%] 바디풀고컷 1개 + 시너지 젤 2개 증정,기존리뷰,3,,1,0,1,"안녕하세요. 프리미엄 헬스테크 브랜드, 슬룸입니다.
진심 어린 소중한 후기 감사합니다. 💜

앞으로도 좋은 상품과 서비스로 고객님들을 찾아뵐 수 있도록 노력하겠습니다.
감사합니다. :)"
117794,2026-07-28 11:39:02,2026-07-24 18:09:35,2026-07-28 10:37:00,허리 마사지기 사용중이라 믿고 구매합니다,,,980,프리미엄 엘보케어 팔꿈치 마사지기,149000,수량선택: 데일리 릴렉스 세트 (팔꿈치 마사지기 + 마그네슘 시너지 크림),기존리뷰,5,,1,0,1,"안녕하세요. 프리미엄 헬스테크 브랜드, 슬룸입니다.
진심 어린 소중한 후기 감사합니다. 💜

앞으로도 좋은 상품과 서비스로 고객님들을 찾아뵐 수 있도록 노력하겠습니다.
감사합니다. :)"
117795,2026-07-28 11:46:32,2026-07-24 12:16:55,2026-07-25 13:44:27,목 마사지를 드라마틱 하게 해주진 않습니다 추천 하진 않겠습니다 배송은 빨랏네요 이걸 베고 자는건 불편합니다 정자세는 괜찮은데 옆으로 자는건 너무 불편해요 자다가 몇번을 깻어요,,,1043,[슬룸 4차 진행!] 코이티비 구독자 전용 ★최저가★ 비밀링크,99000,수량선택: 목 마사지 베개 V2 1개,기존리뷰,3,,1,0,1,"안녕하세요 고객님, 프리미엄 헬스테크 브랜드, 슬룸입니다.
고객님께 만족스러운 경험을 드리지 못해 대단히 죄송합니다.😥

슬룸의 모든 제품은 인체공학적으로 설계되어 편안한 사용이 가능하나 초기 사용 시 1~2주 이상의 적응 기간이 필요할 수 있습니다. 
다만 수령하신 날짜 기준으로 30일 동안 꾸준히 사용해보시고도 만족하지 못하셨을 경우에는, 슬룸에서 진행하는 <100%환불이벤트> 에 참여하여 왕복배송비 제외 전액 환불이 가능합니다.

※ 제품을 30일간 꾸준히 사용한 경우, 배송완료 후 40일이내 신청이 가능
※ 환불 서비스는 첫 구매 체험을 위한 서비스로 1회만 신청 가능

▶ <100% 환불 이벤트> 상세 환불 조건 : https://sleeplab.co.kr/notice/?page=1#13709226_notice 

슬룸을 믿고 편하게 사용 및 체험해보시고, 그럼에도 만족하시지 못하셨을 경우 슬룸 공식몰의 채널톡을 통해 이벤트 기간 내 문의 주시면 환불 접수 도움드리겠습니다."
117796,2026-07-28 11:47:03,2026-06-22 20:40:45,2026-06-24 18:35:14,통증이 많이 감소했어요.,,,980,프리미엄 엘보케어 팔꿈치 마사지기,149000,수량선택: 팔꿈치 마사지기 1개,기존리뷰,5,,1,0,1,"안녕하세요. 프리미엄 헬스테크 브랜드, 슬룸입니다.
진심 어린 소중한 후기 감사합니다. 💜

앞으로도 좋은 상품과 서비스로 고객님들을 찾아뵐 수 있도록 노력하겠습니다.
감사합니다. :)"
117797,2026-07-28 11:48:51,2026-07-20 11:00:50,2026-07-22 18:39:37,대란템!!! 온라잌으로 열심히 구하다가 드디어! 구매했어요. 너무너무 씨원하고 씨원하다 못해 서늘해집니다ㅋㅋ여름에 최고네요.. 사우나에서도 이거 바르면 좀 버틸수있을거같아요! 선물용까지해서 세개 샀는데 더살걸 그랬나? 할 정도로 좋네요.,,,1035,[애진X슬룸] ★단독 최대혜택★ 바디풀고컷 경락 마사지기,79900,수량선택: [68%] 바디풀고컷 1개 + 시너지 젤 2개 증정,기존리뷰,5,,1,0,1,"안녕하세요. 프리미엄 헬스테크 브랜드, 슬룸입니다.
정성스럽게 올려주신 소중한 후기 감사합니다. 💜

고객님의 목소리로 더 발전하는 슬룸이 되도록 노력하겠습니다.
감사합니다. 🙇‍♀️"
117798,2026-07-28 11:58:27,2026-07-23 16:30:15,2026-07-27 13:05:17,저희신랑이 건설쪽일을하는데 허리가 않좋아서 병원에 물리치료 받는데 아는동생이 추천해서 구입했는데 어제배달되자 사용했는데  기대되고 열심히사용해서 건강해져서 널리 알리고 싶어요,,,745,[코어 밸런스 세트] 허리편한케어 V2 + 목베개 플러스,222000,수량선택: 코어 밸런스 세트 (허리편한케어 V2 + 목베개 플러스),기존리뷰,5,,0,0,1,"안녕하세요. 프리미엄 헬스테크 브랜드, 슬룸입니다.
정성스럽게 올려주신 소중한 후기 감사합니다. 💜

고객님의 목소리로 더 발전하는 슬룸이 되도록 노력하겠습니다.
감사합니다. 🙇‍♀️"
117799,2026-07-28 12:06:03,2026-07-24 13:03:40,2026-07-25 13:45:41,"베개는 진짜 편한데 마사지까지의 효과는 잘모르겠지만 온열기능이 너무 좋아요
종아리는.. 진짜 엄청납니다... 요근래들어서 다리가벼워진것이 오랜만일정도입니다",,,1043,[슬룸 4차 진행!] 코이티비 구독자 전용 ★최저가★ 비밀링크,99000,수량선택: ★코이티비SET★목 마사지 베개 V2 1개 + 종아리편한케어 1개 +(증정)마그네슘 시너지 크림 1개,기존리뷰,5,,0,0,1,"안녕하세요. 프리미엄 헬스테크 브랜드, 슬룸입니다.
진심 어린 소중한 후기 감사합니다. 💜

앞으로도 좋은 상품과 서비스로 고객님들을 찾아뵐 수 있도록 노력하겠습니다.
감사합니다. :)"
117800,2026-07-28 14:53:13,2026-07-19 20:58:50,2026-07-21 19:01:27,"구매 사용이 며필되지
않아 잘 모르겠지만
따뜻하게
감싸 좋아요",,,909,목 마사지 베개 V2 경추 마사지기 베개,112000,수량선택: 목 마사지 베개 V2 1개 (마그네슘 시너지 크림 1개 증정),기존리뷰,3,,0,0,1,"안녕하세요. 프리미엄 헬스테크 브랜드, 슬룸입니다.
정성스럽게 올려주신 소중한 후기 감사합니다. 💜

고객님의 목소리로 더 발전하는 슬룸이 되도록 노력하겠습니다.
감사합니다. 🙇‍♀️"
117801,2026-07-28 16:25:24,2026-07-20 15:28:40,2026-07-22 18:40:18,마사지 하는데 좋습니다,,,724,★최대할인 비밀링크★ 목베개 플러스 특가,69000,수량선택: 목베개 플러스 1개,기존리뷰,5,,0,0,1,"안녕하세요. 프리미엄 헬스테크 브랜드, 슬룸입니다.
시간 내어 소중한 후기를 작성해 주셔서 감사드립니다. :)

믿고 찾는 쇼핑몰이 되기 위해 더 좋은 상품과 서비스를 준비하겠습니다.
감사합니다. 💜"
117802,2026-07-28 16:27:01,2026-07-25 20:43:10,2026-07-28 13:44:32,그냥 목편한배게 입니다  온열 때문인지 잠은 잘와요 마그네슘 시너지지크림도 같이 주는데 미백 주름개선 해준다는 글만보고 얼굴에 쳐발랐다가 눈도 못뜨겠네요,,,909,목 마사지 베개 V2 경추 마사지기 베개,112000,수량선택: 목 마사지 베개 V2 1개 (마그네슘 시너지 크림 1개 증정),기존리뷰,2,,0,0,1,"안녕하세요 고객님, 프리미엄 헬스테크 브랜드, 슬룸입니다.
고객님께 만족스러운 경험을 드리지 못해 대단히 죄송합니다.😥

슬룸의 모든 제품은 인체공학적으로 설계되어 편안한 사용이 가능하나 초기 사용 시 1~2주 이상의 적응 기간이 필요할 수 있습니다. 
다만 수령하신 날짜 기준으로 30일 동안 꾸준히 사용해보시고도 만족하지 못하셨을 경우에는, 슬룸에서 진행하는 <100%환불이벤트> 에 참여하여 왕복배송비 제외 전액 환불이 가능합니다.

※ 제품을 30일간 꾸준히 사용한 경우, 배송완료 후 40일이내 신청이 가능
※ 환불 서비스는 첫 구매 체험을 위한 서비스로 1회만 신청 가능

▶ <100% 환불 이벤트> 상세 환불 조건 : https://sleeplab.co.kr/notice/?page=1#13709226_notice 

슬룸을 믿고 편하게 사용 및 체험해보시고, 그럼에도 만족하시지 못하셨을 경우 슬룸 공식몰의 채널톡을 통해 이벤트 기간 내 문의 주시면 환불 접수 도움드리겠습니다."
117803,2026-07-28 16:29:30,2026-07-20 12:00:05,2026-07-22 16:17:58,Ems처음 써보는데 찌릿 한것이 먼가 내 지방을 뚫어주는 느낌 입니다 ㅋㅋㅋ 여러 부위에 사용가능해서 넘 좋아요,,,1035,[애진X슬룸] ★단독 최대혜택★ 바디풀고컷 경락 마사지기,79900,수량선택: [68%] 바디풀고컷 1개 + 시너지 젤 2개 증정,기존리뷰,5,,0,0,1,"안녕하세요. 프리미엄 헬스테크 브랜드, 슬룸입니다.
정성스럽게 올려주신 소중한 후기 감사합니다. 💜

고객님의 목소리로 더 발전하는 슬룸이 되도록 노력하겠습니다.
감사합니다. 🙇‍♀️"
117804,2026-07-28 16:44:09,2026-04-21 12:53:45,2026-04-22 13:40:04,에어가 들어가 올라오는 부분이 너무 작아요. 목뼈에 닿아서 아프기도 하고.. 효과가 없어서 아쉽네요,,,291,목베개 플러스 경추 목 마사지기 베개,91000,"버전&세트선택: V2, 수량선택: 목 마사지 베개 V2 1개 (마그네슘 시너지 크림 30ml 1개 증정)",기존리뷰,1,,0,0,1,"안녕하세요 고객님, 프리미엄 헬스테크 브랜드, 슬룸입니다.

소중한 후기 남겨주셔서 감사드리며, 기대하셨던 것만큼 만족감을 드리지 못한 점 진심으로 사과드립니다. 😥

슬룸 제품은 개인의 체형과 사용 습관에 따라 효과를 느끼시는 시기가 다를 수 있습니다.
사용 중 불편하거나 궁금하신 점이 있으시다면 언제든지 슬룸 공식몰 채널톡으로 편하게 문의해 주세요. 고객님의 상황에 맞게 안내해 드리겠습니다.

고객님의 의견을 수렴하여 더 발전하는 슬룸이 되도록 노력하겠습니다. 감사합니다."
117805,2026-07-28 16:47:54,2026-07-20 11:18:05,2026-07-21 18:43:42,골프 칠때도 안왔던 엘보가 일 좀 했다고 너무 아픈거예요. 병원다녀도 그때뿐이고 속는 셈 치고 샀는데 너무 만족합니다!! 통증완화에 도움이 돼요!!,,,980,프리미엄 엘보케어 팔꿈치 마사지기,149000,수량선택: 팔꿈치 마사지기 1개,기존리뷰,5,,0,0,1,"안녕하세요. 프리미엄 헬스테크 브랜드, 슬룸입니다.
진심 어린 소중한 후기 감사합니다. 💜

앞으로도 좋은 상품과 서비스로 고객님들을 찾아뵐 수 있도록 노력하겠습니다.
감사합니다. :)"
117806,2026-07-28 17:12:45,2026-07-20 18:02:05,2026-07-22 13:41:36,일단은 너무 잘쓰고있어요.,,,1033,[신금동x슬룸] 최저가 마켓 OPEN,79000,수량선택: ★최저가★ 경추 마사지 베개 V2 1개 + (증정) 마그네슘 크림 1개,기존리뷰,5,,0,0,1,"안녕하세요. 프리미엄 헬스테크 브랜드, 슬룸입니다.
정성스럽게 올려주신 소중한 후기 감사합니다. 💜

고객님의 목소리로 더 발전하는 슬룸이 되도록 노력하겠습니다.
감사합니다. 🙇‍♀️"
117807,2026-07-28 18:00:07,2026-07-14 15:07:50,2026-07-16 13:48:54,대부분 장비를 보면 마사지 기계밖에 없는데 목 디스크 가지고 있는 환자에게는 안 좋다하여 스트레칭 장비를 찾다가 알게 되었습니다. 스트레칭은 아주 편하게 해주고 최소한의 진동이 있어 목 푸는데는 아주 좋네요. 단접은 소음이 아쉽습니다.,,,909,목 마사지 베개 V2 경추 마사지기 베개,112000,수량선택: 목 마사지 베개 V2 1개 (마그네슘 시너지 크림 1개 증정),기존리뷰,5,,0,0,1,"안녕하세요. 프리미엄 헬스테크 브랜드, 슬룸입니다.
시간 내어 소중한 후기를 작성해 주셔서 감사드립니다. :)

믿고 찾는 쇼핑몰이 되기 위해 더 좋은 상품과 서비스를 준비하겠습니다.
감사합니다. 💜"
117808,2026-07-28 18:41:05,2026-07-24 17:05:35,2026-07-28 18:05:00,"배송 오자마자  사용중
목베게가  짱이네뇨
종아리는  압력이  세네요
아무던  굿굿굿",,,1043,[슬룸 4차 진행!] 코이티비 구독자 전용 ★최저가★ 비밀링크,99000,수량선택: ★코이티비SET★목 마사지 베개 V2 1개 + 종아리편한케어 1개 +(증정)마그네슘 시너지 크림 1개,기존리뷰,5,,0,0,1,"안녕하세요. 프리미엄 헬스테크 브랜드, 슬룸입니다.
진심 어린 소중한 후기 감사합니다. 💜

앞으로도 좋은 상품과 서비스로 고객님들을 찾아뵐 수 있도록 노력하겠습니다.
감사합니다. :)"
117809,2026-07-28 18:55:16,2026-07-26 20:51:05,2026-07-28 18:42:23,"제품, 포장, 배송 모두 만족합니다.",,,980,프리미엄 엘보케어 팔꿈치 마사지기,149000,수량선택: 팔꿈치 마사지기 1개,기존리뷰,4,,1,0,1,"안녕하세요. 프리미엄 헬스테크 브랜드, 슬룸입니다.
진심 어린 소중한 후기 감사합니다. 💜

앞으로도 좋은 상품과 서비스로 고객님들을 찾아뵐 수 있도록 노력하겠습니다.
감사합니다. :)"
117810,2026-07-28 19:32:20,2026-07-19 12:28:15,2026-07-21 19:00:50,"사용중인대 효과는 모르겠어요,'",,,909,목 마사지 베개 V2 경추 마사지기 베개,112000,수량선택: 목 마사지 베개 V2 1개 (마그네슘 시너지 크림 1개 증정),기존리뷰,1,,0,0,1,"안녕하세요 고객님, 프리미엄 헬스테크 브랜드, 슬룸입니다.
고객님께 만족스러운 경험을 드리지 못해 대단히 죄송합니다.😥

슬룸의 모든 제품은 인체공학적으로 설계되어 편안한 사용이 가능하나 초기 사용 시 1~2주 이상의 적응 기간이 필요할 수 있습니다. 
다만 수령하신 날짜 기준으로 30일 동안 꾸준히 사용해보시고도 만족하지 못하셨을 경우에는, 슬룸에서 진행하는 <100%환불이벤트> 에 참여하여 왕복배송비 제외 전액 환불이 가능합니다.

※ 제품을 30일간 꾸준히 사용한 경우, 배송완료 후 40일이내 신청이 가능
※ 환불 서비스는 첫 구매 체험을 위한 서비스로 1회만 신청 가능

▶ <100% 환불 이벤트> 상세 환불 조건 : https://sleeplab.co.kr/notice/?page=1#13709226_notice 

슬룸을 믿고 편하게 사용 및 체험해보시고, 그럼에도 만족하시지 못하셨을 경우 슬룸 공식몰의 채널톡을 통해 이벤트 기간 내 문의 주시면 환불 접수 도움드리겠습니다."
117811,2026-07-28 19:46:16,2026-07-24 15:08:10,2026-07-28 18:50:50,착욕감이너무나좋아요,,,1043,[슬룸 4차 진행!] 코이티비 구독자 전용 ★최저가★ 비밀링크,99000,수량선택: 종아리편한케어 1개,기존리뷰,5,,0,0,1,"안녕하세요. 프리미엄 헬스테크 브랜드, 슬룸입니다.
진심 어린 소중한 후기 감사합니다. 💜

앞으로도 좋은 상품과 서비스로 고객님들을 찾아뵐 수 있도록 노력하겠습니다.
감사합니다. :)"
117812,2026-07-28 19:46:52,2026-07-24 15:08:10,2026-07-28 18:50:50,착용감이너무나좋아요,,,1043,[슬룸 4차 진행!] 코이티비 구독자 전용 ★최저가★ 비밀링크,99000,수량선택: 목 마사지 베개 V2 2개 +(증정)마그네슘 시너지 크림 1개,기존리뷰,5,,0,0,1,"안녕하세요. 프리미엄 헬스테크 브랜드, 슬룸입니다.
진심 어린 소중한 후기 감사합니다. 💜

앞으로도 좋은 상품과 서비스로 고객님들을 찾아뵐 수 있도록 노력하겠습니다.
감사합니다. :)"
117813,2026-07-28 19:49:31,2026-07-26 14:14:40,2026-07-28 19:08:00,잘 받았습니다. 감사합니다.,,,1043,[슬룸 4차 진행!] 코이티비 구독자 전용 ★최저가★ 비밀링크,99000,수량선택: ★코이티비SET★목 마사지 베개 V2 1개 + 종아리편한케어 1개 +(증정)마그네슘 시너지 크림 1개,기존리뷰,3,,0,0,1,"안녕하세요. 프리미엄 헬스테크 브랜드, 슬룸입니다.
시간 내어 소중한 후기를 작성해 주셔서 감사드립니다. :)

믿고 찾는 쇼핑몰이 되기 위해 더 좋은 상품과 서비스를 준비하겠습니다.
감사합니다. 💜"
117814,2026-07-28 20:27:19,2026-07-24 12:27:45,2026-07-25 16:08:13,소음이 계속나서 조금 아쉬워요,,,1043,[슬룸 4차 진행!] 코이티비 구독자 전용 ★최저가★ 비밀링크,99000,수량선택: ★코이티비SET★목 마사지 베개 V2 1개 + 종아리편한케어 1개 +(증정)마그네슘 시너지 크림 1개,기존리뷰,3,,1,0,1,"안녕하세요 고객님, 프리미엄 헬스테크 브랜드, 슬룸입니다.
고객님께 만족스러운 경험을 드리지 못해 대단히 죄송합니다.😥

슬룸의 모든 제품은 인체공학적으로 설계되어 편안한 사용이 가능하나 초기 사용 시 1~2주 이상의 적응 기간이 필요할 수 있습니다. 
다만 수령하신 날짜 기준으로 30일 동안 꾸준히 사용해보시고도 만족하지 못하셨을 경우에는, 슬룸에서 진행하는 <100%환불이벤트> 에 참여하여 왕복배송비 제외 전액 환불이 가능합니다.

※ 제품을 30일간 꾸준히 사용한 경우, 배송완료 후 40일이내 신청이 가능
※ 환불 서비스는 첫 구매 체험을 위한 서비스로 1회만 신청 가능

▶ <100% 환불 이벤트> 상세 환불 조건 : https://sleeplab.co.kr/notice/?page=1#13709226_notice 

슬룸을 믿고 편하게 사용 및 체험해보시고, 그럼에도 만족하시지 못하셨을 경우 슬룸 공식몰의 채널톡을 통해 이벤트 기간 내 문의 주시면 환불 접수 도움드리겠습니다."
117815,2026-07-28 21:53:35,2026-07-24 22:49:25,2026-07-28 16:17:44,코이티비 보고 구매했습니다!! 실사용후 상세 후기 남기겠습니다 ㅎㅎ,,,1043,[슬룸 4차 진행!] 코이티비 구독자 전용 ★최저가★ 비밀링크,99000,수량선택: 목 마사지 베개 V2 1개,기존리뷰,5,,1,0,1,"안녕하세요. 프리미엄 헬스테크 브랜드, 슬룸입니다.
정성스럽게 올려주신 소중한 후기 감사합니다. 💜

고객님의 목소리로 더 발전하는 슬룸이 되도록 노력하겠습니다.
감사합니다. 🙇‍♀️"
117816,2026-07-28 22:49:48,2026-07-20 13:14:30,2026-07-21 13:44:28,더 써봐야알거같은데 목 받쳐주는게 좋은 것 같아요,,,1033,[신금동x슬룸] 최저가 마켓 OPEN,79000,수량선택: ★최저가★ 경추 마사지 베개 V2 1개 + (증정) 마그네슘 크림 1개,기존리뷰,5,,1,0,1,"안녕하세요. 프리미엄 헬스테크 브랜드, 슬룸입니다.
진심 어린 소중한 후기 감사합니다. 💜

앞으로도 좋은 상품과 서비스로 고객님들을 찾아뵐 수 있도록 노력하겠습니다.
감사합니다. :)"
117817,2026-07-29 00:27:23,2026-06-20 16:36:35,2026-06-23 18:46:17,뜨끈하게 마사지하면서 잠들수 있어요,,,1001,[슬룸] 구독자 전용 ★초특가★ 비밀링크,84900,수량선택: 목 마사지 베개 V2 1개,기존리뷰,4,,0,0,1,"안녕하세요. 프리미엄 헬스테크 브랜드, 슬룸입니다.
정성스럽게 올려주신 소중한 후기 감사합니다. 💜

고객님의 목소리로 더 발전하는 슬룸이 되도록 노력하겠습니다.
감사합니다. 🙇‍♀️"
117818,2026-07-29 00:46:51,2026-07-23 20:56:00,2026-07-25 13:45:08,로션이나 이런 걸 발라야 전기(?)가 느꺄지더라구오!! 아직 잘 모르겠어요 사실 ㅠㅠ...,,,1035,[애진X슬룸] ★단독 최대혜택★ 바디풀고컷 경락 마사지기,79900,수량선택: [68%] 바디풀고컷 1개 + 시너지 젤 2개 증정,기존리뷰,3,,0,0,1,"안녕하세요 고객님, 프리미엄 헬스테크 브랜드, 슬룸입니다.
고객님께 만족스러운 경험을 드리지 못해 대단히 죄송합니다.😥

슬룸의 모든 제품은 인체공학적으로 설계되어 편안한 사용이 가능하나 초기 사용 시 1~2주 이상의 적응 기간이 필요할 수 있습니다. 
다만 수령하신 날짜 기준으로 30일 동안 꾸준히 사용해보시고도 만족하지 못하셨을 경우에는, 슬룸에서 진행하는 <100%환불이벤트> 에 참여하여 왕복배송비 제외 전액 환불이 가능합니다.

※ 제품을 30일간 꾸준히 사용한 경우, 배송완료 후 40일이내 신청이 가능
※ 환불 서비스는 첫 구매 체험을 위한 서비스로 1회만 신청 가능

▶ <100% 환불 이벤트> 상세 환불 조건 : https://sleeplab.co.kr/notice/?page=1#13709226_notice 

슬룸을 믿고 편하게 사용 및 체험해보시고, 그럼에도 만족하시지 못하셨을 경우 슬룸 공식몰의 채널톡을 통해 이벤트 기간 내 문의 주시면 환불 접수 도움드리겠습니다."
117819,2026-07-29 01:18:33,2026-07-24 22:24:45,2026-07-28 21:09:41,뭐더 써봐야 알듯ㅇᆢㄷ,,,1043,[슬룸 4차 진행!] 코이티비 구독자 전용 ★최저가★ 비밀링크,99000,수량선택: 목 마사지 베개 V2 1개,기존리뷰,4,,0,0,1,"안녕하세요. 프리미엄 헬스테크 브랜드, 슬룸입니다.
시간 내어 소중한 후기를 작성해 주셔서 감사드립니다. :)

믿고 찾는 쇼핑몰이 되기 위해 더 좋은 상품과 서비스를 준비하겠습니다.
감사합니다. 💜"
117820,2026-07-29 08:20:58,2026-07-26 06:46:15,2026-07-28 18:41:15,온열 기능이 있어서 뭉친목을 풀어줘서 좋긴하지만 크게 시원하거나 그렇진 않아 꾸준히 써봐야할 듯 합니다. 가격도 좋고 천이 부드러워서 잠이 잘옴.,ff0ff514a393,,909,목 마사지 베개 V2 경추 마사지기 베개,112000,수량선택: 목 마사지 베개 V2 1개 (마그네슘 시너지 크림 1개 증정),모바일,5,,1,0,1,"안녕하세요. 프리미엄 헬스테크 브랜드, 슬룸입니다.
진심 어린 소중한 후기 감사합니다. 💜

앞으로도 좋은 상품과 서비스로 고객님들을 찾아뵐 수 있도록 노력하겠습니다.
감사합니다. :)"
117821,2026-07-29 08:49:36,2026-07-24 16:45:38,2026-07-28 16:27:04,"하체 부종이 심한편인데 경락모드 아프긴하지만 엄청 시원해요
끝나고나면 종아리가 말랑말랑 ~~ 가벼워져서 걷을때도 가뿐하니 좋아요
목 마사지는 아직 익숙하지 않아서인지 잘 모르겠어서 더 써보고 다시 남길게요",cd33639d9503,,1043,[슬룸 4차 진행!] 코이티비 구독자 전용 ★최저가★ 비밀링크,99000,수량선택: ★코이티비SET★목 마사지 베개 V2 1개 + 종아리편한케어 1개 +(증정)마그네슘 시너지 크림 1개,모바일,5,,0,0,1,"안녕하세요. 프리미엄 헬스테크 브랜드, 슬룸입니다.
진심 어린 소중한 후기 감사합니다. 💜

앞으로도 좋은 상품과 서비스로 고객님들을 찾아뵐 수 있도록 노력하겠습니다.
감사합니다. :)"
117822,2026-07-29 12:06:12,2026-07-22 15:21:11,2026-07-24 16:10:01,"적당히 단단하고 쿠션감 있어서 좋습니다 
목이 편안해 졌어요
만족합니다",3acaa325d331,,1038,[썸머 수퍼데이] 목베개 스트레칭 베개,11900,수량선택: 목베개 1개 (목베개 커버 증정),모바일(팝업),5,,1,0,1,"안녕하세요. 프리미엄 헬스테크 브랜드, 슬룸입니다.
진심 어린 소중한 후기 감사합니다. 💜

앞으로도 좋은 상품과 서비스로 고객님들을 찾아뵐 수 있도록 노력하겠습니다.
감사합니다. :)"
117823,2026-07-29 21:21:22,2026-07-27 17:02:43,2026-07-29 16:13:02,독특한 곡선 디자인이 허리를 탄탄하게 받쳐줘서 앉아있을 때 정말 편안합니다. 세련된 네이비 컬러라 소파 위에 두니 깔끔하고 예쁘네요. 장시간 앉아 일하거나 휴식할 때 유용해서 대만족입니다.,bd97af3eae22,,1038,[썸머 수퍼데이] 목베개 스트레칭 베개,11900,수량선택: 목베개 1개 (목베개 커버 증정),모바일,5,,1,0,1,"안녕하세요. 프리미엄 헬스테크 브랜드, 슬룸입니다.
정성스럽게 올려주신 소중한 후기 감사합니다. 💜

고객님의 목소리로 더 발전하는 슬룸이 되도록 노력하겠습니다.
감사합니다. 🙇‍♀️"
117824,2026-07-29 22:49:57,2026-07-28 07:27:51,2026-07-29 13:39:22,마사지 느낌은 온열도있고 마사지 느낌도 생각보다 좋습니다. 프로그램도 몇 가지 있고 다만 착용하는 스트랩이 팔이 굵은 사람들에게는 조금 짧은듯 합니다.,795b0461630e,,980,프리미엄 엘보케어 팔꿈치 마사지기,149000,쇼핑백 & 전용 어댑터 추가: [신제품 출시 한정] 마그네슘 시너지 크림 1개,모바일(팝업),5,,2,0,1,"안녕하세요. 프리미엄 헬스테크 브랜드, 슬룸입니다.
진심 어린 소중한 후기 감사합니다. 💜

앞으로도 좋은 상품과 서비스로 고객님들을 찾아뵐 수 있도록 노력하겠습니다.
감사합니다. :)"
117825,2026-07-30 02:04:13,2026-07-28 09:04:44,2026-07-29 16:16:52,"사고나니 할인된링크가 돌아댕기네요
기분이가 상당히나쁨...",93d5af376e9a,,909,목 마사지 베개 V2 경추 마사지기 베개,112000,수량선택: 목 마사지 베개 V2 1개 (마그네슘 시너지 크림 1개 증정),모바일,1,,0,0,1,"안녕하세요 고객님, 프리미엄 헬스테크 브랜드, 슬룸입니다.
고객님께 만족스러운 경험을 드리지 못해 대단히 죄송합니다.😥

제품 가격은 이벤트 내용 및 기간에 따라 상이해지는 점 양해 부탁드립니다.

추가로 궁금하신 점이 있으실 경우 슬룸 채팅 상담을 통해 연락 주시면 빠르게 안내 도와드리겠습니다.

▶ 슬룸 채팅 상담 (※ 월-목 09:30-17:00, 금 09:30-16:00, 주말 및 공휴일 휴무)
http://sloom.channel.io/

고객님의 목소리로 더 발전하는 슬룸이 되도록 노력하겠습니다. 감사합니다."
117826,2026-07-29 04:03:08,2026-07-23 12:46:10,2026-07-24 13:45:48,딱 안잡아주네여 너무 헐거워서 그냥그래요 딱잡아줘야 마사지기가 될듯.... 뭥미,,,1014,[서현주 Pick] ★최대할인 비밀링크★ 바디풀고컷 경락 마사지기,89900,수량선택: <서현주 추천> 바디풀고컷 1개 + 트리플샷 시너지 젤 1개 증정,기존리뷰,5,,1,0,1,"안녕하세요 고객님, 프리미엄 헬스테크 브랜드, 슬룸입니다.
고객님께 만족스러운 경험을 드리지 못해 대단히 죄송합니다.😥

슬룸의 모든 제품은 인체공학적으로 설계되어 편안한 사용이 가능하나 초기 사용 시 1~2주 이상의 적응 기간이 필요할 수 있습니다. 
다만 수령하신 날짜 기준으로 30일 동안 꾸준히 사용해보시고도 만족하지 못하셨을 경우에는, 슬룸에서 진행하는 <100%환불이벤트> 에 참여하여 왕복배송비 제외 전액 환불이 가능합니다.

※ 제품을 30일간 꾸준히 사용한 경우, 배송완료 후 40일이내 신청이 가능
※ 환불 서비스는 첫 구매 체험을 위한 서비스로 1회만 신청 가능

▶ <100% 환불 이벤트> 상세 환불 조건 : https://sleeplab.co.kr/notice/?page=1#13709226_notice 

슬룸을 믿고 편하게 사용 및 체험해보시고, 그럼에도 만족하시지 못하셨을 경우 슬룸 공식몰의 채널톡을 통해 이벤트 기간 내 문의 주시면 환불 접수 도움드리겠습니다."
117827,2026-07-29 08:12:47,2026-07-24 13:00:35,2026-07-25 13:37:42,나쁘지 않은거 같습니다.,,,1043,[슬룸 4차 진행!] 코이티비 구독자 전용 ★최저가★ 비밀링크,99000,수량선택: 목 마사지 베개 V2 1개,기존리뷰,5,,0,0,1,"안녕하세요. 프리미엄 헬스테크 브랜드, 슬룸입니다.
정성스럽게 올려주신 소중한 후기 감사합니다. 💜

고객님의 목소리로 더 발전하는 슬룸이 되도록 노력하겠습니다.
감사합니다. 🙇‍♀️"
117828,2026-07-29 08:40:58,2026-07-25 05:59:10,2026-07-28 18:41:44,좋다고 하길래 사봤어요 ㅎㅎ,,,909,목 마사지 베개 V2 경추 마사지기 베개,112000,수량선택: 목 마사지 베개 V2 1개 (마그네슘 시너지 크림 1개 증정),기존리뷰,5,,0,0,1,"안녕하세요. 프리미엄 헬스테크 브랜드, 슬룸입니다.
진심 어린 소중한 후기 감사합니다. 💜

앞으로도 좋은 상품과 서비스로 고객님들을 찾아뵐 수 있도록 노력하겠습니다.
감사합니다. :)"
117829,2026-07-29 09:46:18,2026-07-19 08:02:30,2026-07-22 14:06:37,광고에 속은것도 같고 ... 리뷰에 속은것도 같고 ... 매일 쓰지만 이게 뭐가 좋아지는지 알수가 없다,,,909,목 마사지 베개 V2 경추 마사지기 베개,112000,수량선택: 목 마사지 베개 V2 1개 (마그네슘 시너지 크림 1개 증정),기존리뷰,3,,1,0,1,"안녕하세요 고객님, 프리미엄 헬스테크 브랜드, 슬룸입니다.
고객님께 만족스러운 경험을 드리지 못해 대단히 죄송합니다.😥

슬룸의 모든 제품은 인체공학적으로 설계되어 편안한 사용이 가능하나 초기 사용 시 1~2주 이상의 적응 기간이 필요할 수 있습니다. 
다만 수령하신 날짜 기준으로 30일 동안 꾸준히 사용해보시고도 만족하지 못하셨을 경우에는, 슬룸에서 진행하는 <100%환불이벤트> 에 참여하여 왕복배송비 제외 전액 환불이 가능합니다.

※ 제품을 30일간 꾸준히 사용한 경우, 배송완료 후 40일이내 신청이 가능
※ 환불 서비스는 첫 구매 체험을 위한 서비스로 1회만 신청 가능

▶ <100% 환불 이벤트> 상세 환불 조건 : https://sleeplab.co.kr/notice/?page=1#13709226_notice 

슬룸을 믿고 편하게 사용 및 체험해보시고, 그럼에도 만족하시지 못하셨을 경우 슬룸 공식몰의 채널톡을 통해 이벤트 기간 내 문의 주시면 환불 접수 도움드리겠습니다."
117830,2026-07-29 10:06:41,2026-07-20 11:57:50,2026-07-22 16:09:13,기대많이했는데 그저그래요..,,,1035,[애진X슬룸] ★단독 최대혜택★ 바디풀고컷 경락 마사지기,79900,수량선택: [68%] 바디풀고컷 1개 + 시너지 젤 2개 증정,기존리뷰,3,,0,0,1,"안녕하세요 고객님, 프리미엄 헬스테크 브랜드, 슬룸입니다.
고객님께 만족스러운 경험을 드리지 못해 대단히 죄송합니다.😥

슬룸의 모든 제품은 인체공학적으로 설계되어 편안한 사용이 가능하나 초기 사용 시 1~2주 이상의 적응 기간이 필요할 수 있습니다. 
다만 수령하신 날짜 기준으로 30일 동안 꾸준히 사용해보시고도 만족하지 못하셨을 경우에는, 슬룸에서 진행하는 <100%환불이벤트> 에 참여하여 왕복배송비 제외 전액 환불이 가능합니다.

※ 제품을 30일간 꾸준히 사용한 경우, 배송완료 후 40일이내 신청이 가능
※ 환불 서비스는 첫 구매 체험을 위한 서비스로 1회만 신청 가능

▶ <100% 환불 이벤트> 상세 환불 조건 : https://sleeplab.co.kr/notice/?page=1#13709226_notice 

슬룸을 믿고 편하게 사용 및 체험해보시고, 그럼에도 만족하시지 못하셨을 경우 슬룸 공식몰의 채널톡을 통해 이벤트 기간 내 문의 주시면 환불 접수 도움드리겠습니다."
117831,2026-07-29 10:36:15,2026-07-26 13:17:55,2026-07-28 13:47:55,딸내미 종아리 부종을 조금이나마 해결코져 신청했는데 빠른 배송으로 점수좀 땃네요...,,,1043,[슬룸 4차 진행!] 코이티비 구독자 전용 ★최저가★ 비밀링크,99000,수량선택: 종아리편한케어 1개,기존리뷰,5,,1,0,1,"안녕하세요. 프리미엄 헬스테크 브랜드, 슬룸입니다.
진심 어린 소중한 후기 감사합니다. 💜

앞으로도 좋은 상품과 서비스로 고객님들을 찾아뵐 수 있도록 노력하겠습니다.
감사합니다. :)"
117832,2026-07-29 10:52:53,2026-06-17 12:36:20,2026-06-18 18:36:41,잘 쓰다보니 베개사진이 꼬질하네요ㅋㅋ 제품 좋아요ㅎㅎ,,,909,목 마사지 베개 V2 경추 마사지기 베개,112000,수량선택: 목 마사지 베개 V2 1개,기존리뷰,5,,1,0,1,"안녕하세요. 프리미엄 헬스테크 브랜드, 슬룸입니다.
진심 어린 소중한 후기 감사합니다. 💜

앞으로도 좋은 상품과 서비스로 고객님들을 찾아뵐 수 있도록 노력하겠습니다.
감사합니다. :)"
117833,2026-07-29 10:55:55,2026-07-24 17:18:10,2026-07-28 16:25:45,슬롬 제품 냉정하게 평가해서 진동기능을 빼고 에어백을 더 넣어서 맛사지 성능이 더 좋았으면 합니다.,,,1043,[슬룸 4차 진행!] 코이티비 구독자 전용 ★최저가★ 비밀링크,99000,수량선택: 목 마사지 베개 V2 1개,기존리뷰,5,,1,0,1,"안녕하세요. 프리미엄 헬스테크 브랜드, 슬룸입니다.
진심 어린 소중한 후기 감사합니다. 💜

앞으로도 좋은 상품과 서비스로 고객님들을 찾아뵐 수 있도록 노력하겠습니다.
감사합니다. :)"
117834,2026-07-29 12:51:47,2026-07-22 01:27:25,2026-07-23 18:38:03,"엘보 통증이 심해서 포기하고 살았는데 출,퇴근 길에 한번씩 해주면서 통증이 조금씩 줄고 있습니다. 무리하게 강하게 하지 않아도 시원해요.",,,980,프리미엄 엘보케어 팔꿈치 마사지기,149000,수량선택: 팔꿈치 마사지기 1개,기존리뷰,5,,1,0,1,"안녕하세요. 프리미엄 헬스테크 브랜드, 슬룸입니다.
시간 내어 소중한 후기를 작성해 주셔서 감사드립니다. :)

믿고 찾는 쇼핑몰이 되기 위해 더 좋은 상품과 서비스를 준비하겠습니다.
감사합니다. 💜"
117835,2026-07-29 13:13:47,2026-07-26 22:30:00,2026-07-28 13:42:51,양쪽 팔이 너무 아파서 치료해도 큰 효과도 없고 그냥 집에서 꾸준히 사용해 볼려고 구매했습니다~~제발 효과가 좋기를 기대해봅니다,,,980,프리미엄 엘보케어 팔꿈치 마사지기,149000,수량선택: 데일리 릴렉스 세트 (팔꿈치 마사지기 + 마그네슘 시너지 크림),기존리뷰,5,,1,0,1,"안녕하세요. 프리미엄 헬스테크 브랜드, 슬룸입니다.
정성스럽게 올려주신 소중한 후기 감사합니다. 💜

고객님의 목소리로 더 발전하는 슬룸이 되도록 노력하겠습니다.
감사합니다. 🙇‍♀️"
117836,2026-07-29 13:24:48,2026-07-27 18:55:15,2026-07-29 11:33:00,시원하지가 않아요…아가가 주무르는거 같아요,,,1043,[슬룸 4차 진행!] 코이티비 구독자 전용 ★최저가★ 비밀링크,99000,수량선택: 목 마사지 베개 V2 1개,기존리뷰,2,,1,0,1,"안녕하세요 고객님, 프리미엄 헬스테크 브랜드, 슬룸입니다.
고객님께 만족스러운 경험을 드리지 못해 대단히 죄송합니다.😥

슬룸의 모든 제품은 인체공학적으로 설계되어 편안한 사용이 가능하나 초기 사용 시 1~2주 이상의 적응 기간이 필요할 수 있습니다. 
다만 수령하신 날짜 기준으로 30일 동안 꾸준히 사용해보시고도 만족하지 못하셨을 경우에는, 슬룸에서 진행하는 <100%환불이벤트> 에 참여하여 왕복배송비 제외 전액 환불이 가능합니다.

※ 제품을 30일간 꾸준히 사용한 경우, 배송완료 후 40일이내 신청이 가능
※ 환불 서비스는 첫 구매 체험을 위한 서비스로 1회만 신청 가능

▶ <100% 환불 이벤트> 상세 환불 조건 : https://sleeplab.co.kr/notice/?page=1#13709226_notice 

슬룸을 믿고 편하게 사용 및 체험해보시고, 그럼에도 만족하시지 못하셨을 경우 슬룸 공식몰의 채널톡을 통해 이벤트 기간 내 문의 주시면 환불 접수 도움드리겠습니다."
117837,2026-07-29 14:13:12,2026-07-22 08:17:20,2026-07-23 13:39:26,아니 이거 딘짜 복근에 대박임. 다른 부위는 잘 모르겠고 복근 미쳐따,,,1035,[애진X슬룸] ★단독 최대혜택★ 바디풀고컷 경락 마사지기,79900,수량선택: [68%] 바디풀고컷 1개 + 시너지 젤 2개 증정,기존리뷰,5,,1,0,1,"안녕하세요. 프리미엄 헬스테크 브랜드, 슬룸입니다.
정성스럽게 올려주신 소중한 후기 감사합니다. 💜

고객님의 목소리로 더 발전하는 슬룸이 되도록 노력하겠습니다.
감사합니다. 🙇‍♀️"
117838,2026-07-29 14:48:25,2026-07-28 08:27:40,2026-07-29 13:29:00,"거북목 때문에 자고 일어나면 항상 목, 어깨가 뻐근하고 불편했는데 나에게 딱 맞는 맛사지기를 찾은거 같아요....목 뒤를 받쳐주는 편안함이 맘에 드네요",,,1043,[슬룸 4차 진행!] 코이티비 구독자 전용 ★최저가★ 비밀링크,99000,수량선택: 목 마사지 베개 V2 1개,기존리뷰,5,,1,0,1,"안녕하세요. 프리미엄 헬스테크 브랜드, 슬룸입니다.
시간 내어 소중한 후기를 작성해 주셔서 감사드립니다. :)

믿고 찾는 쇼핑몰이 되기 위해 더 좋은 상품과 서비스를 준비하겠습니다.
감사합니다. 💜"
117839,2026-07-29 15:25:20,2026-07-24 14:27:10,2026-07-25 18:35:20,선물해서 제품에 대해 자세히 설명할 수는 없비만 슬룸이니까 믿고 선물해줬음 나중에 한달 후에 상품평은 남기도록하겟음,,,1043,[슬룸 4차 진행!] 코이티비 구독자 전용 ★최저가★ 비밀링크,99000,수량선택: ★코이티비SET★목 마사지 베개 V2 1개 + 종아리편한케어 1개 +(증정)마그네슘 시너지 크림 1개,기존리뷰,5,,1,0,1,"안녕하세요. 프리미엄 헬스테크 브랜드, 슬룸입니다.
정성스럽게 올려주신 소중한 후기 감사합니다. 💜

고객님의 목소리로 더 발전하는 슬룸이 되도록 노력하겠습니다.
감사합니다. 🙇‍♀️"
117840,2026-07-29 15:41:24,2026-07-20 08:56:40,2026-07-21 13:44:05,골반마사지기를 며칠 전에 배송 받았는데 추가로 주문한 슬룸충전기가 어제 도착해서 충전 후 사용하려 했더니 어떤 버튼을 눌러도 전혀 작동하지 않아요 전원이 연결된상태에서는 초록불이 들어오는데 충전된 후 충전기를 빼면 리모컨 전원도 불이 꺼지고 아무것도작동 안 됩니다,,,966,골반 케어 프리미엄 골반 마사지기,191000,수량선택: 골반 마사지기 1개,기존리뷰,1,,1,0,1,"안녕하세요 고객님, 프리미엄 헬스테크 브랜드, 슬룸입니다.
고객님께 만족스러운 경험을 드리지 못해 대단히 죄송합니다.😥

초기 불량으로 많이 불편하셨을 것 같습니다.
슬룸 고객센터로 불량 접수하신 것으로 확인됩니다!

앞으로 더욱 더 발전하는 슬룸이 되겠습니다.
감사합니다."
117841,2026-07-29 17:50:46,2026-07-22 17:16:45,2026-07-24 16:15:38,사용시 그렇게 좋다는 느낌보다는 그냥 사용하기 괜찮다는 정도,,,291,목베개 플러스 경추 목 마사지기 베개,91000,수량선택: 목베개 플러스 1개 (마그네슘 시너지 크림 1개 증정),기존리뷰,3,,0,0,1,"안녕하세요. 프리미엄 헬스테크 브랜드, 슬룸입니다.
시간 내어 소중한 후기를 작성해 주셔서 감사드립니다. :)

믿고 찾는 쇼핑몰이 되기 위해 더 좋은 상품과 서비스를 준비하겠습니다.
감사합니다. 💜"
117842,2026-07-29 18:00:28,2026-07-19 22:57:20,2026-07-21 19:01:11,아니 이거 4일정도 하루에2번정도쓰는데 보풀이 왜이렇게많이일어나여? 제품은 괜찮은거같은데 천상태가 너무별로에요 고객센터에물서봐도 방법이없으니 그냥쓰라고하네요 생각보다 은근히거슬려요....보기도좀그렇고...,,,909,목 마사지 베개 V2 경추 마사지기 베개,112000,수량선택: 목 마사지 베개 V2 1개 (마그네슘 시너지 크림 1개 증정),기존리뷰,2,,2,0,1,"안녕하세요 고객님, 프리미엄 헬스테크 브랜드, 슬룸입니다.
고객님께 만족스러운 경험을 드리지 못해 대단히 죄송합니다.😥

수령하신 날짜 기준으로 30일 동안 꾸준히 사용해보시고도 만족하지 못하셨을 경우에는, 슬룸에서 진행하는 <100%환불이벤트> 에 참여하여 왕복배송비 제외 전액 환불이 가능합니다.

※ 제품을 30일간 꾸준히 사용한 경우, 배송완료 후 40일이내 신청이 가능
※ 환불 서비스는 첫 구매 체험을 위한 서비스로 1회만 신청 가능

▶ <100% 환불 이벤트> 상세 환불 조건 : https://sleeplab.co.kr/notice/?page=1#13709226_notice 

슬룸을 믿고 편하게 사용 및 체험해보시고, 그럼에도 만족하시지 못하셨을 경우 슬룸 공식몰의 채널톡을 통해 이벤트 기간 내 문의 주시면 환불 접수 도움드리겠습니다."
117843,2026-07-29 19:03:22,2026-07-27 17:12:10,2026-07-29 13:46:44,"일단 허리 아픈 환자에게 혹하는 물건이라
구매해서 처음 사용중입니다.
허리보호대는 뭔가 좀 어설프긴합니다",,,1042,★선착순 증정 비밀링크★ 허리편한케어 허리 마사지기 V2,159000,수량선택: 허리편한케어 V2 1개 (코어 요추벨트 증정),기존리뷰,5,,0,0,1,"안녕하세요. 프리미엄 헬스테크 브랜드, 슬룸입니다.
진심 어린 소중한 후기 감사합니다. 💜

앞으로도 좋은 상품과 서비스로 고객님들을 찾아뵐 수 있도록 노력하겠습니다.
감사합니다. :)"
117844,2026-07-29 19:37:59,2026-07-20 21:28:55,2026-07-22 18:38:43,아쁜어깨에 좋아요 목도 시원해요,,,1033,[신금동x슬룸] 최저가 마켓 OPEN,79000,수량선택: ★최저가★ 경추 마사지 베개 V2 1개 + (증정) 마그네슘 크림 1개,기존리뷰,5,,1,0,1,"안녕하세요. 프리미엄 헬스테크 브랜드, 슬룸입니다.
진심 어린 소중한 후기 감사합니다. 💜

앞으로도 좋은 상품과 서비스로 고객님들을 찾아뵐 수 있도록 노력하겠습니다.
감사합니다. :)"
117845,2026-07-29 21:00:09,2026-07-27 17:01:15,2026-07-29 13:37:38,항상코이티비보고구입합니다너무좋아요,,,1043,[슬룸 4차 진행!] 코이티비 구독자 전용 ★최저가★ 비밀링크,99000,수량선택: ★코이티비SET★목 마사지 베개 V2 1개 + 종아리편한케어 1개 +(증정)마그네슘 시너지 크림 1개,기존리뷰,5,,1,0,1,"안녕하세요. 프리미엄 헬스테크 브랜드, 슬룸입니다.
진심 어린 소중한 후기 감사합니다. 💜

앞으로도 좋은 상품과 서비스로 고객님들을 찾아뵐 수 있도록 노력하겠습니다.
감사합니다. :)"
117846,2026-07-29 21:31:00,2026-07-06 13:04:35,2026-07-07 18:51:11,하고나면 허리가 좀 아픈데 늘어나는 건가봐요 잘하고있어요,,,376,허리편한케어 V1 전용 케이블,5000,,기존리뷰,5,,1,0,1,"안녕하세요. 프리미엄 헬스테크 브랜드, 슬룸입니다.
정성스럽게 올려주신 소중한 후기 감사합니다. 💜

고객님의 목소리로 더 발전하는 슬룸이 되도록 노력하겠습니다.
감사합니다. 🙇‍♀️"
117847,2026-07-29 21:39:18,2026-07-23 14:21:50,2026-07-24 18:36:18,골프 엘보로 고생하시는 지인 선물해드렸는데ㅡ너무 만족스러워 합니다,,,1034,★타노스X슬룸 히든 특가★ 프리미엄 엘보케어 팔꿈치 마사지기,149000,수량선택: 팔꿈치 마사지기 1개,기존리뷰,4,,0,0,1,"안녕하세요. 프리미엄 헬스테크 브랜드, 슬룸입니다.
시간 내어 소중한 후기를 작성해 주셔서 감사드립니다. :)

믿고 찾는 쇼핑몰이 되기 위해 더 좋은 상품과 서비스를 준비하겠습니다.
감사합니다. 💜"
117848,2026-07-29 23:36:48,2026-07-27 19:07:40,2026-07-29 13:39:02,팔꿈치마사지기 만족합니다.,,,980,프리미엄 엘보케어 팔꿈치 마사지기,149000,수량선택: 데일리 릴렉스 세트 (팔꿈치 마사지기 + 마그네슘 시너지 크림),기존리뷰,5,,1,0,1,"안녕하세요. 프리미엄 헬스테크 브랜드, 슬룸입니다.
진심 어린 소중한 후기 감사합니다. 💜

앞으로도 좋은 상품과 서비스로 고객님들을 찾아뵐 수 있도록 노력하겠습니다.
감사합니다. :)"
117849,2026-07-29 23:59:51,2026-07-27 15:31:05,2026-07-29 17:41:05,"오자마자 신나서 누워서 썻는데 광고랑은 다른느낌이라 바로 반품방법 알아봤더니 1번사용후 반품안되고 하고싶으면 직접 택배사 알아봐서 보내라고 하고 진짜 별로네요 진동기능은 왜있는지도 모르겠고 전혀 목에 도움안되는 시끄러운 진동 에어백은 그냥 목늘렷다 줄엿다만 반복 그럴거면 5천원짜리 목스트레칭 기구삿죠..
원래 뭐사고 반품거의안해서 반품방법,절차를 안보고 샀는데 너무 후회되네요 여태 샀던 택배중에 제일 최악입니다  이 리뷰가 올라갈지  묻힐지는 모르지만 시원할거라 생각마시고 그냥 폼롤러하세요",,,909,목 마사지 베개 V2 경추 마사지기 베개,112000,수량선택: 목 마사지 베개 V2 1개 (마그네슘 시너지 크림 1개 증정),기존리뷰,1,,0,0,1,"안녕하세요. 프리미엄 헬스테크 브랜드, 슬룸입니다.
고객님께 만족스러운 경험을 드리지 못해 대단히 죄송합니다. 😥

리뷰로는 상세한 안내가 어려워, 자세한 내용 알림톡(문자) 발송 도와드렸으니 확인 부탁드리겠습니다.
추가로 궁금하신 점이 있으시거나 문자 확인하신 후에도 해결되지 않는 경우
번거로우시겠지만 슬룸 채팅 상담을 통해 연락 주시면 빠르게 안내 도와드리겠습니다.

▶ 슬룸 채팅 상담 (※ 월-목 09:30-17:00, 금 09:30-16:00, 주말 및 공휴일 휴무)
http://sloom.channel.io/

고객님의 목소리로 더 발전하는 슬룸이 되도록 노력하겠습니다. 감사합니다."
117850,2026-07-30 01:15:53,2026-07-23 02:01:30,2026-07-24 16:13:19,아프지 않고 시원하고 너무 좋아요 신제품?이랑 두개다 사버렸네융^^,,,724,★최대할인 비밀링크★ 목베개 플러스 특가,69000,수량선택: 목베개 플러스 1개,기존리뷰,5,,1,0,1,"안녕하세요. 프리미엄 헬스테크 브랜드, 슬룸입니다.
진심 어린 소중한 후기 감사합니다. 💜

앞으로도 좋은 상품과 서비스로 고객님들을 찾아뵐 수 있도록 노력하겠습니다.
감사합니다. :)"
117851,2026-07-30 08:09:32,2026-07-28 02:12:28,2026-07-29 18:35:18,"평소에 취미로 야구를 하고 있어서 엘보가 만성이라서
병원도 다니고 주사도 병행하면서 불편한게 많았는데
주기적으로 마사지기 한번 해보려고 구매했는데 
일단, 생각보다 타사 제품들보다 강도가 엄청 강해서
작동하다가 깜짝 놀랐습니다 근데, 확실히 아픈만큼
효과도 극적으로 좋아지는 것 같습니다.
앞으로 꾸준히 더 사용하면 도움이 많이 될 것 같습니다.",fec5f9a21974,,980,프리미엄 엘보케어 팔꿈치 마사지기,149000,수량선택: 데일리 릴렉스 세트 (팔꿈치 마사지기 + 마그네슘 시너지 크림),PC,5,,0,0,1,"안녕하세요. 프리미엄 헬스테크 브랜드, 슬룸입니다.
시간 내어 소중한 후기를 작성해 주셔서 감사드립니다. :)

믿고 찾는 쇼핑몰이 되기 위해 더 좋은 상품과 서비스를 준비하겠습니다.
감사합니다. 💜"
117852,2026-07-30 08:10:32,2026-07-27 19:09:02,2026-07-29 13:39:13,"좀 작아요. 팔 굵은 사람은 비추, 저주파가 약해요. ",4956c62ab8bb,,1034,★타노스X슬룸 히든 특가★ 프리미엄 엘보케어 팔꿈치 마사지기,149000,수량선택: 팔꿈치 마사지기 1개,반응형(내리뷰),1,,0,0,1,"안녕하세요 고객님, 프리미엄 헬스테크 브랜드, 슬룸입니다.
고객님께 만족스러운 경험을 드리지 못해 대단히 죄송합니다.😥

슬룸의 모든 제품은 인체공학적으로 설계되어 편안한 사용이 가능하나 초기 사용 시 1~2주 이상의 적응 기간이 필요할 수 있습니다. 
다만 수령하신 날짜 기준으로 30일 동안 꾸준히 사용해보시고도 만족하지 못하셨을 경우에는, 슬룸에서 진행하는 <100%환불이벤트> 에 참여하여 왕복배송비 제외 전액 환불이 가능합니다.

※ 제품을 30일간 꾸준히 사용한 경우, 배송완료 후 40일이내 신청이 가능
※ 환불 서비스는 첫 구매 체험을 위한 서비스로 1회만 신청 가능

▶ <100% 환불 이벤트> 상세 환불 조건 : https://sleeplab.co.kr/notice/?page=1#13709226_notice 

슬룸을 믿고 편하게 사용 및 체험해보시고, 그럼에도 만족하시지 못하셨을 경우 슬룸 공식몰의 채널톡을 통해 이벤트 기간 내 문의 주시면 환불 접수 도움드리겠습니다."
117853,2026-07-30 08:15:47,2026-07-28 05:19:29,2026-07-29 16:09:32,전기자극도좋고 엘보땜에고생하는데 풀어지는것같습니다,5671675f8095,,980,프리미엄 엘보케어 팔꿈치 마사지기,149000,수량선택: 팔꿈치 마사지기 1개,반응형(내리뷰),4,,1,0,1,"안녕하세요. 프리미엄 헬스테크 브랜드, 슬룸입니다.
진심 어린 소중한 후기 감사합니다. 💜

앞으로도 좋은 상품과 서비스로 고객님들을 찾아뵐 수 있도록 노력하겠습니다.
감사합니다. :)"
117854,2026-07-30 08:36:26,2026-07-28 07:49:21,2026-07-29 16:09:27,"엘보때문에 구매했고 사용해 보았는데 전기충격이나 마사지기능이 좋네요.
부디 팔꿈치가 좋아지길 빌어봅니다.",c74bf4165d57,,980,프리미엄 엘보케어 팔꿈치 마사지기,149000,수량선택: 팔꿈치 마사지기 1개,모바일,5,,0,0,1,"안녕하세요. 프리미엄 헬스테크 브랜드, 슬룸입니다.
시간 내어 소중한 후기를 작성해 주셔서 감사드립니다. :)

믿고 찾는 쇼핑몰이 되기 위해 더 좋은 상품과 서비스를 준비하겠습니다.
감사합니다. 💜"
117855,2026-07-30 09:15:47,2026-07-28 12:13:55,2026-07-29 16:13:02,제가구매해서써보니손가락이아픈게좋아져서재구매해서저희작은언니한테선물했어요시골집에서일을많이하니손가락이아프다고해서선물하게됬어용써보더니너무좋다고하네요,c3b01c9f9b8d,,756,손편한케어 프리미엄 손 마사지기,109000,수량선택: 손편한케어 1개,반응형(내리뷰),5,,1,0,1,"안녕하세요. 프리미엄 헬스테크 브랜드, 슬룸입니다.
시간 내어 소중한 후기를 작성해 주셔서 감사드립니다. :)

믿고 찾는 쇼핑몰이 되기 위해 더 좋은 상품과 서비스를 준비하겠습니다.
감사합니다. 💜"
117856,2026-07-30 17:11:35,2026-07-28 10:55:07,2026-07-29 18:37:17,"엘보로 병원을 다니다 혹해서 주문
두번 사용했는데 시원하네요
잘 사용해서 팔이 자유로워지는 날을 희망합니다^^
많이 파세요",78f5708ca71f,,980,프리미엄 엘보케어 팔꿈치 마사지기,149000,수량선택: 데일리 릴렉스 세트 (팔꿈치 마사지기 + 마그네슘 시너지 크림),반응형(내리뷰),5,,0,0,1,"안녕하세요. 프리미엄 헬스테크 브랜드, 슬룸입니다.
정성스럽게 올려주신 소중한 후기 감사합니다. 💜

고객님의 목소리로 더 발전하는 슬룸이 되도록 노력하겠습니다.
감사합니다. 🙇‍♀️"
117857,2026-07-30 06:08:17,2026-07-26 19:19:50,2026-07-28 18:43:25,배송이 빠르네요. 두번밖에 안써서 효과는 아직이지만 꼭 좋아지길..,,,980,프리미엄 엘보케어 팔꿈치 마사지기,149000,수량선택: 데일리 릴렉스 세트 (팔꿈치 마사지기 + 마그네슘 시너지 크림),기존리뷰,4,,1,0,1,"안녕하세요. 프리미엄 헬스테크 브랜드, 슬룸입니다.
정성스럽게 올려주신 소중한 후기 감사합니다. 💜

고객님의 목소리로 더 발전하는 슬룸이 되도록 노력하겠습니다.
감사합니다. 🙇‍♀️"
117858,2026-07-30 06:23:28,2026-07-24 20:32:50,2026-07-28 20:57:31,사용 후 풀리는거 샅은데 에어소음이 생각보다 커요 귀가 먹먹해지네요,,,1043,[슬룸 4차 진행!] 코이티비 구독자 전용 ★최저가★ 비밀링크,99000,수량선택: 목 마사지 베개 V2 1개,기존리뷰,3,,0,0,1,"안녕하세요 고객님, 프리미엄 헬스테크 브랜드, 슬룸입니다.
고객님께 만족스러운 경험을 드리지 못해 대단히 죄송합니다.😥

슬룸의 모든 제품은 인체공학적으로 설계되어 편안한 사용이 가능하나 초기 사용 시 1~2주 이상의 적응 기간이 필요할 수 있습니다. 
다만 수령하신 날짜 기준으로 30일 동안 꾸준히 사용해보시고도 만족하지 못하셨을 경우에는, 슬룸에서 진행하는 <100%환불이벤트> 에 참여하여 왕복배송비 제외 전액 환불이 가능합니다.

※ 제품을 30일간 꾸준히 사용한 경우, 배송완료 후 40일이내 신청이 가능
※ 환불 서비스는 첫 구매 체험을 위한 서비스로 1회만 신청 가능

▶ <100% 환불 이벤트> 상세 환불 조건 : https://sleeplab.co.kr/notice/?page=1#13709226_notice 

슬룸을 믿고 편하게 사용 및 체험해보시고, 그럼에도 만족하시지 못하셨을 경우 슬룸 공식몰의 채널톡을 통해 이벤트 기간 내 문의 주시면 환불 접수 도움드리겠습니다."
117859,2026-07-30 07:07:13,2026-07-25 21:42:20,2026-07-28 16:11:34,"일단 폭신하고, 온열기능도 좋고, 마사지기능도 만족스러워요",,,909,목 마사지 베개 V2 경추 마사지기 베개,112000,수량선택: 목 마사지 베개 V2 1개 (마그네슘 시너지 크림 1개 증정),기존리뷰,5,,1,0,1,"안녕하세요. 프리미엄 헬스테크 브랜드, 슬룸입니다.
시간 내어 소중한 후기를 작성해 주셔서 감사드립니다. :)

믿고 찾는 쇼핑몰이 되기 위해 더 좋은 상품과 서비스를 준비하겠습니다.
감사합니다. 💜"
117860,2026-07-30 09:10:10,2026-06-26 12:42:25,2026-06-27 16:10:59,무선이라 쓰기도 편하고 좋네요. 다만 벨크로 부분이 조금 짧아서 혼자서 착용하는데 조금 불편합니다.,,,980,프리미엄 엘보케어 팔꿈치 마사지기,149000,수량선택: 팔꿈치 마사지기 1개,기존리뷰,5,,0,0,1,"안녕하세요. 프리미엄 헬스테크 브랜드, 슬룸입니다.
시간 내어 소중한 후기를 작성해 주셔서 감사드립니다. :)

믿고 찾는 쇼핑몰이 되기 위해 더 좋은 상품과 서비스를 준비하겠습니다.
감사합니다. 💜"
117861,2026-07-30 09:10:40,2026-07-24 19:04:40,2026-07-28 18:46:20,잘 받있습니다 효과가 좋았으면 좋겠네요,,,980,프리미엄 엘보케어 팔꿈치 마사지기,149000,수량선택: 데일리 릴렉스 세트 (팔꿈치 마사지기 + 마그네슘 시너지 크림),기존리뷰,5,,2,0,1,"안녕하세요. 프리미엄 헬스테크 브랜드, 슬룸입니다.
시간 내어 소중한 후기를 작성해 주셔서 감사드립니다. :)

믿고 찾는 쇼핑몰이 되기 위해 더 좋은 상품과 서비스를 준비하겠습니다.
감사합니다. 💜"
117862,2026-07-30 09:46:28,2026-07-25 22:05:15,2026-07-28 21:09:35,시원하고 좋습니다..,,,1043,[슬룸 4차 진행!] 코이티비 구독자 전용 ★최저가★ 비밀링크,99000,수량선택: 목 마사지 베개 V2 1개,기존리뷰,5,,0,0,1,"안녕하세요. 프리미엄 헬스테크 브랜드, 슬룸입니다.
시간 내어 소중한 후기를 작성해 주셔서 감사드립니다. :)

믿고 찾는 쇼핑몰이 되기 위해 더 좋은 상품과 서비스를 준비하겠습니다.
감사합니다. 💜"
117863,2026-07-30 09:47:15,2026-06-25 06:49:20,2026-06-26 13:37:15,한번씩 사용합니다 전기 잘옵니다 ㅋ,,,874,발편한케어 프리미엄 고주파 발 마사지기,91000,"사이즈&세트선택: L (250-295mm), 수량선택: 발편한케어 1개 (파우치 중형 1개 증정)",기존리뷰,3,,0,0,1,"안녕하세요. 프리미엄 헬스테크 브랜드, 슬룸입니다.
진심 어린 소중한 후기 감사합니다. 💜

앞으로도 좋은 상품과 서비스로 고객님들을 찾아뵐 수 있도록 노력하겠습니다.
감사합니다. :)"
117864,2026-07-30 10:04:00,2026-07-24 15:47:20,2026-07-28 16:17:41,배송 빠르고 제품 좋아요 감사합니다,,,1043,[슬룸 4차 진행!] 코이티비 구독자 전용 ★최저가★ 비밀링크,99000,수량선택: 목 마사지 베개 V2 1개,기존리뷰,5,,0,0,1,"안녕하세요. 프리미엄 헬스테크 브랜드, 슬룸입니다.
정성스럽게 올려주신 소중한 후기 감사합니다. 💜

고객님의 목소리로 더 발전하는 슬룸이 되도록 노력하겠습니다.
감사합니다. 🙇‍♀️"
117865,2026-07-30 10:20:01,2026-07-05 15:17:05,2026-07-07 21:07:51,허리 풀어주기 좋아요. 계속 사용 후 조금 부드러워진거 같아요,,,636,허리편한케어 V2 허리 마사지기,131000,수량선택: 허리편한케어 V2 1개 (허리베개 1개 증정),기존리뷰,5,,1,0,1,"안녕하세요. 프리미엄 헬스테크 브랜드, 슬룸입니다.
진심 어린 소중한 후기 감사합니다. 💜

앞으로도 좋은 상품과 서비스로 고객님들을 찾아뵐 수 있도록 노력하겠습니다.
감사합니다. :)"
117866,2026-07-30 11:29:53,2026-07-16 17:16:15,2026-07-21 13:50:08,"생각보다 목 마사지가 시원해서 놀랬어요
틀어놓고 잠들어 버렸네요",,,724,★최대할인 비밀링크★ 목베개 플러스 특가,69000,수량선택: 목베개 플러스 1개,기존리뷰,5,,0,0,1,"안녕하세요. 프리미엄 헬스테크 브랜드, 슬룸입니다.
시간 내어 소중한 후기를 작성해 주셔서 감사드립니다. :)

믿고 찾는 쇼핑몰이 되기 위해 더 좋은 상품과 서비스를 준비하겠습니다.
감사합니다. 💜"
117867,2026-07-30 11:29:15,2026-07-20 20:13:45,2026-07-22 18:39:43,제품 좋아요 아쉬운 점은 지지해주는 스펀지 같은 부분이 좀더 좋은 존득한 메모리폼 같은걸 넣었으면 좋았겠어요 ^^,,,1033,[신금동x슬룸] 최저가 마켓 OPEN,79000,수량선택: ★최저가★ 경추 마사지 베개 V2 1개 + (증정) 마그네슘 크림 1개,기존리뷰,3,,1,0,1,"안녕하세요. 프리미엄 헬스테크 브랜드, 슬룸입니다.
시간 내어 소중한 후기를 작성해 주셔서 감사드립니다. :)

믿고 찾는 쇼핑몰이 되기 위해 더 좋은 상품과 서비스를 준비하겠습니다.
감사합니다. 💜"
117868,2026-07-30 13:03:31,2026-07-29 12:43:05,2026-07-30 12:35:00,빠른 배송 감사 합니다,,,980,프리미엄 엘보케어 팔꿈치 마사지기,149000,수량선택: 팔꿈치 마사지기 1개 (시너지 크림 1개 증정),기존리뷰,3,,1,0,1,"안녕하세요. 프리미엄 헬스테크 브랜드, 슬룸입니다.
진심 어린 소중한 후기 감사합니다. 💜

앞으로도 좋은 상품과 서비스로 고객님들을 찾아뵐 수 있도록 노력하겠습니다.
감사합니다. :)"
117869,2026-07-30 13:57:32,2026-07-17 07:34:40,2026-07-21 13:45:08,허리마사지 너무 좋습니당,,,636,허리편한케어 V2 허리 마사지기,131000,수량선택: 허리편한케어 V2 1개 (마그네슘 시너지 크림 1개 증정),기존리뷰,5,,1,0,1,"안녕하세요. 프리미엄 헬스테크 브랜드, 슬룸입니다.
진심 어린 소중한 후기 감사합니다. 💜

앞으로도 좋은 상품과 서비스로 고객님들을 찾아뵐 수 있도록 노력하겠습니다.
감사합니다. :)"
117870,2026-07-30 14:11:38,2026-07-09 14:27:40,2026-07-10 16:10:53,온열효과 및 마사지 효과가 좋습니다,,,980,프리미엄 엘보케어 팔꿈치 마사지기,149000,수량선택: 데일리 릴렉스 세트 (팔꿈치 마사지기 + 마그네슘 시너지 크림),기존리뷰,5,,0,0,1,"안녕하세요. 프리미엄 헬스테크 브랜드, 슬룸입니다.
정성스럽게 올려주신 소중한 후기 감사합니다. 💜

고객님의 목소리로 더 발전하는 슬룸이 되도록 노력하겠습니다.
감사합니다. 🙇‍♀️"
117871,2026-07-30 15:20:22,2026-07-03 23:23:40,2026-07-07 16:12:40,"뱃살 옆 구리는 잘 모르겠고 
목이 시원하네요",,,1003,바디풀고컷 경락 마사지기,99000,수량선택: 바디 풀고컷 1개 (트리플 샷 시너지 젤 1개 증정),기존리뷰,5,,0,0,1,"안녕하세요. 프리미엄 헬스테크 브랜드, 슬룸입니다.
진심 어린 소중한 후기 감사합니다. 💜

앞으로도 좋은 상품과 서비스로 고객님들을 찾아뵐 수 있도록 노력하겠습니다.
감사합니다. :)"
117872,2026-07-30 15:43:17,2026-07-24 15:50:25,2026-07-28 18:52:50,그냥ㅈ그저그런데그냥쓰려고요,,,1043,[슬룸 4차 진행!] 코이티비 구독자 전용 ★최저가★ 비밀링크,99000,수량선택: 목 마사지 베개 V2 1개,기존리뷰,5,,1,0,1,"안녕하세요 고객님, 프리미엄 헬스테크 브랜드, 슬룸입니다.
고객님께 만족스러운 경험을 드리지 못해 대단히 죄송합니다.😥

슬룸의 모든 제품은 인체공학적으로 설계되어 편안한 사용이 가능하나 초기 사용 시 1~2주 이상의 적응 기간이 필요할 수 있습니다. 
다만 수령하신 날짜 기준으로 30일 동안 꾸준히 사용해보시고도 만족하지 못하셨을 경우에는, 슬룸에서 진행하는 <100%환불이벤트> 에 참여하여 왕복배송비 제외 전액 환불이 가능합니다.

※ 제품을 30일간 꾸준히 사용한 경우, 배송완료 후 40일이내 신청이 가능
※ 환불 서비스는 첫 구매 체험을 위한 서비스로 1회만 신청 가능

▶ <100% 환불 이벤트> 상세 환불 조건 : https://sleeplab.co.kr/notice/?page=1#13709226_notice 

슬룸을 믿고 편하게 사용 및 체험해보시고, 그럼에도 만족하시지 못하셨을 경우 슬룸 공식몰의 채널톡을 통해 이벤트 기간 내 문의 주시면 환불 접수 도움드리겠습니다."
117873,2026-07-30 15:57:42,2026-07-24 12:18:40,2026-07-25 16:13:04,사용하기 편하고 배송 빠르고 목이 편안하네요,,,1043,[슬룸 4차 진행!] 코이티비 구독자 전용 ★최저가★ 비밀링크,99000,수량선택: 목 마사지 베개 V2 1개,기존리뷰,5,,2,0,1,"안녕하세요. 프리미엄 헬스테크 브랜드, 슬룸입니다.
진심 어린 소중한 후기 감사합니다. 💜

앞으로도 좋은 상품과 서비스로 고객님들을 찾아뵐 수 있도록 노력하겠습니다.
감사합니다. :)"
117874,2026-07-30 16:54:49,2026-07-28 03:33:05,2026-07-29 18:35:08,가성비 좋아요 어제 하고 잤는데 아침이 개운하네요.,,,724,★최대할인 비밀링크★ 목베개 플러스 특가,69000,수량선택: 목베개 플러스 1개,기존리뷰,5,,0,0,1,"안녕하세요. 프리미엄 헬스테크 브랜드, 슬룸입니다.
정성스럽게 올려주신 소중한 후기 감사합니다. 💜

고객님의 목소리로 더 발전하는 슬룸이 되도록 노력하겠습니다.
감사합니다. 🙇‍♀️"
117875,2026-07-30 17:13:45,2026-07-25 23:14:15,2026-07-28 13:43:16,편안하네요! 좀 오래쓸거같아요,,,1043,[슬룸 4차 진행!] 코이티비 구독자 전용 ★최저가★ 비밀링크,99000,수량선택: 목 마사지 베개 V2 1개,기존리뷰,5,,1,0,1,"안녕하세요. 프리미엄 헬스테크 브랜드, 슬룸입니다.
진심 어린 소중한 후기 감사합니다. 💜

앞으로도 좋은 상품과 서비스로 고객님들을 찾아뵐 수 있도록 노력하겠습니다.
감사합니다. :)"
117876,2026-07-30 17:53:41,2026-07-29 00:50:40,2026-07-30 16:07:32,"제품, 포장, 배송 모두 만족합니다.",,,874,발편한케어 프리미엄 고주파 발 마사지기,91000,"사이즈&세트선택: L (250-295mm), 수량선택: 프리미엄 하체 케어 세트 (종아리편한케어 + 발편한케어 L)",기존리뷰,4,,2,0,1,"안녕하세요. 프리미엄 헬스테크 브랜드, 슬룸입니다.
시간 내어 소중한 후기를 작성해 주셔서 감사드립니다. :)

믿고 찾는 쇼핑몰이 되기 위해 더 좋은 상품과 서비스를 준비하겠습니다.
감사합니다. 💜"
117877,2026-07-30 17:54:28,2026-07-29 00:50:40,2026-07-30 16:07:32,"제품, 포장, 배송 모두 만족합니다.",,,330,USB 충전 어댑터 멀티 충전기,5900,,기존리뷰,4,,1,0,1,"안녕하세요. 프리미엄 헬스테크 브랜드, 슬룸입니다.
시간 내어 소중한 후기를 작성해 주셔서 감사드립니다. :)

믿고 찾는 쇼핑몰이 되기 위해 더 좋은 상품과 서비스를 준비하겠습니다.
감사합니다. 💜"
117878,2026-07-30 17:58:41,2026-07-27 10:10:35,2026-07-28 13:47:35,무선인줄 알았는데 유선이리 반품을 고민하다가 그냥 쓰기로 했어요,,,724,★최대할인 비밀링크★ 목베개 플러스 특가,69000,수량선택: 목베개 플러스 1개,기존리뷰,3,,0,0,1,"안녕하세요 고객님, 프리미엄 헬스테크 브랜드, 슬룸입니다.
고객님께 만족스러운 경험을 드리지 못해 대단히 죄송합니다.😥

슬룸의 모든 제품은 인체공학적으로 설계되어 편안한 사용이 가능하나 초기 사용 시 1~2주 이상의 적응 기간이 필요할 수 있습니다. 
다만 수령하신 날짜 기준으로 30일 동안 꾸준히 사용해보시고도 만족하지 못하셨을 경우에는, 슬룸에서 진행하는 <100%환불이벤트> 에 참여하여 왕복배송비 제외 전액 환불이 가능합니다.

※ 제품을 30일간 꾸준히 사용한 경우, 배송완료 후 40일이내 신청이 가능
※ 환불 서비스는 첫 구매 체험을 위한 서비스로 1회만 신청 가능

▶ <100% 환불 이벤트> 상세 환불 조건 : https://sleeplab.co.kr/notice/?page=1#13709226_notice 

슬룸을 믿고 편하게 사용 및 체험해보시고, 그럼에도 만족하시지 못하셨을 경우 슬룸 공식몰의 채널톡을 통해 이벤트 기간 내 문의 주시면 환불 접수 도움드리겠습니다."
117879,2026-07-30 20:20:55,2026-07-04 06:24:55,2026-07-07 21:13:47,3주정도 매일 사용했는데…그닥 개선되는 느낌은 별로 없습니다,,,980,프리미엄 엘보케어 팔꿈치 마사지기,149000,수량선택: 팔꿈치 마사지기 1개,기존리뷰,4,,1,0,1,"안녕하세요 고객님, 프리미엄 헬스테크 브랜드, 슬룸입니다.
고객님께 만족스러운 경험을 드리지 못해 대단히 죄송합니다.😥

슬룸의 모든 제품은 인체공학적으로 설계되어 편안한 사용이 가능하나 초기 사용 시 1~2주 이상의 적응 기간이 필요할 수 있습니다. 
다만 수령하신 날짜 기준으로 30일 동안 꾸준히 사용해보시고도 만족하지 못하셨을 경우에는, 슬룸에서 진행하는 <100%환불이벤트> 에 참여하여 왕복배송비 제외 전액 환불이 가능합니다.

※ 제품을 30일간 꾸준히 사용한 경우, 배송완료 후 40일이내 신청이 가능
※ 환불 서비스는 첫 구매 체험을 위한 서비스로 1회만 신청 가능

▶ <100% 환불 이벤트> 상세 환불 조건 : https://sleeplab.co.kr/notice/?page=1#13709226_notice 

슬룸을 믿고 편하게 사용 및 체험해보시고, 그럼에도 만족하시지 못하셨을 경우 슬룸 공식몰의 채널톡을 통해 이벤트 기간 내 문의 주시면 환불 접수 도움드리겠습니다."
117880,2026-07-30 20:32:55,2026-07-21 14:51:30,2026-07-22 18:40:24,와이프가 샀어요 와이프가 존예에요,,,1035,[애진X슬룸] ★단독 최대혜택★ 바디풀고컷 경락 마사지기,79900,수량선택: [68%] 바디풀고컷 1개 + 시너지 젤 2개 증정,기존리뷰,5,,0,0,1,"안녕하세요. 프리미엄 헬스테크 브랜드, 슬룸입니다.
정성스럽게 올려주신 소중한 후기 감사합니다. 💜

고객님의 목소리로 더 발전하는 슬룸이 되도록 노력하겠습니다.
감사합니다. 🙇‍♀️"
117881,2026-07-30 21:18:31,2026-07-28 21:26:05,2026-07-30 13:39:25,효과 있습니다....,,,980,프리미엄 엘보케어 팔꿈치 마사지기,149000,수량선택: 팔꿈치 마사지기 1개,기존리뷰,5,,1,0,1,"안녕하세요. 프리미엄 헬스테크 브랜드, 슬룸입니다.
시간 내어 소중한 후기를 작성해 주셔서 감사드립니다. :)

믿고 찾는 쇼핑몰이 되기 위해 더 좋은 상품과 서비스를 준비하겠습니다.
감사합니다. 💜"
117882,2026-07-30 22:57:00,2026-07-27 16:51:45,2026-07-29 16:16:42,요긴하게 잘 사용할거같습니다,,,785,넥숄더 힐링케어 V2 목 어깨 마사지기,119800,수량선택: 넥숄더 힐링케어 V2 1개,기존리뷰,5,,0,0,1,"안녕하세요. 프리미엄 헬스테크 브랜드, 슬룸입니다.
정성스럽게 올려주신 소중한 후기 감사합니다. 💜

고객님의 목소리로 더 발전하는 슬룸이 되도록 노력하겠습니다.
감사합니다. 🙇‍♀️"
117883,2026-07-30 22:57:35,2026-07-27 16:51:45,2026-07-29 16:16:42,엄마선물로 구매했어요 도움이되길..,,,636,허리편한케어 V2 허리 마사지기,131000,수량선택: 허리편한케어 V2 1개 (마그네슘 시너지 크림 1개 증정),기존리뷰,5,,0,0,1,"안녕하세요. 프리미엄 헬스테크 브랜드, 슬룸입니다.
시간 내어 소중한 후기를 작성해 주셔서 감사드립니다. :)

믿고 찾는 쇼핑몰이 되기 위해 더 좋은 상품과 서비스를 준비하겠습니다.
감사합니다. 💜"
117884,2026-07-30 22:59:01,2026-07-22 22:57:40,2026-07-24 13:47:29,고주파는 가만히 있어야 느껴지구 움직이면서 마사지해줄때는 잘 안느껴져요. 승모근이랑 목 해주는거 뭔가 불편하고 손을 위아래로 마사지 계속해주면 손이 너무아파요. 인스타 인플 공구에 넘어가서 샀는데.. 후회중..,,,1035,[애진X슬룸] ★단독 최대혜택★ 바디풀고컷 경락 마사지기,79900,수량선택: [68%] 바디풀고컷 1개 + 시너지 젤 2개 증정,기존리뷰,3,,1,0,1,"안녕하세요 고객님, 프리미엄 헬스테크 브랜드, 슬룸입니다.

소중한 후기 남겨주셔서 감사드리며, 기대하셨던 것만큼 만족감을 드리지 못한 점 진심으로 사과드립니다. 😥

슬룸 제품은 개인의 체형과 사용 습관에 따라 효과를 느끼시는 시기가 다를 수 있습니다.
사용 중 불편하거나 궁금하신 점이 있으시다면 언제든지 슬룸 공식몰 채널톡으로 편하게 문의해 주세요. 고객님의 상황에 맞게 안내해 드리겠습니다.

고객님의 의견을 수렴하여 더 발전하는 슬룸이 되도록 노력하겠습니다. 감사합니다."
117885,2026-07-31 09:19:11,2026-07-28 16:23:05,2026-07-30 16:07:13,와 ㅠㅠ 꿀잠잤습니다!!! 훌융한 목배개 감사합니다! 최고에요! ,eab5bf9d4753,,724,★최대할인 비밀링크★ 목베개 플러스 특가,69000,수량선택: 목베개 플러스 1개,모바일,5,,2,0,1,"안녕하세요. 프리미엄 헬스테크 브랜드, 슬룸입니다.
진심 어린 소중한 후기 감사합니다. 💜

앞으로도 좋은 상품과 서비스로 고객님들을 찾아뵐 수 있도록 노력하겠습니다.
감사합니다. :)"
117886,2026-07-31 15:09:50,2026-07-29 10:09:38,2026-07-30 16:07:18,"마사지는 평범하고, 그로인한 소음은 엄청나네요. 목,어깨 풀려다가 두통왔네요. 베개로 쓰기엔 너무 비싸고..콜센터 연결은 안되고..100%환불이라더니 그마저도 한달 후에 하라네요. 개짜증",593b4b582ae2,,1043,[슬룸 4차 진행!] 코이티비 구독자 전용 ★최저가★ 비밀링크,99000,수량선택: 목 마사지 베개 V2 1개,반응형(내리뷰),2,,0,0,0,
117887,2026-07-31 19:50:21,2026-07-29 21:18:24,2026-07-31 18:35:51,"친구집에서 써보고 구매 했어요
온열기능도 있어서 목이 아팠던게 이걸하고서 너무 좋았어요
잘산거 같아요 추천 드립니다",93cb5ce00703,,724,★최대할인 비밀링크★ 목베개 플러스 특가,69000,수량선택: 목베개 플러스 1개,반응형(내리뷰),5,,1,0,0,
117888,2026-07-31 08:23:22,2026-07-19 01:33:40,2026-07-21 18:54:57,,,,909,목 마사지 베개 V2 경추 마사지기 베개,112000,수량선택: 목 마사지 베개 V2 1개 (마그네슘 시너지 크림 1개 증정),기존리뷰,5,,0,0,0,
117889,2026-07-31 08:30:40,2026-06-22 12:21:55,2026-06-23 16:18:55,"리뷰보고 샀는데 진짜 좋네요
재구매 의사 10000%입니다
잘쓸게요",,,980,프리미엄 엘보케어 팔꿈치 마사지기,149000,수량선택: 데일리 릴렉스 세트 (팔꿈치 마사지기 + 마그네슘 시너지 크림),기존리뷰,5,,0,0,0,
117890,2026-07-31 09:29:18,2026-07-08 21:49:45,2026-07-10 13:42:04,잘 써 보도록 할게요. 감사합니다.,,,909,목 마사지 베개 V2 경추 마사지기 베개,112000,수량선택: 목 마사지 베개 V2 1개,기존리뷰,4,,0,0,0,
117891,2026-07-31 10:01:57,2026-07-28 09:50:30,2026-07-29 16:13:03,운동 얘들있어 유용하게 잘 쓰고 있습니다,,,980,프리미엄 엘보케어 팔꿈치 마사지기,149000,수량선택: 팔꿈치 마사지기 1개,기존리뷰,5,,0,0,0,
117892,2026-07-31 10:06:05,2026-07-08 11:44:55,2026-07-09 18:37:20,부드러운 진동 맛사지 기능이 너무 좋내요.,,,909,목 마사지 베개 V2 경추 마사지기 베개,112000,수량선택: 목 마사지 베개 V2 1개,기존리뷰,4,,0,0,0,
117893,2026-07-31 10:08:52,2026-07-24 16:05:00,2026-07-28 10:44:39,압력이나 두드림이ㅜ약하네요 좀아쉬워요,,,1043,[슬룸 4차 진행!] 코이티비 구독자 전용 ★최저가★ 비밀링크,99000,수량선택: 목 마사지 베개 V2 1개,기존리뷰,4,,1,0,0,
117894,2026-07-31 10:12:46,2026-07-24 21:21:30,2026-07-28 18:44:27,목을 쫘아악~들어주며 마사지 해줘서 좋아요 베개 높이도 좋구요,,,1043,[슬룸 4차 진행!] 코이티비 구독자 전용 ★최저가★ 비밀링크,99000,수량선택: 목 마사지 베개 V2 1개,기존리뷰,5,,1,0,0,
117895,2026-07-31 11:12:59,2026-07-26 01:29:00,2026-07-28 16:13:47,목이 편하네요.~~^^,,,1043,[슬룸 4차 진행!] 코이티비 구독자 전용 ★최저가★ 비밀링크,99000,수량선택: 목 마사지 베개 V2 1개,기존리뷰,5,,1,0,0,
117896,2026-07-31 11:18:09,2026-07-24 19:59:35,2026-07-28 16:19:39,부모님 드렸눈데 좋다하시내요,,,1043,[슬룸 4차 진행!] 코이티비 구독자 전용 ★최저가★ 비밀링크,99000,수량선택: ★코이티비SET★목 마사지 베개 V2 1개 + 종아리편한케어 1개 +(증정)마그네슘 시너지 크림 1개,기존리뷰,5,,0,0,0,
117897,2026-07-31 11:54:52,2026-07-30 12:34:20,2026-07-31 11:33:00,소문듣고 구매했습니ㅏㄷ. 아직 사용전인데 잘 써보겠 습니다,,,980,프리미엄 엘보케어 팔꿈치 마사지기,149000,수량선택: 팔꿈치 마사지기 1개 (시너지 크림 1개 증정),기존리뷰,5,,1,0,0,
117898,2026-07-31 12:21:31,2026-07-30 13:26:35,2026-07-31 12:50:00,보들보들 하니 너무 좋내요 시원합니다,,,1039,[썸머 수퍼데이] 살얼음 냉감 패드 특수 코팅 패드,69000,수량선택: 살얼음냉감패드(Q) 1개,기존리뷰,5,,0,0,0,
117899,2026-07-31 12:30:27,2026-07-21 19:01:10,2026-07-23 18:39:16,목이 쭉쭉 늘어나는게 목디스크인 저에게 딱이네요..하고나면 너무 시원해요..목디스크때문에 어지럼증도 약간있는데...이거 하고나면 나아지는듯 해요....잘 산거같아요!!!,,,1033,[신금동x슬룸] 최저가 마켓 OPEN,79000,수량선택: ★100개한정★ 경추 마사지 베개 V1 1개,기존리뷰,5,,1,0,0,
117900,2026-07-31 13:24:31,2026-07-26 22:47:15,2026-07-28 16:11:33,목이 아픈데 슬룸쓰고나서 확실히 덜한듯합니다. 안마 압은 그냥 저냥인데 자고 일어날때가 확실히 다릅니다.,,,909,목 마사지 베개 V2 경추 마사지기 베개,112000,수량선택: 목 마사지 베개 V2 1개 (마그네슘 시너지 크림 1개 증정),기존리뷰,5,,1,0,0,
117901,2026-07-31 13:50:08,2026-07-24 16:09:15,2026-07-28 21:11:16,슬룸제품은 진작부터 사용하고 있어요.이번에 골반쪽ㅁ싸지기가 혹해서구매해본결과 너무 시원하고 좋아요.소리도 조용하구요^^하고나면 엄청 뻐근하고 아픈데 자고나면 아주 개운해요.,,,966,골반 케어 프리미엄 골반 마사지기,191000,수량선택: 골반 마사지기 1개,기존리뷰,5,,0,0,0,
117902,2026-07-31 13:54:33,2026-07-01 19:04:25,2026-07-03 16:14:29,"팔뚝은 광고처럼 한 손으로 들고 하기엔 좀 무거워요...
다리와 복부는 괜찮은 것 같아요
전용 젤을 따로 구매할 수 있었으면 좋겠어요
찾아봐도 없는데 제가 못 찾는건지 제품이 없는건지...",,,1008,★최대할인 비밀링크★ 바디 풀고컷 경락 마사지기,89900,수량선택: 바디 풀고컷 1개 (트리플 샷 시너지 젤 1개 증정),기존리뷰,4,,0,0,0,
117903,2026-07-31 14:07:35,2026-07-13 12:09:05,2026-07-14 13:42:28,생각보다 좋아요 ㅎㅎㅎ,,,980,프리미엄 엘보케어 팔꿈치 마사지기,149000,수량선택: 팔꿈치 마사지기 1개,기존리뷰,4,,1,0,0,
117904,2026-07-31 15:06:56,2026-07-29 02:49:25,2026-07-30 13:47:56,활력모드로 글쓰고있는데 너ㅜㅁ좋수빈낟,,,980,프리미엄 엘보케어 팔꿈치 마사지기,149000,수량선택: 데일리 릴렉스 세트 (팔꿈치 마사지기 + 마그네슘 시너지 크림),기존리뷰,5,,1,0,0,
117905,2026-07-31 16:32:14,2026-07-26 18:24:50,2026-07-28 18:44:11,목이 시원하고 좋아요,,,724,★최대할인 비밀링크★ 목베개 플러스 특가,69000,수량선택: 목베개 플러스 1개,기존리뷰,5,,0,0,0,
117906,2026-07-31 16:47:46,2026-07-27 16:21:00,2026-07-29 13:47:40,조금만 더 쎄면 좋겠다는 생각이드네요,,,184,목편한케어 플라잉 목 마사지기,119000,수량선택: 목편한케어 플라잉 1개,기존리뷰,4,,1,0,0,
117907,2026-07-31 17:42:12,2026-07-09 20:57:40,2026-07-11 16:10:42,아직 적응이 안되어서 그런지 조금 불편하네요.,,,909,목 마사지 베개 V2 경추 마사지기 베개,112000,수량선택: 목 마사지 베개 V2 1개,기존리뷰,2,,0,0,0,
117908,2026-07-31 19:18:22,2026-07-26 20:56:00,2026-07-28 13:50:14,배송도빠르고 너무좋네요.,,,724,★최대할인 비밀링크★ 목베개 플러스 특가,69000,수량선택: 목베개 플러스 1개,기존리뷰,5,,0,0,0,
117909,2026-07-31 19:41:39,2026-06-11 07:56:10,2026-06-12 16:16:49,병원에서 받는 치료랑 비슷해서 느낌이좋아요,,,980,프리미엄 엘보케어 팔꿈치 마사지기,149000,수량선택: 데일리 릴렉스 세트 (팔꿈치 마사지기 + 마그네슘 시너지 크림),기존리뷰,5,,0,0,0,
117910,2026-07-31 20:37:26,2026-07-23 23:29:35,2026-07-25 13:45:00,시원하게 근육이 잘 풀려요,,,1035,[애진X슬룸] ★단독 최대혜택★ 바디풀고컷 경락 마사지기,79900,수량선택: [68%] 바디풀고컷 1개 + 시너지 젤 2개 증정,기존리뷰,5,,0,0,0,
117911,2026-07-31 23:04:02,2026-07-15 07:31:20,2026-07-16 16:08:03,저는 맞지않는거같아요.마사진 그냥쏘쏘인데 자고일어남 목이더아프네요.기대많이했는데 아쉬워요.기간되면 반품합니다.,,,1033,[신금동x슬룸] 최저가 마켓 OPEN,79000,수량선택: ★최저가★ 경추 마사지 베개 V2 1개 + (증정) 마그네슘 크림 1개,기존리뷰,3,,1,0,0,
