리뷰ID,리뷰작성일,상품구매일,배송완료일,리뷰본문,사용자_익명ID,회원등급,상품번호,상품명,상품가격,상품옵션,리뷰작성경로,리뷰별점,태그,포토개수,동영상개수,댓글개수,댓글내용
117912,2026-08-01 1:12,2026-07-28 8:06,2026-07-29 18:38,너무시원하고 슬룸마사지 한동안 잠이 스르르 올정도입니다. 반신반의하고 구매했는데 진짜 잘산거같아요. 한가지 아쉬운점은 누워서 버튼작동이 불편하다는점.리모콘이 있음 좋겠다는 생각을 했네요. 그것빼고는 대만족입니다.,,,1033,[신금동x슬룸] 최저가 마켓 OPEN,79000,수량선택: ★최저가★ 경추 마사지 베개 V2 1개 + (증정) 마그네슘 크림 1개,기존리뷰,5,,1,0,1,"안녕하세요. 프리미엄 헬스테크 브랜드, 슬룸입니다.
정성스럽게 올려주신 소중한 후기 감사합니다. 💜

고객님의 목소리로 더 발전하는 슬룸이 되도록 노력하겠습니다.
감사합니다. 🙇‍♀️"
117913,2026-08-02 0:01,2026-07-20 11:57,2026-07-21 16:14,"한손으로 착용하기엔 찍찍이 길이가 짧아서  시간이 오래걸림.
착용하기 귀찮아서 안하게 됨.
",3d19e1af7283,,980,프리미엄 엘보케어 팔꿈치 마사지기,149000,수량선택: 데일리 릴렉스 세트 (팔꿈치 마사지기 + 마그네슘 시너지 크림),모바일(상품리뷰),2,,0,0,1,"안녕하세요. 프리미엄 헬스테크 브랜드, 슬룸입니다.
고객님께 만족스러운 경험을 드리지 못해 대단히 죄송합니다. 😥

해당 부분에 대해서는 현재 슬룸 내부적으로 인지하고 있는 부분이며, 현재 개선하기 위해 노력하고 있습니다.
곧 좋은 소식으로 고객님들에게 더 나은 제품을 제공할 수 있도록 하겠습니다.

추가로 궁금하신 점이 있으시거나 문자 확인하신 후에도 해결되지 않는 경우
번거로우시겠지만 슬룸 채팅 상담을 통해 연락 주시면 빠르게 안내 도와드리겠습니다.

▶ 슬룸 채팅 상담 (※ 월-목 09:30-17:00, 금 09:30-16:00, 주말 및 공휴일 휴무)
http://sloom.channel.io/

고객님의 목소리로 더 발전하는 슬룸이 되도록 노력하겠습니다. 감사합니다."
117914,2026-08-01 5:07,2026-07-30 5:18,2026-07-31 13:40,부드럽고 마사지효과가 좋아요,,,724,★최대할인 비밀링크★ 목베개 플러스 특가,69000,수량선택: 목베개 플러스 1개,기존리뷰,5,,0,0,1,"안녕하세요. 프리미엄 헬스테크 브랜드, 슬룸입니다.
시간 내어 소중한 후기를 작성해 주셔서 감사드립니다. :)

믿고 찾는 쇼핑몰이 되기 위해 더 좋은 상품과 서비스를 준비하겠습니다.
감사합니다. 💜"
117915,2026-08-01 7:36,2026-07-26 17:59,2026-07-28 18:48,엄청 시원하고 좋네요ㅎㅎ,,,1043,[슬룸 4차 진행!] 코이티비 구독자 전용 ★최저가★ 비밀링크,99000,수량선택: ★코이티비SET★목 마사지 베개 V2 1개 + 종아리편한케어 1개 +(증정)마그네슘 시너지 크림 1개,기존리뷰,5,,0,0,1,"안녕하세요. 프리미엄 헬스테크 브랜드, 슬룸입니다.
정성스럽게 올려주신 소중한 후기 감사합니다. 💜

고객님의 목소리로 더 발전하는 슬룸이 되도록 노력하겠습니다.
감사합니다. 🙇‍♀️"
117916,2026-08-01 8:35,2026-07-30 8:48,2026-07-31 13:48,나쁘지 않아요 빠른 배송 감사합니다,,,379,넥숄더 프로 목 어깨 마사지기,109000,수량선택: 넥숄더 프로 1개,기존리뷰,5,,0,0,1,"안녕하세요. 프리미엄 헬스테크 브랜드, 슬룸입니다.
진심 어린 소중한 후기 감사합니다. 💜

앞으로도 좋은 상품과 서비스로 고객님들을 찾아뵐 수 있도록 노력하겠습니다.
감사합니다. :)"
117917,2026-08-01 11:04,2026-06-28 10:01,2026-06-30 16:18,"솔직히 인스타 광고 보고 주문했는데
젤 없음 소용없고 생각보다 별로에요.
팔은 혼자 하기엔 불편합니다.
CS도 별로입니다.",,,1008,★최대할인 비밀링크★ 바디 풀고컷 경락 마사지기,89900,수량선택: 바디 풀고컷 1개 (트리플 샷 시너지 젤 1개 증정),기존리뷰,2,,0,0,1,"안녕하세요 고객님, 프리미엄 헬스테크 브랜드, 슬룸입니다.
고객님께 만족스러운 경험을 드리지 못해 대단히 죄송합니다.😥

슬룸의 모든 제품은 인체공학적으로 설계되어 편안한 사용이 가능하나 초기 사용 시 1~2주 이상의 적응 기간이 필요할 수 있습니다. 
다만 수령하신 날짜 기준으로 30일 동안 꾸준히 사용해보시고도 만족하지 못하셨을 경우에는, 슬룸에서 진행하는 <100%환불이벤트> 에 참여하여 왕복배송비 제외 전액 환불이 가능합니다.

※ 제품을 30일간 꾸준히 사용한 경우, 배송완료 후 40일이내 신청이 가능
※ 환불 서비스는 첫 구매 체험을 위한 서비스로 1회만 신청 가능

▶ <100% 환불 이벤트> 상세 환불 조건 : https://sleeplab.co.kr/notice/?page=1#13709226_notice 

슬룸을 믿고 편하게 사용 및 체험해보시고, 그럼에도 만족하시지 못하셨을 경우 슬룸 공식몰의 채널톡을 통해 이벤트 기간 내 문의 주시면 환불 접수 도움드리겠습니다."
117918,2026-08-01 11:53,2026-07-26 0:09,2026-07-28 19:59,아주 시원하고 개운합니다,,,1043,[슬룸 4차 진행!] 코이티비 구독자 전용 ★최저가★ 비밀링크,99000,수량선택: 목 마사지 베개 V2 1개,기존리뷰,5,,0,0,1,"안녕하세요. 프리미엄 헬스테크 브랜드, 슬룸입니다.
진심 어린 소중한 후기 감사합니다. 💜

앞으로도 좋은 상품과 서비스로 고객님들을 찾아뵐 수 있도록 노력하겠습니다.
감사합니다. :)"
117919,2026-08-01 12:16,2026-07-29 7:51,2026-07-30 16:14,두드림은 별로 에어리프트는 좀 소소 유튜브에 속아 샀던 일룸 제품 중 그나만 괜찮음,,,724,★최대할인 비밀링크★ 목베개 플러스 특가,69000,수량선택: 목베개 플러스 1개,기존리뷰,3,,1,0,1,"안녕하세요 고객님, 프리미엄 헬스테크 브랜드, 슬룸입니다.
고객님께 만족스러운 경험을 드리지 못해 대단히 죄송합니다.😥

슬룸의 모든 제품은 인체공학적으로 설계되어 편안한 사용이 가능하나 초기 사용 시 1~2주 이상의 적응 기간이 필요할 수 있습니다. 
다만 수령하신 날짜 기준으로 30일 동안 꾸준히 사용해보시고도 만족하지 못하셨을 경우에는, 슬룸에서 진행하는 <100%환불이벤트> 에 참여하여 왕복배송비 제외 전액 환불이 가능합니다.

※ 제품을 30일간 꾸준히 사용한 경우, 배송완료 후 40일이내 신청이 가능
※ 환불 서비스는 첫 구매 체험을 위한 서비스로 1회만 신청 가능

▶ <100% 환불 이벤트> 상세 환불 조건 : https://sleeplab.co.kr/notice/?page=1#13709226_notice 

슬룸을 믿고 편하게 사용 및 체험해보시고, 그럼에도 만족하시지 못하셨을 경우 슬룸 공식몰의 채널톡을 통해 이벤트 기간 내 문의 주시면 환불 접수 도움드리겠습니다."
117920,2026-08-01 13:12,2026-06-27 1:37,2026-06-30 16:24,"강도가 조금 부족해요...
마사지 강도가 더 쎄면 좋을거 같아요",,,909,목 마사지 베개 V2 경추 마사지기 베개,129000,수량선택: 코어 밸런스 업 세트 (허리편한케어 V2 + 목 마사지 베개 V2),기존리뷰,2,,0,0,1,"안녕하세요 고객님, 프리미엄 헬스테크 브랜드, 슬룸입니다.
고객님께 만족스러운 경험을 드리지 못해 대단히 죄송합니다.😥

슬룸의 모든 제품은 인체공학적으로 설계되어 편안한 사용이 가능하나 초기 사용 시 1~2주 이상의 적응 기간이 필요할 수 있습니다. 
다만 수령하신 날짜 기준으로 30일 동안 꾸준히 사용해보시고도 만족하지 못하셨을 경우에는, 슬룸에서 진행하는 <100%환불이벤트> 에 참여하여 왕복배송비 제외 전액 환불이 가능합니다.

※ 제품을 30일간 꾸준히 사용한 경우, 배송완료 후 40일이내 신청이 가능
※ 환불 서비스는 첫 구매 체험을 위한 서비스로 1회만 신청 가능

▶ <100% 환불 이벤트> 상세 환불 조건 : https://sleeplab.co.kr/notice/?page=1#13709226_notice 

슬룸을 믿고 편하게 사용 및 체험해보시고, 그럼에도 만족하시지 못하셨을 경우 슬룸 공식몰의 채널톡을 통해 이벤트 기간 내 문의 주시면 환불 접수 도움드리겠습니다."
117921,2026-08-01 13:25,2026-07-23 20:02,2026-07-25 13:45,배송이 빠르고 좋아요,,,980,프리미엄 엘보케어 팔꿈치 마사지기,149000,수량선택: 핸드 밸런스 세트 (팔꿈치 마사지기 + 손편한케어),기존리뷰,5,,1,0,1,"안녕하세요. 프리미엄 헬스테크 브랜드, 슬룸입니다.
진심 어린 소중한 후기 감사합니다. 💜

앞으로도 좋은 상품과 서비스로 고객님들을 찾아뵐 수 있도록 노력하겠습니다.
감사합니다. :)"
117922,2026-08-01 13:30,2026-07-22 20:50,2026-07-24 16:09,집에 안마기 많아서 부피 있는 건 더 들일 수 없었는데 슬리퍼 형이라 넘 좋아요,,,924,발편한케어 프리미엄 EMS 발 마사지기,89000,"사이즈&세트선택: M (220-270mm), 수량선택: 발편한케어 1개",기존리뷰,5,,1,0,1,"안녕하세요. 프리미엄 헬스테크 브랜드, 슬룸입니다.
진심 어린 소중한 후기 감사합니다. 💜

앞으로도 좋은 상품과 서비스로 고객님들을 찾아뵐 수 있도록 노력하겠습니다.
감사합니다. :)"
117923,2026-08-01 14:39,2026-06-20 15:45,2026-06-23 18:40,"발은 신원하며 은근 콰감이 있어요
베게는 공기가 터질까봐 은근 신경쓰여서 목에 힘을 주게되네요 나름 만족입니다만 베게가 완전 편하진 않아요",,,1001,[슬룸] 구독자 전용 ★초특가★ 비밀링크,84900,수량선택: ★SET★ 발편한케어 L 1개 + 목 마사지 베개 V2 1개 + 마그네슘 시너지 크림 100원 + (증정)중형 파우치,기존리뷰,4,,0,0,1,"안녕하세요. 프리미엄 헬스테크 브랜드, 슬룸입니다.
시간 내어 소중한 후기를 작성해 주셔서 감사드립니다. :)

믿고 찾는 쇼핑몰이 되기 위해 더 좋은 상품과 서비스를 준비하겠습니다.
감사합니다. 💜"
117924,2026-08-01 15:32,2026-07-01 14:44,2026-07-02 18:35,생각했던거보다 좋아서 계속 사용중입니다 마사시 기능 열 기능 다좋아요,,,980,프리미엄 엘보케어 팔꿈치 마사지기,149000,수량선택: 데일리 릴렉스 세트 (팔꿈치 마사지기 + 마그네슘 시너지 크림),기존리뷰,5,,3,0,1,"안녕하세요. 프리미엄 헬스테크 브랜드, 슬룸입니다.
정성스럽게 올려주신 소중한 후기 감사합니다. 💜

고객님의 목소리로 더 발전하는 슬룸이 되도록 노력하겠습니다.
감사합니다. 🙇‍♀️"
117925,2026-08-01 16:08,2026-06-27 23:03,2026-06-30 13:43,"아이가 야구를 해서 팔을 많이 쓰는데
훈련있는날 해주고 있습니다",,,980,프리미엄 엘보케어 팔꿈치 마사지기,149000,수량선택: 팔꿈치 마사지기 1개,기존리뷰,5,,0,0,1,"안녕하세요. 프리미엄 헬스테크 브랜드, 슬룸입니다.
정성스럽게 올려주신 소중한 후기 감사합니다. 💜

고객님의 목소리로 더 발전하는 슬룸이 되도록 노력하겠습니다.
감사합니다. 🙇‍♀️"
117926,2026-08-01 16:24,2026-07-26 21:11,2026-07-28 21:06,못마사지도 되고 찜질도 되서 넘 좋아요,,,909,목 마사지 베개 V2 경추 마사지기 베개,129000,수량선택: 목 마사지 베개 V2 1개 (마그네슘 시너지 크림 1개 증정),기존리뷰,5,,0,0,1,"안녕하세요. 프리미엄 헬스테크 브랜드, 슬룸입니다.
시간 내어 소중한 후기를 작성해 주셔서 감사드립니다. :)

믿고 찾는 쇼핑몰이 되기 위해 더 좋은 상품과 서비스를 준비하겠습니다.
감사합니다. 💜"
117927,2026-08-01 16:29,2026-07-28 10:33,2026-07-29 16:13,테니스엘보 때문에 주문했는데ㅎ 시원하고 좋습니다ㅎ,,,980,프리미엄 엘보케어 팔꿈치 마사지기,149000,수량선택: 데일리 릴렉스 세트 (팔꿈치 마사지기 + 마그네슘 시너지 크림),기존리뷰,5,,2,0,1,"안녕하세요. 프리미엄 헬스테크 브랜드, 슬룸입니다.
진심 어린 소중한 후기 감사합니다. 💜

앞으로도 좋은 상품과 서비스로 고객님들을 찾아뵐 수 있도록 노력하겠습니다.
감사합니다. :)"
117928,2026-08-01 18:35,2026-07-07 21:14,2026-07-09 16:15,목디스크가 심한데 목을 풀어주니 좋아요,,,291,목베개 플러스 경추 목 마사지기 베개,99000,수량선택: 목베개 플러스 1개,기존리뷰,5,,1,0,1,"안녕하세요. 프리미엄 헬스테크 브랜드, 슬룸입니다.
시간 내어 소중한 후기를 작성해 주셔서 감사드립니다. :)

믿고 찾는 쇼핑몰이 되기 위해 더 좋은 상품과 서비스를 준비하겠습니다.
감사합니다. 💜"
117929,2026-08-01 19:01,2026-07-26 19:07,2026-07-28 10:47,작동에 힘이 있어요,,,1043,[슬룸 4차 진행!] 코이티비 구독자 전용 ★최저가★ 비밀링크,99000,수량선택: 목 마사지 베개 V2 1개,기존리뷰,5,,1,0,1,"안녕하세요. 프리미엄 헬스테크 브랜드, 슬룸입니다.
정성스럽게 올려주신 소중한 후기 감사합니다. 💜

고객님의 목소리로 더 발전하는 슬룸이 되도록 노력하겠습니다.
감사합니다. 🙇‍♀️"
117930,2026-08-01 19:44,2026-07-28 16:20,2026-07-30 16:12,몇번 안썻는데 올이 나갔네요 박스 다 버려서 그냥 씁니다,,,1033,[신금동x슬룸] 최저가 마켓 OPEN,79000,수량선택: ★최저가★ 경추 마사지 베개 V2 1개 + (증정) 마그네슘 크림 1개,기존리뷰,3,,1,0,1,"안녕하세요 고객님, 프리미엄 헬스테크 브랜드, 슬룸입니다.
고객님께 만족스러운 경험을 드리지 못해 대단히 죄송합니다.😥

슬룸의 모든 제품은 인체공학적으로 설계되어 편안한 사용이 가능하나 초기 사용 시 1~2주 이상의 적응 기간이 필요할 수 있습니다. 
다만 수령하신 날짜 기준으로 30일 동안 꾸준히 사용해보시고도 만족하지 못하셨을 경우에는, 슬룸에서 진행하는 <100%환불이벤트> 에 참여하여 왕복배송비 제외 전액 환불이 가능합니다.

※ 제품을 30일간 꾸준히 사용한 경우, 배송완료 후 40일이내 신청이 가능
※ 환불 서비스는 첫 구매 체험을 위한 서비스로 1회만 신청 가능

▶ <100% 환불 이벤트> 상세 환불 조건 : https://sleeplab.co.kr/notice/?page=1#13709226_notice 

슬룸을 믿고 편하게 사용 및 체험해보시고, 그럼에도 만족하시지 못하셨을 경우 슬룸 공식몰의 채널톡을 통해 이벤트 기간 내 문의 주시면 환불 접수 도움드리겠습니다."
117931,2026-08-01 20:52,2026-07-13 20:55,2026-07-15 13:38,잘 쓰고 있습니다.,,,909,목 마사지 베개 V2 경추 마사지기 베개,129000,수량선택: 목 마사지 베개 V2 2개,기존리뷰,5,,0,0,1,"안녕하세요. 프리미엄 헬스테크 브랜드, 슬룸입니다.
진심 어린 소중한 후기 감사합니다. 💜

앞으로도 좋은 상품과 서비스로 고객님들을 찾아뵐 수 있도록 노력하겠습니다.
감사합니다. :)"
117932,2026-08-01 20:56,2026-06-08 14:41,2026-06-10 17:20,"충전연결부분이 안에서 뜯어져서 충전도안되고 몇번 사용안한거같은데 벌써 고장이네요
As접수 어떻게 하는건지 회신바랍니다",,,909,목 마사지 베개 V2 경추 마사지기 베개,129000,수량선택: 목 마사지 베개 V2 1개 (허리베개 1개 증정),기존리뷰,1,,0,0,1,"안녕하세요. 프리미엄 헬스테크 브랜드, 슬룸입니다.
고객님께 만족스러운 경험을 드리지 못해 대단히 죄송합니다. 😥

리뷰로는 상세한 안내가 어려워, 자세한 내용 알림톡(문자) 발송 도와드렸으니 확인 부탁드리겠습니다.
추가로 궁금하신 점이 있으시거나 문자 확인하신 후에도 해결되지 않는 경우
번거로우시겠지만 슬룸 채팅 상담을 통해 연락 주시면 빠르게 안내 도와드리겠습니다.

▶ 슬룸 채팅 상담 (※ 월-목 09:30-17:00, 금 09:30-16:00, 주말 및 공휴일 휴무)
http://sloom.channel.io/

고객님의 목소리로 더 발전하는 슬룸이 되도록 노력하겠습니다. 감사합니다."
117933,2026-08-01 21:23,2026-07-24 13:31,2026-07-25 16:11,빠른배송감사합니다 ~~,,,980,프리미엄 엘보케어 팔꿈치 마사지기,149000,수량선택: 데일리 릴렉스 세트 (팔꿈치 마사지기 + 마그네슘 시너지 크림),기존리뷰,5,,0,0,1,"안녕하세요. 프리미엄 헬스테크 브랜드, 슬룸입니다.
시간 내어 소중한 후기를 작성해 주셔서 감사드립니다. :)

믿고 찾는 쇼핑몰이 되기 위해 더 좋은 상품과 서비스를 준비하겠습니다.
감사합니다. 💜"
117934,2026-08-01 22:35,2026-07-13 23:13,2026-07-15 16:20,찌릿찌릿한게 좋아요,,,874,발편한케어 프리미엄 고주파 발 마사지기,99000,"사이즈&세트선택: M (220-270mm), 수량선택: 발편한케어 1개 (마그네슘 시너지 크림 1개 증정)",기존리뷰,5,,0,0,1,"안녕하세요. 프리미엄 헬스테크 브랜드, 슬룸입니다.
정성스럽게 올려주신 소중한 후기 감사합니다. 💜

고객님의 목소리로 더 발전하는 슬룸이 되도록 노력하겠습니다.
감사합니다. 🙇‍♀️"
117935,2026-08-01 22:46,2026-07-28 10:45,2026-07-29 16:13,Ems 는 처음이라 좀더 사용해봐야겟지만은 일단 물리치료느낌은 온전히 받을수 있네요 고장만 일찍 안나면 좋을듯,,,980,프리미엄 엘보케어 팔꿈치 마사지기,149000,수량선택: 팔꿈치 마사지기 1개,기존리뷰,3,,1,0,1,"안녕하세요. 프리미엄 헬스테크 브랜드, 슬룸입니다.
정성스럽게 올려주신 소중한 후기 감사합니다. 💜

고객님의 목소리로 더 발전하는 슬룸이 되도록 노력하겠습니다.
감사합니다. 🙇‍♀️"
117936,2026-08-01 23:09,2026-07-23 19:38,2026-07-26 23:33,어머니 선물해드렸더니 좋아하네요,,,909,목 마사지 베개 V2 경추 마사지기 베개,129000,수량선택: 목 마사지 베개 V2 1개 (마그네슘 시너지 크림 1개 증정),기존리뷰,5,,0,0,1,"안녕하세요. 프리미엄 헬스테크 브랜드, 슬룸입니다.
정성스럽게 올려주신 소중한 후기 감사합니다. 💜

고객님의 목소리로 더 발전하는 슬룸이 되도록 노력하겠습니다.
감사합니다. 🙇‍♀️"
117937,2026-08-02 8:27,2026-06-26 13:14,2026-06-27 13:37,"작동도 너무 잘되고 엘보도 많이 편해젔는데 한나 마음에 안드는것은 찍찍 이가 약해요 하는 도중에 찍찍이 풀리는 경우도 있습니다.
아무튼 너무 잘사용 하고 있습니다.",,,980,프리미엄 엘보케어 팔꿈치 마사지기,149000,수량선택: 데일리 릴렉스 세트 (팔꿈치 마사지기 + 마그네슘 시너지 크림),기존리뷰,5,,0,0,1,"안녕하세요. 프리미엄 헬스테크 브랜드, 슬룸입니다.
고객님께 만족스러운 경험을 드리지 못해 대단히 죄송합니다. 😥

해당 부분에 대해서는 현재 슬룸 내부적으로 인지하고 있는 부분이며, 현재 개선하기 위해 노력하고 있습니다.
곧 좋은 소식으로 고객님들에게 더 나은 제품을 제공할 수 있도록 하겠습니다.

추가로 궁금하신 점이 있으시거나 문자 확인하신 후에도 해결되지 않는 경우
번거로우시겠지만 슬룸 채팅 상담을 통해 연락 주시면 빠르게 안내 도와드리겠습니다.

▶ 슬룸 채팅 상담 (※ 월-목 09:30-17:00, 금 09:30-16:00, 주말 및 공휴일 휴무)
http://sloom.channel.io/

고객님의 목소리로 더 발전하는 슬룸이 되도록 노력하겠습니다. 감사합니다."
117938,2026-08-02 9:18,2026-07-24 17:30,2026-07-30 10:37,부모님이 잘 쓰고 계십니다,,,1043,[슬룸 4차 진행!] 코이티비 구독자 전용 ★최저가★ 비밀링크,99000,수량선택: ★코이티비SET★목 마사지 베개 V2 1개 + 종아리편한케어 1개 +(증정)마그네슘 시너지 크림 1개,기존리뷰,5,,0,0,1,"안녕하세요. 프리미엄 헬스테크 브랜드, 슬룸입니다.
진심 어린 소중한 후기 감사합니다. 💜

앞으로도 좋은 상품과 서비스로 고객님들을 찾아뵐 수 있도록 노력하겠습니다.
감사합니다. :)"
117939,2026-08-02 11:28,2026-06-18 14:51,2026-06-20 18:36,좋아여 아부 이즈 좋아여-!,,,636,허리편한케어 V2 허리 마사지기,129000,수량선택: 허리편한케어 V2 1개 (허리베개 1개 증정),기존리뷰,5,,0,0,1,"안녕하세요. 프리미엄 헬스테크 브랜드, 슬룸입니다.
정성스럽게 올려주신 소중한 후기 감사합니다. 💜

고객님의 목소리로 더 발전하는 슬룸이 되도록 노력하겠습니다.
감사합니다. 🙇‍♀️"
117940,2026-08-02 12:32,2026-07-29 13:18,2026-07-30 18:36,하고나면 시원해요.,,,1043,[슬룸 4차 진행!] 코이티비 구독자 전용 ★최저가★ 비밀링크,99000,수량선택: ★코이티비SET★목 마사지 베개 V2 1개 + 종아리편한케어 1개 +(증정)마그네슘 시너지 크림 1개,기존리뷰,5,,1,0,1,"안녕하세요. 프리미엄 헬스테크 브랜드, 슬룸입니다.
진심 어린 소중한 후기 감사합니다. 💜

앞으로도 좋은 상품과 서비스로 고객님들을 찾아뵐 수 있도록 노력하겠습니다.
감사합니다. :)"
117941,2026-08-02 13:01,2026-07-20 23:08,2026-07-22 18:39,사용중입니다 조금더사용해봐야 알거같아오,,,980,프리미엄 엘보케어 팔꿈치 마사지기,149000,수량선택: 팔꿈치 마사지기 1개,기존리뷰,5,,1,0,1,"안녕하세요. 프리미엄 헬스테크 브랜드, 슬룸입니다.
진심 어린 소중한 후기 감사합니다. 💜

앞으로도 좋은 상품과 서비스로 고객님들을 찾아뵐 수 있도록 노력하겠습니다.
감사합니다. :)"
117942,2026-08-02 14:09,2026-07-11 11:27,2026-07-14 21:12,"시원한지도모르겠고 젤바르고사용하면 끈끈해서 샤워해야하는불편함때문에 사용이꺼려짐 받고한번사용후 방치
반품하고싶네요",,,1008,★최대할인 비밀링크★ 바디 풀고컷 경락 마사지기,89900,수량선택: 바디 풀고컷 1개 (트리플 샷 시너지 젤 1개 증정),기존리뷰,1,,0,0,1,"안녕하세요 고객님, 프리미엄 헬스테크 브랜드, 슬룸입니다.
고객님께 만족스러운 경험을 드리지 못해 대단히 죄송합니다.😥

슬룸의 모든 제품은 인체공학적으로 설계되어 편안한 사용이 가능하나 초기 사용 시 1~2주 이상의 적응 기간이 필요할 수 있습니다. 
다만 수령하신 날짜 기준으로 30일 동안 꾸준히 사용해보시고도 만족하지 못하셨을 경우에는, 슬룸에서 진행하는 <100%환불이벤트> 에 참여하여 왕복배송비 제외 전액 환불이 가능합니다.

※ 제품을 30일간 꾸준히 사용한 경우, 배송완료 후 40일이내 신청이 가능
※ 환불 서비스는 첫 구매 체험을 위한 서비스로 1회만 신청 가능

▶ <100% 환불 이벤트> 상세 환불 조건 : https://sleeplab.co.kr/notice/?page=1#13709226_notice 

슬룸을 믿고 편하게 사용 및 체험해보시고, 그럼에도 만족하시지 못하셨을 경우 슬룸 공식몰의 채널톡을 통해 이벤트 기간 내 문의 주시면 환불 접수 도움드리겠습니다."
117943,2026-08-02 18:54,2026-05-15 7:16,2026-05-16 14:40,"허리통증이 좋아졌어요
근데 소음이 좀...",,,636,허리편한케어 V2 허리 마사지기,129000,수량선택: 허리편한케어 V2 1개,기존리뷰,5,,0,0,1,"안녕하세요. 프리미엄 헬스테크 브랜드, 슬룸입니다.
정성스럽게 올려주신 소중한 후기 감사합니다. 💜

고객님의 목소리로 더 발전하는 슬룸이 되도록 노력하겠습니다.
감사합니다. 🙇‍♀️"
117944,2026-08-02 20:24,2026-07-22 7:27,2026-07-23 13:47,이거 엄마가 쓰시고 목이 안아프다고 너무 좋아하셨어요,,,1033,[신금동x슬룸] 최저가 마켓 OPEN,79000,수량선택: ★100개한정★ 경추 마사지 베개 V1 1개,기존리뷰,5,,0,0,1,"안녕하세요. 프리미엄 헬스테크 브랜드, 슬룸입니다.
정성스럽게 올려주신 소중한 후기 감사합니다. 💜

고객님의 목소리로 더 발전하는 슬룸이 되도록 노력하겠습니다.
감사합니다. 🙇‍♀️"
117945,2026-08-02 21:49,2026-07-19 21:14,2026-07-21 16:16,마사지가 편하도 좋아요,,,1033,[신금동x슬룸] 최저가 마켓 OPEN,79000,수량선택: ★최저가★ 경추 마사지 베개 V2 1개 + (증정) 마그네슘 크림 1개,기존리뷰,5,,0,0,1,"안녕하세요. 프리미엄 헬스테크 브랜드, 슬룸입니다.
정성스럽게 올려주신 소중한 후기 감사합니다. 💜

고객님의 목소리로 더 발전하는 슬룸이 되도록 노력하겠습니다.
감사합니다. 🙇‍♀️"
117946,2026-08-02 22:56,2026-07-28 10:43,2026-07-29 13:38,"거북목이어서 구입했네요
좋아요~~효과 있는듯",,,724,★최대할인 비밀링크★ 목베개 플러스 특가,69000,수량선택: 목베개 플러스 1개,기존리뷰,5,,0,0,1,"안녕하세요. 프리미엄 헬스테크 브랜드, 슬룸입니다.
정성스럽게 올려주신 소중한 후기 감사합니다. 💜

고객님의 목소리로 더 발전하는 슬룸이 되도록 노력하겠습니다.
감사합니다. 🙇‍♀️"
117947,2026-08-03 0:22,2026-07-01 9:45,2026-07-02 18:35,엘보케어 마사지기 골프엘보에 효과적입니다,,,980,프리미엄 엘보케어 팔꿈치 마사지기,149000,수량선택: 팔꿈치 마사지기 1개,기존리뷰,5,,1,0,1,"안녕하세요. 프리미엄 헬스테크 브랜드, 슬룸입니다.
정성스럽게 올려주신 소중한 후기 감사합니다. 💜

고객님의 목소리로 더 발전하는 슬룸이 되도록 노력하겠습니다.
감사합니다. 🙇‍♀️"
117948,2026-08-03 1:08,2026-07-20 16:18,2026-07-22 18:39,저련하겍구매해서주국구구ㅜㅅ배공빨라용~~ 혀과는 아예 머르겟스숨 ㅠ,,,1035,[애진X슬룸] ★단독 최대혜택★ 바디풀고컷 경락 마사지기,79900,수량선택: [68%] 바디풀고컷 1개 + 시너지 젤 2개 증정,기존리뷰,3,,1,0,1,"안녕하세요 고객님, 프리미엄 헬스테크 브랜드, 슬룸입니다.
고객님께 만족스러운 경험을 드리지 못해 대단히 죄송합니다.😥

슬룸의 모든 제품은 인체공학적으로 설계되어 편안한 사용이 가능하나 초기 사용 시 1~2주 이상의 적응 기간이 필요할 수 있습니다. 
다만 수령하신 날짜 기준으로 30일 동안 꾸준히 사용해보시고도 만족하지 못하셨을 경우에는, 슬룸에서 진행하는 <100%환불이벤트> 에 참여하여 왕복배송비 제외 전액 환불이 가능합니다.

※ 제품을 30일간 꾸준히 사용한 경우, 배송완료 후 40일이내 신청이 가능
※ 환불 서비스는 첫 구매 체험을 위한 서비스로 1회만 신청 가능

▶ <100% 환불 이벤트> 상세 환불 조건 : https://sleeplab.co.kr/notice/?page=1#13709226_notice 

슬룸을 믿고 편하게 사용 및 체험해보시고, 그럼에도 만족하시지 못하셨을 경우 슬룸 공식몰의 채널톡을 통해 이벤트 기간 내 문의 주시면 환불 접수 도움드리겠습니다."
117949,2026-08-03 1:16,2026-07-27 15:46,2026-07-29 18:35,너무좋음 만족도 100입니다,,,724,★최대할인 비밀링크★ 목베개 플러스 특가,69000,수량선택: 목베개 플러스 1개,기존리뷰,5,,1,0,1,"안녕하세요. 프리미엄 헬스테크 브랜드, 슬룸입니다.
시간 내어 소중한 후기를 작성해 주셔서 감사드립니다. :)

믿고 찾는 쇼핑몰이 되기 위해 더 좋은 상품과 서비스를 준비하겠습니다.
감사합니다. 💜"
117950,2026-08-03 4:25,2026-07-18 1:44,2026-07-21 21:14,배송잘받았어요 꼼꼼하게 빠른배송 생각 보다 많이 부드럽다고해야하나ㅡ후들후들 실사용 ㅡ좀 아쉬운 시원함 ㅡ50%아숩 구매를 망설인이유는 세탁문제로ㅡ일반베개도ᆢ세균번식이 많다고 하는데 ᆢ세탁할수도없는베개여서ᆢ커버라도 있음 함께구매함좋으련만ᆢ 일단 다른걸로 살짝씌워 사용중이네요 글고 전워누름 온열도 같이 켜져서 좀 그래요 지금 여름이라 안사용하고픈데ᆢ 사용중 귀옆에서 소음 좀 있으니 ᆢ참고하세요 밤에 다 잘때 사용하면 다른 분들이 싫어하실듯ᆢ,,,1033,[신금동x슬룸] 최저가 마켓 OPEN,79000,수량선택: ★최저가★ 경추 마사지 베개 V2 1개 + (증정) 마그네슘 크림 1개,기존리뷰,3,,2,0,1,"안녕하세요 고객님, 프리미엄 헬스테크 브랜드, 슬룸입니다.
고객님께 만족스러운 경험을 드리지 못해 대단히 죄송합니다.😥

슬룸의 모든 제품은 인체공학적으로 설계되어 편안한 사용이 가능하나 초기 사용 시 1~2주 이상의 적응 기간이 필요할 수 있습니다. 
다만 수령하신 날짜 기준으로 30일 동안 꾸준히 사용해보시고도 만족하지 못하셨을 경우에는, 슬룸에서 진행하는 <100%환불이벤트> 에 참여하여 왕복배송비 제외 전액 환불이 가능합니다.

※ 제품을 30일간 꾸준히 사용한 경우, 배송완료 후 40일이내 신청이 가능
※ 환불 서비스는 첫 구매 체험을 위한 서비스로 1회만 신청 가능

▶ <100% 환불 이벤트> 상세 환불 조건 : https://sleeplab.co.kr/notice/?page=1#13709226_notice 

슬룸을 믿고 편하게 사용 및 체험해보시고, 그럼에도 만족하시지 못하셨을 경우 슬룸 공식몰의 채널톡을 통해 이벤트 기간 내 문의 주시면 환불 접수 도움드리겠습니다."
117951,2026-08-03 9:49,2026-07-16 1:19,2026-07-17 18:35,엘보가 안 좋아서  구매 했는데  증상 완화에 도움이  됩니다.,,,980,프리미엄 엘보케어 팔꿈치 마사지기,149000,수량선택: 팔꿈치 마사지기 1개,기존리뷰,4,,0,0,1,"안녕하세요. 프리미엄 헬스테크 브랜드, 슬룸입니다.
진심 어린 소중한 후기 감사합니다. 💜

앞으로도 좋은 상품과 서비스로 고객님들을 찾아뵐 수 있도록 노력하겠습니다.
감사합니다. :)"
117952,2026-08-03 10:41,2026-07-19 8:56,2026-07-21 23:08,작은걸로 지퍼 따기 힘들었는데 편하네요,,,1033,[신금동x슬룸] 최저가 마켓 OPEN,79000,수량선택: ★최저가★ 경추 마사지 베개 V2 1개 + (증정) 마그네슘 크림 1개,기존리뷰,5,,1,0,1,"안녕하세요. 프리미엄 헬스테크 브랜드, 슬룸입니다.
시간 내어 소중한 후기를 작성해 주셔서 감사드립니다. :)

믿고 찾는 쇼핑몰이 되기 위해 더 좋은 상품과 서비스를 준비하겠습니다.
감사합니다. 💜"
117953,2026-08-03 11:04,2026-06-24 17:17,2026-06-26 18:38,왼쪽으로 목통증이 많이좋아졌어요,,,1001,[슬룸] 구독자 전용 ★초특가★ 비밀링크,84900,수량선택: ★SET★ 발편한케어 M 1개 + 목 마사지 베개 V2 1개 + 마그네슘 시너지 크림 100원 + (증정)중형 파우치,기존리뷰,5,,1,0,1,"안녕하세요. 프리미엄 헬스테크 브랜드, 슬룸입니다.
진심 어린 소중한 후기 감사합니다. 💜

앞으로도 좋은 상품과 서비스로 고객님들을 찾아뵐 수 있도록 노력하겠습니다.
감사합니다. :)"
117954,2026-08-03 11:48,2026-07-29 11:47,2026-07-30 18:36,종아리 마사지압이 어마어마하네요 좋네요 목베개도 좋구요 잘쓸게요,,,1043,[슬룸 4차 진행!] 코이티비 구독자 전용 ★최저가★ 비밀링크,99000,수량선택: ★코이티비SET★목 마사지 베개 V2 1개 + 종아리편한케어 1개 +(증정)마그네슘 시너지 크림 1개,기존리뷰,5,,1,0,1,"안녕하세요. 프리미엄 헬스테크 브랜드, 슬룸입니다.
시간 내어 소중한 후기를 작성해 주셔서 감사드립니다. :)

믿고 찾는 쇼핑몰이 되기 위해 더 좋은 상품과 서비스를 준비하겠습니다.
감사합니다. 💜"
117955,2026-08-03 13:35,2026-07-29 20:40,2026-07-31 16:08,편해요 세원해요 좋아요,,,909,목 마사지 베개 V2 경추 마사지기 베개,129000,수량선택: 목 마사지 베개 V2 1개 (마그네슘 시너지 크림 1개 증정),기존리뷰,5,,0,0,1,"안녕하세요. 프리미엄 헬스테크 브랜드, 슬룸입니다.
시간 내어 소중한 후기를 작성해 주셔서 감사드립니다. :)

믿고 찾는 쇼핑몰이 되기 위해 더 좋은 상품과 서비스를 준비하겠습니다.
감사합니다. 💜"
117956,2026-08-03 16:15,2026-07-20 13:50,2026-07-22 16:17,허벅지 셀룰라이트가 좀 없어지는느낌이에요 뒷구리살도 좀 정리되는듯.. 기계 자체가 좀 조악한느낌은 있는데 가격이 엄청 쎈건 아니니까.. 좋아요,,,1035,[애진X슬룸] ★단독 최대혜택★ 바디풀고컷 경락 마사지기,79900,수량선택: [68%] 바디풀고컷 1개 + 시너지 젤 2개 증정,기존리뷰,4,,1,0,1,"안녕하세요. 프리미엄 헬스테크 브랜드, 슬룸입니다.
진심 어린 소중한 후기 감사합니다. 💜

앞으로도 좋은 상품과 서비스로 고객님들을 찾아뵐 수 있도록 노력하겠습니다.
감사합니다. :)"
117957,2026-08-03 18:19,2026-05-13 8:55,2026-05-14 17:30,이제 이거 없이는 낮잠을 못잡니다.,,,291,목베개 플러스 경추 목 마사지기 베개,99000,수량선택: 목베개 플러스 1개 (마그네슘 시너지 크림 30ml 1개 증정),기존리뷰,5,,1,0,1,"안녕하세요. 프리미엄 헬스테크 브랜드, 슬룸입니다.
시간 내어 소중한 후기를 작성해 주셔서 감사드립니다. :)

믿고 찾는 쇼핑몰이 되기 위해 더 좋은 상품과 서비스를 준비하겠습니다.
감사합니다. 💜"
117958,2026-08-03 18:59,2026-07-17 14:38,2026-07-21 18:50,좋아요!!!!!!!!!,,,980,프리미엄 엘보케어 팔꿈치 마사지기,149000,수량선택: 데일리 릴렉스 세트 (팔꿈치 마사지기 + 마그네슘 시너지 크림),기존리뷰,5,,0,0,1,"안녕하세요. 프리미엄 헬스테크 브랜드, 슬룸입니다.
진심 어린 소중한 후기 감사합니다. 💜

앞으로도 좋은 상품과 서비스로 고객님들을 찾아뵐 수 있도록 노력하겠습니다.
감사합니다. :)"
117959,2026-08-03 19:27,2026-07-31 8:41,2026-08-01 13:39,매우만족하고 좋습니다,,,724,★최대할인 비밀링크★ 목베개 플러스 특가,69000,수량선택: 목베개 플러스 1개,기존리뷰,5,,0,0,1,"안녕하세요. 프리미엄 헬스테크 브랜드, 슬룸입니다.
진심 어린 소중한 후기 감사합니다. 💜

앞으로도 좋은 상품과 서비스로 고객님들을 찾아뵐 수 있도록 노력하겠습니다.
감사합니다. :)"
117960,2026-08-03 20:53,2026-07-20 15:41,2026-07-22 16:10,꾸준히 쓰면 효과있을거라 믿고서 쭉 쓰려고요 아직까진 좋아요,,,1035,[애진X슬룸] ★단독 최대혜택★ 바디풀고컷 경락 마사지기,79900,수량선택: [68%] 바디풀고컷 1개 + 시너지 젤 2개 증정,기존리뷰,5,,1,0,1,"안녕하세요. 프리미엄 헬스테크 브랜드, 슬룸입니다.
진심 어린 소중한 후기 감사합니다. 💜

앞으로도 좋은 상품과 서비스로 고객님들을 찾아뵐 수 있도록 노력하겠습니다.
감사합니다. :)"
117961,2026-08-03 21:38,2026-06-26 12:37,2026-06-27 16:11,골프 치시는 분들은 꼭 사쓰면 좋겠네요 정말 좋아요~,,,980,프리미엄 엘보케어 팔꿈치 마사지기,149000,수량선택: 팔꿈치 마사지기 1개,기존리뷰,5,,1,0,1,"안녕하세요. 프리미엄 헬스테크 브랜드, 슬룸입니다.
정성스럽게 올려주신 소중한 후기 감사합니다. 💜

고객님의 목소리로 더 발전하는 슬룸이 되도록 노력하겠습니다.
감사합니다. 🙇‍♀️"
117962,2026-08-03 22:59,2026-07-29 23:20,2026-07-31 18:37,아짓 잘 모르겟어요 손으로 다리나 다른부위는 문지르면 시원해요 근데 광고처럼 팔뚝엔 벌어져서 압박을 한손으론 전혀할 수 없어요,,,1008,★최대할인 비밀링크★ 바디 풀고컷 경락 마사지기,89900,수량선택: 바디 풀고컷 1개 (트리플 샷 시너지 젤 1개 증정),기존리뷰,4,,1,0,1,"안녕하세요. 프리미엄 헬스테크 브랜드, 슬룸입니다.
정성스럽게 올려주신 소중한 후기 감사합니다. 💜

고객님의 목소리로 더 발전하는 슬룸이 되도록 노력하겠습니다.
감사합니다. 🙇‍♀️"
117963,2026-08-03 23:33,2026-07-28 14:03,2026-07-29 13:44,평소에 엘보우가 안좋아서 골프 약속후에 항상 고생하는데 이 친구 물건이네요. 전완근은 말랑하게 잘 케어해줍니다,,,980,프리미엄 엘보케어 팔꿈치 마사지기,149000,수량선택: 데일리 릴렉스 세트 (팔꿈치 마사지기 + 마그네슘 시너지 크림),기존리뷰,5,,1,0,1,"안녕하세요. 프리미엄 헬스테크 브랜드, 슬룸입니다.
정성스럽게 올려주신 소중한 후기 감사합니다. 💜

고객님의 목소리로 더 발전하는 슬룸이 되도록 노력하겠습니다.
감사합니다. 🙇‍♀️"
117964,2026-08-03 23:43,2026-07-26 10:42,2026-07-28 18:41,시원하고 좋네요 자고일어나면 개운해요,,,909,목 마사지 베개 V2 경추 마사지기 베개,129000,수량선택: 목 마사지 베개 V2 1개 (마그네슘 시너지 크림 1개 증정),기존리뷰,5,,0,0,1,"안녕하세요. 프리미엄 헬스테크 브랜드, 슬룸입니다.
시간 내어 소중한 후기를 작성해 주셔서 감사드립니다. :)

믿고 찾는 쇼핑몰이 되기 위해 더 좋은 상품과 서비스를 준비하겠습니다.
감사합니다. 💜"
117965,2026-08-04 22:03,2026-08-03 8:01,2026-08-04 13:42,"허리 협착증ㆍ디스크가있어서 우연찮게 슬룸 광고를보고 과연 효과가 있을까??? 과장 광고겠지?? 이렇듯 구매를 망설이게 되더라고요. 근데, 병원가서 도스치료ㆍ물리치료받고 신경주사 맞는금액보다 저렴하겠단 생각이 들어 다른 구매자분들 후기보고 구매 결정을하게 됐네요. 구입후 직접 사용해보니 처음에 오히려 허리가 더 아프더라고요.  허리가 더 아파지는것 같아 겁이나더라고요. 1세트,2세트 끝나고 일어나려고하니 허리가 아파 일어나기가 힘들더라고요. 이제품이 과연 효과가 있는건지? 오히려 사용전보다 더 아파 반품을해야하나 고민이 들었던건 사실. 처음이니 그러겠지.  며칠사용하다보면 적응도 될거고 아픈허리가 좀더 통증도 사라지고 좋아지겠지 희망을 갖고 꾸준히 해보려고요. 목마사지기는 거북목이 있어서 그런지 개인적으로 넘 시원하고 좋았어요. 온열기능ㆍ마사지기능이 있어서 거북목을 펴주는 기분이 듬. 암튼 적은비용은 아니지만, 잘 사용해서 본전을 빼야할것 같아요ㅎ
P.s참고로 휴대폰으로 리뷰 남기는데 사진 파일이 커서 첨부가 안되네요.",d80b075507e0,,964,[코어 밸런스 업 세트] 허리편한케어 V2 + 목 마사지 베개 V2,248000,수량선택: 코어 밸런스 업 세트 (허리편한케어 V2 + 목 마사지 베개 V2),반응형(내리뷰),5,,3,0,1,"안녕하세요. 프리미엄 헬스테크 브랜드, 슬룸입니다.
시간 내어 소중한 후기를 작성해 주셔서 감사드립니다. :)

믿고 찾는 쇼핑몰이 되기 위해 더 좋은 상품과 서비스를 준비하겠습니다.
감사합니다. 💜"
117966,2026-08-04 22:14,2026-07-23 12:51,2026-07-24 18:37,제품이 생각보다 딱딱합니다. 사용법을 몰라서 그런지 잠잘때 사용하기는 어려울듯 합니다. ,c758e48bddd9,,1038,[썸머 수퍼데이] 목베개 스트레칭 베개,11900,수량선택: 목베개 1개 (목베개 커버 증정),반응형(내리뷰),3,,1,0,1,"안녕하세요 고객님, 프리미엄 헬스테크 브랜드, 슬룸입니다.
고객님께 만족스러운 경험을 드리지 못해 대단히 죄송합니다.😥

슬룸의 모든 제품은 인체공학적으로 설계되어 편안한 사용이 가능하나 초기 사용 시 1~2주 이상의 적응 기간이 필요할 수 있습니다. 
다만 수령하신 날짜 기준으로 30일 동안 꾸준히 사용해보시고도 만족하지 못하셨을 경우에는, 슬룸에서 진행하는 <100%환불이벤트> 에 참여하여 왕복배송비 제외 전액 환불이 가능합니다.

※ 제품을 30일간 꾸준히 사용한 경우, 배송완료 후 40일이내 신청이 가능
※ 환불 서비스는 첫 구매 체험을 위한 서비스로 1회만 신청 가능

▶ <100% 환불 이벤트> 상세 환불 조건 : https://sleeplab.co.kr/notice/?page=1#13709226_notice 

슬룸을 믿고 편하게 사용 및 체험해보시고, 그럼에도 만족하시지 못하셨을 경우 슬룸 공식몰의 채널톡을 통해 이벤트 기간 내 문의 주시면 환불 접수 도움드리겠습니다."
117967,2026-08-04 22:17,2026-07-23 12:51,2026-07-24 18:36,시원할줄 알고 샀는데 잘 모르겠습니다. 색깔은 시원 합니다. 침대에 고정시킬수 있게 밴드가 있었으면 더 좋을 듯 합니다. ,c758e48bddd9,,1039,[썸머 수퍼데이] 살얼음 냉감 패드 특수 코팅 패드,69000,수량선택: 살얼음냉감패드(Q) 1개,반응형(내리뷰),4,,1,0,1,"안녕하세요. 프리미엄 헬스테크 브랜드, 슬룸입니다.
정성스럽게 올려주신 소중한 후기 감사합니다. 💜

고객님의 목소리로 더 발전하는 슬룸이 되도록 노력하겠습니다.
감사합니다. 🙇‍♀️"
117968,2026-08-04 22:19,2026-07-23 12:51,2026-07-24 18:37,아직 사용전이라 모르겠습니다. 설명대로 눈이 편했으면 합니다. ,c758e48bddd9,,1025,[썸머 수퍼데이] 눈편한케어 온열 진동 눈 마사지기,49000,수량선택: 눈편한케어 1개,반응형(내리뷰),5,,1,0,1,"안녕하세요. 프리미엄 헬스테크 브랜드, 슬룸입니다.
정성스럽게 올려주신 소중한 후기 감사합니다. 💜

고객님의 목소리로 더 발전하는 슬룸이 되도록 노력하겠습니다.
감사합니다. 🙇‍♀️"
117969,2026-08-04 6:23,2026-07-31 7:58,2026-08-01 16:06,빠른 배송 감사 합니다,,,724,★최대할인 비밀링크★ 목베개 플러스 특가,69000,수량선택: 목베개 플러스 1개,기존리뷰,5,,1,0,1,"안녕하세요. 프리미엄 헬스테크 브랜드, 슬룸입니다.
진심 어린 소중한 후기 감사합니다. 💜

앞으로도 좋은 상품과 서비스로 고객님들을 찾아뵐 수 있도록 노력하겠습니다.
감사합니다. :)"
117970,2026-08-04 6:49,2026-06-28 16:16,2026-06-30 16:11,정말잘산같아요 아픈곳이 사라졌어요,,,980,프리미엄 엘보케어 팔꿈치 마사지기,149000,수량선택: 데일리 릴렉스 세트 (팔꿈치 마사지기 + 마그네슘 시너지 크림),기존리뷰,5,,0,0,1,"안녕하세요. 프리미엄 헬스테크 브랜드, 슬룸입니다.
정성스럽게 올려주신 소중한 후기 감사합니다. 💜

고객님의 목소리로 더 발전하는 슬룸이 되도록 노력하겠습니다.
감사합니다. 🙇‍♀️"
117971,2026-08-04 6:51,2026-07-16 13:47,2026-07-17 13:38,저한테는 살짝 높은 느낌이라 베고 자진 못하는데 C커브 늘여주는 마사지가 좋아요 전선 연결안해도 충전해서 쓸수있으면 좋겠어요,,,724,★최대할인 비밀링크★ 목베개 플러스 특가,69000,수량선택: 목베개 플러스 1개,기존리뷰,5,,1,0,1,"안녕하세요. 프리미엄 헬스테크 브랜드, 슬룸입니다.
정성스럽게 올려주신 소중한 후기 감사합니다. 💜

고객님의 목소리로 더 발전하는 슬룸이 되도록 노력하겠습니다.
감사합니다. 🙇‍♀️"
117972,2026-08-04 6:57,2026-07-13 20:35,2026-07-15 16:11,"배터리가너무빨리 소모가 됩니다
왼쪽, 오른쪽 25분씩 하면 배터리 없어요",,,980,프리미엄 엘보케어 팔꿈치 마사지기,149000,수량선택: 팔꿈치 마사지기 1개,기존리뷰,3,,0,0,1,"안녕하세요. 프리미엄 헬스테크 브랜드, 슬룸입니다.
고객님께 만족스러운 경험을 드리지 못해 대단히 죄송합니다. 😥

리뷰로는 상세한 안내가 어려워, 자세한 내용 알림톡(문자) 발송 도와드렸으니 확인 부탁드리겠습니다.
추가로 궁금하신 점이 있으시거나 문자 확인하신 후에도 해결되지 않는 경우
번거로우시겠지만 슬룸 채팅 상담을 통해 연락 주시면 빠르게 안내 도와드리겠습니다.

▶ 슬룸 채팅 상담 (※ 월-목 09:30-17:00, 금 09:30-16:00, 주말 및 공휴일 휴무)
http://sloom.channel.io/

고객님의 목소리로 더 발전하는 슬룸이 되도록 노력하겠습니다. 감사합니다."
117973,2026-08-04 7:24,2026-07-29 12:22,2026-07-30 18:36,목이 편안한 높이 입니다 다만 아쉬운점은 의외로 소음이 좀 있네요 또한 목마사지 기능이 많이 아쉽네요,,,909,목 마사지 베개 V2 경추 마사지기 베개,129000,수량선택: 목 마사지 베개 V2 1개 (마그네슘 시너지 크림 1개 증정),기존리뷰,4,,1,0,1,"안녕하세요 고객님, 프리미엄 헬스테크 브랜드, 슬룸입니다.
고객님께 만족스러운 경험을 드리지 못해 대단히 죄송합니다.😥

슬룸의 모든 제품은 인체공학적으로 설계되어 편안한 사용이 가능하나 초기 사용 시 1~2주 이상의 적응 기간이 필요할 수 있습니다. 
다만 수령하신 날짜 기준으로 30일 동안 꾸준히 사용해보시고도 만족하지 못하셨을 경우에는, 슬룸에서 진행하는 <100%환불이벤트> 에 참여하여 왕복배송비 제외 전액 환불이 가능합니다.

※ 제품을 30일간 꾸준히 사용한 경우, 배송완료 후 40일이내 신청이 가능
※ 환불 서비스는 첫 구매 체험을 위한 서비스로 1회만 신청 가능

▶ <100% 환불 이벤트> 상세 환불 조건 : https://sleeplab.co.kr/notice/?page=1#13709226_notice 

슬룸을 믿고 편하게 사용 및 체험해보시고, 그럼에도 만족하시지 못하셨을 경우 슬룸 공식몰의 채널톡을 통해 이벤트 기간 내 문의 주시면 환불 접수 도움드리겠습니다."
117974,2026-08-04 10:16,2026-07-22 9:36,2026-07-23 16:15,사용하기 편하고 시원합니다,,,909,목 마사지 베개 V2 경추 마사지기 베개,129000,수량선택: 목 마사지 베개 V2 2개,기존리뷰,5,,0,0,1,"안녕하세요. 프리미엄 헬스테크 브랜드, 슬룸입니다.
정성스럽게 올려주신 소중한 후기 감사합니다. 💜

고객님의 목소리로 더 발전하는 슬룸이 되도록 노력하겠습니다.
감사합니다. 🙇‍♀️"
117975,2026-08-04 10:46,2026-06-04 21:09,2026-06-06 16:12,편안하게 잘쓰고 잇습니다,,,909,목 마사지 베개 V2 경추 마사지기 베개,129000,수량선택: 목 마사지 베개 V2 1개 (허리베개 1개 증정),기존리뷰,5,,0,0,1,"안녕하세요. 프리미엄 헬스테크 브랜드, 슬룸입니다.
시간 내어 소중한 후기를 작성해 주셔서 감사드립니다. :)

믿고 찾는 쇼핑몰이 되기 위해 더 좋은 상품과 서비스를 준비하겠습니다.
감사합니다. 💜"
117976,2026-08-04 10:49,2026-07-23 14:08,2026-07-24 13:38,"폭신하고 느낌 좋고 편해요오 ㅎ 근데 모아주는 거랑 입었을 때 모양은 (옆가슴, 옆모습 뭔가 이상해요ㅜㅠ) 캘빈이 더.. 좋긴 하네요 싸게 사서 편하게 입기에 만족합니다!",,,1035,[애진X슬룸] ★단독 최대혜택★ 바디풀고컷 경락 마사지기,79900,수량선택: [68%] 바디풀고컷 1개 + 시너지 젤 2개 증정,기존리뷰,4,,1,0,1,"안녕하세요. 프리미엄 헬스테크 브랜드, 슬룸입니다.
진심 어린 소중한 후기 감사합니다. 💜

앞으로도 좋은 상품과 서비스로 고객님들을 찾아뵐 수 있도록 노력하겠습니다.
감사합니다. :)"
117977,2026-08-04 13:15,2026-07-28 21:49,2026-07-30 13:38,목이 시원허이 펴지네요 한달써보고 결정햅느겠습니다,,,909,목 마사지 베개 V2 경추 마사지기 베개,129000,수량선택: 목 마사지 베개 V2 1개 (마그네슘 시너지 크림 1개 증정),기존리뷰,5,,1,0,1,"안녕하세요. 프리미엄 헬스테크 브랜드, 슬룸입니다.
시간 내어 소중한 후기를 작성해 주셔서 감사드립니다. :)

믿고 찾는 쇼핑몰이 되기 위해 더 좋은 상품과 서비스를 준비하겠습니다.
감사합니다. 💜"
117978,2026-08-04 14:47,2026-07-14 17:42,,몇 번 사용하고 충전이 안되어서 반납시겼습니다. 그저그냥 입니다.,,,724,★최대할인 비밀링크★ 목베개 플러스 특가,69000,수량선택: 목베개 플러스 1개,기존리뷰,1,,0,0,1,"안녕하세요 고객님, 프리미엄 헬스테크 브랜드, 슬룸입니다.
고객님께 만족스러운 경험을 드리지 못해 대단히 죄송합니다.😥

슬룸의 모든 제품은 인체공학적으로 설계되어 편안한 사용이 가능하나 초기 사용 시 1~2주 이상의 적응 기간이 필요할 수 있습니다. 
다만 수령하신 날짜 기준으로 30일 동안 꾸준히 사용해보시고도 만족하지 못하셨을 경우에는, 슬룸에서 진행하는 <100%환불이벤트> 에 참여하여 왕복배송비 제외 전액 환불이 가능합니다.

※ 제품을 30일간 꾸준히 사용한 경우, 배송완료 후 40일이내 신청이 가능
※ 환불 서비스는 첫 구매 체험을 위한 서비스로 1회만 신청 가능

▶ <100% 환불 이벤트> 상세 환불 조건 : https://sleeplab.co.kr/notice/?page=1#13709226_notice 

슬룸을 믿고 편하게 사용 및 체험해보시고, 그럼에도 만족하시지 못하셨을 경우 슬룸 공식몰의 채널톡을 통해 이벤트 기간 내 문의 주시면 환불 접수 도움드리겠습니다."
117979,2026-08-04 14:47,2026-07-17 20:45,2026-07-21 23:08,스트레칭에 좋아요. 잘때 배고자기에는 좀 부족..,,,724,★최대할인 비밀링크★ 목베개 플러스 특가,69000,수량선택: 목베개 플러스 1개,기존리뷰,5,,0,0,1,"안녕하세요. 프리미엄 헬스테크 브랜드, 슬룸입니다.
정성스럽게 올려주신 소중한 후기 감사합니다. 💜

고객님의 목소리로 더 발전하는 슬룸이 되도록 노력하겠습니다.
감사합니다. 🙇‍♀️"
117980,2026-08-04 15:09,2026-08-02 15:42,2026-08-04 10:45,"코이티비할인으로 저렴하게샀어요,,",,,1043,[슬룸 4차 진행!] 코이티비 구독자 전용 ★최저가★ 비밀링크,99000,수량선택: ★코이티비SET★목 마사지 베개 V2 1개 + 종아리편한케어 1개 +(증정)마그네슘 시너지 크림 1개,기존리뷰,4,,0,0,1,"안녕하세요. 프리미엄 헬스테크 브랜드, 슬룸입니다.
정성스럽게 올려주신 소중한 후기 감사합니다. 💜

고객님의 목소리로 더 발전하는 슬룸이 되도록 노력하겠습니다.
감사합니다. 🙇‍♀️"
117981,2026-08-04 15:20,2026-07-25 15:02,2026-07-28 16:14,반신반의로 구매 했는데..사용해 보니 좋와요.,,,980,프리미엄 엘보케어 팔꿈치 마사지기,149000,수량선택: 팔꿈치 마사지기 1개,기존리뷰,4,,0,0,1,"안녕하세요. 프리미엄 헬스테크 브랜드, 슬룸입니다.
진심 어린 소중한 후기 감사합니다. 💜

앞으로도 좋은 상품과 서비스로 고객님들을 찾아뵐 수 있도록 노력하겠습니다.
감사합니다. :)"
117982,2026-08-04 16:45,2026-08-03 14:04,2026-08-04 20:27,배송 빠르게 잘 받았어요. 팔꿈치가 항상 아픔을 달고 있어서 자주 써보고 한달 리뷰 남겨 보겠습니다.,,,980,프리미엄 엘보케어 팔꿈치 마사지기,149000,수량선택: 팔꿈치 마사지기 1개 (시너지 크림 1개 증정),기존리뷰,5,,1,0,1,"안녕하세요. 프리미엄 헬스테크 브랜드, 슬룸입니다.
시간 내어 소중한 후기를 작성해 주셔서 감사드립니다. :)

믿고 찾는 쇼핑몰이 되기 위해 더 좋은 상품과 서비스를 준비하겠습니다.
감사합니다. 💜"
117983,2026-08-04 17:14,2026-07-15 10:43,2026-07-16 16:07,목에 쌓인 피로를 단번에 날려주는 제품입니다.,,,909,목 마사지 베개 V2 경추 마사지기 베개,129000,수량선택: 코어 밸런스 업 세트 (허리편한케어 V2 + 목 마사지 베개 V2),기존리뷰,5,,0,0,1,"안녕하세요. 프리미엄 헬스테크 브랜드, 슬룸입니다.
진심 어린 소중한 후기 감사합니다. 💜

앞으로도 좋은 상품과 서비스로 고객님들을 찾아뵐 수 있도록 노력하겠습니다.
감사합니다. :)"
117984,2026-08-04 17:28,2026-08-01 17:44,2026-08-04 10:44,시부모님께서 팔꿈찌 핀박는 수술을 하셨는데 너무 좋다고 하시네요!!,,,980,프리미엄 엘보케어 팔꿈치 마사지기,149000,수량선택: 팔꿈치 마사지기 1개 (시너지 크림 1개 증정),기존리뷰,5,,0,0,1,"안녕하세요. 프리미엄 헬스테크 브랜드, 슬룸입니다.
진심어린 소중한 후기 감사합니다, 고객님💜

다만 작성해주신 리뷰 참고하여 사용법에 대해 추가 안내드리고자 합니다.
리뷰로는 상세한 안내가 어려워, 자세한 내용 알림톡(문자) 발송 도와드렸으니 확인 부탁드리겠습니다.

추가로 궁금하신 점이 있으시거나 문자 확인하신 후에도 해결되지 않는 경우
번거로우시겠지만 슬룸 채팅 상담을 통해 연락 주시면 빠르게 안내 도와드리겠습니다.

▶ 슬룸 채팅 상담 (※ 월-목 09:30-17:00, 금 09:30-16:00, 주말 및 공휴일 휴무)
http://sloom.channel.io/

고객님의 목소리로 더 발전하는 슬룸이 되도록 노력하겠습니다. 감사합니다."
117985,2026-08-04 18:09,2026-07-22 7:16,2026-07-23 18:40,목이 교정되는 느낌 좋아요,,,724,★최대할인 비밀링크★ 목베개 플러스 특가,69000,수량선택: 목베개 플러스 1개,기존리뷰,5,,1,0,1,"안녕하세요. 프리미엄 헬스테크 브랜드, 슬룸입니다.
진심 어린 소중한 후기 감사합니다. 💜

앞으로도 좋은 상품과 서비스로 고객님들을 찾아뵐 수 있도록 노력하겠습니다.
감사합니다. :)"
117986,2026-08-04 18:55,2026-08-01 14:16,2026-08-04 16:14,"빨리 배송되었고, 요즘 목이 불편해 사봤어요.",,,1043,[슬룸 4차 진행!] 코이티비 구독자 전용 ★최저가★ 비밀링크,99000,수량선택: 목 마사지 베개 V2 1개,기존리뷰,4,,0,0,1,"안녕하세요. 프리미엄 헬스테크 브랜드, 슬룸입니다.
정성스럽게 올려주신 소중한 후기 감사합니다. 💜

고객님의 목소리로 더 발전하는 슬룸이 되도록 노력하겠습니다.
감사합니다. 🙇‍♀️"
117987,2026-08-04 18:57,2026-07-31 21:12,2026-08-04 16:12,엘보 치료받다가 집에서 케어하고 싶다해서 샀어요,,,980,프리미엄 엘보케어 팔꿈치 마사지기,149000,수량선택: 팔꿈치 마사지기 1개 (시너지 크림 1개 증정),기존리뷰,5,,1,0,1,"안녕하세요. 프리미엄 헬스테크 브랜드, 슬룸입니다.
진심 어린 소중한 후기 감사합니다. 💜

앞으로도 좋은 상품과 서비스로 고객님들을 찾아뵐 수 있도록 노력하겠습니다.
감사합니다. :)"
117988,2026-08-04 19:27,2026-07-31 9:52,2026-08-04 16:15,좋다고해서 일단사봤는데요 일단한번 진짜 엘보가낫는지 확인해보겠습니다,,,980,프리미엄 엘보케어 팔꿈치 마사지기,149000,수량선택: 팔꿈치 마사지기 1개 (시너지 크림 1개 증정),기존리뷰,5,,1,0,1,"안녕하세요. 프리미엄 헬스테크 브랜드, 슬룸입니다.
시간 내어 소중한 후기를 작성해 주셔서 감사드립니다. :)

믿고 찾는 쇼핑몰이 되기 위해 더 좋은 상품과 서비스를 준비하겠습니다.
감사합니다. 💜"
117989,2026-08-04 19:38,2026-07-28 17:23,2026-07-30 11:48,"엄마가 진짜 편하다고하네요
좋아요",,,981,목 마사지 베개 V2 계절베개 목 집중 케어,129000,수량선택: 목 마사지 베개 V2 1개 (마그네슘 시너지 크림 1개 증정),기존리뷰,5,,0,0,1,"안녕하세요. 프리미엄 헬스테크 브랜드, 슬룸입니다.
정성스럽게 올려주신 소중한 후기 감사합니다. 💜

고객님의 목소리로 더 발전하는 슬룸이 되도록 노력하겠습니다.
감사합니다. 🙇‍♀️"
117990,2026-08-04 19:43,2026-08-01 13:54,2026-08-04 18:42,처음 잠시 사용해본거라.... 조금더 사용해보고 정확히 평가해 보겠습니다,,,1043,[슬룸 4차 진행!] 코이티비 구독자 전용 ★최저가★ 비밀링크,99000,수량선택: 목 마사지 베개 V2 1개,기존리뷰,3,,1,0,1,"안녕하세요. 프리미엄 헬스테크 브랜드, 슬룸입니다.
정성스럽게 올려주신 소중한 후기 감사합니다. 💜

고객님의 목소리로 더 발전하는 슬룸이 되도록 노력하겠습니다.
감사합니다. 🙇‍♀️"
117991,2026-08-04 20:19,2026-07-29 21:01,2026-08-01 14:04,"간편하게 사용하기좋아요
효과는 좀더 사용해본후에 한달후기 남기겠습니다",,,636,허리편한케어 V2 허리 마사지기,129000,수량선택: 허리편한케어 V2 1개 (마그네슘 시너지 크림 1개 증정),기존리뷰,5,,0,0,1,"안녕하세요. 프리미엄 헬스테크 브랜드, 슬룸입니다.
진심 어린 소중한 후기 감사합니다. 💜

앞으로도 좋은 상품과 서비스로 고객님들을 찾아뵐 수 있도록 노력하겠습니다.
감사합니다. :)"
117992,2026-08-04 20:53,2026-08-03 9:57,2026-08-04 16:14,빠르게 잘 받았어요,,,636,허리편한케어 V2 허리 마사지기,129000,수량선택: 허리편한케어 V2 1개 (마그네슘 시너지 크림 1개 증정),기존리뷰,5,,1,0,1,"안녕하세요. 프리미엄 헬스테크 브랜드, 슬룸입니다.
진심 어린 소중한 후기 감사합니다. 💜

앞으로도 좋은 상품과 서비스로 고객님들을 찾아뵐 수 있도록 노력하겠습니다.
감사합니다. :)"
117993,2026-08-04 21:03,2026-08-03 12:07,2026-08-04 18:44,오늘 받았어요~잘쓸께요!,,,961,[시그니처 업 세트] 허리편한케어 V2 + 넥숄더 프로,238000,수량선택: 시그니처 업 세트 (허리편한케어 V2 + 넥숄더 프로),기존리뷰,5,,1,0,1,"안녕하세요. 프리미엄 헬스테크 브랜드, 슬룸입니다.
정성스럽게 올려주신 소중한 후기 감사합니다. 💜

고객님의 목소리로 더 발전하는 슬룸이 되도록 노력하겠습니다.
감사합니다. 🙇‍♀️"
117994,2026-08-04 21:13,2026-08-03 12:07,2026-08-04 18:44,오늘 받았어요~잘 써보고 후기남겨볼께요,,,909,목 마사지 베개 V2 경추 마사지기 베개,129000,수량선택: 목 마사지 베개 V2 2개,기존리뷰,5,,1,0,1,"안녕하세요. 프리미엄 헬스테크 브랜드, 슬룸입니다.
정성스럽게 올려주신 소중한 후기 감사합니다. 💜

고객님의 목소리로 더 발전하는 슬룸이 되도록 노력하겠습니다.
감사합니다. 🙇‍♀️"
117995,2026-08-04 22:46,2026-08-03 13:00,2026-08-04 21:08,오자마자 사용하는데 자극이 장난아니네요 슬룸제품 중에 젤 좋은거 같아요 이건 자주 자주 사용할거 같아요 주사로 통증 줄이는데 한두달이면 다시 찾아오는 통증 이걸로 완전 좋아졋음 좋겠어요,,,980,프리미엄 엘보케어 팔꿈치 마사지기,149000,수량선택: 팔꿈치 마사지기 1개 (시너지 크림 1개 증정),기존리뷰,5,,1,0,1,"안녕하세요. 프리미엄 헬스테크 브랜드, 슬룸입니다.
진심 어린 소중한 후기 감사합니다. 💜

앞으로도 좋은 상품과 서비스로 고객님들을 찾아뵐 수 있도록 노력하겠습니다.
감사합니다. :)"
117996,2026-08-05 0:36,2026-07-19 22:42,2026-07-21 16:13,늘 쓰다가 저도 모르게 잠들어요 쓰기 간편해서 좋습니다,,,909,목 마사지 베개 V2 경추 마사지기 베개,129000,수량선택: 목 마사지 베개 V2 1개 (마그네슘 시너지 크림 1개 증정),기존리뷰,5,,1,0,1,"안녕하세요. 프리미엄 헬스테크 브랜드, 슬룸입니다.
진심 어린 소중한 후기 감사합니다. 💜

앞으로도 좋은 상품과 서비스로 고객님들을 찾아뵐 수 있도록 노력하겠습니다.
감사합니다. :)"
117997,2026-08-05 2:30,2026-07-28 18:49,2026-07-30 16:15,비추합니다 소음에 멀미에 환장부르스 에어는 그래..쓸수 있어도 마사지는 공사판 한가운데이구요 이건 귀마개하면 더 사단남. 문제는 옆사람도 시끄럽다고 민폐..이건 뭐 시원하지도 않고 걍 진동수준이라..두드림 주무름 이런거 기대 마시구요 멀미만 나네요..소음에 진동에 하나는 뜯어서 울며겨자먹기고 하나는 반품. 하면서 기분좋게 잠들생각 꿈에 부풀었다가 통수 제대로 맞은 느낌.,,,1033,[신금동x슬룸] 최저가 마켓 OPEN,79000,수량선택: ★최저가★ 경추 마사지 베개 V2 1개 + (증정) 마그네슘 크림 1개,기존리뷰,1,,1,0,1,"안녕하세요 고객님, 프리미엄 헬스테크 브랜드, 슬룸입니다.
고객님께 만족스러운 경험을 드리지 못해 대단히 죄송합니다.😥

슬룸의 모든 제품은 인체공학적으로 설계되어 편안한 사용이 가능하나 초기 사용 시 1~2주 이상의 적응 기간이 필요할 수 있습니다. 
다만 수령하신 날짜 기준으로 30일 동안 꾸준히 사용해보시고도 만족하지 못하셨을 경우에는, 슬룸에서 진행하는 <100%환불이벤트> 에 참여하여 왕복배송비 제외 전액 환불이 가능합니다.

※ 제품을 30일간 꾸준히 사용한 경우, 배송완료 후 40일이내 신청이 가능
※ 환불 서비스는 첫 구매 체험을 위한 서비스로 1회만 신청 가능

▶ <100% 환불 이벤트> 상세 환불 조건 : https://sleeplab.co.kr/notice/?page=1#13709226_notice 

슬룸을 믿고 편하게 사용 및 체험해보시고, 그럼에도 만족하시지 못하셨을 경우 슬룸 공식몰의 채널톡을 통해 이벤트 기간 내 문의 주시면 환불 접수 도움드리겠습니다."
117998,2026-08-05 8:45,2026-07-31 22:13,2026-08-04 18:46,솔직히 리뷰 잘 안쓰느데 산거 후회 안함,1f62c8d24ce4,,872,종아리편한케어 프리미엄 종아리 마사지기,149000,수량선택: 프리미엄 하체 케어 세트 (종아리편한케어 + 발편한케어 L),반응형(내리뷰),5,,0,0,1,"안녕하세요. 프리미엄 헬스테크 브랜드, 슬룸입니다.
정성스럽게 올려주신 소중한 후기 감사합니다. 💜

고객님의 목소리로 더 발전하는 슬룸이 되도록 노력하겠습니다.
감사합니다. 🙇‍♀️"
117999,2026-08-05 9:10,2026-08-02 14:51,2026-08-04 18:46,"제가 구매해서 사용해보고 좋아서 지인들께 소개도하고,
이번 휴가때 오빠집에 갔는데 허리가 안좋은것같아 오빠한테 선물했어요.
좋아지길 바래봅니다.",62cfe34b1021,,636,허리편한케어 V2 허리 마사지기,129000,수량선택: 허리편한케어 V2 1개 (마그네슘 시너지 크림 1개 증정),모바일,5,,0,0,1,"안녕하세요. 프리미엄 헬스테크 브랜드, 슬룸입니다.
시간 내어 소중한 후기를 작성해 주셔서 감사드립니다. :)

믿고 찾는 쇼핑몰이 되기 위해 더 좋은 상품과 서비스를 준비하겠습니다.
감사합니다. 💜"
118000,2026-08-05 12:08,2026-08-03 9:26,2026-08-04 18:41,"기대했던것보다 너무 좋아서 만족하면서 사용하고있어요!
병원가는것보다 훨씬 좋고 더운데 밖에나가지 않고 세상 편합니다!",02c5c5875500,,980,프리미엄 엘보케어 팔꿈치 마사지기,149000,수량선택: 팔꿈치 마사지기 1개 (시너지 크림 1개 증정),반응형(내리뷰),5,,1,0,1,"안녕하세요. 프리미엄 헬스테크 브랜드, 슬룸입니다.
정성스럽게 올려주신 소중한 후기 감사합니다. 💜

고객님의 목소리로 더 발전하는 슬룸이 되도록 노력하겠습니다.
감사합니다. 🙇‍♀️"
118001,2026-08-05 12:42,2026-07-04 9:27,,"에어백이 사용한 지 한 달 정도밖에 되지 않았는데 이미 고장 났습니다.
A/S를 받기 위해 여러 번 문의했지만, AI에서는 항상 “접수가 완료되었습니다.“라는 안내만 나올 뿐 이후에는 아무런 연락이 없었습니다.
2주 이상 기다렸는데도 연락이 없어 다시 문의했고, 총 3번이나 A/S를 요청했지만 회사에서는 아직까지 아무런 답변이나 조치가 없습니다.
제품 품질도 아쉽지만, 무엇보다 A/S 대응이 전혀 이루어지지 않는 점에 매우 실망했습니다.",323edeec6667,,909,목 마사지 베개 V2 경추 마사지기 베개,129000,수량선택: 목 마사지 베개 V2 1개,모바일(상품리뷰),1,동영상 리뷰,0,1,1,"안녕하세요. 프리미엄 헬스테크 브랜드, 슬룸입니다.
고객님께 만족스러운 경험을 드리지 못해 대단히 죄송합니다. 😥

8월 5일 경 불량 접수하시어 안내 받으신 것으로 확인됩니다.
다시 한번 불량 접수 과정에서 번거로움을 드려 죄송하다는 말씀 전달드립니다.

추가로 궁금하신 점이 있으실 경우, 번거로우시겠지만 슬룸 채팅 상담을 통해 연락 주시면 빠르게 안내 도와드리겠습니다.

▶ 슬룸 채팅 상담 (※ 월-금 09:30-17:00, 주말 및 공휴일 휴무)
http://sloom.channel.io/

고객님의 목소리로 더 발전하는 슬룸이 되도록 노력하겠습니다. 감사합니다."
118002,2026-08-05 21:21,2026-07-28 21:01,2026-07-30 16:15,"팔이 갑자기 쑤시면서 병원을 가볼까 고민을 하다가, 계속 사용할 수 있게 마사지기를 알아봤어요.  일주일 정도 사용 중인데 조금 좋아지는 느낌입니다. 조금 더 열심히 사용해보겠습니다.",fb011572a48c,,980,프리미엄 엘보케어 팔꿈치 마사지기,149000,수량선택: 데일리 릴렉스 세트 (팔꿈치 마사지기 + 마그네슘 시너지 크림),PC,5,,1,0,1,"안녕하세요. 프리미엄 헬스테크 브랜드, 슬룸입니다.
진심 어린 소중한 후기 감사합니다. 💜

앞으로도 좋은 상품과 서비스로 고객님들을 찾아뵐 수 있도록 노력하겠습니다.
감사합니다. :)"
118003,2026-08-05 7:30,2026-08-03 2:22,2026-08-04 21:10,진동마사지 기능이 좋아요.,,,724,★최대할인 비밀링크★ 목베개 플러스 특가,69000,수량선택: 목베개 플러스 1개,기존리뷰,5,,0,0,1,"안녕하세요. 프리미엄 헬스테크 브랜드, 슬룸입니다.
정성스럽게 올려주신 소중한 후기 감사합니다. 💜

고객님의 목소리로 더 발전하는 슬룸이 되도록 노력하겠습니다.
감사합니다. 🙇‍♀️"
118004,2026-08-05 7:48,2026-07-31 19:44,2026-08-04 16:12,편하고 좋아요!!!,,,980,프리미엄 엘보케어 팔꿈치 마사지기,149000,수량선택: 팔꿈치 마사지기 1개 (시너지 크림 1개 증정),기존리뷰,5,,0,0,1,"안녕하세요. 프리미엄 헬스테크 브랜드, 슬룸입니다.
진심 어린 소중한 후기 감사합니다. 💜

앞으로도 좋은 상품과 서비스로 고객님들을 찾아뵐 수 있도록 노력하겠습니다.
감사합니다. :)"
118005,2026-08-05 8:08,2026-07-31 8:01,2026-08-01 13:47,좋은 제품 잘 사용하겠습니다 감사합니다,,,636,허리편한케어 V2 허리 마사지기,129000,수량선택: 허리편한케어 V2 1개 (마그네슘 시너지 크림 1개 증정),기존리뷰,5,,0,0,1,"안녕하세요. 프리미엄 헬스테크 브랜드, 슬룸입니다.
정성스럽게 올려주신 소중한 후기 감사합니다. 💜

고객님의 목소리로 더 발전하는 슬룸이 되도록 노력하겠습니다.
감사합니다. 🙇‍♀️"
118006,2026-08-05 9:06,2026-07-31 14:38,2026-08-01 16:11,"상품이 정품입니다.
전격 전앞으로 모든 제품 사용시 매우좋음.",,,330,USB 충전 어댑터 멀티 충전기,5900,,기존리뷰,5,,0,0,1,"안녕하세요. 프리미엄 헬스테크 브랜드, 슬룸입니다.
시간 내어 소중한 후기를 작성해 주셔서 감사드립니다. :)

믿고 찾는 쇼핑몰이 되기 위해 더 좋은 상품과 서비스를 준비하겠습니다.
감사합니다. 💜"
118007,2026-08-05 9:22,2026-07-20 12:36,2026-07-22 13:38,받아서 잘 사용중인데 승모랑 팔뚝에는 느낌이 잘 와요 팔뚝은 근데 딱 쪼이는 느낌이 아니라서 롤링할때 약간 번거롭고 허벅지부분은 ems가 제일 높은 강도로 해도 세다는 느낌이 덜해서 허리 복부 팔뚝 정도? 꾸준히 사용해봐야겠어요,,,1035,[애진X슬룸] ★단독 최대혜택★ 바디풀고컷 경락 마사지기,79900,수량선택: [68%] 바디풀고컷 1개 + 시너지 젤 2개 증정,기존리뷰,4,,1,0,1,"안녕하세요. 프리미엄 헬스테크 브랜드, 슬룸입니다.
시간 내어 소중한 후기를 작성해 주셔서 감사드립니다. :)

믿고 찾는 쇼핑몰이 되기 위해 더 좋은 상품과 서비스를 준비하겠습니다.
감사합니다. 💜"
118008,2026-08-05 9:59,2026-07-29 13:39,2026-07-31 13:49,좋아요좋아요좋아요좋아요좋아요좋아요좋아요좋아요,,,874,발편한케어 프리미엄 고주파 발 마사지기,99000,"사이즈&세트선택: L (250-295mm), 수량선택: 발편한케어 1개 (마그네슘 시너지 크림 1개 증정)",기존리뷰,5,,0,0,1,"안녕하세요. 프리미엄 헬스테크 브랜드, 슬룸입니다.
시간 내어 소중한 후기를 작성해 주셔서 감사드립니다. :)

믿고 찾는 쇼핑몰이 되기 위해 더 좋은 상품과 서비스를 준비하겠습니다.
감사합니다. 💜"
118009,2026-08-05 9:59,2026-07-29 13:38,2026-07-31 16:14,좋아요좋아요좋아요좋아요좋아요,,,874,발편한케어 프리미엄 고주파 발 마사지기,99000,"사이즈&세트선택: L (250-295mm), 수량선택: 발편한케어 1개 (마그네슘 시너지 크림 1개 증정)",기존리뷰,5,,0,0,1,"안녕하세요. 프리미엄 헬스테크 브랜드, 슬룸입니다.
진심 어린 소중한 후기 감사합니다. 💜

앞으로도 좋은 상품과 서비스로 고객님들을 찾아뵐 수 있도록 노력하겠습니다.
감사합니다. :)"
118010,2026-08-05 9:59,2026-07-29 13:37,2026-07-31 16:06,좋아요좋아요좋아요좋아요좋아요좋아요좋아요,,,874,발편한케어 프리미엄 고주파 발 마사지기,99000,"사이즈&세트선택: L (250-295mm), 수량선택: 발편한케어 1개 (마그네슘 시너지 크림 1개 증정)",기존리뷰,5,,0,0,1,"안녕하세요. 프리미엄 헬스테크 브랜드, 슬룸입니다.
정성스럽게 올려주신 소중한 후기 감사합니다. 💜

고객님의 목소리로 더 발전하는 슬룸이 되도록 노력하겠습니다.
감사합니다. 🙇‍♀️"
118011,2026-08-05 10:00,2026-07-29 13:35,2026-07-31 16:15,좋아요좋아요좋아요좋아요좋아요좋아요,,,874,발편한케어 프리미엄 고주파 발 마사지기,99000,"사이즈&세트선택: L (250-295mm), 수량선택: 발편한케어 1개 (마그네슘 시너지 크림 1개 증정)",기존리뷰,5,,0,0,1,"안녕하세요. 프리미엄 헬스테크 브랜드, 슬룸입니다.
정성스럽게 올려주신 소중한 후기 감사합니다. 💜

고객님의 목소리로 더 발전하는 슬룸이 되도록 노력하겠습니다.
감사합니다. 🙇‍♀️"
118012,2026-08-05 10:00,2026-07-29 13:34,2026-07-31 13:49,좋아요좋아요좋아요좋아요좋아요좋아요,,,874,발편한케어 프리미엄 고주파 발 마사지기,99000,"사이즈&세트선택: L (250-295mm), 수량선택: 발편한케어 1개 (마그네슘 시너지 크림 1개 증정)",기존리뷰,5,,0,0,1,"안녕하세요. 프리미엄 헬스테크 브랜드, 슬룸입니다.
시간 내어 소중한 후기를 작성해 주셔서 감사드립니다. :)

믿고 찾는 쇼핑몰이 되기 위해 더 좋은 상품과 서비스를 준비하겠습니다.
감사합니다. 💜"
118013,2026-08-05 10:00,2026-07-29 13:33,2026-07-31 18:35,좋아요좋아요좋아요좋아요좋아요좋아요좋아요좋아요,,,874,발편한케어 프리미엄 고주파 발 마사지기,99000,"사이즈&세트선택: L (250-295mm), 수량선택: 발편한케어 1개 (마그네슘 시너지 크림 1개 증정)",기존리뷰,5,,0,0,1,"안녕하세요. 프리미엄 헬스테크 브랜드, 슬룸입니다.
진심 어린 소중한 후기 감사합니다. 💜

앞으로도 좋은 상품과 서비스로 고객님들을 찾아뵐 수 있도록 노력하겠습니다.
감사합니다. :)"
118014,2026-08-05 10:00,2026-07-29 13:31,2026-07-31 21:04,좋아요좋아요좋아요좋아요좋아요좋아요좋아요,,,874,발편한케어 프리미엄 고주파 발 마사지기,99000,"사이즈&세트선택: L (250-295mm), 수량선택: 발편한케어 1개 (마그네슘 시너지 크림 1개 증정)",기존리뷰,5,,0,0,1,"안녕하세요. 프리미엄 헬스테크 브랜드, 슬룸입니다.
정성스럽게 올려주신 소중한 후기 감사합니다. 💜

고객님의 목소리로 더 발전하는 슬룸이 되도록 노력하겠습니다.
감사합니다. 🙇‍♀️"
118015,2026-08-05 10:00,2026-07-29 13:30,2026-07-31 16:06,좋아요좋아요좋아요좋아요,,,874,발편한케어 프리미엄 고주파 발 마사지기,99000,"사이즈&세트선택: L (250-295mm), 수량선택: 발편한케어 1개 (마그네슘 시너지 크림 1개 증정)",기존리뷰,5,,0,0,1,"안녕하세요. 프리미엄 헬스테크 브랜드, 슬룸입니다.
시간 내어 소중한 후기를 작성해 주셔서 감사드립니다. :)

믿고 찾는 쇼핑몰이 되기 위해 더 좋은 상품과 서비스를 준비하겠습니다.
감사합니다. 💜"
118016,2026-08-05 10:01,2026-07-29 13:29,2026-07-31 13:43,좋아요좋아요좋아요좋아요좋아요좋아요좋아요좋아요좋아요,,,874,발편한케어 프리미엄 고주파 발 마사지기,99000,"사이즈&세트선택: L (250-295mm), 수량선택: 발편한케어 1개 (마그네슘 시너지 크림 1개 증정)",기존리뷰,5,,0,0,1,"안녕하세요. 프리미엄 헬스테크 브랜드, 슬룸입니다.
정성스럽게 올려주신 소중한 후기 감사합니다. 💜

고객님의 목소리로 더 발전하는 슬룸이 되도록 노력하겠습니다.
감사합니다. 🙇‍♀️"
118017,2026-08-05 10:38,2026-07-23 23:46,2026-07-25 16:13,일자목이라 샀는데 할때 진짜 아픈데 몇번 하고 나면 뭔가 풀린것 같이 유연해져요,,,909,목 마사지 베개 V2 경추 마사지기 베개,129000,수량선택: 목 마사지 베개 V2 1개 (마그네슘 시너지 크림 1개 증정),기존리뷰,5,,1,0,1,"안녕하세요. 프리미엄 헬스테크 브랜드, 슬룸입니다.
진심 어린 소중한 후기 감사합니다. 💜

앞으로도 좋은 상품과 서비스로 고객님들을 찾아뵐 수 있도록 노력하겠습니다.
감사합니다. :)"
118018,2026-08-05 11:18,2026-07-25 1:04,2026-07-28 13:52,"높이조정이 안되는게 조금 아쉬운데, 하루15분 마사지와 베개로 사용하면서 적응하고 있어요.. 
아직까지 효과가 있는지는 모르겠는데 꾸준히 써보려 합니다.",,,724,★최대할인 비밀링크★ 목베개 플러스 특가,69000,수량선택: 목베개 플러스 1개,기존리뷰,4,,0,0,1,"안녕하세요. 프리미엄 헬스테크 브랜드, 슬룸입니다.
시간 내어 소중한 후기를 작성해 주셔서 감사드립니다. :)

믿고 찾는 쇼핑몰이 되기 위해 더 좋은 상품과 서비스를 준비하겠습니다.
감사합니다. 💜"
118019,2026-08-05 11:26,2026-06-15 11:08,2026-06-16 16:17,정말이지 지긋지긋했던 테니스엘보가 많이 좋아졌어요 밤에도 낮에도 시간 될때마다했어요 저는 다른통증크림이랑 함께하기도하고 그랬어요다만 온열이있어서 오랜시간하니까 벌겋게자국이 생기더라고요 생수병 작은거 하나 들기도힘들었던 테니스엘보 골프엘보 정말이지 삶의 질이 떨어지고 우울했는데 저같이 엘보로 고생하시는분들께 진짜 진짜 추천해요 정말 이것저것 안 해본거없는데 이게 젤 효과있었어요,,,980,프리미엄 엘보케어 팔꿈치 마사지기,149000,수량선택: 팔꿈치 마사지기 1개,기존리뷰,5,,1,0,1,"안녕하세요. 프리미엄 헬스테크 브랜드, 슬룸입니다.
진심 어린 소중한 후기 감사합니다. 💜

앞으로도 좋은 상품과 서비스로 고객님들을 찾아뵐 수 있도록 노력하겠습니다.
감사합니다. :)"
118020,2026-08-05 13:45,2026-07-24 18:15,2026-07-28 18:40,다리 근육이 매일 뭉쳤는데 너무 풀어져서 좋습니다.,,,1043,[슬룸 4차 진행!] 코이티비 구독자 전용 ★최저가★ 비밀링크,99000,수량선택: ★코이티비SET★목 마사지 베개 V2 1개 + 종아리편한케어 1개 +(증정)마그네슘 시너지 크림 1개,기존리뷰,5,,0,0,1,"안녕하세요. 프리미엄 헬스테크 브랜드, 슬룸입니다.
진심 어린 소중한 후기 감사합니다. 💜

앞으로도 좋은 상품과 서비스로 고객님들을 찾아뵐 수 있도록 노력하겠습니다.
감사합니다. :)"
118021,2026-08-05 14:43,2026-08-03 12:41,2026-08-04 16:13,좋은가격에 구매 잘 했습니다.,,,1034,★타노스X슬룸 히든 특가★ 프리미엄 엘보케어 팔꿈치 마사지기,149000,수량선택: 팔꿈치 마사지기 1개,기존리뷰,5,,1,0,1,"안녕하세요. 프리미엄 헬스테크 브랜드, 슬룸입니다.
시간 내어 소중한 후기를 작성해 주셔서 감사드립니다. :)

믿고 찾는 쇼핑몰이 되기 위해 더 좋은 상품과 서비스를 준비하겠습니다.
감사합니다. 💜"
118022,2026-08-05 16:02,2026-07-31 17:32,2026-08-04 21:10,아직 잘 모르겠어요,,,874,발편한케어 프리미엄 고주파 발 마사지기,99000,"사이즈&세트선택: L (250-295mm), 수량선택: 발편한케어 1개 (마그네슘 시너지 크림 1개 증정)",기존리뷰,3,,1,0,1,"안녕하세요 고객님, 프리미엄 헬스테크 브랜드, 슬룸입니다.
고객님께 만족스러운 경험을 드리지 못해 대단히 죄송합니다.😥

슬룸의 모든 제품은 인체공학적으로 설계되어 편안한 사용이 가능하나 초기 사용 시 1~2주 이상의 적응 기간이 필요할 수 있습니다. 
다만 수령하신 날짜 기준으로 30일 동안 꾸준히 사용해보시고도 만족하지 못하셨을 경우에는, 슬룸에서 진행하는 <100%환불이벤트> 에 참여하여 왕복배송비 제외 전액 환불이 가능합니다.

※ 제품을 30일간 꾸준히 사용한 경우, 배송완료 후 40일이내 신청이 가능
※ 환불 서비스는 첫 구매 체험을 위한 서비스로 1회만 신청 가능

▶ <100% 환불 이벤트> 상세 환불 조건 : https://sleeplab.co.kr/notice/?page=1#13709226_notice 

슬룸을 믿고 편하게 사용 및 체험해보시고, 그럼에도 만족하시지 못하셨을 경우 슬룸 공식몰의 채널톡을 통해 이벤트 기간 내 문의 주시면 환불 접수 도움드리겠습니다."
118023,2026-08-05 16:03,2026-07-31 17:32,2026-08-04 21:10,아직 잘 모르겠어요,,,964,[코어 밸런스 업 세트] 허리편한케어 V2 + 목 마사지 베개 V2,248000,수량선택: 코어 밸런스 업 세트 (허리편한케어 V2 + 목 마사지 베개 V2),기존리뷰,3,,2,0,1,"안녕하세요 고객님, 프리미엄 헬스테크 브랜드, 슬룸입니다.
고객님께 만족스러운 경험을 드리지 못해 대단히 죄송합니다.😥

슬룸의 모든 제품은 인체공학적으로 설계되어 편안한 사용이 가능하나 초기 사용 시 1~2주 이상의 적응 기간이 필요할 수 있습니다. 
다만 수령하신 날짜 기준으로 30일 동안 꾸준히 사용해보시고도 만족하지 못하셨을 경우에는, 슬룸에서 진행하는 <100%환불이벤트> 에 참여하여 왕복배송비 제외 전액 환불이 가능합니다.

※ 제품을 30일간 꾸준히 사용한 경우, 배송완료 후 40일이내 신청이 가능
※ 환불 서비스는 첫 구매 체험을 위한 서비스로 1회만 신청 가능

▶ <100% 환불 이벤트> 상세 환불 조건 : https://sleeplab.co.kr/notice/?page=1#13709226_notice 

슬룸을 믿고 편하게 사용 및 체험해보시고, 그럼에도 만족하시지 못하셨을 경우 슬룸 공식몰의 채널톡을 통해 이벤트 기간 내 문의 주시면 환불 접수 도움드리겠습니다."
118024,2026-08-05 17:07,2026-07-28 5:20,2026-07-29 16:07,아직 쓴지 얼마 안되서.. 음..,,,909,목 마사지 베개 V2 경추 마사지기 베개,129000,수량선택: 목 마사지 베개 V2 1개 (마그네슘 시너지 크림 1개 증정),기존리뷰,5,,1,0,1,"안녕하세요 고객님, 프리미엄 헬스테크 브랜드, 슬룸입니다.
고객님께 만족스러운 경험을 드리지 못해 대단히 죄송합니다.😥

슬룸의 모든 제품은 인체공학적으로 설계되어 편안한 사용이 가능하나 초기 사용 시 1~2주 이상의 적응 기간이 필요할 수 있습니다. 
다만 수령하신 날짜 기준으로 30일 동안 꾸준히 사용해보시고도 만족하지 못하셨을 경우에는, 슬룸에서 진행하는 <100%환불이벤트> 에 참여하여 왕복배송비 제외 전액 환불이 가능합니다.

※ 제품을 30일간 꾸준히 사용한 경우, 배송완료 후 40일이내 신청이 가능
※ 환불 서비스는 첫 구매 체험을 위한 서비스로 1회만 신청 가능

▶ <100% 환불 이벤트> 상세 환불 조건 : https://sleeplab.co.kr/notice/?page=1#13709226_notice 

슬룸을 믿고 편하게 사용 및 체험해보시고, 그럼에도 만족하시지 못하셨을 경우 슬룸 공식몰의 채널톡을 통해 이벤트 기간 내 문의 주시면 환불 접수 도움드리겠습니다."
118025,2026-08-05 18:36,2026-07-22 12:52,2026-07-23 13:39,잘쓰고있네요~마사지되는 것까진 좋은데..사이즈가 넘 작네요..그리고..버튼쪽 가죽덧댄건 이해되는데..반대편은 왜 있는건지..은근 걸리적 거리네요~마사지는 견인까지되서 아주 굿~ㅋㅋ,,,724,★최대할인 비밀링크★ 목베개 플러스 특가,69000,수량선택: 목베개 플러스 1개,기존리뷰,4,,1,0,1,"안녕하세요. 프리미엄 헬스테크 브랜드, 슬룸입니다.
시간 내어 소중한 후기를 작성해 주셔서 감사드립니다. :)

믿고 찾는 쇼핑몰이 되기 위해 더 좋은 상품과 서비스를 준비하겠습니다.
감사합니다. 💜"
118026,2026-08-05 18:50,2026-08-02 21:03,2026-08-04 10:43,너무너무 맘에 드네요 뜨뜨하이 마사지받으면서 잠들면 천국입니다. 하나 구입했다가. 부모님 드릴려고 2개 재구매 했습니다. 선있는거랑 이거 두개 우선 샀었는데..무조건 이거 사세요 무선이 훨씬편하고 그냥 배게로 쓰기에도 이게 더 편하고 좋습니다,,,909,목 마사지 베개 V2 경추 마사지기 베개,129000,수량선택: 목 마사지 베개 V2 2개,기존리뷰,5,,1,0,1,"안녕하세요. 프리미엄 헬스테크 브랜드, 슬룸입니다.
시간 내어 소중한 후기를 작성해 주셔서 감사드립니다. :)

믿고 찾는 쇼핑몰이 되기 위해 더 좋은 상품과 서비스를 준비하겠습니다.
감사합니다. 💜"
118027,2026-08-05 19:21,2026-07-18 13:18,2026-07-21 18:55,신형은 무선이라 편해요,,,1033,[신금동x슬룸] 최저가 마켓 OPEN,79000,수량선택: ★최저가★ 경추 마사지 베개 V2 1개 + (증정) 마그네슘 크림 1개,기존리뷰,5,,1,0,1,"안녕하세요. 프리미엄 헬스테크 브랜드, 슬룸입니다.
진심 어린 소중한 후기 감사합니다. 💜

앞으로도 좋은 상품과 서비스로 고객님들을 찾아뵐 수 있도록 노력하겠습니다.
감사합니다. :)"
118028,2026-08-05 19:36,2026-08-03 20:12,2026-08-05 18:39,슬룸 목 베개 목 디스크로 고생하니 이것저것 사보게 되네요 받자마자 해봤는데 진동은 약하고 에어리프팅 모드가 시원하네요 도움이 될수있기를 바래봅니다,,,724,★최대할인 비밀링크★ 목베개 플러스 특가,69000,수량선택: 목베개 플러스 1개,기존리뷰,4,,1,0,1,"안녕하세요. 프리미엄 헬스테크 브랜드, 슬룸입니다.
진심 어린 소중한 후기 감사합니다. 💜

앞으로도 좋은 상품과 서비스로 고객님들을 찾아뵐 수 있도록 노력하겠습니다.
감사합니다. :)"
118029,2026-08-05 20:12,2026-07-24 12:57,2026-07-25 18:35,굿굿굿 너무 잘 사용중이에요,,,1043,[슬룸 4차 진행!] 코이티비 구독자 전용 ★최저가★ 비밀링크,99000,수량선택: 목 마사지 베개 V2 1개,기존리뷰,5,,0,0,1,"안녕하세요. 프리미엄 헬스테크 브랜드, 슬룸입니다.
시간 내어 소중한 후기를 작성해 주셔서 감사드립니다. :)

믿고 찾는 쇼핑몰이 되기 위해 더 좋은 상품과 서비스를 준비하겠습니다.
감사합니다. 💜"
118030,2026-08-05 20:15,2026-08-04 7:32,2026-08-05 18:38,효과가 있었으면 좋겠네요,,,909,목 마사지 베개 V2 경추 마사지기 베개,129000,수량선택: 목 마사지 베개 V2 1개 (마그네슘 시너지 크림 1개 증정),기존리뷰,5,,1,0,1,"안녕하세요. 프리미엄 헬스테크 브랜드, 슬룸입니다.
시간 내어 소중한 후기를 작성해 주셔서 감사드립니다. :)

믿고 찾는 쇼핑몰이 되기 위해 더 좋은 상품과 서비스를 준비하겠습니다.
감사합니다. 💜"
118031,2026-08-05 20:37,2026-07-27 0:53,2026-07-28 13:44,"인스타 링크타고 115000원 비밀할인가로 구입. 구입하자마자 다음날 94,000원에올라옴",,,909,목 마사지 베개 V2 경추 마사지기 베개,129000,수량선택: 목 마사지 베개 V2 1개 (마그네슘 시너지 크림 1개 증정),기존리뷰,3,,1,0,1,"안녕하세요 고객님,
프리미엄 헬스테크 브랜드, 슬룸입니다.
고객님께 만족스러운 경험을 드리지 못해 대단히 죄송합니다. 😥

구매 후 바로 다음 날 더 낮은 가격으로 안내되는 것을 보시고 많이 아쉬우셨을 것 같습니다.
소중한 마음으로 구매해 주셨는데 이런 부분으로 속상함을 드려 죄송합니다.

다만 인스타그램 등 이벤트를 통해 진행되는 할인가는 기간 한정 프로모션이나 이벤트 내용에 따라 수시로 변동될 수 있는 점 양해 부탁드립니다.

추가로 궁금하신 점이 있으시거나 문자 확인하신 후에도 해결되지 않는 경우
번거로우시겠지만 슬룸 채팅 상담을 통해 연락 주시면 빠르게 안내 도와드리겠습니다.

▶ 슬룸 채팅 상담 (※ 월-금 09:30-17:00, 주말 및 공휴일 휴무)
http://sloom.channel.io/

고객님의 목소리로 더 발전하는 슬룸이 되도록 노력하겠습니다. 감사합니다."
118032,2026-08-05 20:39,2026-07-29 22:31,2026-07-31 16:14,편하고 젛아요 잘써요,,,1038,[썸머 수퍼데이] 목베개 스트레칭 베개,11900,수량선택: 목베개 1개,기존리뷰,5,,1,0,1,"안녕하세요. 프리미엄 헬스테크 브랜드, 슬룸입니다.
진심 어린 소중한 후기 감사합니다. 💜

앞으로도 좋은 상품과 서비스로 고객님들을 찾아뵐 수 있도록 노력하겠습니다.
감사합니다. :)"
118033,2026-08-05 22:00,2026-08-01 10:24,2026-08-04 13:41,목디스크로 인한 두통까지.. 베개가 불편해서 알아보던중 구매했습니다. 냄새가 조금나서 널어놨다가 사용했어요 사용중 잠이 오거나 하지는 않지만 온열기능까지 있어서 목 긴장도가 좀 풀어지는듯 합니다. 옆으로 잘때는 불편하네요.. 마사지용으로 사용중입니다.,,,724,★최대할인 비밀링크★ 목베개 플러스 특가,69000,수량선택: 목베개 플러스 1개,기존리뷰,5,,1,0,1,"안녕하세요. 프리미엄 헬스테크 브랜드, 슬룸입니다.
진심 어린 소중한 후기 감사합니다. 💜

앞으로도 좋은 상품과 서비스로 고객님들을 찾아뵐 수 있도록 노력하겠습니다.
감사합니다. :)"
118034,2026-08-05 22:32,2026-08-04 8:06,2026-08-05 18:39,빠른 배송 감사합니다.,,,980,프리미엄 엘보케어 팔꿈치 마사지기,149000,수량선택: 팔꿈치 마사지기 1개 (시너지 크림 1개 증정),기존리뷰,5,,0,0,1,"안녕하세요. 프리미엄 헬스테크 브랜드, 슬룸입니다.
정성스럽게 올려주신 소중한 후기 감사합니다. 💜

고객님의 목소리로 더 발전하는 슬룸이 되도록 노력하겠습니다.
감사합니다. 🙇‍♀️"
118035,2026-08-06 2:20,2026-07-30 3:38,2026-07-31 14:49,진짜 리뷰 댓글알바이고 진짜 높아서 개불편함 반품도 안되 단순변심도 반품 안됨 개 거지같음,,,909,목 마사지 베개 V2 경추 마사지기 베개,129000,수량선택: 목 마사지 베개 V2 1개 (마그네슘 시너지 크림 1개 증정),기존리뷰,1,,0,0,1,"안녕하세요 고객님, 프리미엄 헬스테크 브랜드, 슬룸입니다.
고객님께 만족스러운 경험을 드리지 못해 대단히 죄송합니다.😥

슬룸의 모든 제품은 인체공학적으로 설계되어 편안한 사용이 가능하나 초기 사용 시 1~2주 이상의 적응 기간이 필요할 수 있습니다. 
다만 수령하신 날짜 기준으로 30일 동안 꾸준히 사용해보시고도 만족하지 못하셨을 경우에는, 슬룸에서 진행하는 <100%환불이벤트> 에 참여하여 왕복배송비 제외 전액 환불이 가능합니다.

※ 제품을 30일간 꾸준히 사용한 경우, 배송완료 후 40일이내 신청이 가능
※ 환불 서비스는 첫 구매 체험을 위한 서비스로 1회만 신청 가능

▶ <100% 환불 이벤트> 상세 환불 조건 : https://sleeplab.co.kr/notice/?page=1#13709226_notice 

슬룸을 믿고 편하게 사용 및 체험해보시고, 그럼에도 만족하시지 못하셨을 경우 슬룸 공식몰의 채널톡을 통해 이벤트 기간 내 문의 주시면 환불 접수 도움드리겠습니다."
118036,2026-08-06 8:12,2026-08-03 18:01,2026-08-05 16:20,제품 잘 받았습니다 어제 오늘 사용해봤는데 병원에서 치료 바는 느낌이 드네요 열심히 사용하겠습니다 좋은제품 감사합니다 ,f88b41542d28,,636,허리편한케어 V2 허리 마사지기,129000,수량선택: 허리편한케어 V2 1개 (마그네슘 시너지 크림 1개 증정),반응형(내리뷰),5,,0,0,1,"안녕하세요. 프리미엄 헬스테크 브랜드, 슬룸입니다.
진심 어린 소중한 후기 감사합니다. 💜

앞으로도 좋은 상품과 서비스로 고객님들을 찾아뵐 수 있도록 노력하겠습니다.
감사합니다. :)"
118037,2026-08-04 0:00,,,"출산 후 복부 라인이 신경 쓰여 집에서 꾸준히 관리해보려고 구매했어요~👍🏻 운동만으로는 배 주변 변화가 잘 느껴지지 않았는데, 이 제품은 간편해서 생각보다 자주 사용하게 되네요 ^^
벨트가 배와 허리를 넓게 감싸줘 착용감이 안정적이고, 가볍게 움직여도 잘 흘러내리지 않아 좋아요 롤러가 단순히 진동만 주는 게 아니라 안쪽을 꾹꾹 눌러주는 느낌이라 마사지받는 기분도 꽤 잘 느껴집니다ㅎㅎ
강도 조절이 세분화돼 있어 평소에는 약하게, 운동 후나 허리가 뻐근한 날에는 조금 강하게 사용하고 있어요. 온열 기능도 금방 따뜻해지고 복부와 허리를 함께 감싸줘서 저녁에 사용하면 편안해서 잠도 잘 옴ㅋ
리모컨으로 바로 조절할 수 있고 충전식이라 편해요ㅋㅋ 아직 오래 사용한 건 아니지만, 매일 복부를 관리하는 습관이 생겼다는 점은 만족스럽습니다^^",f596b1c19a97,,469,복부 순환 마스터 프리미엄 복부 마사지기,149000,,기존리뷰,5,,1,0,1,"안녕하세요. 프리미엄 헬스테크 브랜드, 슬룸입니다.
정성스럽게 올려주신 소중한 후기 감사합니다. 💜

고객님의 목소리로 더 발전하는 슬룸이 되도록 노력하겠습니다.
감사합니다. 🙇‍♀️"
118038,2026-08-05 0:00,,,"평소에도 손발이 차고 아랫배가 냉한 편인데, 특히 그날 전후가 되면 배가 더 차갑게 느껴지고 허리까지 뻐근해서 온열 기능이 있는 제품을 찾다가 구매해봤습니다. 찜질팩은 따뜻하긴 하지만 움직이기 불편하고 금방 식는 경우가 많아서, 마사지와 온열을 같이 사용할 수 있다는 점이 마음에 드네요😀
처음에는 마사지 자극이 너무 세지 않을까 걱정했는데 강도를 세세하게 조절할 수 있어서 좋았어요. 저는 컨디션이 예민한 날에는 1~2단계로 부드럽게 사용하고, 평소에는 중간 정도 강도로 사용하는데 배와 허리를 번갈아 눌러주는 느낌이 꽤 편안하더라고요 ㅎㅎ 특히 온열 기능이 3단계로 나뉘어 있는 점이 진짜 좋아요! 컨디션에 따라 조절할 수 있어서 좋고, 따뜻함이 배 전체에 고르게 퍼지는 느낌이라 찜질팩보다 훨씬 편하게 사용하고 있어요!
벨트가 몸에 밀착돼서 누워 있을 때뿐 아니라 소파에 앉아 있거나 집안일을 조금 할 때도 사용할 수 있는데요, 복부만 덮는 게 아니라 허리까지 감싸주니까 그날 전후로 허리 쪽이 뻐근할 때도 같이 관리할 수 있어서 더 만족스럽습니다.
그리고 리모콘이 있어서 사용 중에 자세를 바꾸거나 강도를 조절하고 싶을 때 몸을 숙이지 않아도 바로 바꿀 수 있어서 편합니다. 충전식이라 선이 걸리적거리지 않고, 침대나 거실 어디에서든 사용할 수 있다는 점도 확실히 좋네요~
저는 주로 자기 전에 15~20분 정도 사용하는데, 따뜻하게 감싸주면서 마사지까지 들어가니까 하루를 마무리하는 루틴처럼 자리 잡았어요. 사용 후에는 아랫배가 덜 차갑게 느껴지고 몸도 조금 편안해지는 기분이라 그날 전후에는 꼭 챙겨 쓰고 있습니다💛🥲
단순히 따뜻하기만 한 제품보다 마사지 강도와 모드를 세밀하게 조절할 수 있어서 진짜 잘 쓰고 있습니다! 자극이 부담스럽지 않으면서도 복부와 허리를 함께 관리할 수 있어서 앞으로도 꾸준히 사용할 생각입니다 :)",d43e3c8ed5de,,469,복부 순환 마스터 프리미엄 복부 마사지기,149000,,기존리뷰,5,,2,0,1,"안녕하세요. 프리미엄 헬스테크 브랜드, 슬룸입니다.
시간 내어 소중한 후기를 작성해 주셔서 감사드립니다. :)

믿고 찾는 쇼핑몰이 되기 위해 더 좋은 상품과 서비스를 준비하겠습니다.
감사합니다. 💜"
118039,2026-08-06 11:10,2026-08-01 23:11,2026-08-04 18:43,환불하고싶은대 방법이 없네요 아에 통화도안되고 채팅앱에서도 제대로 설명할기회를 주질 않네요 목아아파서 산건대 30초 사용해보니 진짜 아닌것같네요 목이 더 아픈대1~2주 적응기간이 빌요하다니 황당하네요,227875fe2ba8,,1043,[슬룸 4차 진행!] 코이티비 구독자 전용 ★최저가★ 비밀링크,99000,수량선택: 목 마사지 베개 V2 1개,반응형(내리뷰),1,,0,0,1,"안녕하세요 고객님, 프리미엄 헬스테크 브랜드, 슬룸입니다.
고객님께 만족스러운 경험을 드리지 못해 대단히 죄송합니다.😥

슬룸의 모든 제품은 인체공학적으로 설계되어 편안한 사용이 가능하나 초기 사용 시 1~2주 이상의 적응 기간이 필요할 수 있습니다. 
다만 수령하신 날짜 기준으로 30일 동안 꾸준히 사용해보시고도 만족하지 못하셨을 경우에는, 슬룸에서 진행하는 <100%환불이벤트> 에 참여하여 왕복배송비 제외 전액 환불이 가능합니다.

※ 제품을 30일간 꾸준히 사용한 경우, 배송완료 후 40일이내 신청이 가능
※ 환불 서비스는 첫 구매 체험을 위한 서비스로 1회만 신청 가능

▶ <100% 환불 이벤트> 상세 환불 조건 : https://sleeplab.co.kr/notice/?page=1#13709226_notice 

슬룸을 믿고 편하게 사용 및 체험해보시고, 그럼에도 만족하시지 못하셨을 경우 슬룸 공식몰의 채널톡을 통해 이벤트 기간 내 문의 주시면 환불 접수 도움드리겠습니다."
118040,2026-08-06 12:33,,,"원래 야식 먹고 바로 자면 속이 답답해서 뒤척이는 편이었는데ㅋㅋ
이 복부순환마사지기 쓰고 나서 그게 없어졌어요. 먹으면서 같이 돌려주면 진짜 바로 속이 편해져요!!
그래서 이제 햄버거든 뭐든 먹을 때 필수템으로 차고 먹어요ㅋㅋㅋ
가장 만족스러운 건 더부룩함이 안 남고~  변비로 고생 좀 했는데 확실히 도움이 됐어요!!
기능은 EMS 자극, TENS 자극, 롤링 마사지, 온열 이렇게 있는데 자극이 아프지 않고 딱 기분 좋은 정도예요!
특히 온열이랑 롤링 조합은 극락… 생리통 있는 날엔 아침부터 밤까지 그냥 차고 살아요!!!!",0493666e7665,,469,복부 순환 마스터 프리미엄 복부 마사지기,149000,,스탭후기,5,,1,0,1,"안녕하세요. 프리미엄 헬스테크 브랜드, 슬룸입니다.
정성스럽게 올려주신 소중한 후기 감사합니다. 💜

고객님의 목소리로 더 발전하는 슬룸이 되도록 노력하겠습니다.
감사합니다. 🙇‍♀️"
118041,2026-08-06 12:35,2026-08-04 9:01,2026-08-05 16:11,"신랑이 팔꿈치쪽을 아파해서 사서 어제받아서 해봤는데 병원에서 받는치료랑 같다하네요.
한번해서 효과는 모르겠지만 꾸준히 사용해볼께요.
근데 사고나니 무릎가능한 연장벨트가 나왔네요 ㅠ",80e17d56ec11,,980,프리미엄 엘보케어 팔꿈치 마사지기,149000,수량선택: 팔꿈치 마사지기 1개 (시너지 크림 1개 증정),모바일(팝업),4,,0,0,1,"안녕하세요. 프리미엄 헬스테크 브랜드, 슬룸입니다.
정성스럽게 올려주신 소중한 후기 감사합니다. 💜

고객님의 목소리로 더 발전하는 슬룸이 되도록 노력하겠습니다.
감사합니다. 🙇‍♀️"
118042,2026-08-06 15:21,2026-08-05 12:17,2026-08-06 15:21,"팔꿈치 사용해보고 너무 좋아서 종아리용도 구매해봅니다!
넘 만족스러워서 다른것도 구매할것같아요!",02c5c5875500,,872,종아리편한케어 프리미엄 종아리 마사지기,149000,수량선택: 종아리편한케어 1개,모바일,5,,1,0,1,"안녕하세요. 프리미엄 헬스테크 브랜드, 슬룸입니다.
시간 내어 소중한 후기를 작성해 주셔서 감사드립니다. :)

믿고 찾는 쇼핑몰이 되기 위해 더 좋은 상품과 서비스를 준비하겠습니다.
감사합니다. 💜"
118043,2026-08-06 15:22,2026-08-05 12:17,2026-08-06 15:21,"처음에 긴가민가하면서 구매했던 팔꿈치용이 넘 마음에 들어서 무릎에도 사용하려고 구매합니다.
처음살때 세트로 구매할걸그랬어요!",02c5c5875500,,1047,팔꿈치 마사지기 연장벨트,22000,,모바일,5,,1,0,1,"안녕하세요. 프리미엄 헬스테크 브랜드, 슬룸입니다.
정성스럽게 올려주신 소중한 후기 감사합니다. 💜

고객님의 목소리로 더 발전하는 슬룸이 되도록 노력하겠습니다.
감사합니다. 🙇‍♀️"
118044,2026-08-06 15:59,,,"강주은님 유튜브 보고 산 허리 케어템. 하루 10분인데 이게 은근 중독😌 저 쓰는 거 보고 친정 부모님도 사드렸어요 ㅎㅎㅎ 하루 10분 정도 누워서 대고 있으면 그날 뭉친 게 풀리는 느낌이라 이제 자기 전 루틴이 됐어요. 허리뿐 아니라 어깨나 날개뼈 쪽에 대고 써도 좋아서 활용도가 높아요. 저 쓰던 거 보시고 부모님도 사드렸는데 어머니가 매일 쓰신다고 하셔서, 이번 추석엔 시부모님 선물로 하나 더 주문하려고요. 부모님 선물 고민이신 분들께 추천!!",e142cccf0d6a,,636,허리편한케어 V2 허리 마사지기,129000,,스탭후기,5,,2,0,1,"안녕하세요. 프리미엄 헬스테크 브랜드, 슬룸입니다.
시간 내어 소중한 후기를 작성해 주셔서 감사드립니다. :)

믿고 찾는 쇼핑몰이 되기 위해 더 좋은 상품과 서비스를 준비하겠습니다.
감사합니다. 💜"
118045,2026-08-06 6:51,2026-07-19 23:54,2026-07-21 13:49,식당일로 매일 반복인 설거지 웍질에 엘보때문에 고생하고 있었는데 광고보다가 이거다싶어 주문하게 되었네요~ 몇번 사용해서 잘 모르겠지만 효과는 볼것같은 느낌! 꾸준히 사용해볼께요^^,,,980,프리미엄 엘보케어 팔꿈치 마사지기,149000,수량선택: 팔꿈치 마사지기 1개,기존리뷰,5,,1,0,1,"안녕하세요. 프리미엄 헬스테크 브랜드, 슬룸입니다.
시간 내어 소중한 후기를 작성해 주셔서 감사드립니다. :)

믿고 찾는 쇼핑몰이 되기 위해 더 좋은 상품과 서비스를 준비하겠습니다.
감사합니다. 💜"
118046,2026-08-06 10:17,2026-08-02 13:45,2026-08-04 18:52,"ㄹㅇ 낚였다.
매우 불편함.
일단 보통의 제품들이 전부 목이 들어올리는 형태로 나와서 효과가 있을까 했음.(목,어깨 마사지할때도 C자형에 가깝게 눕는데 타제품들도 거의 목을 올리는 형태라서 혹시?했음)
아니다 다를까 효과 없음.
그래서 그냥 마사지볼 느낌으로 나혼자 여기저기 움직이면서 볼 하나에 의지해서 비비는중.
최악임.
그리고 모든 목통증은 어깨에서 강하게 눌러주어
목 주위를 뜨겁게해서 살포시 마사지 해주는게 정상인데 왜 목주변에 볼이 더 크고 어깨는 작은 볼을 배치한건지도 의문.
당장 반품이 맞지만 귀찮아서 안함;
진짜 쓸때없이 10만원짜리 마사지볼 임.
매우 부풀려서 조만간 당근에 팔아야겠음.",,,379,넥숄더 프로 목 어깨 마사지기,109000,수량선택: 넥숄더 프로 1개,기존리뷰,1,,0,0,1,"안녕하세요 고객님, 프리미엄 헬스테크 브랜드, 슬룸입니다.
고객님께 만족스러운 경험을 드리지 못해 대단히 죄송합니다.😥

슬룸의 모든 제품은 인체공학적으로 설계되어 편안한 사용이 가능하나 초기 사용 시 1~2주 이상의 적응 기간이 필요할 수 있습니다. 
다만 수령하신 날짜 기준으로 30일 동안 꾸준히 사용해보시고도 만족하지 못하셨을 경우에는, 슬룸에서 진행하는 <100%환불이벤트> 에 참여하여 왕복배송비 제외 전액 환불이 가능합니다.

※ 제품을 30일간 꾸준히 사용한 경우, 배송완료 후 40일이내 신청이 가능
※ 환불 서비스는 첫 구매 체험을 위한 서비스로 1회만 신청 가능

▶ <100% 환불 이벤트> 상세 환불 조건 : https://sleeplab.co.kr/notice/?page=1#13709226_notice 

슬룸을 믿고 편하게 사용 및 체험해보시고, 그럼에도 만족하시지 못하셨을 경우 슬룸 공식몰의 채널톡을 통해 이벤트 기간 내 문의 주시면 환불 접수 도움드리겠습니다."
118047,2026-08-06 15:02,2026-05-12 21:10,2026-05-14 12:10,"병원가지않고,  집에서 자유롭게 할수있어 편하구요. 안마도 시원합니다.",,,645,발편한케어 프리미엄 발 마사지기,99000,"버전&세트선택: 데일리, 사이즈&세트선택: M (220-270mm), 수량선택: 발편한케어 데일리 1개 (마그네슘 시너지 크림 30ml 1개 증정)",기존리뷰,5,,0,0,1,"안녕하세요. 프리미엄 헬스테크 브랜드, 슬룸입니다.
정성스럽게 올려주신 소중한 후기 감사합니다. 💜

고객님의 목소리로 더 발전하는 슬룸이 되도록 노력하겠습니다.
감사합니다. 🙇‍♀️"
118048,2026-08-06 15:20,2026-08-04 7:34,2026-08-05 16:10,"마사지가 시원하지가 않는다 
이베게비고 허리가 아푸다",,,724,★최대할인 비밀링크★ 목베개 플러스 특가,69000,수량선택: 목베개 플러스 1개,기존리뷰,1,,0,0,1,"안녕하세요 고객님, 프리미엄 헬스테크 브랜드, 슬룸입니다.
고객님께 만족스러운 경험을 드리지 못해 대단히 죄송합니다.😥

슬룸의 모든 제품은 인체공학적으로 설계되어 편안한 사용이 가능하나 초기 사용 시 1~2주 이상의 적응 기간이 필요할 수 있습니다. 
다만 수령하신 날짜 기준으로 30일 동안 꾸준히 사용해보시고도 만족하지 못하셨을 경우에는, 슬룸에서 진행하는 <100%환불이벤트> 에 참여하여 왕복배송비 제외 전액 환불이 가능합니다.

※ 제품을 30일간 꾸준히 사용한 경우, 배송완료 후 40일이내 신청이 가능
※ 환불 서비스는 첫 구매 체험을 위한 서비스로 1회만 신청 가능

▶ <100% 환불 이벤트> 상세 환불 조건 : https://sleeplab.co.kr/notice/?page=1#13709226_notice 

슬룸을 믿고 편하게 사용 및 체험해보시고, 그럼에도 만족하시지 못하셨을 경우 슬룸 공식몰의 채널톡을 통해 이벤트 기간 내 문의 주시면 환불 접수 도움드리겠습니다."
118049,2026-08-06 15:20,2026-08-05 7:14,2026-08-06 13:38,아직 사용 전이나 딱 봐도 좋아보임요~~천잋부드럽고 목이편함,,,724,★최대할인 비밀링크★ 목베개 플러스 특가,69000,수량선택: 목베개 플러스 1개,기존리뷰,5,,0,0,1,"안녕하세요. 프리미엄 헬스테크 브랜드, 슬룸입니다.
진심 어린 소중한 후기 감사합니다. 💜

앞으로도 좋은 상품과 서비스로 고객님들을 찾아뵐 수 있도록 노력하겠습니다.
감사합니다. :)"
118050,2026-08-06 16:11,2026-05-28 11:15,2026-05-29 16:10,잘 사용하겠습니다. 감사합니다,,,330,USB 충전 어댑터 멀티 충전기,5900,,기존리뷰,5,,0,0,1,"안녕하세요. 프리미엄 헬스테크 브랜드, 슬룸입니다.
시간 내어 소중한 후기를 작성해 주셔서 감사드립니다. :)

믿고 찾는 쇼핑몰이 되기 위해 더 좋은 상품과 서비스를 준비하겠습니다.
감사합니다. 💜"
118051,2026-08-06 17:51,2026-06-03 19:59,2026-06-05 21:08,괜찮아요 편해요 쓰기다,,,909,목 마사지 베개 V2 경추 마사지기 베개,129000,수량선택: 목 마사지 베개 V2 1개,기존리뷰,5,,0,0,1,"안녕하세요. 프리미엄 헬스테크 브랜드, 슬룸입니다.
정성스럽게 올려주신 소중한 후기 감사합니다. 💜

고객님의 목소리로 더 발전하는 슬룸이 되도록 노력하겠습니다.
감사합니다. 🙇‍♀️"
118052,2026-08-06 18:34,2026-08-05 7:31,2026-08-06 15:21,눌러주고 뜨끈하고 잘풀립니다.,,,724,★최대할인 비밀링크★ 목베개 플러스 특가,69000,수량선택: 목베개 플러스 1개,기존리뷰,5,,1,0,1,"안녕하세요. 프리미엄 헬스테크 브랜드, 슬룸입니다.
정성스럽게 올려주신 소중한 후기 감사합니다. 💜

고객님의 목소리로 더 발전하는 슬룸이 되도록 노력하겠습니다.
감사합니다. 🙇‍♀️"
118053,2026-08-06 18:59,2026-08-04 14:38,2026-08-05 16:11,물리치료받는거같아요,,,980,프리미엄 엘보케어 팔꿈치 마사지기,149000,수량선택: 팔꿈치 마사지기 1개 (마그네슘 시너지 크림 1개 증정),기존리뷰,5,,1,0,1,"안녕하세요. 프리미엄 헬스테크 브랜드, 슬룸입니다.
시간 내어 소중한 후기를 작성해 주셔서 감사드립니다. :)

믿고 찾는 쇼핑몰이 되기 위해 더 좋은 상품과 서비스를 준비하겠습니다.
감사합니다. 💜"
118054,2026-08-06 19:19,2026-07-20 10:41,2026-07-21 16:28,운동 후 통증 완화에 좋아요. 현재 만족하고 있음.,,,980,프리미엄 엘보케어 팔꿈치 마사지기,149000,수량선택: 데일리 릴렉스 세트 (팔꿈치 마사지기 + 마그네슘 시너지 크림),기존리뷰,5,,1,0,1,"안녕하세요. 프리미엄 헬스테크 브랜드, 슬룸입니다.
진심 어린 소중한 후기 감사합니다. 💜

앞으로도 좋은 상품과 서비스로 고객님들을 찾아뵐 수 있도록 노력하겠습니다.
감사합니다. :)"
118055,2026-08-06 20:15,2026-07-21 17:19,2026-07-23 18:36,완전 만족스럽지는 않습니다 ㅜ 좀 기계가 짱짱했으면 좋겟는데 어느부위를 해도 커서 힘줘야해서 힘드네요,,,1035,[애진X슬룸] ★단독 최대혜택★ 바디풀고컷 경락 마사지기,79900,수량선택: [68%] 바디풀고컷 1개 + 시너지 젤 2개 증정,기존리뷰,3,,1,0,1,"안녕하세요 고객님, 프리미엄 헬스테크 브랜드, 슬룸입니다.
고객님께 만족스러운 경험을 드리지 못해 대단히 죄송합니다.😥

슬룸의 모든 제품은 인체공학적으로 설계되어 편안한 사용이 가능하나 초기 사용 시 1~2주 이상의 적응 기간이 필요할 수 있습니다. 
다만 수령하신 날짜 기준으로 30일 동안 꾸준히 사용해보시고도 만족하지 못하셨을 경우에는, 슬룸에서 진행하는 <100%환불이벤트> 에 참여하여 왕복배송비 제외 전액 환불이 가능합니다.

※ 제품을 30일간 꾸준히 사용한 경우, 배송완료 후 40일이내 신청이 가능
※ 환불 서비스는 첫 구매 체험을 위한 서비스로 1회만 신청 가능

▶ <100% 환불 이벤트> 상세 환불 조건 : https://sleeplab.co.kr/notice/?page=1#13709226_notice 

슬룸을 믿고 편하게 사용 및 체험해보시고, 그럼에도 만족하시지 못하셨을 경우 슬룸 공식몰의 채널톡을 통해 이벤트 기간 내 문의 주시면 환불 접수 도움드리겠습니다."
118056,2026-08-06 20:22,2026-08-03 5:51,2026-08-04 18:49,목이랑 어깨가 계속 아파왔는데 몇일사용안했는데 금방 효과가 오네요. 구매하길 잘한거같습니다.,,,724,★최대할인 비밀링크★ 목베개 플러스 특가,69000,수량선택: 목베개 플러스 1개,기존리뷰,5,,1,0,1,"안녕하세요. 프리미엄 헬스테크 브랜드, 슬룸입니다.
진심 어린 소중한 후기 감사합니다. 💜

앞으로도 좋은 상품과 서비스로 고객님들을 찾아뵐 수 있도록 노력하겠습니다.
감사합니다. :)"
118057,2026-08-06 20:23,2026-07-21 6:25,2026-07-22 21:05,"엘보  치료  항상  사용하고있습니다
좋아요",,,1034,★타노스X슬룸 히든 특가★ 프리미엄 엘보케어 팔꿈치 마사지기,149000,수량선택: 팔꿈치 마사지기 1개,기존리뷰,4,,0,0,1,"안녕하세요. 프리미엄 헬스테크 브랜드, 슬룸입니다.
정성스럽게 올려주신 소중한 후기 감사합니다. 💜

고객님의 목소리로 더 발전하는 슬룸이 되도록 노력하겠습니다.
감사합니다. 🙇‍♀️"
118058,2026-08-06 21:38,2026-05-23 13:58,2026-05-27 16:41,"충전하는곳 바로 고장 
상가때문에 삿는데 3번사용하고 고장이라니",,,979,[상가의 안녕히살아보기x슬룸] 구독자 전용 ★초특가★ 비밀링크,84900,수량선택: 목 마사지 베개 V2 1개,기존리뷰,1,,0,0,1,"안녕하세요. 프리미엄 헬스테크 브랜드, 슬룸입니다.
고객님께 만족스러운 경험을 드리지 못해 대단히 죄송합니다. 😥

리뷰로는 상세한 안내가 어려워, 자세한 내용 알림톡(문자) 발송 도와드렸으니 확인 부탁드리겠습니다.
추가로 궁금하신 점이 있으시거나 문자 확인하신 후에도 해결되지 않는 경우
번거로우시겠지만 슬룸 채팅 상담을 통해 연락 주시면 빠르게 안내 도와드리겠습니다.

▶ 슬룸 채팅 상담 (※ 월-금 09:30-17:00, 주말 및 공휴일 휴무)
http://sloom.channel.io/

고객님의 목소리로 더 발전하는 슬룸이 되도록 노력하겠습니다. 감사합니다."
118059,2026-08-06 21:48,2026-08-04 11:47,2026-08-05 18:37,마사지해도 약해요,,,724,★최대할인 비밀링크★ 목베개 플러스 특가,69000,수량선택: 목베개 플러스 1개,기존리뷰,3,,1,0,1,"안녕하세요 고객님, 프리미엄 헬스테크 브랜드, 슬룸입니다.
고객님께 만족스러운 경험을 드리지 못해 대단히 죄송합니다.😥

슬룸의 모든 제품은 인체공학적으로 설계되어 편안한 사용이 가능하나 초기 사용 시 1~2주 이상의 적응 기간이 필요할 수 있습니다. 
다만 수령하신 날짜 기준으로 30일 동안 꾸준히 사용해보시고도 만족하지 못하셨을 경우에는, 슬룸에서 진행하는 <100%환불이벤트> 에 참여하여 왕복배송비 제외 전액 환불이 가능합니다.

※ 제품을 30일간 꾸준히 사용한 경우, 배송완료 후 40일이내 신청이 가능
※ 환불 서비스는 첫 구매 체험을 위한 서비스로 1회만 신청 가능

▶ <100% 환불 이벤트> 상세 환불 조건 : https://sleeplab.co.kr/notice/?page=1#13709226_notice 

슬룸을 믿고 편하게 사용 및 체험해보시고, 그럼에도 만족하시지 못하셨을 경우 슬룸 공식몰의 채널톡을 통해 이벤트 기간 내 문의 주시면 환불 접수 도움드리겠습니다."
118060,2026-08-07 0:42,2026-08-04 11:50,2026-08-05 18:37,오우 사용 중인데 시원하고 즇아요^^,,,980,프리미엄 엘보케어 팔꿈치 마사지기,149000,수량선택: 팔꿈치 마사지기 1개 (시너지 크림 1개 증정),기존리뷰,5,,1,0,1,"안녕하세요. 프리미엄 헬스테크 브랜드, 슬룸입니다.
진심 어린 소중한 후기 감사합니다. 💜

앞으로도 좋은 상품과 서비스로 고객님들을 찾아뵐 수 있도록 노력하겠습니다.
감사합니다. :)"
118061,2026-08-07 12:03,2026-07-17 5:50,2026-07-21 18:54,집에서 퇴근하고 잘 사용하고 있습니다. ,f85c5a103d68,,980,프리미엄 엘보케어 팔꿈치 마사지기,149000,수량선택: 팔꿈치 마사지기 2개,반응형(내리뷰),5,,2,0,1,"안녕하세요. 프리미엄 헬스테크 브랜드, 슬룸입니다.
시간 내어 소중한 후기를 작성해 주셔서 감사드립니다. :)

믿고 찾는 쇼핑몰이 되기 위해 더 좋은 상품과 서비스를 준비하겠습니다.
감사합니다. 💜"
118062,2026-08-08 1:59,2026-07-31 14:56,2026-08-04 16:10,"•좋은 점:
골프, 웨이트 등 운동을 좋아하다보니 팔꿈치에 무리가 많았는데 사용 후 전완근이 풀리면서 한결 편해 졌내요. 
무릎에도 사용 중이고 주위에 추천 할 정도로 우수 헙니다. 

•개선 했으면 하는 점: 
연장선이 구매 후 나온건지 모르겠는데, 이미 제픔을 구매한 사람인데도 기기 본체를 사야 연장선을 살 수 있내요??
 이 점은 개선이 필요하지 않을까 합니다. 
본체가 10만원대가 넘어가는데 미처 연장선 생각을 못했거나 못 보고 지나친 경우가 분명 있을텐데 본체 구매 하지 않아도 별도 구매 할 수 있게 해 주셨으면 하내요
왜 이렇게 판매 하는 지 이해가 안되내요

•꼭 개선 했으면 하는 점: 
고객센터가 전화가 안되고 채팅으로만 연결되며, 시간도 타 사이트에 비해 짧습니다. 
구매층이 다양할테고, 어르신들도 많을텐데 자녀들에게 부턱하지 않는 이상 이용을 못해요. 추후 AS라도 받을려고 하면 속 터지지 않을까 싶내요

그래도 제품은 좋아요👍",d417cdfd51ee,,980,프리미엄 엘보케어 팔꿈치 마사지기,149000,수량선택: 팔꿈치 마사지기 1개 (시너지 크림 1개 증정),모바일(팝업),5,,1,0,1,"안녕하세요. 프리미엄 헬스테크 브랜드, 슬룸입니다.
진심 어린 소중한 후기 감사합니다. 💜

앞으로도 좋은 상품과 서비스로 고객님들을 찾아뵐 수 있도록 노력하겠습니다.
감사합니다. :)"
118063,2026-08-08 2:06,2026-07-31 14:56,2026-08-04 16:10,"골반, 허리 사용 후에 일어날 때 허리가 뻐근 하내요
그만큼 자세가 안좋은 거 겠죠. 

하단 받침(본체) 이 천으로 돼 있어 미끄럽고, 세월이 지나면 찢어지지 얺을까 싶은데 .. 내구성이 떨어지게 보이내요
천으로 마감한 이유가 있을 거라 생각은 합니다

•제품은 제가 허리 환자가 아니라서 일어날 때 뻐근한건지 , 몸에 문제가 있는건지 모르겠어서 허리 아픈 부모님 드릴려구요",d417cdfd51ee,,636,허리편한케어 V2 허리 마사지기,129000,수량선택: 허리편한케어 V2 1개 (마그네슘 시너지 크림 1개 증정),모바일(팝업),5,동영상 리뷰,0,1,1,"안녕하세요. 프리미엄 헬스테크 브랜드, 슬룸입니다.
시간 내어 소중한 후기를 작성해 주셔서 감사드립니다. :)

믿고 찾는 쇼핑몰이 되기 위해 더 좋은 상품과 서비스를 준비하겠습니다.
감사합니다. 💜"
118064,2026-08-08 2:12,2026-07-31 14:56,2026-08-04 16:10,"와 이거 스트레칭용으로 좋아요

베고 자기엔 저한텐 높고 좀 딱딱해서 목 스트레칭에 잠깐 씁니다. 가지고 있는 베개와 같이 사용 하는 게 좋은 것 같아요

종아리 발목 손목 마사지, 스트레칭에도 쓸 수 있고
주변에 추천했더니 베고 자는 사람도 있내요. 너무 좋대요ㅎ
다들 쓸어 담고 있는 듯 한데 하나쯤 집에 있으면 분명 쓸모 있는 제품으로 저도 가족들 선물용으로 몇개 더 구매 할려구요

할인항 때 쟁이세요!! ㅎ",d417cdfd51ee,,1038,[썸머 수퍼데이] 목베개 스트레칭 베개,11900,수량선택: 목베개 1개,모바일(팝업),5,동영상 리뷰,0,1,1,"안녕하세요. 프리미엄 헬스테크 브랜드, 슬룸입니다.
정성스럽게 올려주신 소중한 후기 감사합니다. 💜

고객님의 목소리로 더 발전하는 슬룸이 되도록 노력하겠습니다.
감사합니다. 🙇‍♀️"
118065,2026-08-07 9:18,2026-08-01 9:56,2026-08-04 16:26,내가 원하는 구동을 함,,,980,프리미엄 엘보케어 팔꿈치 마사지기,149000,수량선택: 팔꿈치 마사지기 1개 (시너지 크림 1개 증정),기존리뷰,5,,0,0,1,"안녕하세요. 프리미엄 헬스테크 브랜드, 슬룸입니다.
시간 내어 소중한 후기를 작성해 주셔서 감사드립니다. :)

믿고 찾는 쇼핑몰이 되기 위해 더 좋은 상품과 서비스를 준비하겠습니다.
감사합니다. 💜"
118066,2026-08-07 10:04,2026-08-04 19:29,2026-08-06 13:37,첫구먀합니다 잘쓸께요,,,980,프리미엄 엘보케어 팔꿈치 마사지기,149000,수량선택: 팔꿈치 마사지기 + 연장벨트 (시너지 크림 & 파우치 중형 1개 증정),기존리뷰,5,,0,0,1,"안녕하세요. 프리미엄 헬스테크 브랜드, 슬룸입니다.
시간 내어 소중한 후기를 작성해 주셔서 감사드립니다. :)

믿고 찾는 쇼핑몰이 되기 위해 더 좋은 상품과 서비스를 준비하겠습니다.
감사합니다. 💜"
118067,2026-08-07 10:25,2026-08-03 15:35,2026-08-05 18:39,"병원서 충격파 요법을 많이 받아봤는데 시간이나 비용이 아깝다는 느낌이,,, 근데 이제품은 효과는 시간이 지나봐야겠지만 아깝다는 느낌은 없네요 주위 추천중 입니다^^",,,980,프리미엄 엘보케어 팔꿈치 마사지기,149000,수량선택: 팔꿈치 마사지기 1개 (시너지 크림 1개 증정),기존리뷰,5,,1,0,1,"안녕하세요. 프리미엄 헬스테크 브랜드, 슬룸입니다.
정성스럽게 올려주신 소중한 후기 감사합니다. 💜

고객님의 목소리로 더 발전하는 슬룸이 되도록 노력하겠습니다.
감사합니다. 🙇‍♀️"
118068,2026-08-07 10:59,2026-08-01 1:58,2026-08-04 16:11,작은게 힘이 엄청 좋네요~ 완전 시원하고 어깨 풀림이 느껴져요... 허리도 안좋은데 허리마사기도 슬름꺼 써봐야겠어요~,,,291,목베개 플러스 경추 목 마사지기 베개,99000,수량선택: 목베개 플러스 1개 (마그네슘 시너지 크림 1개 증정),기존리뷰,5,,1,0,1,"안녕하세요. 프리미엄 헬스테크 브랜드, 슬룸입니다.
정성스럽게 올려주신 소중한 후기 감사합니다. 💜

고객님의 목소리로 더 발전하는 슬룸이 되도록 노력하겠습니다.
감사합니다. 🙇‍♀️"
118069,2026-08-07 11:11,2026-07-30 13:32,2026-08-04 21:07,효과가 기대 됩니다.잘 쓸께요,,,980,프리미엄 엘보케어 팔꿈치 마사지기,149000,수량선택: 팔꿈치 마사지기 1개 (시너지 크림 1개 증정),기존리뷰,5,,0,0,1,"안녕하세요. 프리미엄 헬스테크 브랜드, 슬룸입니다.
정성스럽게 올려주신 소중한 후기 감사합니다. 💜

고객님의 목소리로 더 발전하는 슬룸이 되도록 노력하겠습니다.
감사합니다. 🙇‍♀️"
118070,2026-08-07 11:23,2026-07-05 20:37,2026-07-07 16:25,"솔직히 마사지기능 왜있는지 모르겠어요...
마사지가 안되고 머리가 울리는데 목을 주물거리는 느낌도 아니고 진동이 올라오던데..",,,909,목 마사지 베개 V2 경추 마사지기 베개,129000,수량선택: 목 마사지 베개 V2 1개,기존리뷰,3,,0,0,1,"안녕하세요 고객님, 프리미엄 헬스테크 브랜드, 슬룸입니다.
고객님께 만족스러운 경험을 드리지 못해 대단히 죄송합니다.😥

슬룸의 모든 제품은 인체공학적으로 설계되어 편안한 사용이 가능하나 초기 사용 시 1~2주 이상의 적응 기간이 필요할 수 있습니다. 
다만 수령하신 날짜 기준으로 30일 동안 꾸준히 사용해보시고도 만족하지 못하셨을 경우에는, 슬룸에서 진행하는 <100%환불이벤트> 에 참여하여 왕복배송비 제외 전액 환불이 가능합니다.

※ 제품을 30일간 꾸준히 사용한 경우, 배송완료 후 40일이내 신청이 가능
※ 환불 서비스는 첫 구매 체험을 위한 서비스로 1회만 신청 가능

▶ <100% 환불 이벤트> 상세 환불 조건 : https://sleeplab.co.kr/notice/?page=1#13709226_notice 

슬룸을 믿고 편하게 사용 및 체험해보시고, 그럼에도 만족하시지 못하셨을 경우 슬룸 공식몰의 채널톡을 통해 이벤트 기간 내 문의 주시면 환불 접수 도움드리겠습니다."
118071,2026-08-07 11:24,2026-08-01 14:25,2026-08-04 18:41,스트레칭 되는 거 같아요,,,1038,[썸머 수퍼데이] 목베개 스트레칭 베개,11900,수량선택: 목베개 1개,기존리뷰,5,,0,0,1,"안녕하세요. 프리미엄 헬스테크 브랜드, 슬룸입니다.
진심 어린 소중한 후기 감사합니다. 💜

앞으로도 좋은 상품과 서비스로 고객님들을 찾아뵐 수 있도록 노력하겠습니다.
감사합니다. :)"
118072,2026-08-07 11:37,2026-08-01 22:40,2026-08-04 13:47,발루인지 열선인디 멀겠지만 겨울에 쓰면 따듯해서 좋을듯여!!,,,724,★최대할인 비밀링크★ 목베개 플러스 특가,69000,수량선택: 목베개 플러스 1개,기존리뷰,4,,0,0,1,"안녕하세요. 프리미엄 헬스테크 브랜드, 슬룸입니다.
진심 어린 소중한 후기 감사합니다. 💜

앞으로도 좋은 상품과 서비스로 고객님들을 찾아뵐 수 있도록 노력하겠습니다.
감사합니다. :)"
118073,2026-08-07 12:14,2026-07-24 13:34,2026-07-25 13:37,생각해던것 보다 상당히 강하네요 시원하고 좋습니다 배송도 좋아요,,,1043,[슬룸 4차 진행!] 코이티비 구독자 전용 ★최저가★ 비밀링크,99000,수량선택: 종아리편한케어 1개,기존리뷰,5,,1,0,1,"안녕하세요. 프리미엄 헬스테크 브랜드, 슬룸입니다.
진심 어린 소중한 후기 감사합니다. 💜

앞으로도 좋은 상품과 서비스로 고객님들을 찾아뵐 수 있도록 노력하겠습니다.
감사합니다. :)"
118074,2026-08-07 13:06,2026-08-02 20:34,2026-08-04 16:16,쓰기도 편하고  일단 시원하네요,,,980,프리미엄 엘보케어 팔꿈치 마사지기,149000,수량선택: 팔꿈치 마사지기 1개 (시너지 크림 1개 증정),기존리뷰,5,,0,0,1,"안녕하세요. 프리미엄 헬스테크 브랜드, 슬룸입니다.
진심 어린 소중한 후기 감사합니다. 💜

앞으로도 좋은 상품과 서비스로 고객님들을 찾아뵐 수 있도록 노력하겠습니다.
감사합니다. :)"
118075,2026-08-07 14:15,2026-08-03 7:37,2026-08-04 21:06,간편하게 집에서 할수 있어서 넘좋아요,,,980,프리미엄 엘보케어 팔꿈치 마사지기,149000,수량선택: 팔꿈치 마사지기 1개 (시너지 크림 1개 증정),기존리뷰,5,,1,0,1,"안녕하세요. 프리미엄 헬스테크 브랜드, 슬룸입니다.
시간 내어 소중한 후기를 작성해 주셔서 감사드립니다. :)

믿고 찾는 쇼핑몰이 되기 위해 더 좋은 상품과 서비스를 준비하겠습니다.
감사합니다. 💜"
118076,2026-08-07 15:37,2026-07-28 7:58,2026-07-29 16:17,목부분이 부드럽고 편하네요 머리받침이 딱이예요,,,909,목 마사지 베개 V2 경추 마사지기 베개,129000,수량선택: 목 마사지 베개 V2 1개 (마그네슘 시너지 크림 1개 증정),기존리뷰,5,,1,0,1,"안녕하세요. 프리미엄 헬스테크 브랜드, 슬룸입니다.
시간 내어 소중한 후기를 작성해 주셔서 감사드립니다. :)

믿고 찾는 쇼핑몰이 되기 위해 더 좋은 상품과 서비스를 준비하겠습니다.
감사합니다. 💜"
118077,2026-08-07 15:49,2026-06-07 21:37,2026-06-09 19:56,온열조절이 안되서 수건을. 한장대면 맛사지가 약함.  귀옆에서 바로 진동소리가 울리니까 시끄러움.경추베게로 쓰기에도 너무 작아 옆으로 눕거나 뒤척이면 벗어나 불편함,,,291,목베개 플러스 경추 목 마사지기 베개,99000,수량선택: 목베개 플러스 1개 (허리베개 1개 증정),기존리뷰,3,,0,0,1,"안녕하세요 고객님, 프리미엄 헬스테크 브랜드, 슬룸입니다.

소중한 후기 남겨주셔서 감사드리며, 기대하셨던 것만큼 만족감을 드리지 못한 점 진심으로 사과드립니다. 😥

슬룸 제품은 개인의 체형과 사용 습관에 따라 효과를 느끼시는 시기가 다를 수 있습니다.
사용 중 불편하거나 궁금하신 점이 있으시다면 언제든지 슬룸 공식몰 채널톡으로 편하게 문의해 주세요. 고객님의 상황에 맞게 안내해 드리겠습니다.

고객님의 의견을 수렴하여 더 발전하는 슬룸이 되도록 노력하겠습니다. 감사합니다."
118078,2026-08-07 17:01,2026-08-05 20:34,2026-08-07 13:37,잘받았어요 좋아요 고맙습니다,,,1045,[하알라x슬룸] ★2차★ 구독자 한정 최저가 비밀링크!,114900,수량선택: 허리편한케어V2 1개 + (증정)마그네슘 시너지 크림 1개,기존리뷰,5,,0,0,1,"안녕하세요. 프리미엄 헬스테크 브랜드, 슬룸입니다.
진심 어린 소중한 후기 감사합니다. 💜

앞으로도 좋은 상품과 서비스로 고객님들을 찾아뵐 수 있도록 노력하겠습니다.
감사합니다. :)"
118079,2026-08-07 17:40,2026-08-06 13:38,2026-08-07 16:16,베게라서 말랑말랑해서 좋아요! 일자목인데 디스크 오려해서 아파서 구매했어요 효과 있기를 바래봅니다~,,,909,목 마사지 베개 V2 경추 마사지기 베개,129000,수량선택: 목 마사지 베개 V2 1개 (마그네슘 시너지 크림 1개 증정),기존리뷰,4,,0,0,1,"안녕하세요. 프리미엄 헬스테크 브랜드, 슬룸입니다.
진심 어린 소중한 후기 감사합니다. 💜

앞으로도 좋은 상품과 서비스로 고객님들을 찾아뵐 수 있도록 노력하겠습니다.
감사합니다. :)"
118080,2026-08-07 17:51,2026-07-31 22:57,2026-08-04 16:27,"저는 목디스크가 있어요. 목디스크 때문에 스트레칭 자주하고 병원도 다니고하는데 목이랑 승모근이 항상 뭉쳐있고, 긴장되있어요.(병원에서 제 디스크 위치 연관통이 승모근이라고하더라구요.) 몇칠 사용하진 않았는데 승모근이 조금 편해지는 듯해요. 사진에서처럼 버튼 누루는 쪽이 뜨더져왔어요. 사용은 되길래 교환 귀찮고해서 그 사용했지만 별은 뺐어요. 잘 때는 바로누우면 괜찮은데 옆으로 누우면 저는 불편해서(저는 옆으로 자는편이라) 잘 때 사용은 않하려구요.",,,909,목 마사지 베개 V2 경추 마사지기 베개,129000,수량선택: 목 마사지 베개 V2 1개 (마그네슘 시너지 크림 1개 증정),기존리뷰,3,,2,0,1,"안녕하세요. 프리미엄 헬스테크 브랜드, 슬룸입니다.
고객님께 만족스러운 경험을 드리지 못해 대단히 죄송합니다. 😥

리뷰로는 상세한 안내가 어려워, 자세한 내용 알림톡(문자) 발송 도와드렸으니 확인 부탁드리겠습니다.
추가로 궁금하신 점이 있으시거나 문자 확인하신 후에도 해결되지 않는 경우
번거로우시겠지만 슬룸 채팅 상담을 통해 연락 주시면 빠르게 안내 도와드리겠습니다.

▶ 슬룸 채팅 상담 (※ 월-금 09:30-17:00, 주말 및 공휴일 휴무)
http://sloom.channel.io/

고객님의 목소리로 더 발전하는 슬룸이 되도록 노력하겠습니다. 감사합니다."
118081,2026-08-07 19:17,2026-08-05 12:57,2026-08-06 18:36,고급스럽네요. 꾸준히 써보고 후기 남길께요.,,,980,프리미엄 엘보케어 팔꿈치 마사지기,149000,수량선택: 팔꿈치 마사지기 1개 (마그네슘 시너지 크림 1개 증정),기존리뷰,5,,1,0,1,"안녕하세요. 프리미엄 헬스테크 브랜드, 슬룸입니다.
시간 내어 소중한 후기를 작성해 주셔서 감사드립니다. :)

믿고 찾는 쇼핑몰이 되기 위해 더 좋은 상품과 서비스를 준비하겠습니다.
감사합니다. 💜"
118082,2026-08-07 19:18,2026-07-19 14:42,2026-07-22 20:15,생각보다 냉감이 좋지 않음.,,,62,살얼음 냉감 패드 특수 코팅 패드,109000,수량선택: 살얼음냉감패드(Q) 2개,기존리뷰,3,,1,0,1,"안녕하세요 고객님, 프리미엄 헬스테크 브랜드, 슬룸입니다.
고객님께 만족스러운 경험을 드리지 못해 대단히 죄송합니다.😥

슬룸의 모든 제품은 인체공학적으로 설계되어 편안한 사용이 가능하나 초기 사용 시 1~2주 이상의 적응 기간이 필요할 수 있습니다. 
다만 수령하신 날짜 기준으로 30일 동안 꾸준히 사용해보시고도 만족하지 못하셨을 경우에는, 슬룸에서 진행하는 <100%환불이벤트> 에 참여하여 왕복배송비 제외 전액 환불이 가능합니다.

※ 제품을 30일간 꾸준히 사용한 경우, 배송완료 후 40일이내 신청이 가능
※ 환불 서비스는 첫 구매 체험을 위한 서비스로 1회만 신청 가능

▶ <100% 환불 이벤트> 상세 환불 조건 : https://sleeplab.co.kr/notice/?page=1#13709226_notice 

슬룸을 믿고 편하게 사용 및 체험해보시고, 그럼에도 만족하시지 못하셨을 경우 슬룸 공식몰의 채널톡을 통해 이벤트 기간 내 문의 주시면 환불 접수 도움드리겠습니다."
118083,2026-08-07 20:12,2026-08-01 20:06,2026-08-04 16:12,꾸준히 써야 효과가 있는거 같아요,,,1043,[슬룸 4차 진행!] 코이티비 구독자 전용 ★최저가★ 비밀링크,99000,수량선택: 목 마사지 베개 V2 1개,기존리뷰,4,,1,0,1,"안녕하세요. 프리미엄 헬스테크 브랜드, 슬룸입니다.
시간 내어 소중한 후기를 작성해 주셔서 감사드립니다. :)

믿고 찾는 쇼핑몰이 되기 위해 더 좋은 상품과 서비스를 준비하겠습니다.
감사합니다. 💜"
118084,2026-08-07 21:09,2026-08-05 21:18,2026-08-07 16:11,잘받았습니다 잘쓸게요,,,1045,[하알라x슬룸] ★2차★ 구독자 한정 최저가 비밀링크!,114900,수량선택: 허리편한케어V2 1개 + (증정)마그네슘 시너지 크림 1개,기존리뷰,5,,0,0,1,"안녕하세요. 프리미엄 헬스테크 브랜드, 슬룸입니다.
진심 어린 소중한 후기 감사합니다. 💜

앞으로도 좋은 상품과 서비스로 고객님들을 찾아뵐 수 있도록 노력하겠습니다.
감사합니다. :)"
118085,2026-08-07 22:40,2026-07-27 14:21,2026-07-28 21:09,목아픈남편이 쓰기좋다고하네요. 찜질하며 물리치료받는 느낌이라네요.,,,724,★최대할인 비밀링크★ 목베개 플러스 특가,69000,수량선택: 목베개 플러스 1개,기존리뷰,5,,0,0,1,"안녕하세요. 프리미엄 헬스테크 브랜드, 슬룸입니다.
시간 내어 소중한 후기를 작성해 주셔서 감사드립니다. :)

믿고 찾는 쇼핑몰이 되기 위해 더 좋은 상품과 서비스를 준비하겠습니다.
감사합니다. 💜"
118086,2026-08-07 22:55,2026-08-05 22:51,2026-08-07 13:37,지금쓰고 있는데 기대가 많이 됩니다,,,1045,[하알라x슬룸] ★2차★ 구독자 한정 최저가 비밀링크!,114900,수량선택: 허리편한케어V2 1개 + (증정)마그네슘 시너지 크림 1개,기존리뷰,5,,1,0,1,"안녕하세요. 프리미엄 헬스테크 브랜드, 슬룸입니다.
정성스럽게 올려주신 소중한 후기 감사합니다. 💜

고객님의 목소리로 더 발전하는 슬룸이 되도록 노력하겠습니다.
감사합니다. 🙇‍♀️"
118087,2026-08-08 8:20,2026-08-05 17:18,2026-08-07 16:11,운동하는아들과  운동하는저에게 맞춤형인듯~~♡잘쓸께요,76e17762e765,,872,종아리편한케어 프리미엄 종아리 마사지기,149000,수량선택: 종아리편한케어 1개,모바일(팝업),5,,0,0,1,"안녕하세요. 프리미엄 헬스테크 브랜드, 슬룸입니다.
정성스럽게 올려주신 소중한 후기 감사합니다. 💜

고객님의 목소리로 더 발전하는 슬룸이 되도록 노력하겠습니다.
감사합니다. 🙇‍♀️"
118088,2026-08-08 8:23,2026-08-06 14:12,2026-08-07 18:36,오자미자 마사지기를 작동시켜봤어요. 허리가 쭉 펴지는 느낌이라 조금하고 허리 안 좋은 신랑에게 해보라고 하니 한참 하더라구요. 매일 퇴근 후 하라고 해야겠어요.잘 쓸게요,9b8e71ef1848,,1026,[썸머 수퍼데이] 허리편한케어 V1 허리 마사지기,109000,수량선택: 허리편한케어 V1 1개,모바일,5,,0,0,1,"안녕하세요. 프리미엄 헬스테크 브랜드, 슬룸입니다.
정성스럽게 올려주신 소중한 후기 감사합니다. 💜

고객님의 목소리로 더 발전하는 슬룸이 되도록 노력하겠습니다.
감사합니다. 🙇‍♀️"
118089,2026-08-08 10:56,2026-07-09 10:49,,"반품신청 합니다
기존 제품 구매 제품과 별반 차이가 없고
높이가 높아 불편하네요",f69f0b474332,,724,★최대할인 비밀링크★ 목베개 플러스 특가,69000,수량선택: 목베개 플러스 1개,반응형(내리뷰),5,,0,0,1,"안녕하세요 고객님, 프리미엄 헬스테크 브랜드, 슬룸입니다.
고객님께 만족스러운 경험을 드리지 못해 대단히 죄송합니다.😥

슬룸의 모든 제품은 인체공학적으로 설계되어 편안한 사용이 가능하나 초기 사용 시 1~2주 이상의 적응 기간이 필요할 수 있습니다. 
다만 수령하신 날짜 기준으로 30일 동안 꾸준히 사용해보시고도 만족하지 못하셨을 경우에는, 슬룸에서 진행하는 <100%환불이벤트> 에 참여하여 왕복배송비 제외 전액 환불이 가능합니다.

※ 제품을 30일간 꾸준히 사용한 경우, 배송완료 후 40일이내 신청이 가능
※ 환불 서비스는 첫 구매 체험을 위한 서비스로 1회만 신청 가능

▶ <100% 환불 이벤트> 상세 환불 조건 : https://sleeplab.co.kr/notice/?page=1#13709226_notice 

슬룸을 믿고 편하게 사용 및 체험해보시고, 그럼에도 만족하시지 못하셨을 경우 슬룸 공식몰의 채널톡을 통해 이벤트 기간 내 문의 주시면 환불 접수 도움드리겠습니다."
118090,2026-08-08 14:21,2026-08-02 12:21,2026-08-04 13:46,"지난번에 코이티비를 통해 목 마사지기랑 허리 마사지기를 구매해서 부모님 드렸더니 만족해하셔서 이번에도 바로 구매했습니다! 
종아리 마사지기는 저도 써보니 만족스러웠습니다!",81b364415ad3,,1043,[슬룸 4차 진행!] 코이티비 구독자 전용 ★최저가★ 비밀링크,99000,수량선택: ★코이티비SET★목 마사지 베개 V2 1개 + 종아리편한케어 1개 +(증정)마그네슘 시너지 크림 1개,반응형(내리뷰),5,,1,0,1,"안녕하세요. 프리미엄 헬스테크 브랜드, 슬룸입니다.
시간 내어 소중한 후기를 작성해 주셔서 감사드립니다. :)

믿고 찾는 쇼핑몰이 되기 위해 더 좋은 상품과 서비스를 준비하겠습니다.
감사합니다. 💜"
118091,2026-08-08 6:04,2026-07-25 2:57,2026-07-28 18:43,허리아픈사람한테일단 너무딱딱하고 하루에2ㅡ3분씩이라도하는데 최악이에요 나아지기는커녕.. 따뜻한거랑 딱딱하고 저기는1등,,,636,허리편한케어 V2 허리 마사지기,129000,수량선택: 허리편한케어 V2 1개 (마그네슘 시너지 크림 1개 증정),기존리뷰,1,,1,0,1,"안녕하세요 고객님, 프리미엄 헬스테크 브랜드, 슬룸입니다.
고객님께 만족스러운 경험을 드리지 못해 대단히 죄송합니다.😥

슬룸의 모든 제품은 인체공학적으로 설계되어 편안한 사용이 가능하나 초기 사용 시 1~2주 이상의 적응 기간이 필요할 수 있습니다. 
다만 수령하신 날짜 기준으로 30일 동안 꾸준히 사용해보시고도 만족하지 못하셨을 경우에는, 슬룸에서 진행하는 <100%환불이벤트> 에 참여하여 왕복배송비 제외 전액 환불이 가능합니다.

※ 제품을 30일간 꾸준히 사용한 경우, 배송완료 후 40일이내 신청이 가능
※ 환불 서비스는 첫 구매 체험을 위한 서비스로 1회만 신청 가능

▶ <100% 환불 이벤트> 상세 환불 조건 : https://sleeplab.co.kr/notice/?page=1#13709226_notice 

슬룸을 믿고 편하게 사용 및 체험해보시고, 그럼에도 만족하시지 못하셨을 경우 슬룸 공식몰의 채널톡을 통해 이벤트 기간 내 문의 주시면 환불 접수 도움드리겠습니다."
118092,2026-08-08 10:03,2026-08-05 19:57,2026-08-07 13:37,"허리, 목이 아파서 슬롬 구매 사용후 통증이 완화, 많이 사용해봐야 자세히 알겠지만 일단 제품은 좋은것 같습니다.",,,1045,[하알라x슬룸] ★2차★ 구독자 한정 최저가 비밀링크!,114900,수량선택: ★하알라SET★ 허리편한케어V2 1개 + 목마사지베개V2 1개 + (증정)마그네슘 시너지 크림 1개 + (증정) 중형 파우치 1개,기존리뷰,5,,1,0,1,"안녕하세요. 프리미엄 헬스테크 브랜드, 슬룸입니다.
정성스럽게 올려주신 소중한 후기 감사합니다. 💜

고객님의 목소리로 더 발전하는 슬룸이 되도록 노력하겠습니다.
감사합니다. 🙇‍♀️"
118093,2026-08-08 10:06,2026-08-03 9:18,2026-08-04 16:13,팔에 차기가 편하지 않고 25분정도하면 피부가 따갑네요 1주일 정도 사용해봤는데..자극은 충분히 오는것 같은데 효과는 글쎄요...병원다녀보고 효과가 없어서 광고보고 구매했는데..어느정도 기간이 경과해야 효과를 알수있으려나..,,,980,프리미엄 엘보케어 팔꿈치 마사지기,149000,수량선택: 팔꿈치 마사지기 1개 (시너지 크림 1개 증정),기존리뷰,3,,1,0,1,"안녕하세요 고객님, 프리미엄 헬스테크 브랜드, 슬룸입니다.
고객님께 만족스러운 경험을 드리지 못해 대단히 죄송합니다.😥

슬룸의 모든 제품은 인체공학적으로 설계되어 편안한 사용이 가능하나 초기 사용 시 1~2주 이상의 적응 기간이 필요할 수 있습니다. 
다만 수령하신 날짜 기준으로 30일 동안 꾸준히 사용해보시고도 만족하지 못하셨을 경우에는, 슬룸에서 진행하는 <100%환불이벤트> 에 참여하여 왕복배송비 제외 전액 환불이 가능합니다.

※ 제품을 30일간 꾸준히 사용한 경우, 배송완료 후 40일이내 신청이 가능
※ 환불 서비스는 첫 구매 체험을 위한 서비스로 1회만 신청 가능

▶ <100% 환불 이벤트> 상세 환불 조건 : https://sleeplab.co.kr/notice/?page=1#13709226_notice 

슬룸을 믿고 편하게 사용 및 체험해보시고, 그럼에도 만족하시지 못하셨을 경우 슬룸 공식몰의 채널톡을 통해 이벤트 기간 내 문의 주시면 환불 접수 도움드리겠습니다."
118094,2026-08-08 11:35,2026-08-03 13:53,2026-08-04 21:05,거북목에 디스크로 몇개의 베개도 바꿔보고 물리치료 받던중 구매해본 슬룸 무리하지 않은선의 견인느낌 마사지와 온열기능으로 머리 통증도 나아지고 더욕심내어 열심히 해볼 생각입니다.,,,1033,[신금동x슬룸] 최저가 마켓 OPEN,79000,수량선택: ★최저가★ 경추 마사지 베개 V2 1개 + (증정) 마그네슘 크림 1개,기존리뷰,5,,1,0,1,"안녕하세요. 프리미엄 헬스테크 브랜드, 슬룸입니다.
진심 어린 소중한 후기 감사합니다. 💜

앞으로도 좋은 상품과 서비스로 고객님들을 찾아뵐 수 있도록 노력하겠습니다.
감사합니다. :)"
118095,2026-08-08 11:37,2026-06-13 7:54,2026-06-16 16:17,"수시로 사용중이예요
자세도 신경쓰다보니
통증도 좋아지고 있어요",,,909,목 마사지 베개 V2 경추 마사지기 베개,129000,수량선택: 목 마사지 베개 V2 1개 (허리베개 1개 증정),기존리뷰,5,,0,0,1,"안녕하세요. 프리미엄 헬스테크 브랜드, 슬룸입니다.
시간 내어 소중한 후기를 작성해 주셔서 감사드립니다. :)

믿고 찾는 쇼핑몰이 되기 위해 더 좋은 상품과 서비스를 준비하겠습니다.
감사합니다. 💜"
118096,2026-08-08 11:56,2026-08-06 12:44,2026-08-07 18:36,좋네요. 잘쓰겟습니다.,,,1045,[하알라x슬룸] ★2차★ 구독자 한정 최저가 비밀링크!,114900,수량선택: ★하알라SET★ 허리편한케어V2 1개 + 목마사지베개V2 1개 + (증정)마그네슘 시너지 크림 1개 + (증정) 중형 파우치 1개,기존리뷰,5,,1,0,1,"안녕하세요. 프리미엄 헬스테크 브랜드, 슬룸입니다.
정성스럽게 올려주신 소중한 후기 감사합니다. 💜

고객님의 목소리로 더 발전하는 슬룸이 되도록 노력하겠습니다.
감사합니다. 🙇‍♀️"
118097,2026-08-08 12:43,2026-08-04 12:41,2026-08-05 16:11,효과가 있을까 의심 많이하면서 구입했는데 생각보다 시원하고 세요. 오래 쓸 수 있길요.,,,980,프리미엄 엘보케어 팔꿈치 마사지기,149000,수량선택: 팔꿈치 마사지기 1개 (시너지 크림 1개 증정),기존리뷰,5,,1,0,1,"안녕하세요. 프리미엄 헬스테크 브랜드, 슬룸입니다.
시간 내어 소중한 후기를 작성해 주셔서 감사드립니다. :)

믿고 찾는 쇼핑몰이 되기 위해 더 좋은 상품과 서비스를 준비하겠습니다.
감사합니다. 💜"
118098,2026-08-08 14:04,2026-08-05 20:26,2026-08-07 16:09,늘 요추전만에 신경쓰는데 제대로 도움받길!!!,,,1045,[하알라x슬룸] ★2차★ 구독자 한정 최저가 비밀링크!,114900,수량선택: 허리편한케어V2 1개 + (증정)마그네슘 시너지 크림 1개,기존리뷰,5,,1,0,1,"안녕하세요. 프리미엄 헬스테크 브랜드, 슬룸입니다.
시간 내어 소중한 후기를 작성해 주셔서 감사드립니다. :)

믿고 찾는 쇼핑몰이 되기 위해 더 좋은 상품과 서비스를 준비하겠습니다.
감사합니다. 💜"
118099,2026-08-08 16:03,2026-08-06 20:23,2026-08-08 14:06,좋은 상품이 됐음 좋겠네요,,,1045,[하알라x슬룸] ★2차★ 구독자 한정 최저가 비밀링크!,114900,수량선택: 목마사지베개V2 1개 + (증정)마그네슘 시너지 크림 1개,기존리뷰,5,,1,0,1,"안녕하세요. 프리미엄 헬스테크 브랜드, 슬룸입니다.
시간 내어 소중한 후기를 작성해 주셔서 감사드립니다. :)

믿고 찾는 쇼핑몰이 되기 위해 더 좋은 상품과 서비스를 준비하겠습니다.
감사합니다. 💜"
118100,2026-08-08 16:40,2026-08-03 8:29,2026-08-04 18:44,팔꿈치에 cpr하는기분이에요,,,980,프리미엄 엘보케어 팔꿈치 마사지기,149000,수량선택: 팔꿈치 마사지기 1개 (시너지 크림 1개 증정),기존리뷰,5,,1,0,1,"안녕하세요. 프리미엄 헬스테크 브랜드, 슬룸입니다.
진심 어린 소중한 후기 감사합니다. 💜

앞으로도 좋은 상품과 서비스로 고객님들을 찾아뵐 수 있도록 노력하겠습니다.
감사합니다. :)"
118101,2026-08-08 17:13,2026-08-07 12:50,2026-08-08 16:14,경추베개로 커브를 자연스럽게 만들어주고 온열 마사지로 목과 어깨를 시원하게 풀어주네요. 부드러운 소재와 온열 기능 덕분에 목과 어깨의 긴장을 효과적으로 완화해주며 사용 후 목이 가벼워지고 편안해졌습니다. 휴대도 편해서 여행갈때도 챙겨가면 좋을듯 합니다.,,,724,★최대할인 비밀링크★ 목베개 플러스 특가,69000,수량선택: 목베개 플러스 1개,기존리뷰,5,,1,0,1,"안녕하세요. 프리미엄 헬스테크 브랜드, 슬룸입니다.
시간 내어 소중한 후기를 작성해 주셔서 감사드립니다. :)

믿고 찾는 쇼핑몰이 되기 위해 더 좋은 상품과 서비스를 준비하겠습니다.
감사합니다. 💜"
118102,2026-08-08 18:07,2026-07-30 11:12,2026-07-31 18:37,사용하면서 통증이 많이 나아져요,,,980,프리미엄 엘보케어 팔꿈치 마사지기,149000,수량선택: 팔꿈치 마사지기 1개 (시너지 크림 1개 증정),기존리뷰,5,,0,0,1,"안녕하세요. 프리미엄 헬스테크 브랜드, 슬룸입니다.
진심 어린 소중한 후기 감사합니다. 💜

앞으로도 좋은 상품과 서비스로 고객님들을 찾아뵐 수 있도록 노력하겠습니다.
감사합니다. :)"
118103,2026-08-08 20:34,2026-08-01 17:08,2026-08-04 16:11,코이티비 행사가로 구매~~ 잘사용해요,,,1043,[슬룸 4차 진행!] 코이티비 구독자 전용 ★최저가★ 비밀링크,99000,수량선택: 목 마사지 베개 V2 1개,기존리뷰,5,,1,0,1,"안녕하세요. 프리미엄 헬스테크 브랜드, 슬룸입니다.
시간 내어 소중한 후기를 작성해 주셔서 감사드립니다. :)

믿고 찾는 쇼핑몰이 되기 위해 더 좋은 상품과 서비스를 준비하겠습니다.
감사합니다. 💜"
118104,2026-08-08 20:38,2026-08-05 21:21,2026-08-07 13:37,적당히 따듯하고 적당한 느낌이 있어서 좋은것 같은데 더 사용해봐야 알겠네요,,,1045,[하알라x슬룸] ★2차★ 구독자 한정 최저가 비밀링크!,114900,수량선택: 허리편한케어V2 1개 + (증정)마그네슘 시너지 크림 1개,기존리뷰,3,,0,0,1,"안녕하세요. 프리미엄 헬스테크 브랜드, 슬룸입니다.
정성스럽게 올려주신 소중한 후기 감사합니다. 💜

고객님의 목소리로 더 발전하는 슬룸이 되도록 노력하겠습니다.
감사합니다. 🙇‍♀️"
118105,2026-08-08 23:31,2026-08-06 21:55,2026-08-08 18:36,첫 느낌이 좋아요.1달 후에 다시 후기 남겨볼게요,,,724,★최대할인 비밀링크★ 목베개 플러스 특가,69000,수량선택: 목베개 플러스 1개,기존리뷰,5,,1,0,1,"안녕하세요. 프리미엄 헬스테크 브랜드, 슬룸입니다.
정성스럽게 올려주신 소중한 후기 감사합니다. 💜

고객님의 목소리로 더 발전하는 슬룸이 되도록 노력하겠습니다.
감사합니다. 🙇‍♀️"
118106,2026-08-09 13:46,2026-08-07 11:59,2026-08-08 16:11,"부모님께 사드렸습니다!
좋아하시네용!",02c5c5875500,,874,발편한케어 프리미엄 고주파 발 마사지기,99000,"사이즈&세트선택: M (220-270mm), 수량선택: 발편한케어 1개 (마그네슘 시너지 크림 1개 증정)",모바일,5,,1,0,1,"안녕하세요. 프리미엄 헬스테크 브랜드, 슬룸입니다.
정성스럽게 올려주신 소중한 후기 감사합니다. 💜

고객님의 목소리로 더 발전하는 슬룸이 되도록 노력하겠습니다.
감사합니다. 🙇‍♀️"
118107,2026-08-09 16:15,2026-08-05 11:05,2026-08-06 13:16,"다 좋으나 벨크로가 너무 안좋음
에어 안마시 그냥 다 풀림",232bbd1d7cab,,980,프리미엄 엘보케어 팔꿈치 마사지기,149000,수량선택: 팔꿈치 마사지기 1개 (마그네슘 시너지 크림 1개 증정),PC,3,,0,0,1,"안녕하세요 고객님, 프리미엄 헬스테크 브랜드, 슬룸입니다.
고객님께 만족스러운 경험을 드리지 못해 대단히 죄송합니다.😥

슬룸의 모든 제품은 인체공학적으로 설계되어 편안한 사용이 가능하나 초기 사용 시 1~2주 이상의 적응 기간이 필요할 수 있습니다. 
다만 수령하신 날짜 기준으로 30일 동안 꾸준히 사용해보시고도 만족하지 못하셨을 경우에는, 슬룸에서 진행하는 <100%환불이벤트> 에 참여하여 왕복배송비 제외 전액 환불이 가능합니다.

※ 제품을 30일간 꾸준히 사용한 경우, 배송완료 후 40일이내 신청이 가능
※ 환불 서비스는 첫 구매 체험을 위한 서비스로 1회만 신청 가능

▶ <100% 환불 이벤트> 상세 환불 조건 : https://sleeplab.co.kr/notice/?page=1#13709226_notice 

슬룸을 믿고 편하게 사용 및 체험해보시고, 그럼에도 만족하시지 못하셨을 경우 슬룸 공식몰의 채널톡을 통해 이벤트 기간 내 문의 주시면 환불 접수 도움드리겠습니다."
118108,2026-08-09 17:03,2026-08-07 12:43,2026-08-09 17:05,"팔꿈치치료기에서 효과를많이봤거든요
이제품도 기대가큽니다",9c5417c2e60e,,874,발편한케어 프리미엄 고주파 발 마사지기,99000,"사이즈&세트선택: L (250-295mm), 수량선택: 발편한케어 1개 (마그네슘 시너지 크림 1개 증정)",반응형(내리뷰),5,,1,0,1,"안녕하세요. 프리미엄 헬스테크 브랜드, 슬룸입니다.
진심 어린 소중한 후기 감사합니다. 💜

앞으로도 좋은 상품과 서비스로 고객님들을 찾아뵐 수 있도록 노력하겠습니다.
감사합니다. :)"
118109,2026-08-09 8:43,2026-08-05 11:04,2026-08-06 18:37,아직 사용 더 해봐야할 것같아요 편하긴합니다 다만 냄새가 좀 심해요ㅠ,,,1038,[썸머 수퍼데이] 목베개 스트레칭 베개,11900,수량선택: 목베개 1개,기존리뷰,4,,0,0,1,"안녕하세요. 프리미엄 헬스테크 브랜드, 슬룸입니다.
시간 내어 소중한 후기를 작성해 주셔서 감사드립니다. :)

믿고 찾는 쇼핑몰이 되기 위해 더 좋은 상품과 서비스를 준비하겠습니다.
감사합니다. 💜"
118110,2026-08-09 11:11,2026-06-20 10:14,2026-06-23 13:40,"괸찬은거같아요.골프엘보아퍼서 삿어요
근데맨살에하면 자국이남아요 제가살이 얇아서그런가
얇은걸덧데고 해야되요",,,980,프리미엄 엘보케어 팔꿈치 마사지기,149000,수량선택: 팔꿈치 마사지기 1개,기존리뷰,4,,0,0,1,"안녕하세요. 프리미엄 헬스테크 브랜드, 슬룸입니다.
시간 내어 소중한 후기를 작성해 주셔서 감사드립니다. :)

믿고 찾는 쇼핑몰이 되기 위해 더 좋은 상품과 서비스를 준비하겠습니다.
감사합니다. 💜"
118111,2026-08-09 11:40,2026-07-11 8:31,2026-07-14 19:35,"엘보가 욱씬욱신하더니 팔도 못들었는데
사용하면할수록 팔을 드는게 수월해요",,,980,프리미엄 엘보케어 팔꿈치 마사지기,149000,수량선택: 팔꿈치 마사지기 1개,기존리뷰,5,,0,0,1,"안녕하세요. 프리미엄 헬스테크 브랜드, 슬룸입니다.
정성스럽게 올려주신 소중한 후기 감사합니다. 💜

고객님의 목소리로 더 발전하는 슬룸이 되도록 노력하겠습니다.
감사합니다. 🙇‍♀️"
118112,2026-08-09 12:20,2026-08-05 20:52,2026-08-09 10:49,사용전이지만 효과있었음 좋겠네요,,,1045,[하알라x슬룸] ★2차★ 구독자 한정 최저가 비밀링크!,114900,수량선택: 허리편한케어V2 1개 + (증정)마그네슘 시너지 크림 1개,기존리뷰,4,,1,0,1,"안녕하세요. 프리미엄 헬스테크 브랜드, 슬룸입니다.
시간 내어 소중한 후기를 작성해 주셔서 감사드립니다. :)

믿고 찾는 쇼핑몰이 되기 위해 더 좋은 상품과 서비스를 준비하겠습니다.
감사합니다. 💜"
118113,2026-08-09 13:18,2026-08-05 14:34,2026-08-06 16:09,생각보다 안시원해요,,,1033,[신금동x슬룸] 최저가 마켓 OPEN,79000,수량선택: ★100개한정★ 경추 마사지 베개 V1 1개,기존리뷰,2,,0,0,1,"안녕하세요 고객님, 프리미엄 헬스테크 브랜드, 슬룸입니다.
고객님께 만족스러운 경험을 드리지 못해 대단히 죄송합니다.😥

슬룸의 모든 제품은 인체공학적으로 설계되어 편안한 사용이 가능하나 초기 사용 시 1~2주 이상의 적응 기간이 필요할 수 있습니다. 
다만 수령하신 날짜 기준으로 30일 동안 꾸준히 사용해보시고도 만족하지 못하셨을 경우에는, 슬룸에서 진행하는 <100%환불이벤트> 에 참여하여 왕복배송비 제외 전액 환불이 가능합니다.

※ 제품을 30일간 꾸준히 사용한 경우, 배송완료 후 40일이내 신청이 가능
※ 환불 서비스는 첫 구매 체험을 위한 서비스로 1회만 신청 가능

▶ <100% 환불 이벤트> 상세 환불 조건 : https://sleeplab.co.kr/notice/?page=1#13709226_notice 

슬룸을 믿고 편하게 사용 및 체험해보시고, 그럼에도 만족하시지 못하셨을 경우 슬룸 공식몰의 채널톡을 통해 이벤트 기간 내 문의 주시면 환불 접수 도움드리겠습니다."
118114,2026-08-09 13:23,2026-08-02 21:08,2026-08-04 18:41,좌우로 이동하면서 마사지를 해주니허리가 펴지는 듯한 느낌이 들어서 좋았습니다. 전체적으로 좋네요. 열심히 잘 사용하고 있습니다. 감사합니다.,,,636,허리편한케어 V2 허리 마사지기,129000,수량선택: 허리편한케어 V2 1개 (마그네슘 시너지 크림 1개 증정),기존리뷰,5,,0,0,1,"안녕하세요. 프리미엄 헬스테크 브랜드, 슬룸입니다.
정성스럽게 올려주신 소중한 후기 감사합니다. 💜

고객님의 목소리로 더 발전하는 슬룸이 되도록 노력하겠습니다.
감사합니다. 🙇‍♀️"
118115,2026-08-09 14:15,2026-07-09 13:36,2026-07-10 16:13,허리불편할 때 잘 사용하고 있습니다. 확실히 도움은 되는거 같습니다.,,,636,허리편한케어 V2 허리 마사지기,129000,수량선택: 허리편한케어 V2 1개 (허리베개 1개 증정),기존리뷰,5,,1,0,1,"안녕하세요. 프리미엄 헬스테크 브랜드, 슬룸입니다.
시간 내어 소중한 후기를 작성해 주셔서 감사드립니다. :)

믿고 찾는 쇼핑몰이 되기 위해 더 좋은 상품과 서비스를 준비하겠습니다.
감사합니다. 💜"
118116,2026-08-09 15:09,2026-07-16 17:40,2026-07-21 21:20,편하고 좋아요 목이 풀어져요,,,1033,[신금동x슬룸] 최저가 마켓 OPEN,79000,수량선택: ★최저가★ 경추 마사지 베개 V2 1개 + (증정) 마그네슘 크림 1개,기존리뷰,5,,0,0,1,"안녕하세요. 프리미엄 헬스테크 브랜드, 슬룸입니다.
시간 내어 소중한 후기를 작성해 주셔서 감사드립니다. :)

믿고 찾는 쇼핑몰이 되기 위해 더 좋은 상품과 서비스를 준비하겠습니다.
감사합니다. 💜"
118117,2026-08-09 15:51,2026-08-04 21:36,2026-08-06 16:19,잘받았습니다~ 배송도 빠르고 넘 좋네요~ 신랑이 목이 좋지않아서 쓰고 있는데 좋다고해서 이번에 아버님 생신선물로 해 드렸습니다~ 아버님도 목이 안좋으셔서 잘 쓰실것 같아요,,,724,★최대할인 비밀링크★ 목베개 플러스 특가,69000,수량선택: 목베개 플러스 1개,기존리뷰,5,,1,0,1,"안녕하세요. 프리미엄 헬스테크 브랜드, 슬룸입니다.
시간 내어 소중한 후기를 작성해 주셔서 감사드립니다. :)

믿고 찾는 쇼핑몰이 되기 위해 더 좋은 상품과 서비스를 준비하겠습니다.
감사합니다. 💜"
118118,2026-08-09 18:29,2026-07-20 11:00,2026-07-22 18:36,이벤트 가격이랑 구성이 괜찮아서 구매했는데 잘 사용해 볼게요 효과가 있길,,,1035,[애진X슬룸] ★단독 최대혜택★ 바디풀고컷 경락 마사지기,79900,수량선택: [68%] 바디풀고컷 1개 + 시너지 젤 2개 증정,기존리뷰,4,,1,0,1,"안녕하세요. 프리미엄 헬스테크 브랜드, 슬룸입니다.
정성스럽게 올려주신 소중한 후기 감사합니다. 💜

고객님의 목소리로 더 발전하는 슬룸이 되도록 노력하겠습니다.
감사합니다. 🙇‍♀️"
118119,2026-08-09 20:42,2026-07-20 11:01,2026-07-22 16:18,전류를 느끼려면 꼳 보습을 하고 해야해서 귀찮아요..,,,1035,[애진X슬룸] ★단독 최대혜택★ 바디풀고컷 경락 마사지기,79900,수량선택: [68%] 바디풀고컷 1개 + 시너지 젤 2개 증정,기존리뷰,3,,1,0,1,"안녕하세요 고객님, 프리미엄 헬스테크 브랜드, 슬룸입니다.
고객님께 만족스러운 경험을 드리지 못해 대단히 죄송합니다.😥

슬룸의 모든 제품은 인체공학적으로 설계되어 편안한 사용이 가능하나 초기 사용 시 1~2주 이상의 적응 기간이 필요할 수 있습니다. 
다만 수령하신 날짜 기준으로 30일 동안 꾸준히 사용해보시고도 만족하지 못하셨을 경우에는, 슬룸에서 진행하는 <100%환불이벤트> 에 참여하여 왕복배송비 제외 전액 환불이 가능합니다.

※ 제품을 30일간 꾸준히 사용한 경우, 배송완료 후 40일이내 신청이 가능
※ 환불 서비스는 첫 구매 체험을 위한 서비스로 1회만 신청 가능

▶ <100% 환불 이벤트> 상세 환불 조건 : https://sleeplab.co.kr/notice/?page=1#13709226_notice 

슬룸을 믿고 편하게 사용 및 체험해보시고, 그럼에도 만족하시지 못하셨을 경우 슬룸 공식몰의 채널톡을 통해 이벤트 기간 내 문의 주시면 환불 접수 도움드리겠습니다."
118120,2026-08-09 20:47,2026-07-05 13:48,2026-07-07 13:40,시원하니 좋아요~ 왜이제 샀나 싶네요 ㅠㅠ,,,636,허리편한케어 V2 허리 마사지기,129000,수량선택: 허리편한케어 V2 1개 (허리베개 1개 증정),기존리뷰,5,,0,0,1,"안녕하세요. 프리미엄 헬스테크 브랜드, 슬룸입니다.
정성스럽게 올려주신 소중한 후기 감사합니다. 💜

고객님의 목소리로 더 발전하는 슬룸이 되도록 노력하겠습니다.
감사합니다. 🙇‍♀️"
118121,2026-08-09 22:49,2026-07-29 6:28,2026-07-30 16:16,버섯목이 심해서 두통이 늘 따라 다녔는데 두통이 사라졌네요,,,909,목 마사지 베개 V2 경추 마사지기 베개,129000,수량선택: 목 마사지 베개 V2 1개 (마그네슘 시너지 크림 1개 증정),기존리뷰,5,,0,0,1,"안녕하세요. 프리미엄 헬스테크 브랜드, 슬룸입니다.
진심 어린 소중한 후기 감사합니다. 💜

앞으로도 좋은 상품과 서비스로 고객님들을 찾아뵐 수 있도록 노력하겠습니다.
감사합니다. :)"
118122,2026-08-10 6:29,2026-08-06 18:22,2026-08-08 16:07,"제품 잘 받았습니다
집사람이 너무 좋아하네요
아주 만족해 하며 사용 하고 있어요
사준 사람 입장에서 기분이 좋네요",9c45a35ea946,,874,발편한케어 프리미엄 고주파 발 마사지기,99000,"사이즈&세트선택: M (220-270mm), 수량선택: 발편한케어 1개 (마그네슘 시너지 크림 1개 증정)",PC(팝업),5,,0,0,1,"안녕하세요. 프리미엄 헬스테크 브랜드, 슬룸입니다.
정성스럽게 올려주신 소중한 후기 감사합니다. 💜

고객님의 목소리로 더 발전하는 슬룸이 되도록 노력하겠습니다.
감사합니다. 🙇‍♀️"
118123,2026-08-10 0:00,,,"하루 종일 컴퓨터 앞에 앉아 있다 보니 목이 항상 뻐근했는데, 이 베개 쓰고 나서 확실히 달라졌어요. 에어백이 목을 살살 눌러주는 느낌이 처음엔 낯설었는데 이제는 없으면 안 될 것 같아요. 온열 기능이랑 같이 쓰니까 찜질하는 것처럼 깊이 풀리는 느낌이에요. 네이비 색상도 고급스러워서 인테리어랑도 잘 어울리더라고요. 마사지 받다가 그냥 잠들어버렸는데 아침에 일어나니 목이 너무 개운했어요.",c135c0c311b4,,909,목 마사지 베개 V2 경추 마사지기 베개,129000,,기존리뷰,5,,0,0,1,"안녕하세요. 프리미엄 헬스테크 브랜드, 슬룸입니다.
진심 어린 소중한 후기 감사합니다. 💜

앞으로도 좋은 상품과 서비스로 고객님들을 찾아뵐 수 있도록 노력하겠습니다.
감사합니다. :)"
118128,2026-08-08 0:00,,,평소에 마사지샵 자주 다녔는데 이거 사고 나서 방문 횟수가 줄었어요. 에어백이 천천히 부풀면서 목을 스트레칭해주는 감각이 전문 마사지 받는 것 같거든요. 집중 모드로 하면 뭉친 곳을 집중적으로 풀어주는 게 느껴져서 좋아요. 네이비 색상이 고급스러워 보여서 방에 두면 인테리어 소품 같기도 해요. 15분 타이머 덕분에 쓰다 잠들어도 걱정 없는 게 제일 마음에 들어요.,965cfe42a629,,909,목 마사지 베개 V2 경추 마사지기 베개,129000,,기존리뷰,5,,0,0,1,"안녕하세요. 프리미엄 헬스테크 브랜드, 슬룸입니다.
시간 내어 소중한 후기를 작성해 주셔서 감사드립니다. :)

믿고 찾는 쇼핑몰이 되기 위해 더 좋은 상품과 서비스를 준비하겠습니다.
감사합니다. 💜"
118135,2026-08-08 0:00,,,목 상태가 안 좋아서 고민하다가 구매했는데 진짜 잘 산 것 같아요. 에어백이 눌러주는 강도가 세지 않아서 처음에도 부담 없이 쓸 수 있었어요. 온열이랑 진동을 같이 켜면 목 주변이 확 풀리는 느낌이에요. 무선이라 침대에서 소파에서 어디든 들고 다니면서 써요. 15분 자동 꺼짐이 있어서 걱정 없이 쓰다 잠들 수 있고요.,1496cdc744d6,,909,목 마사지 베개 V2 경추 마사지기 베개,129000,,기존리뷰,5,,0,0,1,"안녕하세요. 프리미엄 헬스테크 브랜드, 슬룸입니다.
진심 어린 소중한 후기 감사합니다. 💜

앞으로도 좋은 상품과 서비스로 고객님들을 찾아뵐 수 있도록 노력하겠습니다.
감사합니다. :)"
118136,2026-08-02 0:00,,,어깨까지 뻐근했는데 이거 쓰고 나서 목이랑 어깨가 같이 풀리는 느낌이에요. 에어백이 목을 잡아주면서 경추가 바르게 펴지는 게 느껴져요. 온열 기능이 따뜻하게 감싸줘서 겨울에 더 좋을 것 같아요. 리듬 모드로 진동이 일정하게 올 때 긴장이 사르르 풀려서 좋아요. 네이비 색상이 생각보다 훨씬 예쁘고 고급스러운 느낌이에요.,7c0f2b62789b,,909,목 마사지 베개 V2 경추 마사지기 베개,129000,,기존리뷰,5,,0,0,1,"안녕하세요. 프리미엄 헬스테크 브랜드, 슬룸입니다.
시간 내어 소중한 후기를 작성해 주셔서 감사드립니다. :)

믿고 찾는 쇼핑몰이 되기 위해 더 좋은 상품과 서비스를 준비하겠습니다.
감사합니다. 💜"
118137,2026-08-06 0:00,,,마사지 전용 베개라는 게 신기해서 구매했는데 실제로 베고 자도 진짜 편해요. 경추 라인이 자연스럽게 받쳐지는 느낌이라 아침에 일어날 때 목이 뻐근하지 않아요. 에어백 마사지 후에 그냥 잠들었다가 깼는데 되게 개운하더라고요. 충전해서 무선으로 쓰니까 코드 없이 깔끔하게 사용할 수 있어서 좋고요. 진동 집중 모드가 뭉친 목을 시원하게 풀어줘서 즐겨 써요.,a39c5adeff50,,909,목 마사지 베개 V2 경추 마사지기 베개,129000,,기존리뷰,3,,0,0,1,"안녕하세요. 프리미엄 헬스테크 브랜드, 슬룸입니다.
진심 어린 소중한 후기 감사합니다. 💜

앞으로도 좋은 상품과 서비스로 고객님들을 찾아뵐 수 있도록 노력하겠습니다.
감사합니다. :)"
118139,2026-08-09 0:00,,,유선 제품 쓰다가 무선으로 바꿨는데 활용도가 완전 달라졌어요. 코드 신경 안 쓰고 침대에서 소파에서 원하는 곳에서 편하게 쓸 수 있거든요. 에어백 느낌이 생각보다 더 시원해서 처음 써봤을 때 놀랐어요. 온열 2단계가 딱 적당히 따뜻해서 제일 자주 써요. 목이 뻐근할 때마다 꺼내 쓰게 되는 템이에요.,dd473ac3de6a,,909,목 마사지 베개 V2 경추 마사지기 베개,129000,,기존리뷰,5,,0,0,1,"안녕하세요. 프리미엄 헬스테크 브랜드, 슬룸입니다.
정성스럽게 올려주신 소중한 후기 감사합니다. 💜

고객님의 목소리로 더 발전하는 슬룸이 되도록 노력하겠습니다.
감사합니다. 🙇‍♀️"
118140,2026-08-03 0:00,,,"전신 피로도 있지만 유독 목이 항상 제일 힘들었는데 이거 쓰고 나서 한결 나아졌어요. 에어백이 목을 지그시 받쳐주면서 눌리는 느낌이 마사지샵이 생각날 정도예요. 진동 릴렉스 모드로 부드럽게 켜두고 눕는 게 하루 마무리 루틴이 됐어요. 타이머가 자동으로 꺼지니까 그대로 잠들어도 되고, 아침에 일어나면 목이 훨씬 개운해요. 강추하고 싶은 제품이에요.",17d78c737ec5,,909,목 마사지 베개 V2 경추 마사지기 베개,129000,,기존리뷰,5,,0,0,1,"안녕하세요. 프리미엄 헬스테크 브랜드, 슬룸입니다.
시간 내어 소중한 후기를 작성해 주셔서 감사드립니다. :)

믿고 찾는 쇼핑몰이 되기 위해 더 좋은 상품과 서비스를 준비하겠습니다.
감사합니다. 💜"
118141,2026-08-03 0:00,,,처음엔 단순한 마사지기겠지 했는데 에어백 기능이 더해지니까 차원이 달랐어요. 목이 자연스럽게 스트레칭되는 느낌이라 전문 케어 받는 기분이에요. 온열 기능이 따뜻하게 근육을 풀어줘서 뭉침이 빨리 해소되는 것 같아요. 경추 C커브가 목을 자연스럽게 잡아줘서 자세 교정에도 좋을 것 같고요. 네이비 색상이 세련돼서 방에 두면 분위기가 살아요.,dbbd2117945f,,909,목 마사지 베개 V2 경추 마사지기 베개,129000,,기존리뷰,5,,0,0,1,"안녕하세요. 프리미엄 헬스테크 브랜드, 슬룸입니다.
진심 어린 소중한 후기 감사합니다. 💜

앞으로도 좋은 상품과 서비스로 고객님들을 찾아뵐 수 있도록 노력하겠습니다.
감사합니다. :)"
118142,2026-08-04 0:00,,,밤마다 목이 뻐근해서 잠들기 힘들었는데 이거 쓰고 나서 수면 질이 좋아진 것 같아요. 에어백이 천천히 목을 늘려주면서 긴장이 풀리는 게 느껴지거든요. 온열이랑 같이 쓰면 따뜻하게 감싸줘서 스르르 잠이 와요. 15분 자동 타이머가 있어서 잠들어도 안심이 되고요. 무선이라 충전만 해두면 어디서든 쓸 수 있어서 편리해요.,58b69fb86eb8,,909,목 마사지 베개 V2 경추 마사지기 베개,129000,,기존리뷰,5,,0,0,1,"안녕하세요. 프리미엄 헬스테크 브랜드, 슬룸입니다.
정성스럽게 올려주신 소중한 후기 감사합니다. 💜

고객님의 목소리로 더 발전하는 슬룸이 되도록 노력하겠습니다.
감사합니다. 🙇‍♀️"
118144,2026-08-08 0:00,,,노트북 작업을 많이 하다 보니 거북목이 생겼는데 이거 꾸준히 쓰면서 좋아지는 것 같아요. 에어백이 목 경추를 자연스럽게 펴주는 느낌이라 스트레칭을 따로 안 해도 될 것 같아요. 온열이 적당히 따뜻해서 혈액순환이 잘 되는 느낌이에요. 무선 충전이라 가지고 다니기도 편해요. 매일 쓰다 보니 없으면 허전할 것 같아요.,9bfddb10f5b4,,909,목 마사지 베개 V2 경추 마사지기 베개,129000,,기존리뷰,5,,0,0,1,"안녕하세요. 프리미엄 헬스테크 브랜드, 슬룸입니다.
정성스럽게 올려주신 소중한 후기 감사합니다. 💜

고객님의 목소리로 더 발전하는 슬룸이 되도록 노력하겠습니다.
감사합니다. 🙇‍♀️"
118145,2026-08-04 0:00,,,목 마사지기를 찾다가 베개형이라는 게 특이해서 구매했어요. 실제로 써보니까 누워서 편하게 마사지받을 수 있어서 훨씬 편하더라고요. 에어백이 목을 꽉 잡아주는 느낌이 처음엔 세게 느껴졌는데 익숙해지니까 그 느낌이 시원해요. 온열 기능이랑 같이 쓰면 진짜 마사지샵에 온 것 같아요. 자기 전에 쓰는 게 일과가 됐어요.,12bd8488defe,,909,목 마사지 베개 V2 경추 마사지기 베개,129000,,기존리뷰,4,,0,0,1,"안녕하세요. 프리미엄 헬스테크 브랜드, 슬룸입니다.
시간 내어 소중한 후기를 작성해 주셔서 감사드립니다. :)

믿고 찾는 쇼핑몰이 되기 위해 더 좋은 상품과 서비스를 준비하겠습니다.
감사합니다. 💜"
118146,2026-08-03 0:00,,,어깨랑 목이 늘 뭉쳐있어서 파스를 달고 살았는데 이거 쓰고 나서 파스 붙이는 횟수가 줄었어요. 에어백이 자연스럽게 목을 스트레칭해주는 게 체감이 되거든요. 온열 3단계로 올리면 꽤 따뜻해서 근육이 확 풀려요. 네이비 색상이 고급스러워서 선물로도 추천하고 싶어요. 무선이라 어디서든 편하게 쓸 수 있어서 만족도가 높아요.,ffcc2a9a7ff1,,909,목 마사지 베개 V2 경추 마사지기 베개,129000,,기존리뷰,5,,0,0,1,"안녕하세요. 프리미엄 헬스테크 브랜드, 슬룸입니다.
시간 내어 소중한 후기를 작성해 주셔서 감사드립니다. :)

믿고 찾는 쇼핑몰이 되기 위해 더 좋은 상품과 서비스를 준비하겠습니다.
감사합니다. 💜"
118151,2026-08-08 0:00,,,평소에 목이 자주 뻐근해서 정말 고민이었는데 이거 쓰고 확실히 달라졌어요. 에어백이 목을 부드럽게 늘려주는 게 스트레칭 전문가한테 받는 느낌이에요. 진동이 너무 강하지 않고 딱 적당해서 민감한 편인 저도 편하게 쓸 수 있었어요. 베개로도 쓸 수 있어서 마사지 후에 그냥 잠들어도 목이 잘 지지돼요. 무선 충전이 정말 편리해서 매일 충전해두고 써요.,4604a8406282,,909,목 마사지 베개 V2 경추 마사지기 베개,129000,,기존리뷰,3,,0,0,1,"안녕하세요. 프리미엄 헬스테크 브랜드, 슬룸입니다.
정성스럽게 올려주신 소중한 후기 감사합니다. 💜

고객님의 목소리로 더 발전하는 슬룸이 되도록 노력하겠습니다.
감사합니다. 🙇‍♀️"
118152,2026-08-09 0:00,,,받자마자 써봤는데 첫날부터 목이 개운한 느낌이었어요. 에어백이 부드럽게 늘어나면서 목 근육이 풀리는 게 신기하고 시원했어요. 온열 2단계에 릴렉스 진동 조합이 제일 좋아서 자주 써요. 네이비 색이라 침실에 두니까 고급스러워 보여요. 15분 타이머 덕분에 부담 없이 편하게 쓸 수 있어요.,68afaec38ce1,,909,목 마사지 베개 V2 경추 마사지기 베개,129000,,기존리뷰,4,,0,0,1,"안녕하세요. 프리미엄 헬스테크 브랜드, 슬룸입니다.
정성스럽게 올려주신 소중한 후기 감사합니다. 💜

고객님의 목소리로 더 발전하는 슬룸이 되도록 노력하겠습니다.
감사합니다. 🙇‍♀️"
118155,2026-08-07 0:00,,,목이 자주 아파서 이것저것 써봤는데 이게 제일 효과가 좋아요. 에어백이 목을 부드럽게 들어 올리는 느낌이 다른 마사지기와는 확실히 달라요. 온열이 따뜻하게 감싸줘서 근육이 빨리 풀리는 것 같고요. 진동 집중 모드로 하면 뭉친 부위가 시원하게 풀려요. 네이비 색이 세련돼서 만족스러워요.,7c94775e7a71,,909,목 마사지 베개 V2 경추 마사지기 베개,129000,,기존리뷰,4,,0,0,1,"안녕하세요. 프리미엄 헬스테크 브랜드, 슬룸입니다.
진심 어린 소중한 후기 감사합니다. 💜

앞으로도 좋은 상품과 서비스로 고객님들을 찾아뵐 수 있도록 노력하겠습니다.
감사합니다. :)"
118156,2026-08-09 0:00,,,자기 전에 쓰면 잠이 잘 와서 너무 좋아요. 에어백이 목을 부드럽게 자극해줘서 긴장이 풀리는 게 느껴지거든요. 온열이 따뜻하게 감싸줘서 편안하고 잠이 솔솔 와요. 경추 C커브 덕분에 마사지 후 그냥 잠들어도 목이 편안해요. 15분 타이머가 자동으로 꺼줘서 잠들어도 걱정 없는 게 너무 좋아요.,b73f4517db7d,,909,목 마사지 베개 V2 경추 마사지기 베개,129000,,기존리뷰,5,,0,0,1,"안녕하세요. 프리미엄 헬스테크 브랜드, 슬룸입니다.
정성스럽게 올려주신 소중한 후기 감사합니다. 💜

고객님의 목소리로 더 발전하는 슬룸이 되도록 노력하겠습니다.
감사합니다. 🙇‍♀️"
118157,2026-08-03 0:00,,,일하면서 어깨랑 목이 굳어버리는 날이 많았는데 퇴근 후에 이거 쓰면 확 풀려요. 에어백이 목을 꽉 잡아줬다가 놓는 게 진짜 시원하거든요. 온열 기능이랑 진동 같이 켜면 완전 프리미엄 마사지 받는 기분이에요. 무선이라 어디서든 써도 되고 베개 형태라 누워서 쓰기 좋아요. 네이비 색상이 고급스러워서 선물로도 추천해요.,820063ad9719,,909,목 마사지 베개 V2 경추 마사지기 베개,129000,,기존리뷰,5,,0,0,1,"안녕하세요. 프리미엄 헬스테크 브랜드, 슬룸입니다.
정성스럽게 올려주신 소중한 후기 감사합니다. 💜

고객님의 목소리로 더 발전하는 슬룸이 되도록 노력하겠습니다.
감사합니다. 🙇‍♀️"
118159,2026-08-03 0:00,,,목이 뻐근한 날 쓰면 바로 효과가 느껴져서 신기해요. 에어백이 목을 부드럽게 받쳐주면서 경추가 펴지는 느낌이에요. 온열 기능이 따뜻하게 감싸줘서 혈액순환이 잘 되는 것 같아요. 진동 릴렉스 모드로 켜두면 잠이 솔솔 와서 좋아요. 무선이라 충전만 해두면 어디서든 쓸 수 있어서 편해요.,24506f7d77a8,,909,목 마사지 베개 V2 경추 마사지기 베개,129000,,기존리뷰,5,,0,0,1,"안녕하세요. 프리미엄 헬스테크 브랜드, 슬룸입니다.
정성스럽게 올려주신 소중한 후기 감사합니다. 💜

고객님의 목소리로 더 발전하는 슬룸이 되도록 노력하겠습니다.
감사합니다. 🙇‍♀️"
118164,2026-08-06 0:00,,,목이 뻐근해서 잠들기 힘든 날이 많았는데 이거 쓰고 나서 수면 질이 좋아졌어요. 에어백이 목을 부드럽게 늘려줘서 자연스럽게 긴장이 풀려요. 온열 기능이 따뜻하게 감싸줘서 졸음이 솔솔 와요. 경추 C커브 덕분에 마사지 후에 그냥 잠들어도 목이 편안하게 유지돼요. 15분 타이머가 자동으로 꺼줘서 안심이 돼요.,e8183e8eff6f,,909,목 마사지 베개 V2 경추 마사지기 베개,129000,,기존리뷰,5,,0,0,1,"안녕하세요. 프리미엄 헬스테크 브랜드, 슬룸입니다.
정성스럽게 올려주신 소중한 후기 감사합니다. 💜

고객님의 목소리로 더 발전하는 슬룸이 되도록 노력하겠습니다.
감사합니다. 🙇‍♀️"
118168,2026-08-08 0:00,,,목 디스크 가능성이 있다는 얘기를 들은 후부터 관리를 시작했어요. 에어백이 경추를 자연스럽게 늘려줘서 스트레칭 효과가 있어요. 온열이랑 같이 쓰면 근육이 빨리 풀려서 좋아요. 진동 릴렉스 모드가 부드럽고 편안해서 잠들기 전에 쓰기 딱이에요. 무선이라 어디서든 편하게 쓸 수 있어서 만족해요.,5fe55a66a221,,909,목 마사지 베개 V2 경추 마사지기 베개,129000,,기존리뷰,4,,0,0,1,"안녕하세요. 프리미엄 헬스테크 브랜드, 슬룸입니다.
시간 내어 소중한 후기를 작성해 주셔서 감사드립니다. :)

믿고 찾는 쇼핑몰이 되기 위해 더 좋은 상품과 서비스를 준비하겠습니다.
감사합니다. 💜"
118172,2026-08-04 0:00,,,피로할 때 이거 꺼내 쓰면 목이 확 풀려서 기분도 좋아져요. 에어백이 목을 부드럽게 자극해줘서 편안한데 시원한 느낌이에요. 온열 기능이 따뜻하게 감싸줘서 몸 전체가 릴렉스되는 것 같아요. 베개 형태라 마사지 후 그냥 잠들어도 목이 자연스럽게 유지돼요. 네이비 색상이 차분해서 마음에 들어요.,9154e274a30d,,909,목 마사지 베개 V2 경추 마사지기 베개,129000,,기존리뷰,5,,0,0,1,"안녕하세요. 프리미엄 헬스테크 브랜드, 슬룸입니다.
진심 어린 소중한 후기 감사합니다. 💜

앞으로도 좋은 상품과 서비스로 고객님들을 찾아뵐 수 있도록 노력하겠습니다.
감사합니다. :)"
118176,2026-08-07 0:00,,,목 관리 제대로 해보자 싶어서 샀는데 진짜 잘 산 것 같아요. 에어백이 부드럽게 목을 늘려주는 게 스트레칭 효과가 확실히 있어요. 온열이랑 진동 같이 쓰면 마사지 풀코스 받는 느낌이에요. 베개 형태라 마사지 후에 그냥 잠들어도 목이 편안해요. 자동 타이머가 있어서 부담 없이 쓸 수 있어요.,65133794b801,,909,목 마사지 베개 V2 경추 마사지기 베개,129000,,기존리뷰,5,,0,0,1,"안녕하세요. 프리미엄 헬스테크 브랜드, 슬룸입니다.
정성스럽게 올려주신 소중한 후기 감사합니다. 💜

고객님의 목소리로 더 발전하는 슬룸이 되도록 노력하겠습니다.
감사합니다. 🙇‍♀️"
118178,2026-08-02 0:00,,,평소에 목이 잘 뻐근해서 이거 저거 써봤는데 이게 제일 효과적인 것 같아요. 에어백이 목을 지그시 들어 올려주는 게 다른 마사지기랑 확실히 달라요. 온열이랑 진동 같이 켜면 마사지샵 안 부럽더라고요. 무선이라 어디서든 편하게 쓸 수 있어서 활용도가 높아요. 15분 타이머 덕분에 잠들어도 걱정 없어요.,c678f6e0507d,,909,목 마사지 베개 V2 경추 마사지기 베개,129000,,기존리뷰,4,,0,0,1,"안녕하세요. 프리미엄 헬스테크 브랜드, 슬룸입니다.
시간 내어 소중한 후기를 작성해 주셔서 감사드립니다. :)

믿고 찾는 쇼핑몰이 되기 위해 더 좋은 상품과 서비스를 준비하겠습니다.
감사합니다. 💜"
118183,2026-08-03 0:00,,,처음엔 에어백 기능이 어떤 느낌인지 궁금해서 샀는데 완전 대박이에요. 목이 자연스럽게 늘어나는 느낌이 스트레칭 전문가한테 받는 기분이에요. 온열이랑 진동 같이 켜면 마사지 풀코스 받는 것 같아요. 베개 형태라 마사지 후 그냥 잠들어도 목이 편안하게 유지돼요. 자동 타이머가 있어서 부담 없이 써요.,6175cbb26a98,,909,목 마사지 베개 V2 경추 마사지기 베개,129000,,기존리뷰,5,,0,0,1,"안녕하세요. 프리미엄 헬스테크 브랜드, 슬룸입니다.
진심 어린 소중한 후기 감사합니다. 💜

앞으로도 좋은 상품과 서비스로 고객님들을 찾아뵐 수 있도록 노력하겠습니다.
감사합니다. :)"
118184,2026-08-10 0:00,,,목이 뻐근해서 잠들기 어려운 날이 많았는데 이거 쓰고 나서 수면 질이 좋아졌어요. 에어백이 목을 부드럽게 자극해줘서 긴장이 자연스럽게 풀려요. 온열 기능이 따뜻하게 감싸줘서 잠이 솔솔 와요. 경추 C커브 덕분에 마사지 후 잠들어도 목이 편안하게 유지돼요. 무선이라 충전만 해두면 어디서든 쓸 수 있어서 편리해요.,ec7ca1efae7f,,909,목 마사지 베개 V2 경추 마사지기 베개,129000,,기존리뷰,5,,0,0,1,"안녕하세요. 프리미엄 헬스테크 브랜드, 슬룸입니다.
정성스럽게 올려주신 소중한 후기 감사합니다. 💜

고객님의 목소리로 더 발전하는 슬룸이 되도록 노력하겠습니다.
감사합니다. 🙇‍♀️"
118185,2026-08-10 0:00,,,여러 마사지 용품 써봤는데 베개형은 처음인데 너무 편하고 좋아요. 에어백이 목을 지그시 들어 올리는 느낌이 다른 제품이랑 완전 달라요. 온열이랑 진동 같이 켜면 찜질 마사지 받는 기분이에요. 자동 타이머가 있어서 잠들어도 걱정 없고요. 네이비 색상이 세련되고 차분해서 마음에 들어요.,76e89679ac20,,909,목 마사지 베개 V2 경추 마사지기 베개,129000,,기존리뷰,3,,0,0,1,"안녕하세요. 프리미엄 헬스테크 브랜드, 슬룸입니다.
시간 내어 소중한 후기를 작성해 주셔서 감사드립니다. :)

믿고 찾는 쇼핑몰이 되기 위해 더 좋은 상품과 서비스를 준비하겠습니다.
감사합니다. 💜"
118186,2026-08-04 0:00,,,목이 뭉쳐서 고개 돌리기도 힘들었는데 이거 꾸준히 쓰면서 훨씬 나아졌어요. 에어백이 목을 부드럽게 늘려주는 게 스트레칭 효과가 확실히 있어요. 온열이랑 진동 같이 쓰면 마사지 전문점에 온 것 같아요. 베개 형태라 마사지 후 그냥 잠들어도 되는 게 너무 편해요. 15분 타이머 덕분에 잠들어도 안심이 돼요.,391d3a5cb663,,909,목 마사지 베개 V2 경추 마사지기 베개,129000,,기존리뷰,5,,0,0,1,"안녕하세요. 프리미엄 헬스테크 브랜드, 슬룸입니다.
진심 어린 소중한 후기 감사합니다. 💜

앞으로도 좋은 상품과 서비스로 고객님들을 찾아뵐 수 있도록 노력하겠습니다.
감사합니다. :)"
118188,2026-08-10 0:00,,,목이 자주 아파서 걱정이었는데 이거 쓰면서 많이 나아졌어요. 에어백이 경추를 자연스럽게 받쳐줘서 스트레칭 효과가 있어요. 온열이랑 진동 같이 켜면 깊은 근육까지 풀리는 것 같아요. 진동 릴렉스 모드가 부드럽고 편안해서 자기 전에 쓰기 딱이에요. 자동 타이머가 있어서 잠들어도 걱정 없어요.,c83bee04102c,,909,목 마사지 베개 V2 경추 마사지기 베개,129000,,기존리뷰,4,,0,0,1,"안녕하세요. 프리미엄 헬스테크 브랜드, 슬룸입니다.
시간 내어 소중한 후기를 작성해 주셔서 감사드립니다. :)

믿고 찾는 쇼핑몰이 되기 위해 더 좋은 상품과 서비스를 준비하겠습니다.
감사합니다. 💜"
118190,2026-08-02 0:00,,,오랫동안 목이 뻐근해서 고생했는데 이거 쓰면서 확실히 나아진 걸 느껴요. 에어백이 목을 지그시 들어 올려주는 느낌이 전문 마사지 받는 것 같아요. 온열이랑 진동 동시에 켜면 마사지샵 안 부럽더라고요. 자동 타이머가 있어서 잠들어도 안심이 되고요. 무선이라 코드 없이 깔끔하게 쓸 수 있어서 만족해요.,e26592184d57,,909,목 마사지 베개 V2 경추 마사지기 베개,129000,,기존리뷰,5,,0,0,1,"안녕하세요. 프리미엄 헬스테크 브랜드, 슬룸입니다.
진심 어린 소중한 후기 감사합니다. 💜

앞으로도 좋은 상품과 서비스로 고객님들을 찾아뵐 수 있도록 노력하겠습니다.
감사합니다. :)"
118191,2026-08-02 0:00,,,매일 저녁 루틴으로 자리잡은 목 마사지 베개예요. 에어백이 천천히 부풀면서 목이 자연스럽게 스트레칭되는 느낌이 독특하고 시원해요. 온열 기능이 따뜻하게 감싸줘서 뭉침이 빨리 해소되는 것 같아요. 진동 집중 모드로 뭉친 부위를 집중 케어할 수 있어서 좋아요. 네이비 색이 세련돼서 인테리어 소품 같기도 해요.,38b24043e84a,,909,목 마사지 베개 V2 경추 마사지기 베개,129000,,기존리뷰,5,,0,0,1,"안녕하세요. 프리미엄 헬스테크 브랜드, 슬룸입니다.
진심 어린 소중한 후기 감사합니다. 💜

앞으로도 좋은 상품과 서비스로 고객님들을 찾아뵐 수 있도록 노력하겠습니다.
감사합니다. :)"
118193,2026-08-02 0:00,,,피로할 때마다 이거 꺼내서 쓰는 게 습관이 됐어요. 에어백이 목을 지그시 눌러줬다 놓는 게 편안하고 시원해요. 온열 기능이 따뜻하게 감싸줘서 혈액순환이 잘 되는 것 같아요. 무선이라 충전만 해두면 어디서든 쓸 수 있어서 편리해요. 자동 타이머가 있어서 잠들어도 걱정 없어요.,6d3da1543f50,,909,목 마사지 베개 V2 경추 마사지기 베개,129000,,기존리뷰,5,,0,0,1,"안녕하세요. 프리미엄 헬스테크 브랜드, 슬룸입니다.
진심 어린 소중한 후기 감사합니다. 💜

앞으로도 좋은 상품과 서비스로 고객님들을 찾아뵐 수 있도록 노력하겠습니다.
감사합니다. :)"
118194,2026-08-04 0:00,,,목 마사지기 중에 제일 만족스러운 제품이에요. 에어백이 목을 자연스럽게 늘려줘서 스트레칭 효과가 확실히 있어요. 온열이랑 진동 같이 쓰면 마사지 전문점에 온 것 같아요. 경추 C커브 덕분에 목이 자연스럽게 받쳐져서 잠들기도 편해요. 네이비 색상이 고급스럽고 세련돼서 만족해요.,41cb71649bae,,909,목 마사지 베개 V2 경추 마사지기 베개,129000,,기존리뷰,5,,0,0,1,"안녕하세요. 프리미엄 헬스테크 브랜드, 슬룸입니다.
진심 어린 소중한 후기 감사합니다. 💜

앞으로도 좋은 상품과 서비스로 고객님들을 찾아뵐 수 있도록 노력하겠습니다.
감사합니다. :)"
118196,2026-08-09 0:00,,,자기 전에 이거 쓰면 잠이 잘 와서 너무 좋아요. 에어백이 목을 부드럽게 늘려줘서 스트레칭 효과가 있어요. 온열이랑 진동 같이 켜면 마사지 받는 기분이에요. 베개 형태라 마사지 후 그냥 잠들어도 목이 편안하게 유지돼요. 15분 타이머 덕분에 잠들어도 안심이 돼요.,2eb90e02c2ab,,909,목 마사지 베개 V2 경추 마사지기 베개,129000,,기존리뷰,5,,0,0,1,"안녕하세요. 프리미엄 헬스테크 브랜드, 슬룸입니다.
정성스럽게 올려주신 소중한 후기 감사합니다. 💜

고객님의 목소리로 더 발전하는 슬룸이 되도록 노력하겠습니다.
감사합니다. 🙇‍♀️"
118202,2026-08-05 0:00,,,오랫동안 목이 안 좋아서 고생했는데 이거 쓰면서 확실히 좋아지고 있어요. 에어백이 천천히 부풀면서 목이 자연스럽게 스트레칭되는 느낌이에요. 온열이 따뜻하게 감싸줘서 근육이 빨리 풀리고 진동 릴렉스 모드로 편안하게 마무리해요. 경추 C커브 덕분에 마사지 후 잠들어도 목이 편안하게 유지돼요. 네이비 색이 차분하고 고급스러워서 마음에 들어요.,067c01da81f8,,909,목 마사지 베개 V2 경추 마사지기 베개,129000,,기존리뷰,5,,0,0,1,"안녕하세요. 프리미엄 헬스테크 브랜드, 슬룸입니다.
진심 어린 소중한 후기 감사합니다. 💜

앞으로도 좋은 상품과 서비스로 고객님들을 찾아뵐 수 있도록 노력하겠습니다.
감사합니다. :)"
118203,2026-08-07 0:00,,,선물 받고 처음엔 별로 기대 안 했는데 써보고 완전 반해버렸어요. 에어백이 목을 지그시 들어 올려주는 느낌이 전문 마사지 받는 것 같거든요. 온열이랑 진동 동시에 켜면 찜질 마사지 받는 기분이에요. 베개 형태라 마사지 후 그냥 잠들어도 목이 자연스럽게 받쳐져요. 무선이라 코드 없이 깔끔하게 쓸 수 있어서 좋아요.,85940e973dba,,909,목 마사지 베개 V2 경추 마사지기 베개,129000,,기존리뷰,5,,0,0,1,"안녕하세요. 프리미엄 헬스테크 브랜드, 슬룸입니다.
진심 어린 소중한 후기 감사합니다. 💜

앞으로도 좋은 상품과 서비스로 고객님들을 찾아뵐 수 있도록 노력하겠습니다.
감사합니다. :)"
118204,2026-08-03 0:00,,,자기 전 루틴으로 이거 쓰기 시작했는데 수면 질이 확실히 달라졌어요. 에어백이 목을 부드럽게 늘려줘서 긴장이 자연스럽게 풀리거든요. 온열이랑 진동 같이 켜면 마사지 받는 기분이에요. 15분 타이머가 자동으로 꺼줘서 잠들어도 안심이 되고요. 아침에 일어나면 목이 개운해서 하루 시작이 달라요.,ea6c995b2243,,909,목 마사지 베개 V2 경추 마사지기 베개,129000,,기존리뷰,3,,0,0,1,"안녕하세요. 프리미엄 헬스테크 브랜드, 슬룸입니다.
시간 내어 소중한 후기를 작성해 주셔서 감사드립니다. :)

믿고 찾는 쇼핑몰이 되기 위해 더 좋은 상품과 서비스를 준비하겠습니다.
감사합니다. 💜"
118206,2026-08-03 0:00,,,목이 뻐근한 날이면 이거 꺼내서 쓰는 게 일과가 됐어요. 에어백이 목을 지그시 눌러줬다 놓는 리듬이 편안하고 시원해요. 온열이랑 진동 같이 켜면 마사지 전문점에 온 것 같아요. 베개 형태라 마사지 후 그냥 잠들어도 되는 게 너무 편해요. 네이비 색상이 고급스러워서 방에 두면 분위기가 살아요.,711f2a88cb92,,909,목 마사지 베개 V2 경추 마사지기 베개,129000,,기존리뷰,5,,0,0,1,"안녕하세요. 프리미엄 헬스테크 브랜드, 슬룸입니다.
시간 내어 소중한 후기를 작성해 주셔서 감사드립니다. :)

믿고 찾는 쇼핑몰이 되기 위해 더 좋은 상품과 서비스를 준비하겠습니다.
감사합니다. 💜"
118208,2026-08-06 0:00,,,거북목 증상이 있어서 관리 시작했는데 이거 쓰면서 조금씩 나아지고 있어요. 에어백이 경추를 자연스럽게 늘려줘서 스트레칭 효과가 있어요. 온열이랑 진동 같이 쓰면 마사지 풀코스 받는 기분이에요. 베개 형태라 마사지 후 잠들기도 편하고요. 네이비 색상이 차분하고 세련돼서 마음에 들어요.,89f4603be4a2,,909,목 마사지 베개 V2 경추 마사지기 베개,129000,,기존리뷰,5,,0,0,1,"안녕하세요. 프리미엄 헬스테크 브랜드, 슬룸입니다.
정성스럽게 올려주신 소중한 후기 감사합니다. 💜

고객님의 목소리로 더 발전하는 슬룸이 되도록 노력하겠습니다.
감사합니다. 🙇‍♀️"
118211,2026-08-01 0:00,,,목 관리에 투자하기 잘했다는 생각이 들어요. 에어백이 목을 지그시 들어 올려주는 느낌이 전문 마사지 받는 것 같아요. 온열이랑 진동 동시에 켜면 찜질 마사지 받는 기분이에요. 자동 타이머가 있어서 잠들어도 안심이 되고요. 네이비 색상이 고급스럽고 세련돼서 선물로도 딱인 것 같아요.,abbea5d0dc89,,909,목 마사지 베개 V2 경추 마사지기 베개,129000,,기존리뷰,5,,0,0,1,"안녕하세요. 프리미엄 헬스테크 브랜드, 슬룸입니다.
시간 내어 소중한 후기를 작성해 주셔서 감사드립니다. :)

믿고 찾는 쇼핑몰이 되기 위해 더 좋은 상품과 서비스를 준비하겠습니다.
감사합니다. 💜"
118212,2026-08-06 0:00,,,목이 뻐근할 때 이거 꺼내서 쓰면 바로 시원해지는 느낌이에요. 에어백이 목을 부드럽게 늘려줘서 스트레칭 효과가 확실히 있어요. 온열이랑 진동 같이 켜면 마사지 전문점에 온 것 같아요. 베개 형태라 마사지 후 그냥 잠들어도 목이 편안하게 유지돼요. 무선이라 충전만 해두면 어디서든 쓸 수 있어서 편리해요.,7afe423a085d,,909,목 마사지 베개 V2 경추 마사지기 베개,129000,,기존리뷰,3,,0,0,1,"안녕하세요. 프리미엄 헬스테크 브랜드, 슬룸입니다.
진심 어린 소중한 후기 감사합니다. 💜

앞으로도 좋은 상품과 서비스로 고객님들을 찾아뵐 수 있도록 노력하겠습니다.
감사합니다. :)"
118213,2026-08-03 0:00,,,오랫동안 목이 뻐근해서 고생했는데 이거 쓰면서 한결 나아졌어요. 에어백이 목을 부드럽게 자극해줘서 긴장이 자연스럽게 풀려요. 온열 기능이 따뜻하게 감싸줘서 혈액순환이 잘 되는 것 같아요. 경추 C커브 덕분에 목이 자연스럽게 받쳐져서 잠들기도 편해요. 15분 타이머 덕분에 부담 없이 쓸 수 있어요.,6fda6cb51088,,909,목 마사지 베개 V2 경추 마사지기 베개,129000,,기존리뷰,5,,0,0,1,"안녕하세요. 프리미엄 헬스테크 브랜드, 슬룸입니다.
정성스럽게 올려주신 소중한 후기 감사합니다. 💜

고객님의 목소리로 더 발전하는 슬룸이 되도록 노력하겠습니다.
감사합니다. 🙇‍♀️"
118214,2026-08-01 0:00,,,자기 전에 쓰면 잠이 잘 오고 아침에 목이 개운해서 너무 좋아요. 에어백이 천천히 부풀면서 목이 자연스럽게 스트레칭되는 느낌이 독특하면서 시원해요. 온열이랑 진동 같이 켜면 마사지 받는 기분이에요. 15분 타이머가 자동으로 꺼줘서 잠들어도 안심이 되고요. 네이비 색상이 고급스러워서 방에 두면 분위기가 살아요.,4ef4b79918bb,,909,목 마사지 베개 V2 경추 마사지기 베개,129000,,기존리뷰,4,,0,0,1,"안녕하세요. 프리미엄 헬스테크 브랜드, 슬룸입니다.
정성스럽게 올려주신 소중한 후기 감사합니다. 💜

고객님의 목소리로 더 발전하는 슬룸이 되도록 노력하겠습니다.
감사합니다. 🙇‍♀️"
118216,2026-08-06 0:00,,,하루 종일 앉아서 일하다 보니 목이 늘 뻐근했는데 이거 쓰고 나서 퇴근 후가 달라졌어요. 에어백이 목을 살며시 눌러줄 때 긴장이 스르르 풀리는 게 느껴지거든요. 온열이랑 같이 켜면 따뜻하게 감싸줘서 찜질하는 기분이에요. 네이비 색상이 침실에 잘 어울려서 놔두기만 해도 분위기가 나요. 마사지 받다가 그냥 잠들었는데 아침에 일어나니 목이 너무 가볍더라고요.,875042c98b3b,,909,목 마사지 베개 V2 경추 마사지기 베개,129000,,기존리뷰,4,,0,0,1,"안녕하세요. 프리미엄 헬스테크 브랜드, 슬룸입니다.
진심 어린 소중한 후기 감사합니다. 💜

앞으로도 좋은 상품과 서비스로 고객님들을 찾아뵐 수 있도록 노력하겠습니다.
감사합니다. :)"
118219,2026-08-03 0:00,,,퇴근 후에 마사지샵 가기엔 너무 피곤해서 찾다가 구매했어요. 에어백이 목을 지그시 눌렀다 놓는 리듬이 생각보다 훨씬 시원하더라고요. 진동 집중 모드로 켜면 뭉친 부위가 확 풀리는 느낌이에요. 네이비 색이 고급스러워서 방에 두면 인테리어 소품 같기도 해요. 자동 타이머 덕분에 쓰다 잠들어도 전혀 걱정이 없어요.,7425b3303466,,909,목 마사지 베개 V2 경추 마사지기 베개,129000,,기존리뷰,5,,0,0,1,"안녕하세요. 프리미엄 헬스테크 브랜드, 슬룸입니다.
시간 내어 소중한 후기를 작성해 주셔서 감사드립니다. :)

믿고 찾는 쇼핑몰이 되기 위해 더 좋은 상품과 서비스를 준비하겠습니다.
감사합니다. 💜"
118220,2026-08-10 0:00,,,밤마다 목이 뻐근해서 잠들기 어려웠는데 이거 쓰고 나서 수면 질이 확실히 달라졌어요. 에어백이 경추를 자연스럽게 받쳐주면서 긴장이 풀리는 게 느껴져요. 온열이랑 진동 동시에 켜면 마사지샵에 온 것처럼 개운해요. 베개 형태라 마사지 받다가 그냥 잠들어도 아침에 목이 개운해요. 무선이라 코드 신경 안 써도 되는 것도 너무 편하고요.,207ced098325,,909,목 마사지 베개 V2 경추 마사지기 베개,129000,,기존리뷰,5,,0,0,1,"안녕하세요. 프리미엄 헬스테크 브랜드, 슬룸입니다.
정성스럽게 올려주신 소중한 후기 감사합니다. 💜

고객님의 목소리로 더 발전하는 슬룸이 되도록 노력하겠습니다.
감사합니다. 🙇‍♀️"
118221,2026-08-03 0:00,,,거북목 진단 받고 나서 관리를 시작해야겠다 싶어서 구매했어요. 에어백이 목을 부드럽게 스트레칭해주는 느낌이 전문 케어 받는 기분이에요. 온열 1단계로 살살 켜두면 너무 뜨겁지 않고 딱 적당해서 좋아요. 경추 C커브 덕분에 잠드는 자세도 교정되는 것 같고요. 꾸준히 쓰다 보니 목 돌아가는 범위가 넓어진 것 같아요.,4dd4212e3df0,,909,목 마사지 베개 V2 경추 마사지기 베개,129000,,기존리뷰,4,,0,0,1,"안녕하세요. 프리미엄 헬스테크 브랜드, 슬룸입니다.
시간 내어 소중한 후기를 작성해 주셔서 감사드립니다. :)

믿고 찾는 쇼핑몰이 되기 위해 더 좋은 상품과 서비스를 준비하겠습니다.
감사합니다. 💜"
118223,2026-08-10 0:00,,,팔꿈치용으로 샀다가 무릎 연장벨트가 별도로 나온다는 걸 알고 바로 추가 구매했어요. 무릎 관절에 착용하니까 팔꿈치 쓸 때랑 똑같이 온열이랑 EMS가 작동되더라고요. 등산 다녀온 후에 무릎에 쓰면 진짜 시원해요. 팔꿈치 케어하던 루틴에 무릎까지 추가됐어요. 하나 사서 두 부위 케어할 수 있어서 생각보다 훨씬 만족스러워요.,f263e9678244,,980,프리미엄 엘보케어 팔꿈치 마사지기,149000,,기존리뷰,5,,0,0,1,"안녕하세요. 프리미엄 헬스테크 브랜드, 슬룸입니다.
진심 어린 소중한 후기 감사합니다. 💜

앞으로도 좋은 상품과 서비스로 고객님들을 찾아뵐 수 있도록 노력하겠습니다.
감사합니다. :)"
118228,2026-08-08 0:00,,,"빨래하고 나서 팔꿈치를 펼 때 뻐근한 느낌이 쌓이더니, 어느 순간 물건 들기도 불편해지더라고요. 처음에 착용법이 살짝 헷갈렸는데 설명서 보면서 하니까 어렵지 않았어요. 주무름모드가 진짜 손으로 꾹꾹 누르는 느낌이라 제일 자주 쓰게 되더라고요. 온열 올리면서 찜질 느낌까지 나니까 마치 마사지샵 간 것 같은 기분이에요. 네이비 색도 이쁘고 선물용으로도 딱인 것 같아요.",1a57c890ac6f,,980,프리미엄 엘보케어 팔꿈치 마사지기,149000,,기존리뷰,5,,0,0,1,"안녕하세요. 프리미엄 헬스테크 브랜드, 슬룸입니다.
시간 내어 소중한 후기를 작성해 주셔서 감사드립니다. :)

믿고 찾는 쇼핑몰이 되기 위해 더 좋은 상품과 서비스를 준비하겠습니다.
감사합니다. 💜"
118235,2026-08-08 0:00,,,"타이핑 할 때마다 팔꿈치 안쪽에서 뭔가 당기는 느낌이 수개월째 이어지던 참이었어요. 팔꿈치 전용이라는 점에서 구매를 결심했는데, 실제로 착용하면 팔꿈치 위치에 딱 맞게 설계돼 있어서 놀랐어요. EMS 자극이 처음엔 이상하게 느껴졌는데 2~3번 쓰다 보니 그 느낌이 좋아지더라고요. 타이머로 25분 설정해두고 유튜브 보면서 쓰면 시간도 금방 가요. 이제 퇴근 후 루틴이 됐어요.",33f3606ab035,,980,프리미엄 엘보케어 팔꿈치 마사지기,149000,,기존리뷰,5,,0,0,1,"안녕하세요. 프리미엄 헬스테크 브랜드, 슬룸입니다.
진심 어린 소중한 후기 감사합니다. 💜

앞으로도 좋은 상품과 서비스로 고객님들을 찾아뵐 수 있도록 노력하겠습니다.
감사합니다. :)"
118236,2026-08-02 0:00,,,"계단 오를 때마다 무릎이 시큰거려서 고민이었는데, 팔꿈치 마사지기에 무릎 연장벨트가 나온다는 걸 알고 바로 추가 구매했어요. 무릎 관절에 착용하니까 EMS 자극이 무릎 주변 근육까지 닿는 느낌이에요. 온열이랑 같이 쓰면 관절이 따뜻하게 풀리는 느낌이고요. 팔꿈치 살 때 같이 살걸 싶었어요. 무릎 고민 있는 분들한테 연장벨트 같이 구매 추천해요.",cd85b3c10d05,,980,프리미엄 엘보케어 팔꿈치 마사지기,149000,,기존리뷰,5,,0,0,1,"안녕하세요. 프리미엄 헬스테크 브랜드, 슬룸입니다.
정성스럽게 올려주신 소중한 후기 감사합니다. 💜

고객님의 목소리로 더 발전하는 슬룸이 되도록 노력하겠습니다.
감사합니다. 🙇‍♀️"
118237,2026-08-06 0:00,,,"운동 후에 팔꿈치랑 무릎이 같이 피로한데, 이 제품 하나로 둘 다 케어하고 있어요. 팔꿈치 먼저 쓰고 연장벨트 바꿔 끼워서 무릎 쓰는 방식으로요. 무릎 관절에 에어백이 감싸주면서 눌러주는 느낌이 새롭고 시원해요. 기능이 그대로라 사용법도 바로 익혔어요. 하나로 두 부위 관리 가능한 게 제일 큰 장점이에요.",0db666360259,,980,프리미엄 엘보케어 팔꿈치 마사지기,149000,,기존리뷰,4,,0,0,1,"안녕하세요. 프리미엄 헬스테크 브랜드, 슬룸입니다.
시간 내어 소중한 후기를 작성해 주셔서 감사드립니다. :)

믿고 찾는 쇼핑몰이 되기 위해 더 좋은 상품과 서비스를 준비하겠습니다.
감사합니다. 💜"
118239,2026-08-09 0:00,,,남편 선물 뭐 살까 고민하다가 요즘 팔꿈치 불편하다고 계속 얘기하길래 냉큼 샀어요. 본인이 너무 좋아해서 저도 자꾸 빌려 쓰게 되네요. 활력모드가 빠른 리듬이라 아침에 쓰면 팔이 깨어나는 느낌이라고 남편이 그러더라고요. 온열이랑 에어백 같이 쓰면 진짜 마사지샵 부럽지 않아요. 다음엔 하나 더 살 것 같아요.,023c8bce1c99,,980,프리미엄 엘보케어 팔꿈치 마사지기,149000,,기존리뷰,5,,0,0,1,"안녕하세요. 프리미엄 헬스테크 브랜드, 슬룸입니다.
정성스럽게 올려주신 소중한 후기 감사합니다. 💜

고객님의 목소리로 더 발전하는 슬룸이 되도록 노력하겠습니다.
감사합니다. 🙇‍♀️"
118240,2026-08-03 0:00,,,팔꿈치용 리뷰 보다가 무릎 연장벨트가 따로 있다는 댓글 보고 같이 주문했어요. 받고 보니까 연장벨트 착용하면 무릎에도 딱 맞게 설계돼 있더라고요. 온열이 무릎 관절 깊이 스며드는 느낌이 팔꿈치랑 비슷하게 시원해요. 무릎이 뻐근한 날 저녁에 쓰면 다음 날 훨씬 가벼워요. 팔꿈치 팔꿈치 연장벨트 같이 사는 걸 추천해요.,25ec50384185,,980,프리미엄 엘보케어 팔꿈치 마사지기,149000,,기존리뷰,5,,0,0,1,"안녕하세요. 프리미엄 헬스테크 브랜드, 슬룸입니다.
정성스럽게 올려주신 소중한 후기 감사합니다. 💜

고객님의 목소리로 더 발전하는 슬룸이 되도록 노력하겠습니다.
감사합니다. 🙇‍♀️"
118241,2026-08-03 0:00,,,"설악산 다녀온 다음 날 팔꿈치가 예상외로 뻣뻣하길래 뭔가 관리해야겠다 싶었어요. 이 제품 한 번 써보고 나서 등산 후 루틴으로 자리 잡았어요. 온열 찜질이 피로한 근육 풀어주는 데 진짜 도움이 되는 것 같고, 에어백도 있어서 마사지 효과도 쏠쏠해요. 25분 타이머 켜두고 TV 보면서 쓰면 편하게 케어할 수 있어요. 충전식이라 선 없이 편하게 쓸 수 있는 것도 장점이에요.",a40188e01281,,980,프리미엄 엘보케어 팔꿈치 마사지기,149000,,기존리뷰,4,,0,0,1,"안녕하세요. 프리미엄 헬스테크 브랜드, 슬룸입니다.
시간 내어 소중한 후기를 작성해 주셔서 감사드립니다. :)

믿고 찾는 쇼핑몰이 되기 위해 더 좋은 상품과 서비스를 준비하겠습니다.
감사합니다. 💜"
118242,2026-08-04 0:00,,,"재활 치료 3개월 받았는데 증상이 들쭉날쭉해서 집에서도 꾸준히 관리할 방법을 찾았어요. 정형외과 자문을 받아서 개발됐다는 게 구매 결정에 도움이 많이 됐어요. 처음엔 약하게 시작해서 조금씩 강도 올리는 게 맞는 방법 같아요. 이제 매일 저녁 쓰는 게 습관이 됐는데, 예전보다 팔꿈치가 가뿐해진 느낌이 확실히 나요. 가격 대비 만족도가 높은 제품이에요.",8b2c47276e21,,980,프리미엄 엘보케어 팔꿈치 마사지기,149000,,기존리뷰,5,,0,0,1,"안녕하세요. 프리미엄 헬스테크 브랜드, 슬룸입니다.
정성스럽게 올려주신 소중한 후기 감사합니다. 💜

고객님의 목소리로 더 발전하는 슬룸이 되도록 노력하겠습니다.
감사합니다. 🙇‍♀️"
118244,2026-08-08 0:00,,,"자기 전마다 팔꿈치 안쪽이 욱신거려서 자세를 바꿔도 편하질 않았는데, 이 제품이 구세주였어요. 자기 전에 힐링모드로 25분 쓰고 나면 훨씬 편안하게 잘 수 있게 됐어요. 온열도 같이 켜두면 진짜 찜질하는 느낌이라 좋고요. 처음엔 강도를 너무 높였다가 불편했는데, 낮게 맞추니까 오히려 더 오래 쓸 수 있고 효과도 좋은 것 같아요. 수면의 질이 좋아진 것 같아서 계속 쓸 예정이에요.",a72579d4dc3b,,980,프리미엄 엘보케어 팔꿈치 마사지기,149000,,기존리뷰,4,,0,0,1,"안녕하세요. 프리미엄 헬스테크 브랜드, 슬룸입니다.
진심 어린 소중한 후기 감사합니다. 💜

앞으로도 좋은 상품과 서비스로 고객님들을 찾아뵐 수 있도록 노력하겠습니다.
감사합니다. :)"
118245,2026-08-04 0:00,,,"아내가 팔꿈치가 아프다고 할 때마다 파스나 붙여줬는데, 이번엔 제대로 된 걸 사줘야겠다 싶어서 골랐어요. 쓰더니 너무 좋다고 본인이 직접 후기 써달라고 했어요. 에어백이 전완근 꽉 감싸주는 게 처음엔 낯설었는데 적응되니까 시원하다고 하더라고요. 온열도 따뜻하게 감싸주는 느낌이라 겨울에 더 좋을 것 같다고 해요. 리모컨 조작이 쉬워서 혼자서도 잘 쓰고 있어요.",b38068d20d51,,980,프리미엄 엘보케어 팔꿈치 마사지기,149000,,기존리뷰,5,,0,0,1,"안녕하세요. 프리미엄 헬스테크 브랜드, 슬룸입니다.
정성스럽게 올려주신 소중한 후기 감사합니다. 💜

고객님의 목소리로 더 발전하는 슬룸이 되도록 노력하겠습니다.
감사합니다. 🙇‍♀️"
118246,2026-08-03 0:00,,,반년 넘게 낚시 다니면서 쌓인 팔꿈치 피로가 어느 날 한꺼번에 터진 것 같은 느낌이었어요. 낚시 끝나고 집에서 이거 쓰면 진짜 개운해요. 활력모드로 시작해서 주무름모드로 마무리하는 게 제 루틴이 됐어요. 온열도 켜두면 뭉친 근육이 서서히 녹는 느낌이라 좋고요. 처음엔 사용법이 좀 복잡해 보였는데 한 번만 해보면 금방 익숙해져요.,0b9073c27468,,980,프리미엄 엘보케어 팔꿈치 마사지기,149000,,기존리뷰,5,,0,0,1,"안녕하세요. 프리미엄 헬스테크 브랜드, 슬룸입니다.
시간 내어 소중한 후기를 작성해 주셔서 감사드립니다. :)

믿고 찾는 쇼핑몰이 되기 위해 더 좋은 상품과 서비스를 준비하겠습니다.
감사합니다. 💜"
118251,2026-08-08 0:00,,,무릎 연장벨트 나왔다는 소식 듣고 바로 추가 구매했어요. 팔꿈치용으로 효과를 충분히 봤으니까 무릎도 당연히 좋을 거라 생각했거든요. 실제로 써보니 무릎 관절이 착 감싸지면서 EMS 자극이 무릎 주변까지 전달되는 게 느껴졌어요. 온열이랑 에어백까지 같이 되니까 무릎 케어도 팔꿈치만큼 만족스러워요. 연장벨트 선택은 신의 한 수예요.,bff5e68686f1,,980,프리미엄 엘보케어 팔꿈치 마사지기,149000,,기존리뷰,5,,0,0,1,"안녕하세요. 프리미엄 헬스테크 브랜드, 슬룸입니다.
정성스럽게 올려주신 소중한 후기 감사합니다. 💜

고객님의 목소리로 더 발전하는 슬룸이 되도록 노력하겠습니다.
감사합니다. 🙇‍♀️"
118252,2026-08-09 0:00,,,팔꿈치 마사지기 선물로 줬더니 무릎 연장벨트도 같이 사달라고 하더라고요. 두 개 같이 사니까 팔꿈치도 무릎도 케어할 수 있어서 선물 받은 분이 더 좋아하셨어요. 무릎 관절에 온열이랑 EMS가 작동되니까 무릎 통증 케어에도 효과적인 것 같다고 하세요. 선물할 때 처음부터 연장벨트 같이 세트로 사는 걸 추천해요.,b77226527446,,980,프리미엄 엘보케어 팔꿈치 마사지기,149000,,기존리뷰,4,,0,0,1,"안녕하세요. 프리미엄 헬스테크 브랜드, 슬룸입니다.
시간 내어 소중한 후기를 작성해 주셔서 감사드립니다. :)

믿고 찾는 쇼핑몰이 되기 위해 더 좋은 상품과 서비스를 준비하겠습니다.
감사합니다. 💜"
118255,2026-08-07 0:00,,,하루 내내 손에 뭔가를 쥐고 일하다 보니 팔꿈치가 더 이상 버텨주질 않더라고요. 에어백이 전완근을 쫙 감싸주면서 마사지해주는 게 딱 필요한 케어였어요. 퇴근 후에 온열까지 켜서 25분 쓰면 다음 날 훨씬 편하게 일할 수 있어요. 충전식이라 소파에서 편하게 쓸 수 있고요. 네이비 색상이 깔끔하고 보관할 때도 예쁘게 놓여요.,aa283b8d0fca,,980,프리미엄 엘보케어 팔꿈치 마사지기,149000,,기존리뷰,4,,0,0,1,"안녕하세요. 프리미엄 헬스테크 브랜드, 슬룸입니다.
진심 어린 소중한 후기 감사합니다. 💜

앞으로도 좋은 상품과 서비스로 고객님들을 찾아뵐 수 있도록 노력하겠습니다.
감사합니다. :)"
118256,2026-08-09 0:00,,,운동 욕심이 앞서다 보니 무리한 동작을 반복했고 결국 팔꿈치 힘줄이 항의하기 시작했어요. 강도 15단계까지 있는데 운동하는 사람한테는 중간 이상이 딱인 것 같아요. 전완근 에어백이 꽤 강하게 잡아주니까 운동 후 피로 회복에 좋은 것 같아요. 온열이랑 같이 켜면 근육이 빨리 이완되는 느낌이고요. 운동 후 루틴으로 자리 잡아서 이제는 빠질 수가 없어요.,479ec4eee7b5,,980,프리미엄 엘보케어 팔꿈치 마사지기,149000,,기존리뷰,5,,0,0,1,"안녕하세요. 프리미엄 헬스테크 브랜드, 슬룸입니다.
정성스럽게 올려주신 소중한 후기 감사합니다. 💜

고객님의 목소리로 더 발전하는 슬룸이 되도록 노력하겠습니다.
감사합니다. 🙇‍♀️"
118257,2026-08-03 0:00,,,"왼쪽은 멀쩡한데 오른쪽만 항상 더 무겁고 뻐근한 게 수년째 이어졌어요. 매일 같은 시간에 쓰다 보니 효과가 누적되는 것 같더라고요. 모드별로 느낌이 확실히 다른데 종합모드가 여러 자극이 섞여서 좋고, 힐링모드는 부드러워서 피곤할 때 좋아요. 온열 기능은 겨울에 더 느껴지는데 진짜 따뜻하게 감싸주는 느낌이에요. 꾸준히 쓸 예정입니다.",5831019cedb1,,980,프리미엄 엘보케어 팔꿈치 마사지기,149000,,기존리뷰,5,,0,0,1,"안녕하세요. 프리미엄 헬스테크 브랜드, 슬룸입니다.
시간 내어 소중한 후기를 작성해 주셔서 감사드립니다. :)

믿고 찾는 쇼핑몰이 되기 위해 더 좋은 상품과 서비스를 준비하겠습니다.
감사합니다. 💜"
118259,2026-08-03 0:00,,,"가사일 도중에 물건을 놓쳤을 때 팔꿈치 쪽에서 찌릿한 느낌이 오더니 며칠째 지속됐어요. 처음에 조작법이 복잡해 보여서 걱정했는데 설명서 보면서 한 번 해보니까 어렵지 않더라고요. 리모컨이 있어서 착용 중에도 조작하기 편하고, 버튼 크기도 적당해서 쓰기 좋아요. 온열 찜질 기능이 제일 마음에 드는데 따뜻하게 감싸주는 느낌이 아주 편안해요. 아들이 사줬는데 효도 선물 제대로 받은 것 같아요.",7df0084e24f4,,980,프리미엄 엘보케어 팔꿈치 마사지기,149000,,기존리뷰,4,,0,0,1,"안녕하세요. 프리미엄 헬스테크 브랜드, 슬룸입니다.
진심 어린 소중한 후기 감사합니다. 💜

앞으로도 좋은 상품과 서비스로 고객님들을 찾아뵐 수 있도록 노력하겠습니다.
감사합니다. :)"
118264,2026-08-06 0:00,,,침 치료 받으면서 선생님께 집에서 할 수 있는 케어 방법 여쭤봤더니 EMS 기기 써보라고 하셔서 찾아봤어요. 온열이랑 EMS가 같이 돼서 뜸 뜨는 느낌도 좀 나는 것 같아요. 에어백까지 있으니까 종합적인 케어가 되는 것 같고요. 침 치료 간격이 줄어든 것 같아서 만족스러워요.,b5101d6f4b0c,,980,프리미엄 엘보케어 팔꿈치 마사지기,149000,,기존리뷰,5,,0,0,1,"안녕하세요. 프리미엄 헬스테크 브랜드, 슬룸입니다.
정성스럽게 올려주신 소중한 후기 감사합니다. 💜

고객님의 목소리로 더 발전하는 슬룸이 되도록 노력하겠습니다.
감사합니다. 🙇‍♀️"
118268,2026-08-08 0:00,,,결국 병원에서 '과사용 증후군'이라는 말을 듣고 나서야 집에서 꾸준히 관리해야겠다고 마음먹었어요. 매일 쓰다 보니 병원 가는 횟수가 줄었어요. 집에서 관리할 수 있다는 게 이 제품의 제일 큰 장점 같아요. EMS가 근육을 자극해주는 느낌이 처음엔 낯설었지만 이제는 시원한 자극으로 느껴져요. 온열이랑 에어백까지 갖춰져 있어서 종합적인 케어가 되는 게 좋아요.,7dfc1e0c44fc,,980,프리미엄 엘보케어 팔꿈치 마사지기,149000,,기존리뷰,5,,0,0,1,"안녕하세요. 프리미엄 헬스테크 브랜드, 슬룸입니다.
시간 내어 소중한 후기를 작성해 주셔서 감사드립니다. :)

믿고 찾는 쇼핑몰이 되기 위해 더 좋은 상품과 서비스를 준비하겠습니다.
감사합니다. 💜"
118272,2026-08-04 0:00,,,"대회 준비로 운동량을 급격히 늘렸더니 팔꿈치가 제동을 걸었어요. 쉴 수가 없는 상황이라 관리를 병행할 방법을 찾다가 이 제품을 샀어요. 에어백이 전완근 마사지해주는 게 특히 좋고, 온열이랑 EMS 조합이 근육 피로 회복에 효과적인 것 같아요. 강도를 세밀하게 조절할 수 있어서 컨디션에 맞게 쓸 수 있는 게 장점이에요. 훈련 일정에 빠질 수 없는 도구가 됐어요.",bc6d13238f19,,980,프리미엄 엘보케어 팔꿈치 마사지기,149000,,기존리뷰,5,,0,0,1,"안녕하세요. 프리미엄 헬스테크 브랜드, 슬룸입니다.
정성스럽게 올려주신 소중한 후기 감사합니다. 💜

고객님의 목소리로 더 발전하는 슬룸이 되도록 노력하겠습니다.
감사합니다. 🙇‍♀️"
118276,2026-08-07 0:00,,,"팔꿈치 마사지기 산 지 한 달 됐을 때 무릎 연장벨트 출시 소식 들었어요. 팔꿈치 효과를 충분히 봤던 터라 바로 구매했죠. 무릎 관절에 착용하면 팔꿈치 쓸 때랑 똑같이 EMS, 온열, 에어백이 다 작동돼요. 무릎 뻐근한 날 저녁에 25분 쓰면 다음 날 훨씬 부드러운 느낌이에요. 두 가지 케어를 하나로 해결하는 게 생각보다 훨씬 만족스러워요.",71591f901788,,980,프리미엄 엘보케어 팔꿈치 마사지기,149000,,기존리뷰,5,,0,0,1,"안녕하세요. 프리미엄 헬스테크 브랜드, 슬룸입니다.
정성스럽게 올려주신 소중한 후기 감사합니다. 💜

고객님의 목소리로 더 발전하는 슬룸이 되도록 노력하겠습니다.
감사합니다. 🙇‍♀️"
118278,2026-08-02 0:00,,,"도면 검토하면서 같은 자세로 팔꿈치를 책상에 기대고 있는 시간이 길다 보니 팔꿈치 안쪽이 눌려서 피로해졌어요. 이 제품 꾸준히 쓰고 나서 조금씩 나아지고 있어요. 에어백이 강하게 압박해줬다 풀어주는 게 신기하고 시원해요. 온열이 겨울에 특히 좋은 것 같고, 현장 나가기 전에 한 번 쓰고 나가면 하루가 달라요. 네이비 색상이 무겁지 않고 세련돼서 마음에 들어요.",28edc795b13b,,980,프리미엄 엘보케어 팔꿈치 마사지기,149000,,기존리뷰,5,,0,0,1,"안녕하세요. 프리미엄 헬스테크 브랜드, 슬룸입니다.
시간 내어 소중한 후기를 작성해 주셔서 감사드립니다. :)

믿고 찾는 쇼핑몰이 되기 위해 더 좋은 상품과 서비스를 준비하겠습니다.
감사합니다. 💜"
118283,2026-08-03 0:00,,,"V10 루트 시도하면서 전완근을 너무 혹사시켰는지 팔꿈치 힘줄 쪽이 당기기 시작했어요. EMS 강도가 0~15단계라 강하게 쓸 수 있어서 좋아요. 전완근 에어백이 클라이밍으로 뭉친 전완근을 풀어주는 데 딱이에요. 온열이랑 같이 쓰면 근육이 빠르게 이완되는 느낌이고요. 클라이밍 후 필수 루틴이 됐는데, 정기적으로 쓰면서 팔 상태가 많이 나아졌어요.",4133d3fba926,,980,프리미엄 엘보케어 팔꿈치 마사지기,149000,,기존리뷰,5,,0,0,1,"안녕하세요. 프리미엄 헬스테크 브랜드, 슬룸입니다.
정성스럽게 올려주신 소중한 후기 감사합니다. 💜

고객님의 목소리로 더 발전하는 슬룸이 되도록 노력하겠습니다.
감사합니다. 🙇‍♀️"
118284,2026-08-10 0:00,,,"영상 찍다가 소품 들고 버티는 시간이 길어지면서 팔꿈치 쪽이 무거워지기 시작했어요. 힐링모드로 촬영 후에 쓰면 개운하고, 온열이랑 같이 하면 더 좋아요. 네이비 색상이 세련돼서 영상에 나와도 이쁘더라고요. 구독자들도 많이 물어봐서 자주 추천하고 있어요.",660e919d8e6a,,980,프리미엄 엘보케어 팔꿈치 마사지기,149000,,기존리뷰,5,,0,0,1,"안녕하세요. 프리미엄 헬스테크 브랜드, 슬룸입니다.
진심 어린 소중한 후기 감사합니다. 💜

앞으로도 좋은 상품과 서비스로 고객님들을 찾아뵐 수 있도록 노력하겠습니다.
감사합니다. :)"
118285,2026-08-10 0:00,,,"주변 사람들 케어해주느라 내 팔꿈치는 정작 방치됐다가 결국 탈이 났어요. EMS 패드 위치가 팔꿈치 양쪽을 정확히 자극하도록 돼 있고, 에어백이 전완근 전체를 케어해줘요. 온열 기능도 있어서 찜질과 마사지를 동시에 할 수 있는 게 효율적이에요. 함께 쓰는 분들한테도 추천하고 있어요.",ccf72c032517,,980,프리미엄 엘보케어 팔꿈치 마사지기,149000,,기존리뷰,4,,0,0,1,"안녕하세요. 프리미엄 헬스테크 브랜드, 슬룸입니다.
진심 어린 소중한 후기 감사합니다. 💜

앞으로도 좋은 상품과 서비스로 고객님들을 찾아뵐 수 있도록 노력하겠습니다.
감사합니다. :)"
118286,2026-08-04 0:00,,,"마트 카트 밀고 끌다 보면 팔꿈치에 보이지 않는 피로가 쌓이는데 어느 날 한계가 왔어요. 이 제품 쓰고 나서 집안일 할 때 훨씬 편해졌어요. 에어백이 팔을 꽉 잡아줬다 놓아주는 느낌이 처음엔 낯설었는데 이제는 그게 시원해요. 온열이 찜질팩처럼 따뜻하게 감싸주는 게 좋고, 혼자 착용하기도 어렵지 않아요. 이제는 없으면 불안한 필수품이 됐어요.",8e79a757a2b4,,980,프리미엄 엘보케어 팔꿈치 마사지기,149000,,기존리뷰,5,,0,0,1,"안녕하세요. 프리미엄 헬스테크 브랜드, 슬룸입니다.
시간 내어 소중한 후기를 작성해 주셔서 감사드립니다. :)

믿고 찾는 쇼핑몰이 되기 위해 더 좋은 상품과 서비스를 준비하겠습니다.
감사합니다. 💜"
118288,2026-08-10 0:00,,,"철골 구조물 고정하면서 팔꿈치가 계속 힘을 받다 보니 퇴근할 때쯤이면 팔이 나무 같아요. 에어백이 강하게 전완근 잡아주는 게 일하면서 뭉친 근육 풀어주는 데 최고예요. 온열도 같이 켜면 깊숙이 풀리는 느낌이고, EMS 자극이 더해지니까 신기하게 시원해요. 무겁고 힘든 일 하는 분들한테 진짜 추천하고 싶어요. 퇴근 후 필수 루틴이에요.",d5225f86492f,,980,프리미엄 엘보케어 팔꿈치 마사지기,149000,,기존리뷰,4,,0,0,1,"안녕하세요. 프리미엄 헬스테크 브랜드, 슬룸입니다.
정성스럽게 올려주신 소중한 후기 감사합니다. 💜

고객님의 목소리로 더 발전하는 슬룸이 되도록 노력하겠습니다.
감사합니다. 🙇‍♀️"
118290,2026-08-02 0:00,,,"어머니가 설거지하고 나면 팔을 못 쓰겠다고 하실 때마다 뭔가 해드리고 싶었는데 이 제품을 골랐어요. 조작법이 간단해서 어르신도 쉽게 쓸 수 있어요. 온열이 따뜻하게 감싸주는 게 제일 좋다고 하시고, 에어백 마사지도 시원하다고 하세요. 리모컨 버튼이 크고 간단해서 불편함 없이 쓰신대요. 효도 선물 제대로 한 것 같아요.",2574ac65097f,,980,프리미엄 엘보케어 팔꿈치 마사지기,149000,,기존리뷰,5,,0,0,1,"안녕하세요. 프리미엄 헬스테크 브랜드, 슬룸입니다.
정성스럽게 올려주신 소중한 후기 감사합니다. 💜

고객님의 목소리로 더 발전하는 슬룸이 되도록 노력하겠습니다.
감사합니다. 🙇‍♀️"
118291,2026-08-02 0:00,,,"클릭 수십만 번이 일상인 직업인데, 결국 팔꿈치 인대가 항의하기 시작했어요. 이 제품 매일 퇴근 후에 쓰고 있는데 2주 정도 지나니까 확실히 달라지는 게 느껴졌어요. EMS 자극이 처음엔 이상했는데 이제는 그게 없으면 아쉬울 정도예요. 온열이랑 에어백까지 갖춰진 게 진짜 종합 케어예요.",3c49653e3e00,,980,프리미엄 엘보케어 팔꿈치 마사지기,149000,,기존리뷰,5,,0,0,1,"안녕하세요. 프리미엄 헬스테크 브랜드, 슬룸입니다.
진심 어린 소중한 후기 감사합니다. 💜

앞으로도 좋은 상품과 서비스로 고객님들을 찾아뵐 수 있도록 노력하겠습니다.
감사합니다. :)"
118293,2026-08-02 0:00,,,공사 현장에서 전동공구를 하루 종일 쥐고 일하다 보니 팔꿈치 힘줄이 버텨주질 않더라고요. 진동이 계속 팔꿈치로 전달되는 게 누적되면 꽤 심각해진다는 걸 이 제품 쓰면서 느꼈어요. 강도를 낮게 유지하면서 오래 쓰는 방식이 저한테 잘 맞더라고요. 온열이랑 에어백 함께 쓰면 하루 진동으로 굳어버린 팔 근육이 풀리는 느낌이에요. 현장 동료들한테도 소문이 났어요.,f2741d6e1e30,,980,프리미엄 엘보케어 팔꿈치 마사지기,149000,,기존리뷰,5,,0,0,1,"안녕하세요. 프리미엄 헬스테크 브랜드, 슬룸입니다.
진심 어린 소중한 후기 감사합니다. 💜

앞으로도 좋은 상품과 서비스로 고객님들을 찾아뵐 수 있도록 노력하겠습니다.
감사합니다. :)"
118294,2026-08-04 0:00,,,"계단 내려올 때 무릎이 시큰거리는 게 반복됐는데, 연장벨트 구매 후 꾸준히 케어하면서 많이 나아졌어요. 팔꿈치 쓸 때처럼 EMS랑 온열 같이 켜면 무릎 관절 주변이 전체적으로 이완되는 게 느껴져요. 에어백이 무릎을 감싸줬다 풀어줬다 하면서 혈액순환도 도와주는 것 같고요. 무릎이 약한 분들한테 연장벨트 구매 적극 추천해요.",b42ac454f396,,980,프리미엄 엘보케어 팔꿈치 마사지기,149000,,기존리뷰,5,,0,0,1,"안녕하세요. 프리미엄 헬스테크 브랜드, 슬룸입니다.
시간 내어 소중한 후기를 작성해 주셔서 감사드립니다. :)

믿고 찾는 쇼핑몰이 되기 위해 더 좋은 상품과 서비스를 준비하겠습니다.
감사합니다. 💜"
118296,2026-08-09 0:00,,,"세밀한 손 작업 시간이 늘어날수록 팔꿈치 힘줄이 예민해지는 게 느껴지더니 결국 통증이 왔어요. 주무름모드가 깊이 자극되는 느낌이라 제일 좋아하고, 온열이랑 같이 켜면 더 효과적이에요. 에어백이 전완근을 꽉 잡아줬다 놓아주는 게 신기하고 시원해요. 직업병처럼 된 팔꿈치 통증 관리에 도움이 많이 되고 있어요.",e819f2472913,,980,프리미엄 엘보케어 팔꿈치 마사지기,149000,,기존리뷰,4,,0,0,1,"안녕하세요. 프리미엄 헬스테크 브랜드, 슬룸입니다.
진심 어린 소중한 후기 감사합니다. 💜

앞으로도 좋은 상품과 서비스로 고객님들을 찾아뵐 수 있도록 노력하겠습니다.
감사합니다. :)"
118302,2026-08-05 0:00,,,"같은 동작을 수백 번 반복하는 게 일상이다 보니 어느 시점부터 팔꿈치 안쪽이 계속 뭉치더라고요. 이 제품 일 끝나고 쓰면 진짜 개운해요. 주무름모드가 꾹꾹 눌러주는 느낌이라 제일 좋아하고, 온열이랑 같이 켜면 더 효과적이에요. 에어백까지 같이 돌아가면 팔 전체가 케어되는 느낌이에요.",ebaff3b52dd8,,980,프리미엄 엘보케어 팔꿈치 마사지기,149000,,기존리뷰,5,,0,0,1,"안녕하세요. 프리미엄 헬스테크 브랜드, 슬룸입니다.
정성스럽게 올려주신 소중한 후기 감사합니다. 💜

고객님의 목소리로 더 발전하는 슬룸이 되도록 노력하겠습니다.
감사합니다. 🙇‍♀️"
118303,2026-08-07 0:00,,,천장 시공할 때 팔을 들고 있는 시간이 길어지면서 팔꿈치 통증이 생겼어요. 퇴근 후 쓰면 다음 날 훨씬 가뿐해요. 에어백이 강하게 잡아줬다 놓아주는 게 뭉친 전완근 풀어주는 데 딱이에요. 온열이랑 EMS 같이 켜면 속까지 시원한 느낌이에요. 같이 일하는 동료들한테도 추천해줬어요.,cdc38f61fcb1,,980,프리미엄 엘보케어 팔꿈치 마사지기,149000,,기존리뷰,4,,0,0,1,"안녕하세요. 프리미엄 헬스테크 브랜드, 슬룸입니다.
진심 어린 소중한 후기 감사합니다. 💜

앞으로도 좋은 상품과 서비스로 고객님들을 찾아뵐 수 있도록 노력하겠습니다.
감사합니다. :)"
118304,2026-08-03 0:00,,,운동 끝나고 팔꿈치랑 무릎 둘 다 피로한데 이 제품 하나로 순서대로 케어하고 있어요. 팔꿈치 25분 먼저 하고 연장벨트로 바꿔서 무릎 25분 이렇게요. 시간이 좀 걸리긴 하지만 두 부위 다 제대로 케어되는 게 느껴져요. 무릎에 에어백이 감싸주면서 EMS 자극이 더해지니까 팔꿈치 쓸 때랑 똑같이 효과적이에요. 두 부위 케어 루틴 완성이에요.,e1ea898599ea,,980,프리미엄 엘보케어 팔꿈치 마사지기,149000,,기존리뷰,5,,0,0,1,"안녕하세요. 프리미엄 헬스테크 브랜드, 슬룸입니다.
시간 내어 소중한 후기를 작성해 주셔서 감사드립니다. :)

믿고 찾는 쇼핑몰이 되기 위해 더 좋은 상품과 서비스를 준비하겠습니다.
감사합니다. 💜"
118306,2026-08-03 0:00,,,"박스 나르고 쌓는 게 하루 종일 반복되다 보니 팔꿈치 통증이 일상 자체를 위협하는 수준이 됐어요. 에어백이 전완근을 강하게 마사지해주는 게 하루 피로 회복에 최고예요. 온열이랑 EMS 같이 켜면 뭉친 게 빠르게 풀리는 것 같고, 25분 타이머 켜두고 쉬면 충분히 케어돼요. 이 제품 없이 어떻게 버텼나 싶어요.",78ee6e6a68fa,,980,프리미엄 엘보케어 팔꿈치 마사지기,149000,,기존리뷰,5,,0,0,1,"안녕하세요. 프리미엄 헬스테크 브랜드, 슬룸입니다.
시간 내어 소중한 후기를 작성해 주셔서 감사드립니다. :)

믿고 찾는 쇼핑몰이 되기 위해 더 좋은 상품과 서비스를 준비하겠습니다.
감사합니다. 💜"
118308,2026-08-06 0:00,,,"주변에 골프 엘보로 고생하는 사람이 많길래 이 제품 알아보다가 저도 같이 구매했어요. 전완근 에어백이 골프 엘보 예방에 중요한 전완근을 케어해줘서 좋아요. EMS가 팔꿈치 관절 주변을 자극해주는 것도 좋고, 온열이랑 같이 쓰면 더 효과적이에요. 강도 조절이 세밀해서 컨디션에 맞게 쓸 수 있는 게 장점이에요. 같이 산 사람들 반응도 좋더라고요.",381b15f56d90,,980,프리미엄 엘보케어 팔꿈치 마사지기,149000,,기존리뷰,5,,0,0,1,"안녕하세요. 프리미엄 헬스테크 브랜드, 슬룸입니다.
정성스럽게 올려주신 소중한 후기 감사합니다. 💜

고객님의 목소리로 더 발전하는 슬룸이 되도록 노력하겠습니다.
감사합니다. 🙇‍♀️"
118311,2026-08-01 0:00,,,"나이 들면서 무릎이랑 팔꿈치가 같이 약해지는 것 같아서 둘 다 케어할 방법을 찾고 있었어요. 팔꿈치 마사지기에 무릎 연장벨트가 있다는 걸 알고 같이 구매했는데 딱이었어요. 무릎 관절에 온열이 스며드는 게 너무 편안하고, EMS가 주변 근육을 자극해주는 것도 좋아요. 나이 드신 분들한테 팔꿈치 연장벨트 세트로 추천하고 싶어요.",fff400cf3ddd,,980,프리미엄 엘보케어 팔꿈치 마사지기,149000,,기존리뷰,5,,0,0,1,"안녕하세요. 프리미엄 헬스테크 브랜드, 슬룸입니다.
시간 내어 소중한 후기를 작성해 주셔서 감사드립니다. :)

믿고 찾는 쇼핑몰이 되기 위해 더 좋은 상품과 서비스를 준비하겠습니다.
감사합니다. 💜"
118312,2026-08-06 0:00,,,스쿼트 무리하게 하다가 무릎이 말썽을 피우길래 연장벨트 구매했어요. 팔꿈치 마사지기 이미 있어서 추가 구매만 하면 돼서 부담이 덜했어요. 무릎에 EMS랑 온열이 같이 작동되니까 운동 후 회복에 효과적인 것 같아요. 에어백이 무릎 주변을 규칙적으로 눌러줬다 풀어주는 게 혈액순환에 도움이 되는 것 같고요. 운동하는 분들한테 팔꿈치 무릎 세트 추천이에요.,f1d70119a8e9,,980,프리미엄 엘보케어 팔꿈치 마사지기,149000,,기존리뷰,5,,0,0,1,"안녕하세요. 프리미엄 헬스테크 브랜드, 슬룸입니다.
진심 어린 소중한 후기 감사합니다. 💜

앞으로도 좋은 상품과 서비스로 고객님들을 찾아뵐 수 있도록 노력하겠습니다.
감사합니다. :)"
118313,2026-08-03 0:00,,,"특정 기술 연습을 집중적으로 하던 기간에 팔꿈치에 무리가 가면서 출전 자체가 불투명해졌어요. 이 제품 훈련 후 루틴으로 쓰고 있는데 회복 속도가 빨라진 것 같아요. EMS 강도를 높게 설정해도 잘 전달되고, 에어백이 강하게 전완근 잡아주는 게 좋아요. 온열이랑 같이 켜면 근육 이완이 더 빠른 것 같고요. 팀 전체로 퍼져나갔어요.",2a1db3337ae4,,980,프리미엄 엘보케어 팔꿈치 마사지기,149000,,기존리뷰,5,,0,0,1,"안녕하세요. 프리미엄 헬스테크 브랜드, 슬룸입니다.
정성스럽게 올려주신 소중한 후기 감사합니다. 💜

고객님의 목소리로 더 발전하는 슬룸이 되도록 노력하겠습니다.
감사합니다. 🙇‍♀️"
118314,2026-08-01 0:00,,,마이크 잡은 팔이 지리기 시작하더니 이후로 팔꿈치가 뻑뻑해졌어요. 두드림모드로 시작해서 힐링모드로 마무리하는 게 제 루틴이에요. 온열이랑 에어백 같이 켜두고 15분 쉬면 꽤 개운해져요. 오래 서서 팔 많이 쓰는 분들한테 추천하고 싶은 제품이에요.,59f99e07f9ca,,980,프리미엄 엘보케어 팔꿈치 마사지기,149000,,기존리뷰,4,,0,0,1,"안녕하세요. 프리미엄 헬스테크 브랜드, 슬룸입니다.
진심 어린 소중한 후기 감사합니다. 💜

앞으로도 좋은 상품과 서비스로 고객님들을 찾아뵐 수 있도록 노력하겠습니다.
감사합니다. :)"
118316,2026-08-06 0:00,,,"무릎 연장벨트 구매하고 나서 팔꿈치랑 무릎 케어를 하루 루틴에 넣었어요. 아침엔 팔꿈치, 저녁엔 무릎 이렇게 정해놓으니까 규칙적으로 관리가 되더라고요. 무릎에 온열 켜두면 관절이 서서히 따뜻해지면서 뻐근함이 풀리는 게 느껴져요. 에어백이 무릎을 감싸주는 압박감도 팔꿈치랑 비슷하게 안정감이 있어요. 루틴 잡기 좋은 조합이에요.",f27dcef405b2,,980,프리미엄 엘보케어 팔꿈치 마사지기,149000,,기존리뷰,5,,0,0,1,"안녕하세요. 프리미엄 헬스테크 브랜드, 슬룸입니다.
시간 내어 소중한 후기를 작성해 주셔서 감사드립니다. :)

믿고 찾는 쇼핑몰이 되기 위해 더 좋은 상품과 서비스를 준비하겠습니다.
감사합니다. 💜"
118319,2026-08-03 0:00,,,"시범을 자주 보이는 편인데 어느 날 팔꿈치 쪽에서 이상한 느낌이 나더니 이후로 계속 예민해졌어요. 쓰고 나서 일과 후 에어백이 전완근 마사지해주는 게 진짜 시원해요. EMS 모드가 다양해서 그날 상태에 맞게 쓸 수 있고, 온열이랑 같이 켜면 더 효과적이에요. 힐링모드로 자기 전에 쓰면 수면의 질도 좋아지는 것 같아요.",2f2f8030a1be,,980,프리미엄 엘보케어 팔꿈치 마사지기,149000,,기존리뷰,5,,0,0,1,"안녕하세요. 프리미엄 헬스테크 브랜드, 슬룸입니다.
진심 어린 소중한 후기 감사합니다. 💜

앞으로도 좋은 상품과 서비스로 고객님들을 찾아뵐 수 있도록 노력하겠습니다.
감사합니다. :)"
118320,2026-08-10 0:00,,,"처음부터 팔꿈치랑 무릎 둘 다 문제였는데, 팔꿈치 마사지기랑 연장벨트 세트로 구매해서 둘 다 케어하고 있어요. 팔꿈치도 무릎도 같은 기능으로 케어되니까 따로 제품 살 필요 없어서 좋아요. 무릎에 EMS 자극이 전달될 때 관절 주변 근육이 자극되는 게 느껴져요. 온열이랑 에어백까지 더해지면 진짜 종합 케어예요. 세트 구매 적극 추천해요.",ccc411b1e629,,980,프리미엄 엘보케어 팔꿈치 마사지기,149000,,기존리뷰,5,,0,0,1,"안녕하세요. 프리미엄 헬스테크 브랜드, 슬룸입니다.
시간 내어 소중한 후기를 작성해 주셔서 감사드립니다. :)

믿고 찾는 쇼핑몰이 되기 위해 더 좋은 상품과 서비스를 준비하겠습니다.
감사합니다. 💜"
118321,2026-08-03 0:00,,,"평소 수영으로 체력 관리하는데 접영 연습을 늘리면서 팔꿈치 힘줄이 당기기 시작했어요. 에어백이 전완근을 감싸주는 압박감이 딱 좋고, 온열이랑 같이 켜면 근육이 빠르게 이완되는 느낌이에요. EMS 모드가 다양해서 훈련 강도에 따라 다르게 쓸 수 있는 게 마음에 들어요. 힐링모드로 자기 전에 쓰면 다음 날 훈련도 더 잘 되는 것 같아요. 수영장 라커룸 친구들한테도 추천해줬어요.",d7360b12e1f3,,980,프리미엄 엘보케어 팔꿈치 마사지기,149000,,기존리뷰,4,,0,0,1,"안녕하세요. 프리미엄 헬스테크 브랜드, 슬룸입니다.
진심 어린 소중한 후기 감사합니다. 💜

앞으로도 좋은 상품과 서비스로 고객님들을 찾아뵐 수 있도록 노력하겠습니다.
감사합니다. :)"
118323,2026-08-10 6:21,2026-08-07 2:38,2026-08-08 16:15,"하알라 방송보고 구매했는데 하루에 두번씩 하고있는데 디자인 및 성능, 효능이 좋아요 배송도 빨라 좋아요",,,1045,[하알라x슬룸] ★2차★ 구독자 한정 최저가 비밀링크!,114900,수량선택: ★하알라SET★ 허리편한케어V2 1개 + 목마사지베개V2 1개 + (증정)마그네슘 시너지 크림 1개 + (증정) 중형 파우치 1개,기존리뷰,5,,1,0,1,"안녕하세요. 프리미엄 헬스테크 브랜드, 슬룸입니다.
정성스럽게 올려주신 소중한 후기 감사합니다. 💜

고객님의 목소리로 더 발전하는 슬룸이 되도록 노력하겠습니다.
감사합니다. 🙇‍♀️"
118324,2026-08-10 9:17,2026-07-20 13:34,2026-07-22 16:18,허벅지 종아리에 사용하기가 제일 편해요 ㅋㅋ 팔이나 승모는 사용하기가 약간 불편(?)한게 없지않아 있더라구요 ?복부도 사용하기는하는데 괄사가 오히려 편하구요 허벅지랑 종아리에 사용하기에는 아주 좋습니다.,,,1035,[애진X슬룸] ★단독 최대혜택★ 바디풀고컷 경락 마사지기,79900,수량선택: [68%] 바디풀고컷 1개 + 시너지 젤 2개 증정,기존리뷰,4,,0,0,1,"안녕하세요. 프리미엄 헬스테크 브랜드, 슬룸입니다.
정성스럽게 올려주신 소중한 후기 감사합니다. 💜

고객님의 목소리로 더 발전하는 슬룸이 되도록 노력하겠습니다.
감사합니다. 🙇‍♀️"
118325,2026-08-10 11:31,2026-08-05 23:10,2026-08-07 13:38,생각보다 별로에요 힘줘서 밀면 삐걱삐걱소리 엄청 거슬림,,,1008,★최대할인 비밀링크★ 바디 풀고컷 경락 마사지기,89900,수량선택: 바디 풀고컷 1개 (트리플 샷 시너지 젤 1개 증정),기존리뷰,3,,0,0,1,"안녕하세요 고객님, 프리미엄 헬스테크 브랜드, 슬룸입니다.
고객님께 만족스러운 경험을 드리지 못해 대단히 죄송합니다.😥

슬룸의 모든 제품은 인체공학적으로 설계되어 편안한 사용이 가능하나 초기 사용 시 1~2주 이상의 적응 기간이 필요할 수 있습니다. 
다만 수령하신 날짜 기준으로 30일 동안 꾸준히 사용해보시고도 만족하지 못하셨을 경우에는, 슬룸에서 진행하는 <100%환불이벤트> 에 참여하여 왕복배송비 제외 전액 환불이 가능합니다.

※ 제품을 30일간 꾸준히 사용한 경우, 배송완료 후 40일이내 신청이 가능
※ 환불 서비스는 첫 구매 체험을 위한 서비스로 1회만 신청 가능

▶ <100% 환불 이벤트> 상세 환불 조건 : https://sleeplab.co.kr/notice/?page=1#13709226_notice 

슬룸을 믿고 편하게 사용 및 체험해보시고, 그럼에도 만족하시지 못하셨을 경우 슬룸 공식몰의 채널톡을 통해 이벤트 기간 내 문의 주시면 환불 접수 도움드리겠습니다."
118326,2026-08-10 12:28,2026-07-22 10:28,2026-07-25 10:37,아침에도 함 진짜조음,,,1035,[애진X슬룸] ★단독 최대혜택★ 바디풀고컷 경락 마사지기,79900,수량선택: [68%] 바디풀고컷 1개 + 시너지 젤 2개 증정,기존리뷰,5,,0,0,1,"안녕하세요. 프리미엄 헬스테크 브랜드, 슬룸입니다.
진심 어린 소중한 후기 감사합니다. 💜

앞으로도 좋은 상품과 서비스로 고객님들을 찾아뵐 수 있도록 노력하겠습니다.
감사합니다. :)"
118327,2026-08-10 12:52,2026-08-05 21:19,2026-08-07 18:36,되게 시원하고 사용하기 좋아요~^^,,,1045,[하알라x슬룸] ★2차★ 구독자 한정 최저가 비밀링크!,114900,수량선택: 허리편한케어V2 1개 + (증정)마그네슘 시너지 크림 1개,기존리뷰,5,,0,0,1,"안녕하세요. 프리미엄 헬스테크 브랜드, 슬룸입니다.
정성스럽게 올려주신 소중한 후기 감사합니다. 💜

고객님의 목소리로 더 발전하는 슬룸이 되도록 노력하겠습니다.
감사합니다. 🙇‍♀️"
118328,2026-08-10 13:16,2026-08-06 7:26,2026-08-07 21:05,광고처럼 팔꿈치 뿐만 아니라 무릎도 시원하게 사용할것 같아요.!,,,1047,팔꿈치 마사지기 연장벨트,22000,,기존리뷰,5,,0,0,1,"안녕하세요. 프리미엄 헬스테크 브랜드, 슬룸입니다.
진심 어린 소중한 후기 감사합니다. 💜

앞으로도 좋은 상품과 서비스로 고객님들을 찾아뵐 수 있도록 노력하겠습니다.
감사합니다. :)"
118329,2026-08-10 13:31,2026-08-06 17:50,2026-08-08 16:08,이런거 잘 믿지 않은데 하알라가 허리가 좋지 않은데 사용해보니 좋아라 해서 제 아내도 허리가 좋지 않아 저렴하게 판매한다고 하여 구입 아내에게 주었더니 쓸만하다고 하네요,,,1045,[하알라x슬룸] ★2차★ 구독자 한정 최저가 비밀링크!,114900,수량선택: 허리편한케어V2 1개 + (증정)마그네슘 시너지 크림 1개,기존리뷰,5,,4,0,1,"안녕하세요. 프리미엄 헬스테크 브랜드, 슬룸입니다.
진심 어린 소중한 후기 감사합니다. 💜

앞으로도 좋은 상품과 서비스로 고객님들을 찾아뵐 수 있도록 노력하겠습니다.
감사합니다. :)"
118330,2026-08-10 16:18,2026-08-06 6:49,2026-08-07 16:09,간편하면서도 효과가 좋습니다.  목에도하고 무릎 뒷부분도 하니까~굿,,,724,★최대할인 비밀링크★ 목베개 플러스 특가,69000,수량선택: 목베개 플러스 1개,기존리뷰,5,,0,0,1,"안녕하세요. 프리미엄 헬스테크 브랜드, 슬룸입니다.
정성스럽게 올려주신 소중한 후기 감사합니다. 💜

고객님의 목소리로 더 발전하는 슬룸이 되도록 노력하겠습니다.
감사합니다. 🙇‍♀️"
118331,2026-08-10 18:27,2026-08-04 0:08,2026-08-05 16:19,진동과힘은약하지만시원해요,,,724,★최대할인 비밀링크★ 목베개 플러스 특가,69000,수량선택: 목베개 플러스 1개,기존리뷰,5,,0,0,1,"안녕하세요. 프리미엄 헬스테크 브랜드, 슬룸입니다.
정성스럽게 올려주신 소중한 후기 감사합니다. 💜

고객님의 목소리로 더 발전하는 슬룸이 되도록 노력하겠습니다.
감사합니다. 🙇‍♀️"
118332,2026-08-10 18:35,2026-07-07 14:18,2026-07-08 18:40,왼쪽 부분 마사지 기능이 좀 덜되는것 같아 as맡겨야 하나 생각중입다,,,724,★최대할인 비밀링크★ 목베개 플러스 특가,69000,수량선택: 목베개 플러스 1개,기존리뷰,4,,0,0,1,"안녕하세요. 프리미엄 헬스테크 브랜드, 슬룸입니다.
고객님께 만족스러운 경험을 드리지 못해 대단히 죄송합니다. 😥

리뷰로는 상세한 안내가 어려워, 자세한 내용 알림톡(문자) 발송 도와드렸으니 확인 부탁드리겠습니다.
추가로 궁금하신 점이 있으시거나 문자 확인하신 후에도 해결되지 않는 경우
번거로우시겠지만 슬룸 채팅 상담을 통해 연락 주시면 빠르게 안내 도와드리겠습니다.

▶ 슬룸 채팅 상담 (※ 월-금 09:30-17:00, 주말 및 공휴일 휴무)
http://sloom.channel.io/

고객님의 목소리로 더 발전하는 슬룸이 되도록 노력하겠습니다. 감사합니다."
118333,2026-08-10 19:17,2026-08-06 20:22,2026-08-08 13:38,따뜻하고 부드넙게 마사지해줘요 반신반의 하고 샀는데 넘 괜찮아요~~ 적극추천이요%~,,,724,★최대할인 비밀링크★ 목베개 플러스 특가,69000,수량선택: 목베개 플러스 1개,기존리뷰,5,,1,0,1,"안녕하세요. 프리미엄 헬스테크 브랜드, 슬룸입니다.
시간 내어 소중한 후기를 작성해 주셔서 감사드립니다. :)

믿고 찾는 쇼핑몰이 되기 위해 더 좋은 상품과 서비스를 준비하겠습니다.
감사합니다. 💜"
118334,2026-08-10 23:26,2026-08-04 22:18,2026-08-06 13:37,일단 마감처리 좋구요. 사용이 편리합니다.엘보 통증으로 구매했는데 더 많이 사용해봐야 하겠지만 지금으로서는 만족 합니다.,,,980,프리미엄 엘보케어 팔꿈치 마사지기,149000,수량선택: 팔꿈치 마사지기 + 연장벨트 (시너지 크림 & 파우치 중형 1개 증정),기존리뷰,5,,2,0,1,"안녕하세요. 프리미엄 헬스테크 브랜드, 슬룸입니다.
정성스럽게 올려주신 소중한 후기 감사합니다. 💜

고객님의 목소리로 더 발전하는 슬룸이 되도록 노력하겠습니다.
감사합니다. 🙇‍♀️"
118335,2026-08-11 8:26,2026-08-05 23:23,2026-08-07 16:09,"큰기대없이 구입하였는데 와이프도 저돔 만족하고 있어요
저렴한 가격 성능굿  너무좋아요",b029aa8a4012,,1045,[하알라x슬룸] ★2차★ 구독자 한정 최저가 비밀링크!,114900,수량선택: 허리편한케어V2 1개 + (증정)마그네슘 시너지 크림 1개,모바일(상품리뷰),5,,2,0,1,"안녕하세요. 프리미엄 헬스테크 브랜드, 슬룸입니다.
정성스럽게 올려주신 소중한 후기 감사합니다. 💜

고객님의 목소리로 더 발전하는 슬룸이 되도록 노력하겠습니다.
감사합니다. 🙇‍♀️"
118336,2026-08-11 12:26,2026-08-06 1:01,2026-08-07 16:15,냉찜질으로 사용중인데 엄청 시원하고 착용감도 좋고 냉장고에 보관하기 편리 합니다.,43221508177f,,1045,[하알라x슬룸] ★2차★ 구독자 한정 최저가 비밀링크!,114900,수량선택: ★하알라SET★ 허리편한케어V2 1개 + 목마사지베개V2 1개 + (증정)마그네슘 시너지 크림 1개 + (증정) 중형 파우치 1개,모바일(팝업),4,,1,0,1,"안녕하세요. 프리미엄 헬스테크 브랜드, 슬룸입니다.
정성스럽게 올려주신 소중한 후기 감사합니다. 💜

고객님의 목소리로 더 발전하는 슬룸이 되도록 노력하겠습니다.
감사합니다. 🙇‍♀️"
118337,2026-08-10 0:00,,,팔꿈치용으로 샀다가 무릎 연장벨트가 별도로 나온다는 걸 알고 바로 추가 구매했어요. 무릎 관절에 착용하니까 팔꿈치 쓸 때랑 똑같이 온열이랑 EMS가 작동되더라고요. 등산 다녀온 후에 무릎에 쓰면 진짜 시원해요. 팔꿈치 케어하던 루틴에 무릎까지 추가됐어요. 하나 사서 두 부위 케어할 수 있어서 생각보다 훨씬 만족스러워요.,f17e41aa1916,,980,프리미엄 엘보케어 팔꿈치 마사지기,149000,,기존리뷰,5,,0,0,1,"안녕하세요. 프리미엄 헬스테크 브랜드, 슬룸입니다.
진심 어린 소중한 후기 감사합니다. 💜

앞으로도 좋은 상품과 서비스로 고객님들을 찾아뵐 수 있도록 노력하겠습니다.
감사합니다. :)"
118340,2026-08-11 0:00,,,"무릎이 안 좋은 아버지한테 이 제품 팔꿈치용 사드렸다가, 무릎 연장벨트도 같이 추가로 사드렸어요. 팔꿈치는 물론이고 무릎에도 잘 쓰신다고 하세요. 온열이 무릎 관절에 스며드는 느낌이 좋다고 하시더라고요. 하나 사서 두 부위 케어할 수 있으니까 부모님 선물로 더 가성비가 좋아진 것 같아요. 연장벨트 나온 거 타이밍 좋게 알게 됐어요.",ebb1689576c9,,980,프리미엄 엘보케어 팔꿈치 마사지기,149000,,기존리뷰,4,,0,0,1,"안녕하세요. 프리미엄 헬스테크 브랜드, 슬룸입니다.
시간 내어 소중한 후기를 작성해 주셔서 감사드립니다. :)

믿고 찾는 쇼핑몰이 되기 위해 더 좋은 상품과 서비스를 준비하겠습니다.
감사합니다. 💜"
118342,2026-08-08 0:00,,,"빨래하고 나서 팔꿈치를 펼 때 뻐근한 느낌이 쌓이더니, 어느 순간 물건 들기도 불편해지더라고요. 처음에 착용법이 살짝 헷갈렸는데 설명서 보면서 하니까 어렵지 않았어요. 주무름모드가 진짜 손으로 꾹꾹 누르는 느낌이라 제일 자주 쓰게 되더라고요. 온열 올리면서 찜질 느낌까지 나니까 마치 마사지샵 간 것 같은 기분이에요. 네이비 색도 이쁘고 선물용으로도 딱인 것 같아요.",da3b5d17b10b,,980,프리미엄 엘보케어 팔꿈치 마사지기,149000,,기존리뷰,5,,0,0,1,"안녕하세요. 프리미엄 헬스테크 브랜드, 슬룸입니다.
시간 내어 소중한 후기를 작성해 주셔서 감사드립니다. :)

믿고 찾는 쇼핑몰이 되기 위해 더 좋은 상품과 서비스를 준비하겠습니다.
감사합니다. 💜"
118347,2026-08-11 0:00,,,"손목 마사지기로 팔 케어 시작했다가, 팔꿈치 전용이 따로 있다는 걸 알고 바로 추가 구매했어요. 에어백 마사지 압이 꽤 강한 편인데 밴드 조이는 정도에 따라 다르더라고요. 처음엔 느슨하게 했다가 좀 타이트하게 하니까 훨씬 시원해졌어요. 충전도 USB로 돼서 편리하고, 완충 후 꽤 오래 쓸 수 있는 점도 좋았어요. 두 개 쓰고 나서 팔 관리가 훨씬 수월해졌어요.",ed8e107be54d,,980,프리미엄 엘보케어 팔꿈치 마사지기,149000,,기존리뷰,4,,0,0,1,"안녕하세요. 프리미엄 헬스테크 브랜드, 슬룸입니다.
시간 내어 소중한 후기를 작성해 주셔서 감사드립니다. :)

믿고 찾는 쇼핑몰이 되기 위해 더 좋은 상품과 서비스를 준비하겠습니다.
감사합니다. 💜"
118349,2026-08-08 0:00,,,"타이핑 할 때마다 팔꿈치 안쪽에서 뭔가 당기는 느낌이 수개월째 이어지던 참이었어요. 팔꿈치 전용이라는 점에서 구매를 결심했는데, 실제로 착용하면 팔꿈치 위치에 딱 맞게 설계돼 있어서 놀랐어요. EMS 자극이 처음엔 이상하게 느껴졌는데 2~3번 쓰다 보니 그 느낌이 좋아지더라고요. 타이머로 25분 설정해두고 유튜브 보면서 쓰면 시간도 금방 가요. 이제 퇴근 후 루틴이 됐어요.",faceeb545b86,,980,프리미엄 엘보케어 팔꿈치 마사지기,149000,,기존리뷰,5,,0,0,1,"안녕하세요. 프리미엄 헬스테크 브랜드, 슬룸입니다.
시간 내어 소중한 후기를 작성해 주셔서 감사드립니다. :)

믿고 찾는 쇼핑몰이 되기 위해 더 좋은 상품과 서비스를 준비하겠습니다.
감사합니다. 💜"
118350,2026-08-02 0:00,,,"계단 오를 때마다 무릎이 시큰거려서 고민이었는데, 팔꿈치 마사지기에 무릎 연장벨트가 나온다는 걸 알고 바로 추가 구매했어요. 무릎 관절에 착용하니까 EMS 자극이 무릎 주변 근육까지 닿는 느낌이에요. 온열이랑 같이 쓰면 관절이 따뜻하게 풀리는 느낌이고요. 팔꿈치 살 때 같이 살걸 싶었어요. 무릎 고민 있는 분들한테 연장벨트 같이 구매 추천해요.",f9083c348b51,,980,프리미엄 엘보케어 팔꿈치 마사지기,149000,,기존리뷰,5,,0,0,1,"안녕하세요. 프리미엄 헬스테크 브랜드, 슬룸입니다.
정성스럽게 올려주신 소중한 후기 감사합니다. 💜

고객님의 목소리로 더 발전하는 슬룸이 되도록 노력하겠습니다.
감사합니다. 🙇‍♀️"
118351,2026-08-06 0:00,,,"운동 후에 팔꿈치랑 무릎이 같이 피로한데, 이 제품 하나로 둘 다 케어하고 있어요. 팔꿈치 먼저 쓰고 연장벨트 바꿔 끼워서 무릎 쓰는 방식으로요. 무릎 관절에 에어백이 감싸주면서 눌러주는 느낌이 새롭고 시원해요. 기능이 그대로라 사용법도 바로 익혔어요. 하나로 두 부위 관리 가능한 게 제일 큰 장점이에요.",d877e731d988,,980,프리미엄 엘보케어 팔꿈치 마사지기,149000,,기존리뷰,4,,0,0,1,"안녕하세요. 프리미엄 헬스테크 브랜드, 슬룸입니다.
정성스럽게 올려주신 소중한 후기 감사합니다. 💜

고객님의 목소리로 더 발전하는 슬룸이 되도록 노력하겠습니다.
감사합니다. 🙇‍♀️"
118353,2026-08-09 0:00,,,남편 선물 뭐 살까 고민하다가 요즘 팔꿈치 불편하다고 계속 얘기하길래 냉큼 샀어요. 본인이 너무 좋아해서 저도 자꾸 빌려 쓰게 되네요. 활력모드가 빠른 리듬이라 아침에 쓰면 팔이 깨어나는 느낌이라고 남편이 그러더라고요. 온열이랑 에어백 같이 쓰면 진짜 마사지샵 부럽지 않아요. 다음엔 하나 더 살 것 같아요.,c84467d62550,,980,프리미엄 엘보케어 팔꿈치 마사지기,149000,,기존리뷰,5,,0,0,1,"안녕하세요. 프리미엄 헬스테크 브랜드, 슬룸입니다.
시간 내어 소중한 후기를 작성해 주셔서 감사드립니다. :)

믿고 찾는 쇼핑몰이 되기 위해 더 좋은 상품과 서비스를 준비하겠습니다.
감사합니다. 💜"
118354,2026-08-03 0:00,,,팔꿈치용 리뷰 보다가 무릎 연장벨트가 따로 있다는 댓글 보고 같이 주문했어요. 받고 보니까 연장벨트 착용하면 무릎에도 딱 맞게 설계돼 있더라고요. 온열이 무릎 관절 깊이 스며드는 느낌이 팔꿈치랑 비슷하게 시원해요. 무릎이 뻐근한 날 저녁에 쓰면 다음 날 훨씬 가벼워요. 팔꿈치 팔꿈치 연장벨트 같이 사는 걸 추천해요.,a9d0625ebccd,,980,프리미엄 엘보케어 팔꿈치 마사지기,149000,,기존리뷰,5,,0,0,1,"안녕하세요. 프리미엄 헬스테크 브랜드, 슬룸입니다.
정성스럽게 올려주신 소중한 후기 감사합니다. 💜

고객님의 목소리로 더 발전하는 슬룸이 되도록 노력하겠습니다.
감사합니다. 🙇‍♀️"
118355,2026-08-03 0:00,,,"설악산 다녀온 다음 날 팔꿈치가 예상외로 뻣뻣하길래 뭔가 관리해야겠다 싶었어요. 이 제품 한 번 써보고 나서 등산 후 루틴으로 자리 잡았어요. 온열 찜질이 피로한 근육 풀어주는 데 진짜 도움이 되는 것 같고, 에어백도 있어서 마사지 효과도 쏠쏠해요. 25분 타이머 켜두고 TV 보면서 쓰면 편하게 케어할 수 있어요. 충전식이라 선 없이 편하게 쓸 수 있는 것도 장점이에요.",52ad6900209d,,980,프리미엄 엘보케어 팔꿈치 마사지기,149000,,기존리뷰,4,,0,0,1,"안녕하세요. 프리미엄 헬스테크 브랜드, 슬룸입니다.
진심 어린 소중한 후기 감사합니다. 💜

앞으로도 좋은 상품과 서비스로 고객님들을 찾아뵐 수 있도록 노력하겠습니다.
감사합니다. :)"
118356,2026-08-04 0:00,,,"재활 치료 3개월 받았는데 증상이 들쭉날쭉해서 집에서도 꾸준히 관리할 방법을 찾았어요. 정형외과 자문을 받아서 개발됐다는 게 구매 결정에 도움이 많이 됐어요. 처음엔 약하게 시작해서 조금씩 강도 올리는 게 맞는 방법 같아요. 이제 매일 저녁 쓰는 게 습관이 됐는데, 예전보다 팔꿈치가 가뿐해진 느낌이 확실히 나요. 가격 대비 만족도가 높은 제품이에요.",459b3cace3b4,,980,프리미엄 엘보케어 팔꿈치 마사지기,149000,,기존리뷰,5,,0,0,1,"안녕하세요. 프리미엄 헬스테크 브랜드, 슬룸입니다.
정성스럽게 올려주신 소중한 후기 감사합니다. 💜

고객님의 목소리로 더 발전하는 슬룸이 되도록 노력하겠습니다.
감사합니다. 🙇‍♀️"
118358,2026-08-08 0:00,,,"자기 전마다 팔꿈치 안쪽이 욱신거려서 자세를 바꿔도 편하질 않았는데, 이 제품이 구세주였어요. 자기 전에 힐링모드로 25분 쓰고 나면 훨씬 편안하게 잘 수 있게 됐어요. 온열도 같이 켜두면 진짜 찜질하는 느낌이라 좋고요. 처음엔 강도를 너무 높였다가 불편했는데, 낮게 맞추니까 오히려 더 오래 쓸 수 있고 효과도 좋은 것 같아요. 수면의 질이 좋아진 것 같아서 계속 쓸 예정이에요.",85212b11fe1b,,980,프리미엄 엘보케어 팔꿈치 마사지기,149000,,기존리뷰,4,,0,0,1,"안녕하세요. 프리미엄 헬스테크 브랜드, 슬룸입니다.
정성스럽게 올려주신 소중한 후기 감사합니다. 💜

고객님의 목소리로 더 발전하는 슬룸이 되도록 노력하겠습니다.
감사합니다. 🙇‍♀️"
118359,2026-08-04 0:00,,,"아내가 팔꿈치가 아프다고 할 때마다 파스나 붙여줬는데, 이번엔 제대로 된 걸 사줘야겠다 싶어서 골랐어요. 쓰더니 너무 좋다고 본인이 직접 후기 써달라고 했어요. 에어백이 전완근 꽉 감싸주는 게 처음엔 낯설었는데 적응되니까 시원하다고 하더라고요. 온열도 따뜻하게 감싸주는 느낌이라 겨울에 더 좋을 것 같다고 해요. 리모컨 조작이 쉬워서 혼자서도 잘 쓰고 있어요.",06441db66450,,980,프리미엄 엘보케어 팔꿈치 마사지기,149000,,기존리뷰,5,,0,0,1,"안녕하세요. 프리미엄 헬스테크 브랜드, 슬룸입니다.
진심 어린 소중한 후기 감사합니다. 💜

앞으로도 좋은 상품과 서비스로 고객님들을 찾아뵐 수 있도록 노력하겠습니다.
감사합니다. :)"
118360,2026-08-03 0:00,,,반년 넘게 낚시 다니면서 쌓인 팔꿈치 피로가 어느 날 한꺼번에 터진 것 같은 느낌이었어요. 낚시 끝나고 집에서 이거 쓰면 진짜 개운해요. 활력모드로 시작해서 주무름모드로 마무리하는 게 제 루틴이 됐어요. 온열도 켜두면 뭉친 근육이 서서히 녹는 느낌이라 좋고요. 처음엔 사용법이 좀 복잡해 보였는데 한 번만 해보면 금방 익숙해져요.,50f81eb7b5e6,,980,프리미엄 엘보케어 팔꿈치 마사지기,149000,,기존리뷰,5,,0,0,1,"안녕하세요. 프리미엄 헬스테크 브랜드, 슬룸입니다.
시간 내어 소중한 후기를 작성해 주셔서 감사드립니다. :)

믿고 찾는 쇼핑몰이 되기 위해 더 좋은 상품과 서비스를 준비하겠습니다.
감사합니다. 💜"
118365,2026-08-08 0:00,,,무릎 연장벨트 나왔다는 소식 듣고 바로 추가 구매했어요. 팔꿈치용으로 효과를 충분히 봤으니까 무릎도 당연히 좋을 거라 생각했거든요. 실제로 써보니 무릎 관절이 착 감싸지면서 EMS 자극이 무릎 주변까지 전달되는 게 느껴졌어요. 온열이랑 에어백까지 같이 되니까 무릎 케어도 팔꿈치만큼 만족스러워요. 연장벨트 선택은 신의 한 수예요.,ab3b3a6ada00,,980,프리미엄 엘보케어 팔꿈치 마사지기,149000,,기존리뷰,5,,0,0,1,"안녕하세요. 프리미엄 헬스테크 브랜드, 슬룸입니다.
시간 내어 소중한 후기를 작성해 주셔서 감사드립니다. :)

믿고 찾는 쇼핑몰이 되기 위해 더 좋은 상품과 서비스를 준비하겠습니다.
감사합니다. 💜"
118366,2026-08-09 0:00,,,팔꿈치 마사지기 선물로 줬더니 무릎 연장벨트도 같이 사달라고 하더라고요. 두 개 같이 사니까 팔꿈치도 무릎도 케어할 수 있어서 선물 받은 분이 더 좋아하셨어요. 무릎 관절에 온열이랑 EMS가 작동되니까 무릎 통증 케어에도 효과적인 것 같다고 하세요. 선물할 때 처음부터 연장벨트 같이 세트로 사는 걸 추천해요.,e9b98d6dac58,,980,프리미엄 엘보케어 팔꿈치 마사지기,149000,,기존리뷰,4,,0,0,1,"안녕하세요. 프리미엄 헬스테크 브랜드, 슬룸입니다.
정성스럽게 올려주신 소중한 후기 감사합니다. 💜

고객님의 목소리로 더 발전하는 슬룸이 되도록 노력하겠습니다.
감사합니다. 🙇‍♀️"
118369,2026-08-07 0:00,,,하루 내내 손에 뭔가를 쥐고 일하다 보니 팔꿈치가 더 이상 버텨주질 않더라고요. 에어백이 전완근을 쫙 감싸주면서 마사지해주는 게 딱 필요한 케어였어요. 퇴근 후에 온열까지 켜서 25분 쓰면 다음 날 훨씬 편하게 일할 수 있어요. 충전식이라 소파에서 편하게 쓸 수 있고요. 네이비 색상이 깔끔하고 보관할 때도 예쁘게 놓여요.,68e53d9fd0d8,,980,프리미엄 엘보케어 팔꿈치 마사지기,149000,,기존리뷰,4,,0,0,1,"안녕하세요. 프리미엄 헬스테크 브랜드, 슬룸입니다.
시간 내어 소중한 후기를 작성해 주셔서 감사드립니다. :)

믿고 찾는 쇼핑몰이 되기 위해 더 좋은 상품과 서비스를 준비하겠습니다.
감사합니다. 💜"
118370,2026-08-09 0:00,,,운동 욕심이 앞서다 보니 무리한 동작을 반복했고 결국 팔꿈치 힘줄이 항의하기 시작했어요. 강도 15단계까지 있는데 운동하는 사람한테는 중간 이상이 딱인 것 같아요. 전완근 에어백이 꽤 강하게 잡아주니까 운동 후 피로 회복에 좋은 것 같아요. 온열이랑 같이 켜면 근육이 빨리 이완되는 느낌이고요. 운동 후 루틴으로 자리 잡아서 이제는 빠질 수가 없어요.,f4060243fe44,,980,프리미엄 엘보케어 팔꿈치 마사지기,149000,,기존리뷰,5,,0,0,1,"안녕하세요. 프리미엄 헬스테크 브랜드, 슬룸입니다.
정성스럽게 올려주신 소중한 후기 감사합니다. 💜

고객님의 목소리로 더 발전하는 슬룸이 되도록 노력하겠습니다.
감사합니다. 🙇‍♀️"
118371,2026-08-03 0:00,,,"왼쪽은 멀쩡한데 오른쪽만 항상 더 무겁고 뻐근한 게 수년째 이어졌어요. 매일 같은 시간에 쓰다 보니 효과가 누적되는 것 같더라고요. 모드별로 느낌이 확실히 다른데 종합모드가 여러 자극이 섞여서 좋고, 힐링모드는 부드러워서 피곤할 때 좋아요. 온열 기능은 겨울에 더 느껴지는데 진짜 따뜻하게 감싸주는 느낌이에요. 꾸준히 쓸 예정입니다.",a82ba87aa08b,,980,프리미엄 엘보케어 팔꿈치 마사지기,149000,,기존리뷰,5,,0,0,1,"안녕하세요. 프리미엄 헬스테크 브랜드, 슬룸입니다.
진심 어린 소중한 후기 감사합니다. 💜

앞으로도 좋은 상품과 서비스로 고객님들을 찾아뵐 수 있도록 노력하겠습니다.
감사합니다. :)"
118373,2026-08-03 0:00,,,"가사일 도중에 물건을 놓쳤을 때 팔꿈치 쪽에서 찌릿한 느낌이 오더니 며칠째 지속됐어요. 처음에 조작법이 복잡해 보여서 걱정했는데 설명서 보면서 한 번 해보니까 어렵지 않더라고요. 리모컨이 있어서 착용 중에도 조작하기 편하고, 버튼 크기도 적당해서 쓰기 좋아요. 온열 찜질 기능이 제일 마음에 드는데 따뜻하게 감싸주는 느낌이 아주 편안해요. 아들이 사줬는데 효도 선물 제대로 받은 것 같아요.",16805681e299,,980,프리미엄 엘보케어 팔꿈치 마사지기,149000,,기존리뷰,4,,0,0,1,"안녕하세요. 프리미엄 헬스테크 브랜드, 슬룸입니다.
정성스럽게 올려주신 소중한 후기 감사합니다. 💜

고객님의 목소리로 더 발전하는 슬룸이 되도록 노력하겠습니다.
감사합니다. 🙇‍♀️"
118378,2026-08-06 0:00,,,침 치료 받으면서 선생님께 집에서 할 수 있는 케어 방법 여쭤봤더니 EMS 기기 써보라고 하셔서 찾아봤어요. 온열이랑 EMS가 같이 돼서 뜸 뜨는 느낌도 좀 나는 것 같아요. 에어백까지 있으니까 종합적인 케어가 되는 것 같고요. 침 치료 간격이 줄어든 것 같아서 만족스러워요.,47e764b23d70,,980,프리미엄 엘보케어 팔꿈치 마사지기,149000,,기존리뷰,5,,0,0,1,"안녕하세요. 프리미엄 헬스테크 브랜드, 슬룸입니다.
정성스럽게 올려주신 소중한 후기 감사합니다. 💜

고객님의 목소리로 더 발전하는 슬룸이 되도록 노력하겠습니다.
감사합니다. 🙇‍♀️"
118382,2026-08-11 0:00,,,결국 병원에서 '과사용 증후군'이라는 말을 듣고 나서야 집에서 꾸준히 관리해야겠다고 마음먹었어요. 매일 쓰다 보니 병원 가는 횟수가 줄었어요. 집에서 관리할 수 있다는 게 이 제품의 제일 큰 장점 같아요. EMS가 근육을 자극해주는 느낌이 처음엔 낯설었지만 이제는 시원한 자극으로 느껴져요. 온열이랑 에어백까지 갖춰져 있어서 종합적인 케어가 되는 게 좋아요.,6e357659dc94,,980,프리미엄 엘보케어 팔꿈치 마사지기,149000,,기존리뷰,5,,0,0,1,"안녕하세요. 프리미엄 헬스테크 브랜드, 슬룸입니다.
시간 내어 소중한 후기를 작성해 주셔서 감사드립니다. :)

믿고 찾는 쇼핑몰이 되기 위해 더 좋은 상품과 서비스를 준비하겠습니다.
감사합니다. 💜"
118386,2026-08-04 0:00,,,"대회 준비로 운동량을 급격히 늘렸더니 팔꿈치가 제동을 걸었어요. 쉴 수가 없는 상황이라 관리를 병행할 방법을 찾다가 이 제품을 샀어요. 에어백이 전완근 마사지해주는 게 특히 좋고, 온열이랑 EMS 조합이 근육 피로 회복에 효과적인 것 같아요. 강도를 세밀하게 조절할 수 있어서 컨디션에 맞게 쓸 수 있는 게 장점이에요. 훈련 일정에 빠질 수 없는 도구가 됐어요.",656a1d3c7e30,,980,프리미엄 엘보케어 팔꿈치 마사지기,149000,,기존리뷰,5,,0,0,1,"안녕하세요. 프리미엄 헬스테크 브랜드, 슬룸입니다.
진심 어린 소중한 후기 감사합니다. 💜

앞으로도 좋은 상품과 서비스로 고객님들을 찾아뵐 수 있도록 노력하겠습니다.
감사합니다. :)"
118390,2026-08-07 0:00,,,"팔꿈치 마사지기 산 지 한 달 됐을 때 무릎 연장벨트 출시 소식 들었어요. 팔꿈치 효과를 충분히 봤던 터라 바로 구매했죠. 무릎 관절에 착용하면 팔꿈치 쓸 때랑 똑같이 EMS, 온열, 에어백이 다 작동돼요. 무릎 뻐근한 날 저녁에 25분 쓰면 다음 날 훨씬 부드러운 느낌이에요. 두 가지 케어를 하나로 해결하는 게 생각보다 훨씬 만족스러워요.",14d510836ba3,,980,프리미엄 엘보케어 팔꿈치 마사지기,149000,,기존리뷰,5,,0,0,1,"안녕하세요. 프리미엄 헬스테크 브랜드, 슬룸입니다.
진심 어린 소중한 후기 감사합니다. 💜

앞으로도 좋은 상품과 서비스로 고객님들을 찾아뵐 수 있도록 노력하겠습니다.
감사합니다. :)"
118392,2026-08-02 0:00,,,"도면 검토하면서 같은 자세로 팔꿈치를 책상에 기대고 있는 시간이 길다 보니 팔꿈치 안쪽이 눌려서 피로해졌어요. 이 제품 꾸준히 쓰고 나서 조금씩 나아지고 있어요. 에어백이 강하게 압박해줬다 풀어주는 게 신기하고 시원해요. 온열이 겨울에 특히 좋은 것 같고, 현장 나가기 전에 한 번 쓰고 나가면 하루가 달라요. 네이비 색상이 무겁지 않고 세련돼서 마음에 들어요.",be15ea446b00,,980,프리미엄 엘보케어 팔꿈치 마사지기,149000,,기존리뷰,5,,0,0,1,"안녕하세요. 프리미엄 헬스테크 브랜드, 슬룸입니다.
정성스럽게 올려주신 소중한 후기 감사합니다. 💜

고객님의 목소리로 더 발전하는 슬룸이 되도록 노력하겠습니다.
감사합니다. 🙇‍♀️"
118396,2026-08-11 0:00,,,"하루 내내 같은 동작을 반복하다 보니 어느 순간 팔꿈치 쪽에서 이상한 느낌이 나더라고요. 이 제품 쓰고 나서 일과 후 회복이 훨씬 빨라진 것 같아요. 힐링모드가 부드러워서 피곤할 때 쓰기 좋고, 온열이 따뜻하게 감싸주는 게 좋아요. 에어백이 전완근까지 케어해주니까 팔꿈치 힘줄이 연결된 곳까지 풀리는 느낌이에요.",3ca2da7566a7,,980,프리미엄 엘보케어 팔꿈치 마사지기,149000,,기존리뷰,5,,0,0,1,"안녕하세요. 프리미엄 헬스테크 브랜드, 슬룸입니다.
정성스럽게 올려주신 소중한 후기 감사합니다. 💜

고객님의 목소리로 더 발전하는 슬룸이 되도록 노력하겠습니다.
감사합니다. 🙇‍♀️"
118397,2026-08-03 0:00,,,"V10 루트 시도하면서 전완근을 너무 혹사시켰는지 팔꿈치 힘줄 쪽이 당기기 시작했어요. EMS 강도가 0~15단계라 강하게 쓸 수 있어서 좋아요. 전완근 에어백이 클라이밍으로 뭉친 전완근을 풀어주는 데 딱이에요. 온열이랑 같이 쓰면 근육이 빠르게 이완되는 느낌이고요. 클라이밍 후 필수 루틴이 됐는데, 정기적으로 쓰면서 팔 상태가 많이 나아졌어요.",851d4f946d79,,980,프리미엄 엘보케어 팔꿈치 마사지기,149000,,기존리뷰,5,,0,0,1,"안녕하세요. 프리미엄 헬스테크 브랜드, 슬룸입니다.
정성스럽게 올려주신 소중한 후기 감사합니다. 💜

고객님의 목소리로 더 발전하는 슬룸이 되도록 노력하겠습니다.
감사합니다. 🙇‍♀️"
118398,2026-08-10 0:00,,,"영상 찍다가 소품 들고 버티는 시간이 길어지면서 팔꿈치 쪽이 무거워지기 시작했어요. 힐링모드로 촬영 후에 쓰면 개운하고, 온열이랑 같이 하면 더 좋아요. 네이비 색상이 세련돼서 영상에 나와도 이쁘더라고요. 구독자들도 많이 물어봐서 자주 추천하고 있어요.",8711f0740109,,980,프리미엄 엘보케어 팔꿈치 마사지기,149000,,기존리뷰,5,,0,0,1,"안녕하세요. 프리미엄 헬스테크 브랜드, 슬룸입니다.
시간 내어 소중한 후기를 작성해 주셔서 감사드립니다. :)

믿고 찾는 쇼핑몰이 되기 위해 더 좋은 상품과 서비스를 준비하겠습니다.
감사합니다. 💜"
118399,2026-08-10 0:00,,,"주변 사람들 케어해주느라 내 팔꿈치는 정작 방치됐다가 결국 탈이 났어요. EMS 패드 위치가 팔꿈치 양쪽을 정확히 자극하도록 돼 있고, 에어백이 전완근 전체를 케어해줘요. 온열 기능도 있어서 찜질과 마사지를 동시에 할 수 있는 게 효율적이에요. 함께 쓰는 분들한테도 추천하고 있어요.",75a1b3145402,,980,프리미엄 엘보케어 팔꿈치 마사지기,149000,,기존리뷰,4,,0,0,1,"안녕하세요. 프리미엄 헬스테크 브랜드, 슬룸입니다.
시간 내어 소중한 후기를 작성해 주셔서 감사드립니다. :)

믿고 찾는 쇼핑몰이 되기 위해 더 좋은 상품과 서비스를 준비하겠습니다.
감사합니다. 💜"
118400,2026-08-04 0:00,,,"마트 카트 밀고 끌다 보면 팔꿈치에 보이지 않는 피로가 쌓이는데 어느 날 한계가 왔어요. 이 제품 쓰고 나서 집안일 할 때 훨씬 편해졌어요. 에어백이 팔을 꽉 잡아줬다 놓아주는 느낌이 처음엔 낯설었는데 이제는 그게 시원해요. 온열이 찜질팩처럼 따뜻하게 감싸주는 게 좋고, 혼자 착용하기도 어렵지 않아요. 이제는 없으면 불안한 필수품이 됐어요.",71949b95bdfb,,980,프리미엄 엘보케어 팔꿈치 마사지기,149000,,기존리뷰,5,,0,0,1,"안녕하세요. 프리미엄 헬스테크 브랜드, 슬룸입니다.
정성스럽게 올려주신 소중한 후기 감사합니다. 💜

고객님의 목소리로 더 발전하는 슬룸이 되도록 노력하겠습니다.
감사합니다. 🙇‍♀️"
118402,2026-08-10 0:00,,,"철골 구조물 고정하면서 팔꿈치가 계속 힘을 받다 보니 퇴근할 때쯤이면 팔이 나무 같아요. 에어백이 강하게 전완근 잡아주는 게 일하면서 뭉친 근육 풀어주는 데 최고예요. 온열도 같이 켜면 깊숙이 풀리는 느낌이고, EMS 자극이 더해지니까 신기하게 시원해요. 무겁고 힘든 일 하는 분들한테 진짜 추천하고 싶어요. 퇴근 후 필수 루틴이에요.",d41ed21eebb1,,980,프리미엄 엘보케어 팔꿈치 마사지기,149000,,기존리뷰,4,,0,0,1,"안녕하세요. 프리미엄 헬스테크 브랜드, 슬룸입니다.
진심 어린 소중한 후기 감사합니다. 💜

앞으로도 좋은 상품과 서비스로 고객님들을 찾아뵐 수 있도록 노력하겠습니다.
감사합니다. :)"
118403,2026-08-11 0:00,,,"코바늘 작업에 빠져서 몇 시간씩 하다 보니 팔꿈치 힘줄 쪽이 늘어난 것처럼 뻐근했어요. 뜨개질 후에 쓰면 확실히 다음 날 상태가 달라요. 힐링모드가 부드러워서 처음 쓰는 분한테 좋고, 에어백이 전완근 마사지해주는 게 의외로 시원해요. 이제 뜨개질 바구니 옆에 항상 두고 있어요.",a2d614b65d70,,980,프리미엄 엘보케어 팔꿈치 마사지기,149000,,기존리뷰,5,,0,0,1,"안녕하세요. 프리미엄 헬스테크 브랜드, 슬룸입니다.
정성스럽게 올려주신 소중한 후기 감사합니다. 💜

고객님의 목소리로 더 발전하는 슬룸이 되도록 노력하겠습니다.
감사합니다. 🙇‍♀️"
118404,2026-08-02 0:00,,,"어머니가 설거지하고 나면 팔을 못 쓰겠다고 하실 때마다 뭔가 해드리고 싶었는데 이 제품을 골랐어요. 조작법이 간단해서 어르신도 쉽게 쓸 수 있어요. 온열이 따뜻하게 감싸주는 게 제일 좋다고 하시고, 에어백 마사지도 시원하다고 하세요. 리모컨 버튼이 크고 간단해서 불편함 없이 쓰신대요. 효도 선물 제대로 한 것 같아요.",ab5bbe48ac6a,,980,프리미엄 엘보케어 팔꿈치 마사지기,149000,,기존리뷰,5,,0,0,1,"안녕하세요. 프리미엄 헬스테크 브랜드, 슬룸입니다.
진심 어린 소중한 후기 감사합니다. 💜

앞으로도 좋은 상품과 서비스로 고객님들을 찾아뵐 수 있도록 노력하겠습니다.
감사합니다. :)"
118405,2026-08-02 0:00,,,"클릭 수십만 번이 일상인 직업인데, 결국 팔꿈치 인대가 항의하기 시작했어요. 이 제품 매일 퇴근 후에 쓰고 있는데 2주 정도 지나니까 확실히 달라지는 게 느껴졌어요. EMS 자극이 처음엔 이상했는데 이제는 그게 없으면 아쉬울 정도예요. 온열이랑 에어백까지 갖춰진 게 진짜 종합 케어예요.",f0978a0bb0fb,,980,프리미엄 엘보케어 팔꿈치 마사지기,149000,,기존리뷰,5,,0,0,1,"안녕하세요. 프리미엄 헬스테크 브랜드, 슬룸입니다.
정성스럽게 올려주신 소중한 후기 감사합니다. 💜

고객님의 목소리로 더 발전하는 슬룸이 되도록 노력하겠습니다.
감사합니다. 🙇‍♀️"
118407,2026-08-02 0:00,,,공사 현장에서 전동공구를 하루 종일 쥐고 일하다 보니 팔꿈치 힘줄이 버텨주질 않더라고요. 진동이 계속 팔꿈치로 전달되는 게 누적되면 꽤 심각해진다는 걸 이 제품 쓰면서 느꼈어요. 강도를 낮게 유지하면서 오래 쓰는 방식이 저한테 잘 맞더라고요. 온열이랑 에어백 함께 쓰면 하루 진동으로 굳어버린 팔 근육이 풀리는 느낌이에요. 현장 동료들한테도 소문이 났어요.,0d038d2378e0,,980,프리미엄 엘보케어 팔꿈치 마사지기,149000,,기존리뷰,5,,0,0,1,"안녕하세요. 프리미엄 헬스테크 브랜드, 슬룸입니다.
진심 어린 소중한 후기 감사합니다. 💜

앞으로도 좋은 상품과 서비스로 고객님들을 찾아뵐 수 있도록 노력하겠습니다.
감사합니다. :)"
118408,2026-08-04 0:00,,,"계단 내려올 때 무릎이 시큰거리는 게 반복됐는데, 연장벨트 구매 후 꾸준히 케어하면서 많이 나아졌어요. 팔꿈치 쓸 때처럼 EMS랑 온열 같이 켜면 무릎 관절 주변이 전체적으로 이완되는 게 느껴져요. 에어백이 무릎을 감싸줬다 풀어줬다 하면서 혈액순환도 도와주는 것 같고요. 무릎이 약한 분들한테 연장벨트 구매 적극 추천해요.",0f7e1f4b351d,,980,프리미엄 엘보케어 팔꿈치 마사지기,149000,,기존리뷰,5,,0,0,1,"안녕하세요. 프리미엄 헬스테크 브랜드, 슬룸입니다.
진심 어린 소중한 후기 감사합니다. 💜

앞으로도 좋은 상품과 서비스로 고객님들을 찾아뵐 수 있도록 노력하겠습니다.
감사합니다. :)"
118409,2026-08-11 0:00,,,"동호회에서 가장 먼저 써본 사람으로서 솔직하게 말하면, 기대 이상이에요. EMS 모드가 5가지나 돼서 질리지 않고 쓸 수 있고, 에어백이 전완근까지 케어해주는 게 포인트예요. 온열이랑 같이 쓰면 진짜 마사지샵 부럽지 않아요. 배터리가 오래 가서 매일 충전 안 해도 되는 것도 편리하고요. 동호회원들한테도 추천해줬어요.",276ff2ac7e02,,980,프리미엄 엘보케어 팔꿈치 마사지기,149000,,기존리뷰,5,,0,0,1,"안녕하세요. 프리미엄 헬스테크 브랜드, 슬룸입니다.
정성스럽게 올려주신 소중한 후기 감사합니다. 💜

고객님의 목소리로 더 발전하는 슬룸이 되도록 노력하겠습니다.
감사합니다. 🙇‍♀️"
118410,2026-08-09 0:00,,,"세밀한 손 작업 시간이 늘어날수록 팔꿈치 힘줄이 예민해지는 게 느껴지더니 결국 통증이 왔어요. 주무름모드가 깊이 자극되는 느낌이라 제일 좋아하고, 온열이랑 같이 켜면 더 효과적이에요. 에어백이 전완근을 꽉 잡아줬다 놓아주는 게 신기하고 시원해요. 직업병처럼 된 팔꿈치 통증 관리에 도움이 많이 되고 있어요.",2818488aa465,,980,프리미엄 엘보케어 팔꿈치 마사지기,149000,,기존리뷰,4,,0,0,1,"안녕하세요. 프리미엄 헬스테크 브랜드, 슬룸입니다.
진심 어린 소중한 후기 감사합니다. 💜

앞으로도 좋은 상품과 서비스로 고객님들을 찾아뵐 수 있도록 노력하겠습니다.
감사합니다. :)"
118412,2026-08-11 0:00,,,"팔꿈치 케어하다가 무릎 연장벨트 출시 소식 듣고 가족들 의견 모아서 같이 구매했어요. 팔꿈치엔 저, 무릎엔 어머니 이렇게 번갈아 쓰고 있는데 둘 다 만족해요. 어머니는 무릎 관절에 온열이 스며드는 게 좋다고 하시고, 저는 팔꿈치 EMS가 좋고요. 취향은 달라도 둘 다 효과 보고 있는 게 신기해요. 가족 케어 아이템으로 추천해요.",d18ec945d543,,980,프리미엄 엘보케어 팔꿈치 마사지기,149000,,기존리뷰,5,,0,0,1,"안녕하세요. 프리미엄 헬스테크 브랜드, 슬룸입니다.
시간 내어 소중한 후기를 작성해 주셔서 감사드립니다. :)

믿고 찾는 쇼핑몰이 되기 위해 더 좋은 상품과 서비스를 준비하겠습니다.
감사합니다. 💜"
118416,2026-08-05 0:00,,,"같은 동작을 수백 번 반복하는 게 일상이다 보니 어느 시점부터 팔꿈치 안쪽이 계속 뭉치더라고요. 이 제품 일 끝나고 쓰면 진짜 개운해요. 주무름모드가 꾹꾹 눌러주는 느낌이라 제일 좋아하고, 온열이랑 같이 켜면 더 효과적이에요. 에어백까지 같이 돌아가면 팔 전체가 케어되는 느낌이에요.",d4c567b16f64,,980,프리미엄 엘보케어 팔꿈치 마사지기,149000,,기존리뷰,5,,0,0,1,"안녕하세요. 프리미엄 헬스테크 브랜드, 슬룸입니다.
시간 내어 소중한 후기를 작성해 주셔서 감사드립니다. :)

믿고 찾는 쇼핑몰이 되기 위해 더 좋은 상품과 서비스를 준비하겠습니다.
감사합니다. 💜"
118417,2026-08-11 0:00,,,천장 시공할 때 팔을 들고 있는 시간이 길어지면서 팔꿈치 통증이 생겼어요. 퇴근 후 쓰면 다음 날 훨씬 가뿐해요. 에어백이 강하게 잡아줬다 놓아주는 게 뭉친 전완근 풀어주는 데 딱이에요. 온열이랑 EMS 같이 켜면 속까지 시원한 느낌이에요. 같이 일하는 동료들한테도 추천해줬어요.,d047b7962b9b,,980,프리미엄 엘보케어 팔꿈치 마사지기,149000,,기존리뷰,4,,0,0,1,"안녕하세요. 프리미엄 헬스테크 브랜드, 슬룸입니다.
시간 내어 소중한 후기를 작성해 주셔서 감사드립니다. :)

믿고 찾는 쇼핑몰이 되기 위해 더 좋은 상품과 서비스를 준비하겠습니다.
감사합니다. 💜"
118418,2026-08-03 0:00,,,운동 끝나고 팔꿈치랑 무릎 둘 다 피로한데 이 제품 하나로 순서대로 케어하고 있어요. 팔꿈치 25분 먼저 하고 연장벨트로 바꿔서 무릎 25분 이렇게요. 시간이 좀 걸리긴 하지만 두 부위 다 제대로 케어되는 게 느껴져요. 무릎에 에어백이 감싸주면서 EMS 자극이 더해지니까 팔꿈치 쓸 때랑 똑같이 효과적이에요. 두 부위 케어 루틴 완성이에요.,d708442b0487,,980,프리미엄 엘보케어 팔꿈치 마사지기,149000,,기존리뷰,5,,0,0,1,"안녕하세요. 프리미엄 헬스테크 브랜드, 슬룸입니다.
시간 내어 소중한 후기를 작성해 주셔서 감사드립니다. :)

믿고 찾는 쇼핑몰이 되기 위해 더 좋은 상품과 서비스를 준비하겠습니다.
감사합니다. 💜"
118420,2026-08-03 0:00,,,"박스 나르고 쌓는 게 하루 종일 반복되다 보니 팔꿈치 통증이 일상 자체를 위협하는 수준이 됐어요. 에어백이 전완근을 강하게 마사지해주는 게 하루 피로 회복에 최고예요. 온열이랑 EMS 같이 켜면 뭉친 게 빠르게 풀리는 것 같고, 25분 타이머 켜두고 쉬면 충분히 케어돼요. 이 제품 없이 어떻게 버텼나 싶어요.",9b6a59f3b0b4,,980,프리미엄 엘보케어 팔꿈치 마사지기,149000,,기존리뷰,5,,0,0,1,"안녕하세요. 프리미엄 헬스테크 브랜드, 슬룸입니다.
시간 내어 소중한 후기를 작성해 주셔서 감사드립니다. :)

믿고 찾는 쇼핑몰이 되기 위해 더 좋은 상품과 서비스를 준비하겠습니다.
감사합니다. 💜"
118422,2026-08-06 0:00,,,"주변에 골프 엘보로 고생하는 사람이 많길래 이 제품 알아보다가 저도 같이 구매했어요. 전완근 에어백이 골프 엘보 예방에 중요한 전완근을 케어해줘서 좋아요. EMS가 팔꿈치 관절 주변을 자극해주는 것도 좋고, 온열이랑 같이 쓰면 더 효과적이에요. 강도 조절이 세밀해서 컨디션에 맞게 쓸 수 있는 게 장점이에요. 같이 산 사람들 반응도 좋더라고요.",425b8c9ce8f6,,980,프리미엄 엘보케어 팔꿈치 마사지기,149000,,기존리뷰,5,,0,0,1,"안녕하세요. 프리미엄 헬스테크 브랜드, 슬룸입니다.
정성스럽게 올려주신 소중한 후기 감사합니다. 💜

고객님의 목소리로 더 발전하는 슬룸이 되도록 노력하겠습니다.
감사합니다. 🙇‍♀️"
118423,2026-08-11 0:00,,,팔꿈치 잘 쓰다가 지인이 무릎에도 쓸 수 있냐고 물어보길래 연장벨트 있다고 알려줬어요. 지인이 구매하고 나서 너무 좋다고 연락이 왔어요. 무릎 관절에 온열이랑 EMS가 같이 되니까 찜질 이상의 효과가 있는 것 같다고 하더라고요. 저도 덩달아 연장벨트 구매하게 됐어요. 지인 덕분에 케어 범위가 넓어졌어요.,e0410c89009c,,980,프리미엄 엘보케어 팔꿈치 마사지기,149000,,기존리뷰,5,,0,0,1,"안녕하세요. 프리미엄 헬스테크 브랜드, 슬룸입니다.
진심 어린 소중한 후기 감사합니다. 💜

앞으로도 좋은 상품과 서비스로 고객님들을 찾아뵐 수 있도록 노력하겠습니다.
감사합니다. :)"
118425,2026-08-01 0:00,,,"나이 들면서 무릎이랑 팔꿈치가 같이 약해지는 것 같아서 둘 다 케어할 방법을 찾고 있었어요. 팔꿈치 마사지기에 무릎 연장벨트가 있다는 걸 알고 같이 구매했는데 딱이었어요. 무릎 관절에 온열이 스며드는 게 너무 편안하고, EMS가 주변 근육을 자극해주는 것도 좋아요. 나이 드신 분들한테 팔꿈치 연장벨트 세트로 추천하고 싶어요.",4fe0cdead756,,980,프리미엄 엘보케어 팔꿈치 마사지기,149000,,기존리뷰,5,,0,0,1,"안녕하세요. 프리미엄 헬스테크 브랜드, 슬룸입니다.
진심 어린 소중한 후기 감사합니다. 💜

앞으로도 좋은 상품과 서비스로 고객님들을 찾아뵐 수 있도록 노력하겠습니다.
감사합니다. :)"
118426,2026-08-06 0:00,,,스쿼트 무리하게 하다가 무릎이 말썽을 피우길래 연장벨트 구매했어요. 팔꿈치 마사지기 이미 있어서 추가 구매만 하면 돼서 부담이 덜했어요. 무릎에 EMS랑 온열이 같이 작동되니까 운동 후 회복에 효과적인 것 같아요. 에어백이 무릎 주변을 규칙적으로 눌러줬다 풀어주는 게 혈액순환에 도움이 되는 것 같고요. 운동하는 분들한테 팔꿈치 무릎 세트 추천이에요.,825559d45c55,,980,프리미엄 엘보케어 팔꿈치 마사지기,149000,,기존리뷰,5,,0,0,1,"안녕하세요. 프리미엄 헬스테크 브랜드, 슬룸입니다.
진심 어린 소중한 후기 감사합니다. 💜

앞으로도 좋은 상품과 서비스로 고객님들을 찾아뵐 수 있도록 노력하겠습니다.
감사합니다. :)"
118427,2026-08-03 0:00,,,"특정 기술 연습을 집중적으로 하던 기간에 팔꿈치에 무리가 가면서 출전 자체가 불투명해졌어요. 이 제품 훈련 후 루틴으로 쓰고 있는데 회복 속도가 빨라진 것 같아요. EMS 강도를 높게 설정해도 잘 전달되고, 에어백이 강하게 전완근 잡아주는 게 좋아요. 온열이랑 같이 켜면 근육 이완이 더 빠른 것 같고요. 팀 전체로 퍼져나갔어요.",f40b1f6ab02f,,980,프리미엄 엘보케어 팔꿈치 마사지기,149000,,기존리뷰,5,,0,0,1,"안녕하세요. 프리미엄 헬스테크 브랜드, 슬룸입니다.
시간 내어 소중한 후기를 작성해 주셔서 감사드립니다. :)

믿고 찾는 쇼핑몰이 되기 위해 더 좋은 상품과 서비스를 준비하겠습니다.
감사합니다. 💜"
118428,2026-08-01 0:00,,,마이크 잡은 팔이 지리기 시작하더니 이후로 팔꿈치가 뻑뻑해졌어요. 두드림모드로 시작해서 힐링모드로 마무리하는 게 제 루틴이에요. 온열이랑 에어백 같이 켜두고 15분 쉬면 꽤 개운해져요. 오래 서서 팔 많이 쓰는 분들한테 추천하고 싶은 제품이에요.,b4b92a1d8468,,980,프리미엄 엘보케어 팔꿈치 마사지기,149000,,기존리뷰,4,,0,0,1,"안녕하세요. 프리미엄 헬스테크 브랜드, 슬룸입니다.
정성스럽게 올려주신 소중한 후기 감사합니다. 💜

고객님의 목소리로 더 발전하는 슬룸이 되도록 노력하겠습니다.
감사합니다. 🙇‍♀️"
118429,2026-08-11 0:00,,,"태클 포지션에서 팔꿈치가 자주 충격을 받다 보니 시즌 내내 팔꿈치 관리가 숙제였어요. EMS 강도가 15단계까지 있는데 저는 12~13단계로 쓰고 있어요. 에어백이 전완근을 강하게 잡아줬다 놓아주는 게 진짜 시원해요. 온열이랑 같이 켜면 더 효과적이고, 팀원들한테도 추천해서 다들 쓰고 있어요.",18b0df6e2837,,980,프리미엄 엘보케어 팔꿈치 마사지기,149000,,기존리뷰,5,,0,0,1,"안녕하세요. 프리미엄 헬스테크 브랜드, 슬룸입니다.
정성스럽게 올려주신 소중한 후기 감사합니다. 💜

고객님의 목소리로 더 발전하는 슬룸이 되도록 노력하겠습니다.
감사합니다. 🙇‍♀️"
118430,2026-08-06 0:00,,,"무릎 연장벨트 구매하고 나서 팔꿈치랑 무릎 케어를 하루 루틴에 넣었어요. 아침엔 팔꿈치, 저녁엔 무릎 이렇게 정해놓으니까 규칙적으로 관리가 되더라고요. 무릎에 온열 켜두면 관절이 서서히 따뜻해지면서 뻐근함이 풀리는 게 느껴져요. 에어백이 무릎을 감싸주는 압박감도 팔꿈치랑 비슷하게 안정감이 있어요. 루틴 잡기 좋은 조합이에요.",ba2f40b6c6f6,,980,프리미엄 엘보케어 팔꿈치 마사지기,149000,,기존리뷰,5,,0,0,1,"안녕하세요. 프리미엄 헬스테크 브랜드, 슬룸입니다.
진심 어린 소중한 후기 감사합니다. 💜

앞으로도 좋은 상품과 서비스로 고객님들을 찾아뵐 수 있도록 노력하겠습니다.
감사합니다. :)"
118433,2026-08-03 0:00,,,"시범을 자주 보이는 편인데 어느 날 팔꿈치 쪽에서 이상한 느낌이 나더니 이후로 계속 예민해졌어요. 쓰고 나서 일과 후 에어백이 전완근 마사지해주는 게 진짜 시원해요. EMS 모드가 다양해서 그날 상태에 맞게 쓸 수 있고, 온열이랑 같이 켜면 더 효과적이에요. 힐링모드로 자기 전에 쓰면 수면의 질도 좋아지는 것 같아요.",97ab11ede127,,980,프리미엄 엘보케어 팔꿈치 마사지기,149000,,기존리뷰,5,,0,0,1,"안녕하세요. 프리미엄 헬스테크 브랜드, 슬룸입니다.
정성스럽게 올려주신 소중한 후기 감사합니다. 💜

고객님의 목소리로 더 발전하는 슬룸이 되도록 노력하겠습니다.
감사합니다. 🙇‍♀️"
118434,2026-08-10 0:00,,,"처음부터 팔꿈치랑 무릎 둘 다 문제였는데, 팔꿈치 마사지기랑 연장벨트 세트로 구매해서 둘 다 케어하고 있어요. 팔꿈치도 무릎도 같은 기능으로 케어되니까 따로 제품 살 필요 없어서 좋아요. 무릎에 EMS 자극이 전달될 때 관절 주변 근육이 자극되는 게 느껴져요. 온열이랑 에어백까지 더해지면 진짜 종합 케어예요. 세트 구매 적극 추천해요.",1c2dcf1c1047,,980,프리미엄 엘보케어 팔꿈치 마사지기,149000,,기존리뷰,5,,0,0,1,"안녕하세요. 프리미엄 헬스테크 브랜드, 슬룸입니다.
정성스럽게 올려주신 소중한 후기 감사합니다. 💜

고객님의 목소리로 더 발전하는 슬룸이 되도록 노력하겠습니다.
감사합니다. 🙇‍♀️"
118435,2026-08-03 0:00,,,"평소 수영으로 체력 관리하는데 접영 연습을 늘리면서 팔꿈치 힘줄이 당기기 시작했어요. 에어백이 전완근을 감싸주는 압박감이 딱 좋고, 온열이랑 같이 켜면 근육이 빠르게 이완되는 느낌이에요. EMS 모드가 다양해서 훈련 강도에 따라 다르게 쓸 수 있는 게 마음에 들어요. 힐링모드로 자기 전에 쓰면 다음 날 훈련도 더 잘 되는 것 같아요. 수영장 라커룸 친구들한테도 추천해줬어요.",83a1c701aaf4,,980,프리미엄 엘보케어 팔꿈치 마사지기,149000,,기존리뷰,4,,0,0,1,"안녕하세요. 프리미엄 헬스테크 브랜드, 슬룸입니다.
정성스럽게 올려주신 소중한 후기 감사합니다. 💜

고객님의 목소리로 더 발전하는 슬룸이 되도록 노력하겠습니다.
감사합니다. 🙇‍♀️"
118436,2026-08-11 0:00,,,"집 근처 공원에서 매일 아침 달리기 후 철봉 운동을 하다 보니 팔꿈치가 버텨주질 않더라고요. 이 제품 쓰고 나서 아침 운동 후 루틴으로 자리잡았어요. 주무름모드가 꾹꾹 눌러주는 느낌이 철봉으로 뭉친 팔꿈치 근육 풀어주는 데 딱이에요. 온열이랑 같이 켜면 혈액순환이 좋아지는 느낌이고, 에어백까지 돌아가면 팔 전체가 시원해져요. 꾸준히 쓰다 보니 운동 강도를 올려도 팔꿈치 걱정이 줄었어요.",2abb7abd4ec1,,980,프리미엄 엘보케어 팔꿈치 마사지기,149000,,기존리뷰,5,,0,0,1,"안녕하세요. 프리미엄 헬스테크 브랜드, 슬룸입니다.
정성스럽게 올려주신 소중한 후기 감사합니다. 💜

고객님의 목소리로 더 발전하는 슬룸이 되도록 노력하겠습니다.
감사합니다. 🙇‍♀️"
118437,2026-08-10 0:00,,,오랫동안 정형외과를 다녔는데 이거 쓰면서 통원 횟수가 진짜 줄었어요. 에어백이 경추를 부드럽게 당겨줄 때 병원 치료랑 비슷한 느낌이라 놀랐어요. 온열이랑 진동을 같이 켜면 깊은 근육까지 풀리는 게 느껴져요. 네이비 색이 방에 잘 어울려서 인테리어 해치지 않아서 좋고요. 베개 형태라 쓰다가 그냥 잠들어도 자세가 유지돼요.,0225b8e5d04d,,909,목 마사지 베개 V2 경추 마사지기 베개,129000,,기존리뷰,5,,0,0,1,"안녕하세요. 프리미엄 헬스테크 브랜드, 슬룸입니다.
정성스럽게 올려주신 소중한 후기 감사합니다. 💜

고객님의 목소리로 더 발전하는 슬룸이 되도록 노력하겠습니다.
감사합니다. 🙇‍♀️"
118440,2026-08-11 0:00,,,솔직히 에어백 기능이 생소해서 망설였는데 구매하고 나서 정말 잘했다 싶어요. 처음 써봤을 때 경추가 자연스럽게 위로 늘어나는 느낌이 신기하면서 너무 시원했거든요. 진동 집중 모드랑 같이 쓰면 뭉친 게 확 풀리는 게 바로 느껴져요. 무선이라 어디서든 쓸 수 있고 충전도 간편해요. 네이비 색이 고급스러워서 마음에 들어요.,155c688d9bef,,909,목 마사지 베개 V2 경추 마사지기 베개,129000,,기존리뷰,5,,0,0,1,"안녕하세요. 프리미엄 헬스테크 브랜드, 슬룸입니다.
정성스럽게 올려주신 소중한 후기 감사합니다. 💜

고객님의 목소리로 더 발전하는 슬룸이 되도록 노력하겠습니다.
감사합니다. 🙇‍♀️"
118442,2026-08-08 0:00,,,피곤한 날에는 특히 뭉침이 심해지는데 이거 쓰면 같이 풀려서 좋아요. 에어백이 경추를 지그시 받쳐주면서 자연스럽게 이완시켜 줘요. 온열 기능이 뭉친 부위를 따뜻하게 녹여주는 느낌이라 효과가 오래 가는 것 같아요. 베개 형태라 눕는 자세 그대로 쓸 수 있어서 편안해요. 무선이라 코드 없이 깔끔하게 쓸 수 있어서 만족해요.,b64ecf1240aa,,909,목 마사지 베개 V2 경추 마사지기 베개,129000,,기존리뷰,5,,0,0,1,"안녕하세요. 프리미엄 헬스테크 브랜드, 슬룸입니다.
정성스럽게 올려주신 소중한 후기 감사합니다. 💜

고객님의 목소리로 더 발전하는 슬룸이 되도록 노력하겠습니다.
감사합니다. 🙇‍♀️"
118447,2026-08-11 0:00,,,수험생 시절부터 경추가 안 좋아서 오래 고생했는데 이거 쓰면서 확실히 달라졌어요. 에어백이 부드럽게 견인해줘서 경추가 바르게 펴지는 느낌이에요. 온열이랑 진동 같이 켜면 마사지 풀코스 받는 기분이에요. 자동 타이머가 있어서 공부하다 잠들어도 안심이 되고요. 네이비 색이 차분해서 공부방에 둬도 잘 어울려요.,6012813df5ed,,909,목 마사지 베개 V2 경추 마사지기 베개,129000,,기존리뷰,5,,0,0,1,"안녕하세요. 프리미엄 헬스테크 브랜드, 슬룸입니다.
시간 내어 소중한 후기를 작성해 주셔서 감사드립니다. :)

믿고 찾는 쇼핑몰이 되기 위해 더 좋은 상품과 서비스를 준비하겠습니다.
감사합니다. 💜"
118449,2026-08-08 0:00,,,수면 중에 자주 깨는 편이었는데 이거 쓰고 나서 수면이 안정됐어요. 에어백 마사지 후에 그대로 잠들면 경추가 편안하게 유지되는 게 느껴져요. C커브 설계 덕분에 잠드는 자세 자체가 좋아진 것 같아요. 온열이 은은하게 따뜻해서 잠드는 데 도움이 돼요. 15분 자동 타이머가 있어서 걱정 없이 쓸 수 있어요.,eb8a6395fb2a,,909,목 마사지 베개 V2 경추 마사지기 베개,129000,,기존리뷰,5,,0,0,1,"안녕하세요. 프리미엄 헬스테크 브랜드, 슬룸입니다.
시간 내어 소중한 후기를 작성해 주셔서 감사드립니다. :)

믿고 찾는 쇼핑몰이 되기 위해 더 좋은 상품과 서비스를 준비하겠습니다.
감사합니다. 💜"
118450,2026-08-02 0:00,,,하루 종일 모니터를 보다 보면 경추가 굳어버리는데 이거 쓰면 바로 풀려요. 에어백이 천천히 부풀면서 감싸줄 때 긴장이 스르르 풀리는 게 느껴져요. 온열 2단계가 딱 적당히 따뜻해서 제일 자주 쓰는 설정이에요. 무선이라 책상 옆에 두고 쉬는 시간마다 쓸 수 있어서 편해요. 네이비 색상이 고급스럽고 세련돼서 마음에 들어요.,78a631053dae,,909,목 마사지 베개 V2 경추 마사지기 베개,129000,,기존리뷰,5,,0,0,1,"안녕하세요. 프리미엄 헬스테크 브랜드, 슬룸입니다.
정성스럽게 올려주신 소중한 후기 감사합니다. 💜

고객님의 목소리로 더 발전하는 슬룸이 되도록 노력하겠습니다.
감사합니다. 🙇‍♀️"
118451,2026-08-06 0:00,,,헬스장에서 운동하다가 경추를 삔 후로 관리를 시작했는데 이거 진짜 효과 있어요. 에어백이 부드럽게 늘려줘서 회복에 도움이 되는 것 같아요. 온열이 따뜻하게 감싸줘서 긴장된 근육이 빨리 풀려요. 진동 모드를 상태에 맞게 조절할 수 있어서 좋고요. 베개 형태라 운동 후 누워서 편하게 쓸 수 있어서 좋아요.,05c600c380d9,,909,목 마사지 베개 V2 경추 마사지기 베개,129000,,기존리뷰,3,,0,0,1,"안녕하세요. 프리미엄 헬스테크 브랜드, 슬룸입니다.
진심 어린 소중한 후기 감사합니다. 💜

앞으로도 좋은 상품과 서비스로 고객님들을 찾아뵐 수 있도록 노력하겠습니다.
감사합니다. :)"
118453,2026-08-09 0:00,,,점심시간에 잠깐만 써도 오후가 달라져요. 에어백이 경추를 지그시 늘려줄 때 혈액순환이 되는 느낌이에요. 온열이랑 같이 쓰면 15분 만에 개운해지는 게 신기해요. 네이비 색이 차분해서 사무실에 두기에도 좋을 것 같아요. 무선이라 들고 다니기도 편해요.,f9ca4b15beb9,,909,목 마사지 베개 V2 경추 마사지기 베개,129000,,기존리뷰,5,,0,0,1,"안녕하세요. 프리미엄 헬스테크 브랜드, 슬룸입니다.
정성스럽게 올려주신 소중한 후기 감사합니다. 💜

고객님의 목소리로 더 발전하는 슬룸이 되도록 노력하겠습니다.
감사합니다. 🙇‍♀️"
118454,2026-08-03 0:00,,,베개를 여러 개 바꿔봤는데 마사지까지 되는 베개는 이게 처음이에요. 에어백이 경추를 자연스럽게 받쳐주면서 바르게 정렬되는 느낌이에요. 온열이랑 진동 같이 쓰면 자기 전 루틴으로 딱이에요. 15분 타이머 덕분에 잠들어도 안심이 돼요. 아침에 일어날 때 가벼운 게 확실히 달라요.,2528a0d723e6,,909,목 마사지 베개 V2 경추 마사지기 베개,129000,,기존리뷰,5,,0,0,1,"안녕하세요. 프리미엄 헬스테크 브랜드, 슬룸입니다.
시간 내어 소중한 후기를 작성해 주셔서 감사드립니다. :)

믿고 찾는 쇼핑몰이 되기 위해 더 좋은 상품과 서비스를 준비하겠습니다.
감사합니다. 💜"
118455,2026-08-03 0:00,,,어깨 결림이 심해서 경추까지 같이 아픈 날이 많은데 이거 쓰면 연결된 부위가 같이 풀리는 느낌이에요. 에어백이 경추를 자연스럽게 늘려줘서 어깨까지 시원해지는 것 같아요. 온열이 따뜻하게 감싸줘서 혈액순환이 잘 되는 것 같고요. 진동 집중 모드로 뭉친 부위를 집중 케어할 수 있어서 좋아요. 네이비 색상이 세련돼서 방에 두면 분위기가 살아요.,55418b80eb2d,,909,목 마사지 베개 V2 경추 마사지기 베개,129000,,기존리뷰,5,,0,0,1,"안녕하세요. 프리미엄 헬스테크 브랜드, 슬룸입니다.
진심 어린 소중한 후기 감사합니다. 💜

앞으로도 좋은 상품과 서비스로 고객님들을 찾아뵐 수 있도록 노력하겠습니다.
감사합니다. :)"
118456,2026-08-04 0:00,,,여행 후 장시간 이동으로 몸이 뻐근했는데 집에 와서 이거 켜두니까 바로 풀렸어요. 에어백이 경추를 부드럽게 자극해줘서 여행 피로가 빨리 해소되는 것 같아요. 온열이랑 진동 같이 켜면 마사지샵에 온 것 같은 기분이에요. 베개 형태라 마사지 후 그냥 잠들어도 편하게 유지돼요. 무선이라 충전만 해두면 언제든 쓸 수 있어서 좋아요.,f7152e8d966b,,909,목 마사지 베개 V2 경추 마사지기 베개,129000,,기존리뷰,5,,0,0,1,"안녕하세요. 프리미엄 헬스테크 브랜드, 슬룸입니다.
정성스럽게 올려주신 소중한 후기 감사합니다. 💜

고객님의 목소리로 더 발전하는 슬룸이 되도록 노력하겠습니다.
감사합니다. 🙇‍♀️"
118458,2026-08-08 0:00,,,가족에게 선물했는데 너무 좋아해서 저도 하나 구매했어요. 에어백이 경추를 부드럽게 늘려줄 때 시원하면서 편안한 느낌이에요. 온열이랑 진동 같이 쓰면 마사지 전문점에 온 것 같다고 하더라고요. 베개 형태라 마사지 후 잠들기 편하고요. 15분 타이머 덕분에 잠들어도 걱정 없어서 좋아요.,af6d09497969,,909,목 마사지 베개 V2 경추 마사지기 베개,129000,,기존리뷰,5,,0,0,1,"안녕하세요. 프리미엄 헬스테크 브랜드, 슬룸입니다.
진심 어린 소중한 후기 감사합니다. 💜

앞으로도 좋은 상품과 서비스로 고객님들을 찾아뵐 수 있도록 노력하겠습니다.
감사합니다. :)"
118459,2026-08-04 0:00,,,진통제를 먹곤 했는데 이거 쓰면서 약 없이도 해결할 수 있게 됐어요. 에어백이 경추를 부드럽게 압박해줄 때 혈액순환이 되면서 뭉침이 줄어드는 느낌이에요. 온열이랑 진동 같이 켜면 깊은 근육까지 시원하게 풀려요. C커브 덕분에 마사지 후 잠들기도 편하고요. 무선이라 어디서든 편하게 쓸 수 있어서 만족해요.,9423afe38ae0,,909,목 마사지 베개 V2 경추 마사지기 베개,129000,,기존리뷰,4,,0,0,1,"안녕하세요. 프리미엄 헬스테크 브랜드, 슬룸입니다.
진심 어린 소중한 후기 감사합니다. 💜

앞으로도 좋은 상품과 서비스로 고객님들을 찾아뵐 수 있도록 노력하겠습니다.
감사합니다. :)"
118460,2026-08-03 0:00,,,아이 돌봄으로 경추를 많이 써서 자주 뻐근했는데 이거 쓰면서 관리가 되고 있어요. 에어백이 경추를 지그시 받쳐줘서 편안하게 유지되는 느낌이에요. 온열이랑 진동 같이 켜면 마사지 받는 기분이에요. 베개 형태라 아이 재우고 나서 바로 사용하기 편해요. 네이비 색상이 차분하고 고급스러워서 마음에 들어요.,7803f5a3f33a,,909,목 마사지 베개 V2 경추 마사지기 베개,129000,,기존리뷰,5,,0,0,1,"안녕하세요. 프리미엄 헬스테크 브랜드, 슬룸입니다.
정성스럽게 올려주신 소중한 후기 감사합니다. 💜

고객님의 목소리로 더 발전하는 슬룸이 되도록 노력하겠습니다.
감사합니다. 🙇‍♀️"
118465,2026-08-08 0:00,,,겨울에 특히 더 뭉치는데 이거 온열 기능이 정말 든든해요. 에어백이 경추를 부드럽게 감싸주면서 따뜻하게 데워줘서 겨울에 최고예요. 진동 릴렉스 모드랑 온열 조합이 잠들기 전에 딱이에요. 베개 형태라 마사지 후 그냥 잠들어도 자세가 유지돼요. 15분 타이머 덕분에 잠들어도 안심이 돼요.,b7c4f80b2d86,,909,목 마사지 베개 V2 경추 마사지기 베개,129000,,기존리뷰,3,,0,0,1,"안녕하세요. 프리미엄 헬스테크 브랜드, 슬룸입니다.
시간 내어 소중한 후기를 작성해 주셔서 감사드립니다. :)

믿고 찾는 쇼핑몰이 되기 위해 더 좋은 상품과 서비스를 준비하겠습니다.
감사합니다. 💜"
118466,2026-08-09 0:00,,,한의원도 다녀봤는데 이거 하나로 침 치료 대신하고 있어요. 에어백이 경추를 자연스럽게 견인해줘서 한의원에서 받는 느낌이랑 비슷해요. 온열이랑 진동 같이 쓰면 깊은 근육까지 풀리는 것 같아요. 자동 타이머가 있어서 잠들어도 걱정 없고요. 무선이라 어디서든 편하게 꺼내 쓸 수 있어서 만족해요.,4e921b9f38c7,,909,목 마사지 베개 V2 경추 마사지기 베개,129000,,기존리뷰,4,,0,0,1,"안녕하세요. 프리미엄 헬스테크 브랜드, 슬룸입니다.
진심 어린 소중한 후기 감사합니다. 💜

앞으로도 좋은 상품과 서비스로 고객님들을 찾아뵐 수 있도록 노력하겠습니다.
감사합니다. :)"
118469,2026-08-07 0:00,,,자꾸 어깨를 으쓱거리는 습관이 있었는데 이거 쓰면서 그 습관이 줄었어요. 에어백이 경추를 지그시 늘려줄 때 어깨 긴장까지 같이 풀리는 것 같아요. 온열이 따뜻하게 감싸줘서 혈액순환이 잘 되는 것 같고요. 진동 집중 모드로 뭉친 부위를 집중적으로 케어할 수 있어서 좋아요. 베개 형태라 마사지 후 잠들기 편해요.,b1c5003da9d9,,909,목 마사지 베개 V2 경추 마사지기 베개,129000,,기존리뷰,4,,0,0,1,"안녕하세요. 프리미엄 헬스테크 브랜드, 슬룸입니다.
진심 어린 소중한 후기 감사합니다. 💜

앞으로도 좋은 상품과 서비스로 고객님들을 찾아뵐 수 있도록 노력하겠습니다.
감사합니다. :)"
118470,2026-08-09 0:00,,,나이 들면서 더 자주 뻐근해졌는데 이거 쓰면서 젊었을 때처럼 개운해지는 느낌이에요. 에어백이 경추를 부드럽게 늘려줘서 퇴행된 부위가 이완되는 것 같아요. 온열이랑 진동 같이 켜면 마사지 받는 기분이에요. 자동 타이머가 있어서 잠들어도 안심이 되고요. 네이비 색상이 차분하고 세련돼서 마음에 들어요.,b5f512eb6209,,909,목 마사지 베개 V2 경추 마사지기 베개,129000,,기존리뷰,5,,0,0,1,"안녕하세요. 프리미엄 헬스테크 브랜드, 슬룸입니다.
진심 어린 소중한 후기 감사합니다. 💜

앞으로도 좋은 상품과 서비스로 고객님들을 찾아뵐 수 있도록 노력하겠습니다.
감사합니다. :)"
118471,2026-08-03 0:00,,,운전 직업이라 경추가 늘 긴장 상태인데 이거 퇴근 후에 쓰면 확 풀려요. 에어백이 경추를 지그시 받쳐줄 때 하루 긴장이 한꺼번에 풀리는 느낌이에요. 온열이랑 진동 동시에 켜면 찜질 마사지 받는 기분이에요. 무선이라 차 안에서도 쓸 수 있을 것 같아서 들고 다녀요. 베개 형태라 편하게 누워서 쓸 수 있어서 좋아요.,d50e8899d6ca,,909,목 마사지 베개 V2 경추 마사지기 베개,129000,,기존리뷰,5,,0,0,1,"안녕하세요. 프리미엄 헬스테크 브랜드, 슬룸입니다.
진심 어린 소중한 후기 감사합니다. 💜

앞으로도 좋은 상품과 서비스로 고객님들을 찾아뵐 수 있도록 노력하겠습니다.
감사합니다. :)"
118473,2026-08-03 0:00,,,명절에 오래 운전하고 나서 집에 와서 이거 쓰고 바로 풀렸어요. 에어백이 경추를 부드럽게 견인해줘서 장시간 운전 피로가 빨리 해소되는 것 같아요. 온열이랑 진동 같이 켜면 마사지샵에 온 것 같은 기분이에요. 자동 타이머가 있어서 잠들어도 안심이 되고요. 무선이라 어디서든 쓸 수 있어서 만족해요.,c406b46c203e,,909,목 마사지 베개 V2 경추 마사지기 베개,129000,,기존리뷰,5,,0,0,1,"안녕하세요. 프리미엄 헬스테크 브랜드, 슬룸입니다.
진심 어린 소중한 후기 감사합니다. 💜

앞으로도 좋은 상품과 서비스로 고객님들을 찾아뵐 수 있도록 노력하겠습니다.
감사합니다. :)"
118478,2026-08-06 0:00,,,크로스백을 오래 메다 보니 한쪽만 더 뭉쳤는데 이거 쓰면 균형 있게 풀려요. 에어백이 경추 전체를 고르게 자극해줘서 한쪽으로 치우친 긴장이 완화되는 것 같아요. 온열이랑 진동 같이 켜면 마사지 받는 기분이에요. 베개 형태라 마사지 후 잠들기도 편하고요. 무선이라 어디서든 편하게 쓸 수 있어서 만족해요.,a721e2fdabf5,,909,목 마사지 베개 V2 경추 마사지기 베개,129000,,기존리뷰,5,,0,0,1,"안녕하세요. 프리미엄 헬스테크 브랜드, 슬룸입니다.
진심 어린 소중한 후기 감사합니다. 💜

앞으로도 좋은 상품과 서비스로 고객님들을 찾아뵐 수 있도록 노력하겠습니다.
감사합니다. :)"
118482,2026-08-11 0:00,,,핫팩을 자주 붙였는데 이거 하나로 온열이랑 마사지를 동시에 해결할 수 있어서 편해요. 에어백이 경추를 지그시 늘려줄 때 시원하면서 따뜻한 느낌이 동시에 나요. 진동 집중 모드로 뭉친 부위를 집중 케어할 수 있어서 좋아요. 베개 형태라 마사지 후 그냥 잠들어도 편해요. 네이비 색상이 고급스러워서 마음에 들어요.,feb551232762,,909,목 마사지 베개 V2 경추 마사지기 베개,129000,,기존리뷰,4,,0,0,1,"안녕하세요. 프리미엄 헬스테크 브랜드, 슬룸입니다.
진심 어린 소중한 후기 감사합니다. 💜

앞으로도 좋은 상품과 서비스로 고객님들을 찾아뵐 수 있도록 노력하겠습니다.
감사합니다. :)"
118486,2026-08-04 0:00,,,수면제 없이 잠들기 어려웠는데 이거 쓰면서 자연스럽게 잠들 수 있게 됐어요. 에어백이 경추를 부드럽게 이완시켜줘서 긴장이 풀리면서 잠이 와요. 온열이랑 릴렉스 진동 조합이 수면 유도에 효과적인 것 같아요. 15분 타이머 덕분에 잠들어도 걱정 없고요. C커브 덕분에 잠드는 자세가 편안해졌어요.,cedc270bf587,,909,목 마사지 베개 V2 경추 마사지기 베개,129000,,기존리뷰,5,,0,0,1,"안녕하세요. 프리미엄 헬스테크 브랜드, 슬룸입니다.
정성스럽게 올려주신 소중한 후기 감사합니다. 💜

고객님의 목소리로 더 발전하는 슬룸이 되도록 노력하겠습니다.
감사합니다. 🙇‍♀️"
118490,2026-08-07 0:00,,,날씨가 추워지면서 더 잘 굳는데 온열 기능이 특히 좋아요. 에어백이 경추를 감싸주면서 따뜻하게 이완시켜줘서 겨울에 더 애용하게 되는 것 같아요. 진동 집중 모드로 뭉친 부위를 집중적으로 풀 수 있어서 좋아요. 자동 타이머 덕분에 잠들어도 걱정 없고요. 네이비 색상이 고급스럽고 세련돼서 마음에 들어요.,6608edeb874c,,909,목 마사지 베개 V2 경추 마사지기 베개,129000,,기존리뷰,5,,0,0,1,"안녕하세요. 프리미엄 헬스테크 브랜드, 슬룸입니다.
시간 내어 소중한 후기를 작성해 주셔서 감사드립니다. :)

믿고 찾는 쇼핑몰이 되기 위해 더 좋은 상품과 서비스를 준비하겠습니다.
감사합니다. 💜"
118492,2026-08-02 0:00,,,새로운 운동을 시작하면서 경추에 무리가 왔는데 이거 쓰면서 회복이 빨라진 것 같아요. 에어백이 경추를 부드럽게 늘려줘서 운동 후 회복에 효과적인 것 같아요. 온열이랑 진동 같이 켜면 마사지 받는 기분이에요. 자동 타이머가 있어서 잠들어도 걱정 없고요. 무선이라 운동 후 바로 꺼내 쓸 수 있어서 좋아요.,8f307cd4b8fd,,909,목 마사지 베개 V2 경추 마사지기 베개,129000,,기존리뷰,4,,0,0,1,"안녕하세요. 프리미엄 헬스테크 브랜드, 슬룸입니다.
정성스럽게 올려주신 소중한 후기 감사합니다. 💜

고객님의 목소리로 더 발전하는 슬룸이 되도록 노력하겠습니다.
감사합니다. 🙇‍♀️"
118496,2026-08-11 0:00,,,쉬는 시간에 이거 켜두고 쉬는 게 일상이 됐어요. 에어백이 경추를 부드럽게 자극해줄 때 릴렉스되는 느낌이 너무 좋거든요. 온열이랑 진동 같이 쓰면 찜질 마사지 받는 기분이에요. 베개 형태라 쓰다가 그냥 잠들어도 되는 게 최고예요. 네이비 색상이 고급스럽고 예뻐서 방에 두면 분위기가 살아요.,6e639fad886c,,909,목 마사지 베개 V2 경추 마사지기 베개,129000,,기존리뷰,5,,0,0,1,"안녕하세요. 프리미엄 헬스테크 브랜드, 슬룸입니다.
정성스럽게 올려주신 소중한 후기 감사합니다. 💜

고객님의 목소리로 더 발전하는 슬룸이 되도록 노력하겠습니다.
감사합니다. 🙇‍♀️"
118497,2026-08-03 0:00,,,거북목이 오래된 고민이었는데 이거 꾸준히 쓰면서 자세가 조금씩 교정되는 것 같아요. 에어백이 경추를 자연스럽게 늘려줘서 앞으로 나온 게 완화되는 느낌이에요. 온열이랑 진동 같이 켜면 마사지 전문점에 온 것 같아요. 베개 형태라 마사지 후 잠들기도 편하고요. 15분 타이머 덕분에 잠들어도 안심이 돼요.,9b184e797966,,909,목 마사지 베개 V2 경추 마사지기 베개,129000,,기존리뷰,5,,0,0,1,"안녕하세요. 프리미엄 헬스테크 브랜드, 슬룸입니다.
정성스럽게 올려주신 소중한 후기 감사합니다. 💜

고객님의 목소리로 더 발전하는 슬룸이 되도록 노력하겠습니다.
감사합니다. 🙇‍♀️"
118498,2026-08-10 0:00,,,냉찜질 온찜질 번갈아 해봤는데 이거 하나로 다 해결이 돼요. 에어백이 경추를 부드럽게 자극해줘서 온찜질 효과가 더 깊이 들어가는 것 같아요. 진동 집중 모드로 뭉친 부위를 집중적으로 케어할 수 있어서 좋아요. 자동 타이머 덕분에 잠들어도 걱정 없고요. 무선이라 어디서든 편하게 쓸 수 있어서 만족해요.,02fc65c7df1c,,909,목 마사지 베개 V2 경추 마사지기 베개,129000,,기존리뷰,5,,0,0,1,"안녕하세요. 프리미엄 헬스테크 브랜드, 슬룸입니다.
진심 어린 소중한 후기 감사합니다. 💜

앞으로도 좋은 상품과 서비스로 고객님들을 찾아뵐 수 있도록 노력하겠습니다.
감사합니다. :)"
118499,2026-08-10 0:00,,,저녁 식사도 귀찮을 정도로 피로했는데 이거 쓰고 나면 기운이 나는 것 같아요. 에어백이 경추를 지그시 받쳐줄 때 피로가 빠르게 해소되는 느낌이에요. 온열이랑 진동 동시에 켜면 마사지샵에 온 것 같은 기분이에요. 베개 형태라 마사지 후 그냥 잠들어도 편해요. 네이비 색상이 차분하고 세련돼서 마음에 들어요.,4bd2a0a98762,,909,목 마사지 베개 V2 경추 마사지기 베개,129000,,기존리뷰,3,,0,0,1,"안녕하세요. 프리미엄 헬스테크 브랜드, 슬룸입니다.
정성스럽게 올려주신 소중한 후기 감사합니다. 💜

고객님의 목소리로 더 발전하는 슬룸이 되도록 노력하겠습니다.
감사합니다. 🙇‍♀️"
118500,2026-08-04 0:00,,,장시간 전화 통화를 해서 한쪽만 더 뭉쳤는데 이거 쓰면 균형 있게 풀려요. 에어백이 경추 전체를 감싸줘서 한쪽으로 쏠린 긴장이 고르게 이완되는 것 같아요. 온열이랑 진동 같이 켜면 마사지 받는 기분이에요. 자동 타이머가 있어서 잠들어도 안심이 되고요. 무선이라 충전만 해두면 어디서든 쓸 수 있어서 좋아요.,fd0b272ad582,,909,목 마사지 베개 V2 경추 마사지기 베개,129000,,기존리뷰,5,,0,0,1,"안녕하세요. 프리미엄 헬스테크 브랜드, 슬룸입니다.
시간 내어 소중한 후기를 작성해 주셔서 감사드립니다. :)

믿고 찾는 쇼핑몰이 되기 위해 더 좋은 상품과 서비스를 준비하겠습니다.
감사합니다. 💜"
118502,2026-08-10 0:00,,,수업에 집중하기 어려웠는데 이거 쓰면서 개선됐어요. 에어백이 경추를 자연스럽게 늘려줘서 학업 스트레스로 굳은 게 풀려요. 온열이랑 릴렉스 진동 조합이 공부 후 회복에 딱이에요. 베개 형태라 마사지 후 잠들기 편하고요. 15분 타이머 덕분에 잠들어도 안심이 돼요.,4ee9f2ea3862,,909,목 마사지 베개 V2 경추 마사지기 베개,129000,,기존리뷰,4,,0,0,1,"안녕하세요. 프리미엄 헬스테크 브랜드, 슬룸입니다.
정성스럽게 올려주신 소중한 후기 감사합니다. 💜

고객님의 목소리로 더 발전하는 슬룸이 되도록 노력하겠습니다.
감사합니다. 🙇‍♀️"
118503,2026-08-11 0:00,,,여행을 꺼렸는데 이거 들고 다니면서 관리하니까 여행이 즐거워졌어요. 에어백이 경추를 부드럽게 자극해줘서 이동 피로가 빨리 해소돼요. 온열이랑 진동 같이 켜면 호텔에서도 마사지 받는 기분이에요. 무선이라 어디서든 쓸 수 있어서 여행 필수품이 됐어요. 네이비 색이 깔끔해서 여행 가방에 넣기에도 좋아요.,040e5d9d7ff4,,909,목 마사지 베개 V2 경추 마사지기 베개,129000,,기존리뷰,5,,0,0,1,"안녕하세요. 프리미엄 헬스테크 브랜드, 슬룸입니다.
정성스럽게 올려주신 소중한 후기 감사합니다. 💜

고객님의 목소리로 더 발전하는 슬룸이 되도록 노력하겠습니다.
감사합니다. 🙇‍♀️"
118504,2026-08-02 0:00,,,뭔가 당기는 느낌이 있었는데 이거 쓰면서 그 증상이 완화됐어요. 에어백이 경추를 자연스럽게 늘려줘서 신경이 눌리던 게 해소되는 것 같아요. 온열이랑 진동 같이 켜면 깊은 곳까지 시원하게 풀리는 게 느껴져요. 자동 타이머 덕분에 잠들어도 걱정 없고요. 무선이라 어디서든 편하게 쓸 수 있어서 만족해요.,e2ae097fc54d,,909,목 마사지 베개 V2 경추 마사지기 베개,129000,,기존리뷰,5,,0,0,1,"안녕하세요. 프리미엄 헬스테크 브랜드, 슬룸입니다.
시간 내어 소중한 후기를 작성해 주셔서 감사드립니다. :)

믿고 찾는 쇼핑몰이 되기 위해 더 좋은 상품과 서비스를 준비하겠습니다.
감사합니다. 💜"
118505,2026-08-02 0:00,,,마감이 몰리는 시기에 더 심하게 뭉치는데 이거 쓰면 버틸 수 있어요. 에어백이 경추를 지그시 받쳐줄 때 스트레스성 긴장이 같이 풀리는 것 같아요. 온열이랑 진동 동시에 켜면 마사지 풀코스 받는 기분이에요. 베개 형태라 마사지 후 잠들기도 편하고요. 네이비 색상이 세련돼서 방에 두면 분위기가 살아요.,7d262682f1dc,,909,목 마사지 베개 V2 경추 마사지기 베개,129000,,기존리뷰,5,,0,0,1,"안녕하세요. 프리미엄 헬스테크 브랜드, 슬룸입니다.
시간 내어 소중한 후기를 작성해 주셔서 감사드립니다. :)

믿고 찾는 쇼핑몰이 되기 위해 더 좋은 상품과 서비스를 준비하겠습니다.
감사합니다. 💜"
118507,2026-08-02 0:00,,,생일 선물로 받았는데 이렇게 실용적인 선물은 처음이에요. 에어백이 경추를 부드럽게 자극해줄 때 전문 마사지 받는 기분이에요. 온열이랑 진동 같이 켜면 마사지샵에 온 것 같아요. 베개 형태라 마사지 후 그냥 잠들어도 자세가 유지돼요. 15분 타이머 덕분에 잠들어도 안심이 돼요.,79161dfcb98a,,909,목 마사지 베개 V2 경추 마사지기 베개,129000,,기존리뷰,5,,0,0,1,"안녕하세요. 프리미엄 헬스테크 브랜드, 슬룸입니다.
시간 내어 소중한 후기를 작성해 주셔서 감사드립니다. :)

믿고 찾는 쇼핑몰이 되기 위해 더 좋은 상품과 서비스를 준비하겠습니다.
감사합니다. 💜"
118508,2026-08-04 0:00,,,잠버릇이 안 좋아졌는데 이거 쓰면서 수면 자세가 안정됐어요. 에어백 마사지 후 C커브에 경추를 얹고 잠들면 뒤척임이 줄어요. 온열이랑 릴렉스 진동 조합이 깊은 수면을 유도하는 것 같아요. 15분 타이머 덕분에 잠들어도 안심이 되고요. 아침에 일어날 때 개운해서 하루 시작이 달라요.,14a677c9d01f,,909,목 마사지 베개 V2 경추 마사지기 베개,129000,,기존리뷰,5,,0,0,1,"안녕하세요. 프리미엄 헬스테크 브랜드, 슬룸입니다.
정성스럽게 올려주신 소중한 후기 감사합니다. 💜

고객님의 목소리로 더 발전하는 슬룸이 되도록 노력하겠습니다.
감사합니다. 🙇‍♀️"
118509,2026-08-11 0:00,,,통증이 심해져서 이거 구매했는데 꾸준히 쓰니까 효과가 확실해요. 에어백이 경추를 부드럽게 늘려줘서 뭉침이 줄어드는 게 느껴져요. 온열이랑 진동 같이 켜면 마사지 받는 기분이에요. 베개 형태라 마사지 후 잠들기도 편하고요. 무선이라 어디서든 편하게 쓸 수 있어서 좋아요.,03e2f70d7a9f,,909,목 마사지 베개 V2 경추 마사지기 베개,129000,,기존리뷰,5,,0,0,1,"안녕하세요. 프리미엄 헬스테크 브랜드, 슬룸입니다.
정성스럽게 올려주신 소중한 후기 감사합니다. 💜

고객님의 목소리로 더 발전하는 슬룸이 되도록 노력하겠습니다.
감사합니다. 🙇‍♀️"
118510,2026-08-09 0:00,,,업무 효율이 떨어지던 시기에 구매했는데 확실히 도움이 됐어요. 에어백이 경추를 자연스럽게 늘려줘서 혈액순환이 개선되는 것 같아요. 온열이랑 진동 같이 켜면 마사지 전문점에 온 것 같아요. 자동 타이머 덕분에 잠들어도 걱정 없고요. 네이비 색상이 세련돼서 방에 두면 분위기가 살아요.,016658fe8442,,909,목 마사지 베개 V2 경추 마사지기 베개,129000,,기존리뷰,5,,0,0,1,"안녕하세요. 프리미엄 헬스테크 브랜드, 슬룸입니다.
정성스럽게 올려주신 소중한 후기 감사합니다. 💜

고객님의 목소리로 더 발전하는 슬룸이 되도록 노력하겠습니다.
감사합니다. 🙇‍♀️"
118512,2026-08-11 0:00,,,집에 오면 바로 쓰러지듯 누웠는데 이거 켜두고 누우면 피로 회복이 훨씬 빨라요. 에어백이 경추를 부드럽게 늘려줄 때 하루 긴장이 한꺼번에 풀리는 느낌이에요. 온열이랑 진동 동시에 켜면 찜질 마사지 받는 기분이에요. 자동 타이머 덕분에 잠들어도 걱정 없고요. 무선이라 충전만 해두면 어디서든 쓸 수 있어서 편리해요.,97ffb53febcb,,909,목 마사지 베개 V2 경추 마사지기 베개,129000,,기존리뷰,5,,0,0,1,"안녕하세요. 프리미엄 헬스테크 브랜드, 슬룸입니다.
진심 어린 소중한 후기 감사합니다. 💜

앞으로도 좋은 상품과 서비스로 고객님들을 찾아뵐 수 있도록 노력하겠습니다.
감사합니다. :)"
118516,2026-08-05 0:00,,,제일 먼저 경추가 뭉치는데 이거 쓰면 몸이랑 마음이 같이 풀려요. 에어백이 경추를 지그시 늘려줄 때 긴장이 스르르 풀리는 게 느껴져요. 온열이랑 릴렉스 진동 조합으로 자기 전에 쓰면 잠이 솔솔 와요. 베개 형태라 마사지 후 그냥 잠들어도 자세가 유지돼요. 15분 타이머 덕분에 걱정 없이 쓸 수 있어요.,ff9c8c822e10,,909,목 마사지 베개 V2 경추 마사지기 베개,129000,,기존리뷰,5,,0,0,1,"안녕하세요. 프리미엄 헬스테크 브랜드, 슬룸입니다.
정성스럽게 올려주신 소중한 후기 감사합니다. 💜

고객님의 목소리로 더 발전하는 슬룸이 되도록 노력하겠습니다.
감사합니다. 🙇‍♀️"
118517,2026-08-11 0:00,,,글씨를 오래 쓰기가 힘들었는데 이거 쓰면서 많이 나아졌어요. 에어백이 경추를 부드럽게 받쳐줘서 바르게 정렬되는 느낌이에요. 온열이랑 진동 같이 켜면 마사지 받는 기분이에요. 자동 타이머가 있어서 잠들어도 안심이 되고요. 네이비 색상이 세련돼서 방에 두면 분위기가 살아요.,dd4bbef21d00,,909,목 마사지 베개 V2 경추 마사지기 베개,129000,,기존리뷰,5,,0,0,1,"안녕하세요. 프리미엄 헬스테크 브랜드, 슬룸입니다.
진심 어린 소중한 후기 감사합니다. 💜

앞으로도 좋은 상품과 서비스로 고객님들을 찾아뵐 수 있도록 노력하겠습니다.
감사합니다. :)"
118518,2026-08-03 0:00,,,자꾸 턱을 괴는 자세가 됐는데 이거 쓰면서 경추가 편해지니까 자세도 같이 좋아지는 것 같아요. 에어백이 경추를 자연스럽게 늘려줘서 앞으로 나오는 게 개선되는 느낌이에요. 온열이랑 진동 같이 쓰면 마사지 전문점에 온 것 같아요. 베개 형태라 마사지 후 잠들기 편하고요. 무선이라 어디서든 편하게 쓸 수 있어서 좋아요.,718909cef958,,909,목 마사지 베개 V2 경추 마사지기 베개,129000,,기존리뷰,3,,0,0,1,"안녕하세요. 프리미엄 헬스테크 브랜드, 슬룸입니다.
정성스럽게 올려주신 소중한 후기 감사합니다. 💜

고객님의 목소리로 더 발전하는 슬룸이 되도록 노력하겠습니다.
감사합니다. 🙇‍♀️"
118520,2026-08-03 0:00,,,누워서 쓸 수 있는 베개 형태가 제일 편하고 효과도 오래 가요. 에어백이 경추를 부드럽게 자극해줘서 마사지 효과가 깊이 들어가는 것 같아요. 온열이랑 진동 동시에 켜면 마사지 풀코스 받는 기분이에요. 베개 형태라 마사지 후 잠들기도 편하고요. 15분 타이머 덕분에 잠들어도 안심이 돼요.,b4f6c6beedab,,909,목 마사지 베개 V2 경추 마사지기 베개,129000,,기존리뷰,5,,0,0,1,"안녕하세요. 프리미엄 헬스테크 브랜드, 슬룸입니다.
시간 내어 소중한 후기를 작성해 주셔서 감사드립니다. :)

믿고 찾는 쇼핑몰이 되기 위해 더 좋은 상품과 서비스를 준비하겠습니다.
감사합니다. 💜"
118522,2026-08-06 0:00,,,다음 날 아침이 달라요. 에어백이 경추를 지그시 늘려줄 때 혈액순환이 개선되는 느낌이에요. 온열이랑 진동 같이 켜면 마사지 전문점에 온 것 같아요. 베개 형태라 마사지 후 그냥 잠들어도 자세가 유지돼요. 네이비 색상이 차분하고 세련돼서 침실에 잘 어울려요.,22112e1ecaf4,,909,목 마사지 베개 V2 경추 마사지기 베개,129000,,기존리뷰,5,,0,0,1,"안녕하세요. 프리미엄 헬스테크 브랜드, 슬룸입니다.
진심 어린 소중한 후기 감사합니다. 💜

앞으로도 좋은 상품과 서비스로 고객님들을 찾아뵐 수 있도록 노력하겠습니다.
감사합니다. :)"
118523,2026-08-11 0:00,,,뒤늦게 관리의 중요성을 깨달았는데 이거 쓰면서 꾸준히 관리하고 있어요. 에어백이 경추를 부드럽게 견인해줘서 자연스럽게 정렬되는 느낌이에요. 온열이랑 진동 같이 켜면 마사지 전문점에 온 것 같아요. 베개 형태라 마사지 후 잠들기도 편하고요. 네이비 색상이 고급스럽고 세련돼서 선물로도 딱이에요.,708a9b2da8a4,,909,목 마사지 베개 V2 경추 마사지기 베개,129000,,기존리뷰,4,,0,0,1,"안녕하세요. 프리미엄 헬스테크 브랜드, 슬룸입니다.
진심 어린 소중한 후기 감사합니다. 💜

앞으로도 좋은 상품과 서비스로 고객님들을 찾아뵐 수 있도록 노력하겠습니다.
감사합니다. :)"
118525,2026-08-01 0:00,,,식사할 때 고개 숙이기도 불편했는데 이거 꾸준히 쓰면서 일상이 편해졌어요. 에어백이 경추를 자연스럽게 받쳐줘서 바르게 유지되는 느낌이에요. 온열이랑 진동 같이 켜면 찜질 마사지 받는 기분이에요. 자동 타이머 덕분에 잠들어도 걱정 없고요. 네이비 색상이 세련돼서 방에 두면 분위기가 살아요.,73722d6581da,,909,목 마사지 베개 V2 경추 마사지기 베개,129000,,기존리뷰,5,,0,0,1,"안녕하세요. 프리미엄 헬스테크 브랜드, 슬룸입니다.
진심 어린 소중한 후기 감사합니다. 💜

앞으로도 좋은 상품과 서비스로 고객님들을 찾아뵐 수 있도록 노력하겠습니다.
감사합니다. :)"
118526,2026-08-06 0:00,,,강의 듣는 것도 힘들었는데 이거 쓰면서 집중력이 올라간 것 같아요. 에어백이 경추를 자연스럽게 늘려줘서 혈액순환이 개선되는 느낌이에요. 온열이랑 진동 같이 켜면 마사지 전문점에 온 것 같아요. 자동 타이머 덕분에 잠들어도 걱정 없고요. 네이비 색상이 고급스러워서 마음에 들어요.,3a09235674b0,,909,목 마사지 베개 V2 경추 마사지기 베개,129000,,기존리뷰,3,,0,0,1,"안녕하세요. 프리미엄 헬스테크 브랜드, 슬룸입니다.
정성스럽게 올려주신 소중한 후기 감사합니다. 💜

고객님의 목소리로 더 발전하는 슬룸이 되도록 노력하겠습니다.
감사합니다. 🙇‍♀️"
118527,2026-08-03 0:00,,,전날 저녁에 이거 쓰면 다음 날 아침 출근이 달라요. 에어백이 경추를 지그시 늘려줄 때 뭉친 근육이 시원하게 풀리는 느낌이에요. 온열이랑 진동 같이 켜면 마사지 받는 기분이에요. 베개 형태라 마사지 후 그냥 잠들어도 자세가 유지돼요. 15분 타이머 덕분에 잠들어도 안심이 돼요.,3a02c0c0f8e9,,909,목 마사지 베개 V2 경추 마사지기 베개,129000,,기존리뷰,5,,0,0,1,"안녕하세요. 프리미엄 헬스테크 브랜드, 슬룸입니다.
진심 어린 소중한 후기 감사합니다. 💜

앞으로도 좋은 상품과 서비스로 고객님들을 찾아뵐 수 있도록 노력하겠습니다.
감사합니다. :)"
118528,2026-08-01 0:00,,,환절기마다 더 심하게 뭉치는데 이거 쓰면서 계절 관계없이 관리가 되는 것 같아요. 에어백이 경추를 자연스럽게 받쳐줘서 편안하게 유지되는 느낌이에요. 온열이랑 진동 같이 켜면 마사지 전문점에 온 것 같아요. 자동 타이머 덕분에 잠들어도 걱정 없고요. 무선이라 어디서든 편하게 쓸 수 있어서 좋아요.,f1c895b482e9,,909,목 마사지 베개 V2 경추 마사지기 베개,129000,,기존리뷰,4,,0,0,1,"안녕하세요. 프리미엄 헬스테크 브랜드, 슬룸입니다.
진심 어린 소중한 후기 감사합니다. 💜

앞으로도 좋은 상품과 서비스로 고객님들을 찾아뵐 수 있도록 노력하겠습니다.
감사합니다. :)"
118529,2026-08-11 0:00,,,카메라를 오래 들여다보다 보니 불편했는데 이거 쓰면서 많이 나아졌어요. 에어백이 경추를 부드럽게 늘려줘서 유연성이 좋아지는 것 같아요. 온열이랑 진동 같이 켜면 마사지 받는 기분이에요. 베개 형태라 마사지 후 잠들기도 편하고요. 무선이라 어디서든 편하게 쓸 수 있어서 만족해요.,30852e7d55b7,,909,목 마사지 베개 V2 경추 마사지기 베개,129000,,기존리뷰,5,,0,0,1,"안녕하세요. 프리미엄 헬스테크 브랜드, 슬룸입니다.
진심 어린 소중한 후기 감사합니다. 💜

앞으로도 좋은 상품과 서비스로 고객님들을 찾아뵐 수 있도록 노력하겠습니다.
감사합니다. :)"
118530,2026-08-06 0:00,,,그런 예민함이 줄었어요. 에어백이 경추를 자연스럽게 받쳐줘서 주변 긴장이 전반적으로 완화되는 것 같아요. 온열이랑 진동 같이 켜면 마사지 받는 기분이에요. 자동 타이머 덕분에 잠들어도 걱정 없고요. 무선이라 충전만 해두면 어디서든 쓸 수 있어서 편리해요.,23ef022c1f4c,,909,목 마사지 베개 V2 경추 마사지기 베개,129000,,기존리뷰,4,,0,0,1,"안녕하세요. 프리미엄 헬스테크 브랜드, 슬룸입니다.
정성스럽게 올려주신 소중한 후기 감사합니다. 💜

고객님의 목소리로 더 발전하는 슬룸이 되도록 노력하겠습니다.
감사합니다. 🙇‍♀️"
118533,2026-08-03 0:00,,,파스를 매일 붙이다 보니 피부가 민감해졌는데 이거 쓰면서 파스 없이 관리할 수 있게 됐어요. 에어백이 파스보다 훨씬 직접적으로 경추를 이완시켜줘요. 온열이 파스 대신 따뜻하게 케어해줘서 피부에도 좋고요. 진동까지 더해지면 마사지샵에서 받는 것 같은 기분이에요. 무선이라 어디서든 편하게 쓸 수 있어서 만족해요.,3e84f7111637,,909,목 마사지 베개 V2 경추 마사지기 베개,129000,,기존리뷰,5,,0,0,1,"안녕하세요. 프리미엄 헬스테크 브랜드, 슬룸입니다.
정성스럽게 올려주신 소중한 후기 감사합니다. 💜

고객님의 목소리로 더 발전하는 슬룸이 되도록 노력하겠습니다.
감사합니다. 🙇‍♀️"
118534,2026-08-10 0:00,,,찜질방 안 가도 집에서 이 정도 효과가 나올 줄 몰랐어요. 에어백이 경추를 감싸주면서 온열로 근육을 이완시켜줘서 목욕탕 온탕에 담근 것 같은 느낌이에요. 진동이랑 같이 쓰면 효과가 배가 돼요. 베개 형태라 눕는 자세 그대로 쓸 수 있어서 편해요. 15분 타이머 덕분에 잠들어도 걱정 없어요.,6343a00c6e74,,909,목 마사지 베개 V2 경추 마사지기 베개,129000,,기존리뷰,5,,0,0,1,"안녕하세요. 프리미엄 헬스테크 브랜드, 슬룸입니다.
시간 내어 소중한 후기를 작성해 주셔서 감사드립니다. :)

믿고 찾는 쇼핑몰이 되기 위해 더 좋은 상품과 서비스를 준비하겠습니다.
감사합니다. 💜"
118535,2026-08-03 0:00,,,경추가 안 좋은 게 오래됐는데 이거 쓰면서 처음으로 제대로 관리하게 됐어요. 에어백이 경추를 자연스럽게 늘려줘서 오랫동안 굳어있던 근육이 조금씩 이완되는 느낌이에요. 온열이랑 진동 같이 켜면 마사지 전문점에 온 것 같아요. 무선이라 충전만 해두면 어디서든 쓸 수 있어서 좋아요. 자동 타이머 덕분에 잠들어도 걱정 없어요.,b28fdf979751,,909,목 마사지 베개 V2 경추 마사지기 베개,129000,,기존리뷰,4,,0,0,1,"안녕하세요. 프리미엄 헬스테크 브랜드, 슬룸입니다.
진심 어린 소중한 후기 감사합니다. 💜

앞으로도 좋은 상품과 서비스로 고객님들을 찾아뵐 수 있도록 노력하겠습니다.
감사합니다. :)"
118536,2026-08-11 0:00,,,약을 먹어도 금방 다시 뭉치는 악순환이었는데 이거 쓰면서 근본적인 관리가 되는 것 같아요. 에어백이 경추를 자연스럽게 늘려줘서 뭉침이 반복되는 빈도가 줄어드는 것 같아요. 온열이랑 진동 같이 켜면 마사지 전문점에 온 것 같아요. 무선이라 어디서든 편하게 쓸 수 있어서 좋아요. 자동 타이머 덕분에 잠들어도 안심이에요.,1802cf1a6f35,,909,목 마사지 베개 V2 경추 마사지기 베개,129000,,기존리뷰,5,,0,0,1,"안녕하세요. 프리미엄 헬스테크 브랜드, 슬룸입니다.
정성스럽게 올려주신 소중한 후기 감사합니다. 💜

고객님의 목소리로 더 발전하는 슬룸이 되도록 노력하겠습니다.
감사합니다. 🙇‍♀️"
118537,2026-08-11 5:20,2026-08-05 22:12,2026-08-07 16:17,산지 2일 만에  고장 ㅋ,,,909,목 마사지 베개 V2 경추 마사지기 베개,129000,수량선택: 목 마사지 베개 V2 1개 (마그네슘 시너지 크림 1개 증정),기존리뷰,1,,0,0,1,"안녕하세요. 프리미엄 헬스테크 브랜드, 슬룸입니다.
고객님께 만족스러운 경험을 드리지 못해 대단히 죄송합니다. 😥

리뷰로는 상세한 안내가 어려워, 자세한 내용 알림톡(문자) 발송 도와드렸으니 확인 부탁드리겠습니다.
추가로 궁금하신 점이 있으시거나 문자 확인하신 후에도 해결되지 않는 경우
번거로우시겠지만 슬룸 채팅 상담을 통해 연락 주시면 빠르게 안내 도와드리겠습니다.

▶ 슬룸 채팅 상담 (※ 월-금 09:30-17:00, 주말 및 공휴일 휴무)
http://sloom.channel.io/

고객님의 목소리로 더 발전하는 슬룸이 되도록 노력하겠습니다. 감사합니다."
118538,2026-08-11 10:28,2026-06-23 21:34,2026-06-25 16:15,빠른배송과 좋은상품감사합니다,,,980,프리미엄 엘보케어 팔꿈치 마사지기,149000,수량선택: 데일리 릴렉스 세트 (팔꿈치 마사지기 + 마그네슘 시너지 크림),기존리뷰,3,,0,0,1,"안녕하세요. 프리미엄 헬스테크 브랜드, 슬룸입니다.
시간 내어 소중한 후기를 작성해 주셔서 감사드립니다. :)

믿고 찾는 쇼핑몰이 되기 위해 더 좋은 상품과 서비스를 준비하겠습니다.
감사합니다. 💜"
118539,2026-08-11 11:16,2026-08-05 20:49,2026-08-07 13:39,"써보니 확실히 통증 완화에 도움이 있습니다. 꾸준히 사용하려고 합니다. 하알라님 구독하고 있는데 싸게 사서 좋네요. 

단, 아파트에서 쓸 때는 층간소음에 조심해야 할 것 같아요. 진동이 좀 썬 편이라서 매트나 쇼파 위에서 사용하시길 권장드립니다.",,,1045,[하알라x슬룸] ★2차★ 구독자 한정 최저가 비밀링크!,114900,수량선택: 허리편한케어V2 1개 + (증정)마그네슘 시너지 크림 1개,기존리뷰,4,,0,0,1,"안녕하세요. 프리미엄 헬스테크 브랜드, 슬룸입니다.
진심 어린 소중한 후기 감사합니다. 💜

앞으로도 좋은 상품과 서비스로 고객님들을 찾아뵐 수 있도록 노력하겠습니다.
감사합니다. :)"
118540,2026-08-11 12:29,2026-08-07 1:34,2026-08-08 16:07,직업병으로 더심해진 테니스엘보에 삶의질이 무너져잇던 저에게 이런상품이 잇는지도 모르고살앗네요ㅠ 보자마자 이런게잇다고 1초의 고민도없이 구매햇네요 일단 통증잇을때 마사지효과 보고잇는중입니다 당연히 주사요법도 같이하고잇는터라 꾸준한 관리로 일상의 짜증날려버리고싶네요,,,980,프리미엄 엘보케어 팔꿈치 마사지기,149000,수량선택: 팔꿈치 마사지기 1개 (마그네슘 시너지 크림 1개 증정),기존리뷰,5,,1,0,1,"안녕하세요. 프리미엄 헬스테크 브랜드, 슬룸입니다.
정성스럽게 올려주신 소중한 후기 감사합니다. 💜

고객님의 목소리로 더 발전하는 슬룸이 되도록 노력하겠습니다.
감사합니다. 🙇‍♀️"
118541,2026-08-11 12:40,2026-08-05 20:41,2026-08-07 18:37,남편 허리가 안좋아서 깜짝 선물주려고 주문했어요 유트버 통해 구매했는데 안좋으면 반품하려 했는데 다행히 남편 침대누울때 슬룸 맛사지기부터 허리밑에 쏘옥~~사용하기 좋다고 합니다,,,1045,[하알라x슬룸] ★2차★ 구독자 한정 최저가 비밀링크!,114900,수량선택: 허리편한케어V2 1개 + (증정)마그네슘 시너지 크림 1개,기존리뷰,5,,1,0,1,"안녕하세요. 프리미엄 헬스테크 브랜드, 슬룸입니다.
정성스럽게 올려주신 소중한 후기 감사합니다. 💜

고객님의 목소리로 더 발전하는 슬룸이 되도록 노력하겠습니다.
감사합니다. 🙇‍♀️"
118542,2026-08-11 14:15,2026-08-01 14:11,2026-08-04 21:06,유튜브 보다가 처음으로 구입했어요 잘사용할께요,,,1043,[슬룸 4차 진행!] 코이티비 구독자 전용 ★최저가★ 비밀링크,99000,수량선택: 목 마사지 베개 V2 1개,기존리뷰,4,,1,0,1,"안녕하세요. 프리미엄 헬스테크 브랜드, 슬룸입니다.
시간 내어 소중한 후기를 작성해 주셔서 감사드립니다. :)

믿고 찾는 쇼핑몰이 되기 위해 더 좋은 상품과 서비스를 준비하겠습니다.
감사합니다. 💜"
118543,2026-08-11 15:36,2026-08-10 8:52,2026-08-11 14:09,테니스 엘보 때문에 샀어요 한달 후기 올리겠습니다.,,,980,프리미엄 엘보케어 팔꿈치 마사지기,149000,수량선택: 팔꿈치 마사지기 + 연장벨트 (시너지 크림 & 파우치 중형 1개 증정),기존리뷰,5,,1,0,1,"안녕하세요. 프리미엄 헬스테크 브랜드, 슬룸입니다.
시간 내어 소중한 후기를 작성해 주셔서 감사드립니다. :)

믿고 찾는 쇼핑몰이 되기 위해 더 좋은 상품과 서비스를 준비하겠습니다.
감사합니다. 💜"
118544,2026-08-11 15:37,2026-08-08 13:34,2026-08-11 13:47,기대보다 훨씬 시원해요,,,980,프리미엄 엘보케어 팔꿈치 마사지기,149000,수량선택: 팔꿈치 마사지기 + 연장벨트 (시너지 크림 & 파우치 중형 1개 증정),기존리뷰,5,,1,0,1,"안녕하세요. 프리미엄 헬스테크 브랜드, 슬룸입니다.
시간 내어 소중한 후기를 작성해 주셔서 감사드립니다. :)

믿고 찾는 쇼핑몰이 되기 위해 더 좋은 상품과 서비스를 준비하겠습니다.
감사합니다. 💜"
118545,2026-08-11 16:01,2026-07-12 22:59,2026-07-14 18:41,목의 통증많이 개선 되었어요,,,291,목베개 플러스 경추 목 마사지기 베개,99000,수량선택: 목베개 플러스 1개,기존리뷰,5,,0,0,1,"안녕하세요. 프리미엄 헬스테크 브랜드, 슬룸입니다.
진심 어린 소중한 후기 감사합니다. 💜

앞으로도 좋은 상품과 서비스로 고객님들을 찾아뵐 수 있도록 노력하겠습니다.
감사합니다. :)"
118546,2026-08-11 17:27,2026-08-08 6:57,2026-08-11 10:46,받자마자 바로 사용해보니 사용이 간편하고 효과도 좋아 구매를 잘했다는 생각입니다~^^,,,636,허리편한케어 V2 허리 마사지기,129000,수량선택: 허리편한케어 V2 1개 (마그네슘 시너지 크림 1개 증정),기존리뷰,5,,0,0,1,"안녕하세요. 프리미엄 헬스테크 브랜드, 슬룸입니다.
정성스럽게 올려주신 소중한 후기 감사합니다. 💜

고객님의 목소리로 더 발전하는 슬룸이 되도록 노력하겠습니다.
감사합니다. 🙇‍♀️"
118547,2026-08-11 18:19,2026-07-26 11:26,2026-07-28 18:43,엘보우에 시원하고 좋아요,,,980,프리미엄 엘보케어 팔꿈치 마사지기,149000,수량선택: 팔꿈치 마사지기 1개,기존리뷰,5,,1,0,1,"안녕하세요. 프리미엄 헬스테크 브랜드, 슬룸입니다.
정성스럽게 올려주신 소중한 후기 감사합니다. 💜

고객님의 목소리로 더 발전하는 슬룸이 되도록 노력하겠습니다.
감사합니다. 🙇‍♀️"
118548,2026-08-11 19:43,2026-08-05 20:33,2026-08-07 16:09,처음 사용할때는 적응이안되어 허리가 아프더니 몇번 사용하고는 잘 적응하고있어요.,,,1045,[하알라x슬룸] ★2차★ 구독자 한정 최저가 비밀링크!,114900,수량선택: 허리편한케어V2 1개 + (증정)마그네슘 시너지 크림 1개,기존리뷰,5,,1,0,1,"안녕하세요. 프리미엄 헬스테크 브랜드, 슬룸입니다.
진심 어린 소중한 후기 감사합니다. 💜

앞으로도 좋은 상품과 서비스로 고객님들을 찾아뵐 수 있도록 노력하겠습니다.
감사합니다. :)"
118549,2026-08-11 21:05,2026-08-09 22:43,2026-08-11 18:41,좋은 효과를 기대해 봅니다,,,636,허리편한케어 V2 허리 마사지기,129000,수량선택: 허리편한케어 V2 1개 (마그네슘 시너지 크림 1개 증정),기존리뷰,4,,1,0,1,"안녕하세요. 프리미엄 헬스테크 브랜드, 슬룸입니다.
시간 내어 소중한 후기를 작성해 주셔서 감사드립니다. :)

믿고 찾는 쇼핑몰이 되기 위해 더 좋은 상품과 서비스를 준비하겠습니다.
감사합니다. 💜"
118550,2026-08-11 22:07,2026-08-01 12:30,2026-08-04 10:46,팔꿈치 때문에 병원 다닐 정도여서 구매해봤어요 혼자 팔꿈치에 찰 때 한손으로 해야하니 좀 불편해요,,,980,프리미엄 엘보케어 팔꿈치 마사지기,149000,수량선택: 팔꿈치 마사지기 1개 (시너지 크림 1개 증정),기존리뷰,5,,1,0,1,"안녕하세요. 프리미엄 헬스테크 브랜드, 슬룸입니다.
정성스럽게 올려주신 소중한 후기 감사합니다. 💜

고객님의 목소리로 더 발전하는 슬룸이 되도록 노력하겠습니다.
감사합니다. 🙇‍♀️"
118551,2026-08-11 22:13,2026-07-22 8:59,2026-07-25 6:35,소음과 진동이 너무 커서 처음엔 깜짝 놀랐는데 어느새 커어어 잠들어있는 평소 불면증인 나를 발견 ㅋㅋㅋ,,,1033,[신금동x슬룸] 최저가 마켓 OPEN,79000,수량선택: ★100개한정★ 경추 마사지 베개 V1 1개,기존리뷰,4,,1,0,1,"안녕하세요. 프리미엄 헬스테크 브랜드, 슬룸입니다.
시간 내어 소중한 후기를 작성해 주셔서 감사드립니다. :)

믿고 찾는 쇼핑몰이 되기 위해 더 좋은 상품과 서비스를 준비하겠습니다.
감사합니다. 💜"
118552,2026-08-11 22:21,2026-07-29 12:16,2026-07-30 13:47,좋을거라 믿고구매했어요,,,980,프리미엄 엘보케어 팔꿈치 마사지기,149000,수량선택: 팔꿈치 마사지기 1개 (시너지 크림 1개 증정),기존리뷰,4,,0,0,1,"안녕하세요. 프리미엄 헬스테크 브랜드, 슬룸입니다.
시간 내어 소중한 후기를 작성해 주셔서 감사드립니다. :)

믿고 찾는 쇼핑몰이 되기 위해 더 좋은 상품과 서비스를 준비하겠습니다.
감사합니다. 💜"
118553,2026-08-11 23:04,2026-08-09 23:13,2026-08-11 16:16,편하구 좋아요 ㅎㅎ,,,724,★최대할인 비밀링크★ 목베개 플러스 특가,69000,수량선택: 목베개 플러스 1개,기존리뷰,5,,1,0,1,"안녕하세요. 프리미엄 헬스테크 브랜드, 슬룸입니다.
진심 어린 소중한 후기 감사합니다. 💜

앞으로도 좋은 상품과 서비스로 고객님들을 찾아뵐 수 있도록 노력하겠습니다.
감사합니다. :)"
118554,2026-08-12 0:16,2026-08-05 2:53,2026-08-06 16:18,비틀기 동작을 2딘계 하고 나서 부터는 고관절에 찝힘 증상으로 통증이 심해요.,,,978,골반 스트레칭 프리미엄 골반 마사지기,189000,수량선택: 골반 마사지기 1개,기존리뷰,3,,0,0,1,"안녕하세요 고객님, 프리미엄 헬스테크 브랜드, 슬룸입니다.
고객님께 만족스러운 경험을 드리지 못해 대단히 죄송합니다.😥

슬룸의 모든 제품은 인체공학적으로 설계되어 편안한 사용이 가능하나 초기 사용 시 1~2주 이상의 적응 기간이 필요할 수 있습니다. 
다만 수령하신 날짜 기준으로 30일 동안 꾸준히 사용해보시고도 만족하지 못하셨을 경우에는, 슬룸에서 진행하는 <100%환불이벤트> 에 참여하여 왕복배송비 제외 전액 환불이 가능합니다.

※ 제품을 30일간 꾸준히 사용한 경우, 배송완료 후 40일이내 신청이 가능
※ 환불 서비스는 첫 구매 체험을 위한 서비스로 1회만 신청 가능

▶ <100% 환불 이벤트> 상세 환불 조건 : https://sleeplab.co.kr/notice/?page=1#13709226_notice 

슬룸을 믿고 편하게 사용 및 체험해보시고, 그럼에도 만족하시지 못하셨을 경우 슬룸 공식몰의 채널톡을 통해 이벤트 기간 내 문의 주시면 환불 접수 도움드리겠습니다."
118555,2026-08-12 0:17,2026-08-08 6:01,2026-08-11 21:05,30일간 써보고 판단해볼게요,,,980,프리미엄 엘보케어 팔꿈치 마사지기,149000,수량선택: 팔꿈치 마사지기 1개 (마그네슘 시너지 크림 1개 증정),기존리뷰,3,,1,0,1,"안녕하세요. 프리미엄 헬스테크 브랜드, 슬룸입니다.
진심 어린 소중한 후기 감사합니다. 💜

앞으로도 좋은 상품과 서비스로 고객님들을 찾아뵐 수 있도록 노력하겠습니다.
감사합니다. :)"
118556,2026-08-12 1:01,2026-08-07 15:14,2026-08-11 18:42,새각보다 시원하니 좋아요,,,980,프리미엄 엘보케어 팔꿈치 마사지기,149000,수량선택: 팔꿈치 마사지기 1개 (마그네슘 시너지 크림 1개 증정),기존리뷰,5,,0,0,1,"안녕하세요. 프리미엄 헬스테크 브랜드, 슬룸입니다.
시간 내어 소중한 후기를 작성해 주셔서 감사드립니다. :)

믿고 찾는 쇼핑몰이 되기 위해 더 좋은 상품과 서비스를 준비하겠습니다.
감사합니다. 💜"
118557,2026-08-12 1:31,2026-07-28 2:43,2026-07-29 16:09,조아용 효과있는거같아용,,,1008,★최대할인 비밀링크★ 바디 풀고컷 경락 마사지기,89900,수량선택: 바디 풀고컷 1개 (트리플 샷 시너지 젤 1개 증정),기존리뷰,5,,1,0,1,"안녕하세요. 프리미엄 헬스테크 브랜드, 슬룸입니다.
시간 내어 소중한 후기를 작성해 주셔서 감사드립니다. :)

믿고 찾는 쇼핑몰이 되기 위해 더 좋은 상품과 서비스를 준비하겠습니다.
감사합니다. 💜"
118558,2026-08-12 1:46,2026-07-24 17:33,2026-07-28 16:22,온열효과는 좋아요  하지만 주무름기능같은건 없어서 아쉬워요 두드림기능이 있긴하나 목에 직접적으로 와닿지 않는 두드림...ㅋ 아쉬움이 많은 제품이네요,,,1043,[슬룸 4차 진행!] 코이티비 구독자 전용 ★최저가★ 비밀링크,99000,수량선택: 목 마사지 베개 V2 1개,기존리뷰,2,,0,0,1,"안녕하세요 고객님, 프리미엄 헬스테크 브랜드, 슬룸입니다.
고객님께 만족스러운 경험을 드리지 못해 대단히 죄송합니다.😥

슬룸의 모든 제품은 인체공학적으로 설계되어 편안한 사용이 가능하나 초기 사용 시 1~2주 이상의 적응 기간이 필요할 수 있습니다. 
다만 수령하신 날짜 기준으로 30일 동안 꾸준히 사용해보시고도 만족하지 못하셨을 경우에는, 슬룸에서 진행하는 <100%환불이벤트> 에 참여하여 왕복배송비 제외 전액 환불이 가능합니다.

※ 제품을 30일간 꾸준히 사용한 경우, 배송완료 후 40일이내 신청이 가능
※ 환불 서비스는 첫 구매 체험을 위한 서비스로 1회만 신청 가능

▶ <100% 환불 이벤트> 상세 환불 조건 : https://sleeplab.co.kr/notice/?page=1#13709226_notice 

슬룸을 믿고 편하게 사용 및 체험해보시고, 그럼에도 만족하시지 못하셨을 경우 슬룸 공식몰의 채널톡을 통해 이벤트 기간 내 문의 주시면 환불 접수 도움드리겠습니다."
118559,2026-08-12 6:38,2026-08-09 7:33,2026-08-11 18:42,"허리를 들어서 좌우로 움직이며 온열 마사지  기능까지
한번 해봤는데 시원합니다  아주 좋습니다^^",9629b69292cd,,1042,★선착순 증정 비밀링크★ 허리편한케어 허리 마사지기 V2,159000,수량선택: 허리편한케어 V2 1개 (코어 요추벨트 증정),반응형(내리뷰),5,,1,0,1,"안녕하세요. 프리미엄 헬스테크 브랜드, 슬룸입니다.
진심 어린 소중한 후기 감사합니다. 💜

앞으로도 좋은 상품과 서비스로 고객님들을 찾아뵐 수 있도록 노력하겠습니다.
감사합니다. :)"
118560,2026-08-12 8:17,2026-08-07 16:40,2026-08-11 16:15,꾸준히 사용해볼께요~~~~~,acb297943296,,636,허리편한케어 V2 허리 마사지기,129000,수량선택: 허리편한케어 V2 1개 (마그네슘 시너지 크림 1개 증정),모바일,5,,1,0,1,"안녕하세요. 프리미엄 헬스테크 브랜드, 슬룸입니다.
시간 내어 소중한 후기를 작성해 주셔서 감사드립니다. :)

믿고 찾는 쇼핑몰이 되기 위해 더 좋은 상품과 서비스를 준비하겠습니다.
감사합니다. 💜"
118561,2026-08-12 8:35,2026-08-08 21:10,2026-08-11 16:24,기대별로않했는데구입하길잘한거같아요.받자마자바로사용햇는데너무좋네요,8f392389754d,,924,발편한케어 프리미엄 EMS 발 마사지기,89000,"사이즈&세트선택: M (220-270mm), 수량선택: 발편한케어 1개",모바일(팝업),5,,0,0,1,"안녕하세요. 프리미엄 헬스테크 브랜드, 슬룸입니다.
진심 어린 소중한 후기 감사합니다. 💜

앞으로도 좋은 상품과 서비스로 고객님들을 찾아뵐 수 있도록 노력하겠습니다.
감사합니다. :)"
118562,2026-08-12 12:03,2026-08-10 10:17,2026-08-11 18:45,"엘뵤가 있어 구입했습니다
강도나 고주파 나름 좋은것 같아요
몆번 더 하보면 정확히 알수 있을듯 합니다
현재는 나름 만족중입니다",ae5c33a74217,,980,프리미엄 엘보케어 팔꿈치 마사지기,149000,수량선택: 팔꿈치 마사지기 1개 (마그네슘 시너지 크림 1개 증정),모바일(팝업),5,,1,0,1,"안녕하세요. 프리미엄 헬스테크 브랜드, 슬룸입니다.
진심 어린 소중한 후기 감사합니다. 💜

앞으로도 좋은 상품과 서비스로 고객님들을 찾아뵐 수 있도록 노력하겠습니다.
감사합니다. :)"
118563,2026-08-12 18:44,,,"테니스 친 것도 아닌데 테니스엘보 걸려서 수술까지 했습니다..
수술하고 나서 재활 중요하다고 하는데.. 물리치료 집에서 할 수 있다고 해서 샀습니다
솔직히 기대 안 했는데 이거.. 물건입니다.
팔꿈치 주변을 꾹꾹 눌러주는데 사람 손 같습니다. 저녁에 부었을 때 10분이면 묵직한 게 빠집니다.
EMS랑 TENS라고 하는 전기??도 너무 좋습니다.
미세전류는 이게 되나했는데 켜보니까 속에서 살살 저릿한 게 속까지 눌러주는 느낌?
병원 전기치료 생각나더라구요.
한 손으로 감고 찍찍이만 붙이면 되니까 수술한 팔도 혼자 착용하고, 그냥 일상생활합니다
TV보고.. 설거지하고.. 컴퓨터하고 아주 좋습니다.
이거 한다고 낫는 건 아니고 재활은 재활대로 하셔야 됩니다
수술하신 분들은 의사한테 한 번 물어보고 쓰세요. 저도 물어봤는데 무조건 쓰라고 해서 씁니다.
암튼 연장벨트 주문하러 왔습니다. 무릎도 해보려고요..  잘 쓰겠습니다.",46058e3b005a,,980,프리미엄 엘보케어 팔꿈치 마사지기,149000,,스탭후기,5,,3,0,1,"안녕하세요. 프리미엄 헬스테크 브랜드, 슬룸입니다.
정성스럽게 올려주신 소중한 후기 감사합니다. 💜

고객님의 목소리로 더 발전하는 슬룸이 되도록 노력하겠습니다.
감사합니다. 🙇‍♀️"
118564,2026-08-12 18:47,2026-08-09 19:39,2026-08-11 16:15,포장 좋고 제품 좋아요,ab1b8462d2d1,,1042,★선착순 증정 비밀링크★ 허리편한케어 허리 마사지기 V2,159000,수량선택: 허리편한케어 V2 1개 (코어 요추벨트 증정),모바일,5,,1,0,1,"안녕하세요. 프리미엄 헬스테크 브랜드, 슬룸입니다.
진심 어린 소중한 후기 감사합니다. 💜

앞으로도 좋은 상품과 서비스로 고객님들을 찾아뵐 수 있도록 노력하겠습니다.
감사합니다. :)"
118565,2026-08-12 19:20,2026-08-10 3:57,2026-08-11 16:15,"팔꿈치 마사지기를 구매하여 사용하고 있습니다.
거희 40넌 이상 골프를 즐겼던 골퍼로서 언제 부터인지 왼쪽 팔꿈지에 저림과 통증이 심하여 고생했는데 본 상품을 사용해보니 얼마나 시원하고 통증이 사라지니 골프가 더욱 좋아 졌습니다!
확실한 믿음이 가더군요! 하여 목 디스크끼가 있어서 목베게도 주문하게 되었습니다~~
믿음이 가는 제품 입니다!",6770a9b3d853,,980,프리미엄 엘보케어 팔꿈치 마사지기,149000,수량선택: 팔꿈치 마사지기 + 연장벨트 (시너지 크림 & 파우치 중형 1개 증정),모바일(상품리뷰),5,동영상 리뷰,0,1,1,"안녕하세요. 프리미엄 헬스테크 브랜드, 슬룸입니다.
진심 어린 소중한 후기 감사합니다. 💜

앞으로도 좋은 상품과 서비스로 고객님들을 찾아뵐 수 있도록 노력하겠습니다.
감사합니다. :)"
118566,2026-08-12 5:47,2026-08-10 7:22,2026-08-11 21:05,배송 빠릅니다 오자마자 해봤는데 강도가 쎄네여 깜놀 했어여 계속하다보면 좋아지겠죠?,,,980,프리미엄 엘보케어 팔꿈치 마사지기,149000,수량선택: 팔꿈치 마사지기 + 연장벨트 (시너지 크림 & 파우치 중형 1개 증정),기존리뷰,4,,1,0,1,"안녕하세요. 프리미엄 헬스테크 브랜드, 슬룸입니다.
정성스럽게 올려주신 소중한 후기 감사합니다. 💜

고객님의 목소리로 더 발전하는 슬룸이 되도록 노력하겠습니다.
감사합니다. 🙇‍♀️"
118567,2026-08-12 8:46,2026-08-09 0:38,2026-08-11 13:44,감사합니다 잘쓸께요,,,980,프리미엄 엘보케어 팔꿈치 마사지기,149000,수량선택: 팔꿈치 마사지기 1개 (마그네슘 시너지 크림 1개 증정),기존리뷰,5,,0,0,1,"안녕하세요. 프리미엄 헬스테크 브랜드, 슬룸입니다.
시간 내어 소중한 후기를 작성해 주셔서 감사드립니다. :)

믿고 찾는 쇼핑몰이 되기 위해 더 좋은 상품과 서비스를 준비하겠습니다.
감사합니다. 💜"
118568,2026-08-12 8:48,2026-07-07 10:32,2026-07-08 21:06,"사용 효과는 확인된건 없는데 정형외과 저주파치료 느낌은 나네요, 사용하기는 불편해요 접착력  안좋아  매번 떨어집니다",,,980,프리미엄 엘보케어 팔꿈치 마사지기,149000,수량선택: 팔꿈치 마사지기 1개,기존리뷰,3,,0,0,1,"안녕하세요 고객님, 프리미엄 헬스테크 브랜드, 슬룸입니다.
고객님께 만족스러운 경험을 드리지 못해 대단히 죄송합니다.😥

슬룸의 모든 제품은 인체공학적으로 설계되어 편안한 사용이 가능하나 초기 사용 시 1~2주 이상의 적응 기간이 필요할 수 있습니다. 
다만 수령하신 날짜 기준으로 30일 동안 꾸준히 사용해보시고도 만족하지 못하셨을 경우에는, 슬룸에서 진행하는 <100%환불이벤트> 에 참여하여 왕복배송비 제외 전액 환불이 가능합니다.

※ 제품을 30일간 꾸준히 사용한 경우, 배송완료 후 40일이내 신청이 가능
※ 환불 서비스는 첫 구매 체험을 위한 서비스로 1회만 신청 가능

▶ <100% 환불 이벤트> 상세 환불 조건 : https://sleeplab.co.kr/notice/?page=1#13709226_notice 

슬룸을 믿고 편하게 사용 및 체험해보시고, 그럼에도 만족하시지 못하셨을 경우 슬룸 공식몰의 채널톡을 통해 이벤트 기간 내 문의 주시면 환불 접수 도움드리겠습니다."
118569,2026-08-12 10:07,2026-07-07 18:08,2026-07-09 16:16,"잘때 저는 좀 낮아서 얇은걸 하나더 두고 하는데...
막 압이 시원하지는 않아도 따뜻하고 좋긴해요. 
열을 내서 그런가 충전을 자주해야해요",,,909,목 마사지 베개 V2 경추 마사지기 베개,129000,수량선택: 목 마사지 베개 V2 1개,기존리뷰,4,,0,0,1,"안녕하세요. 프리미엄 헬스테크 브랜드, 슬룸입니다.
시간 내어 소중한 후기를 작성해 주셔서 감사드립니다. :)

믿고 찾는 쇼핑몰이 되기 위해 더 좋은 상품과 서비스를 준비하겠습니다.
감사합니다. 💜"
118570,2026-08-12 10:12,2026-08-06 22:18,2026-08-08 16:07,"목마사지기로 추천합니다. 일자목으로 목,어깨가 아파 정형외과 주사도 맞고, 한의원에서 약침도 맞는데,..평소 목운동이 답이라했는데 이것 정말 좋네요~자동모드 30분으로 자기전,일어나서 두차례 하니 훨씬 가뿐합니다.",,,724,★최대할인 비밀링크★ 목베개 플러스 특가,69000,수량선택: 목베개 플러스 1개,기존리뷰,5,,0,0,1,"안녕하세요. 프리미엄 헬스테크 브랜드, 슬룸입니다.
시간 내어 소중한 후기를 작성해 주셔서 감사드립니다. :)

믿고 찾는 쇼핑몰이 되기 위해 더 좋은 상품과 서비스를 준비하겠습니다.
감사합니다. 💜"
118571,2026-08-12 13:20,2026-08-10 9:54,2026-08-11 18:50,"별도의 리모컨이 없다 보니 누워서 조절하기가 매우 불편합니다. 설정을 변경할 때마다 매번 머리를 들고 베개를 빼야 하는 번거로움이 있습니다.
​제품 설명과 달리 시원함이나 기능성 면에서도 만족스럽지 않았습니다. 체형에 따라 다르겠지만, 에어백 기능은 오히려 불편을 유발하고 두드림 진동은 귀 바로 옆에서 크게 울려 사용감이 아쉬웠습니다.",,,909,목 마사지 베개 V2 경추 마사지기 베개,129000,수량선택: 목 마사지 베개 V2 1개 (마그네슘 시너지 크림 1개 증정),기존리뷰,2,,0,0,1,"안녕하세요 고객님, 프리미엄 헬스테크 브랜드, 슬룸입니다.
고객님께 만족스러운 경험을 드리지 못해 대단히 죄송합니다.😥

슬룸의 모든 제품은 인체공학적으로 설계되어 편안한 사용이 가능하나 초기 사용 시 1~2주 이상의 적응 기간이 필요할 수 있습니다. 
다만 수령하신 날짜 기준으로 30일 동안 꾸준히 사용해보시고도 만족하지 못하셨을 경우에는, 슬룸에서 진행하는 <100%환불이벤트> 에 참여하여 왕복배송비 제외 전액 환불이 가능합니다.

※ 제품을 30일간 꾸준히 사용한 경우, 배송완료 후 40일이내 신청이 가능
※ 환불 서비스는 첫 구매 체험을 위한 서비스로 1회만 신청 가능

▶ <100% 환불 이벤트> 상세 환불 조건 : https://sleeplab.co.kr/notice/?page=1#13709226_notice 

슬룸을 믿고 편하게 사용 및 체험해보시고, 그럼에도 만족하시지 못하셨을 경우 슬룸 공식몰의 채널톡을 통해 이벤트 기간 내 문의 주시면 환불 접수 도움드리겠습니다."
118572,2026-08-12 14:21,2026-08-11 11:01,2026-08-12 13:46,배송빨라요. 작동법 어렵지 않아요. 목이 조금 부드러워지는것 같습니다.,,,909,목 마사지 베개 V2 경추 마사지기 베개,129000,수량선택: 목 마사지 베개 V2 1개 (마그네슘 시너지 크림 1개 증정),기존리뷰,5,,1,0,1,"안녕하세요. 프리미엄 헬스테크 브랜드, 슬룸입니다.
진심 어린 소중한 후기 감사합니다. 💜

앞으로도 좋은 상품과 서비스로 고객님들을 찾아뵐 수 있도록 노력하겠습니다.
감사합니다. :)"
118573,2026-08-12 15:41,2026-08-10 15:30,2026-08-12 13:45,배송받고 바로 사용했는데 좋아요.,,,724,★최대할인 비밀링크★ 목베개 플러스 특가,69000,수량선택: 목베개 플러스 1개,기존리뷰,4,,1,0,1,"안녕하세요. 프리미엄 헬스테크 브랜드, 슬룸입니다.
진심 어린 소중한 후기 감사합니다. 💜

앞으로도 좋은 상품과 서비스로 고객님들을 찾아뵐 수 있도록 노력하겠습니다.
감사합니다. :)"
118574,2026-08-12 16:03,2026-08-05 7:59,2026-08-06 21:05,물리치료가 필요없네요. 충격파 받고 있었는데 1회값으로 대체할 수 있어 가성비 짱입니다,,,924,발편한케어 프리미엄 EMS 발 마사지기,89000,"사이즈&세트선택: L (250-295mm), 수량선택: 발편한케어 1개",기존리뷰,5,,0,0,1,"안녕하세요. 프리미엄 헬스테크 브랜드, 슬룸입니다.
시간 내어 소중한 후기를 작성해 주셔서 감사드립니다. :)

믿고 찾는 쇼핑몰이 되기 위해 더 좋은 상품과 서비스를 준비하겠습니다.
감사합니다. 💜"
118575,2026-08-12 16:13,2026-06-28 20:52,2026-06-30 18:43,"허리 안마기는 괜찮은데, 머리 안마는 솔직히 별로예요. 차라리 어깨안마를 할 수 있는게 더 나을거 같아요.",,,1005,[마리코리아x슬룸] 구독자 전용 ★초특가★ 비밀링크,119900,수량선택: 허리펀한케어V2 1개 + 목마사지베개V2 1개 +(증정) 마그네슘 시너지 크림 100ml 1개,기존리뷰,4,,0,0,1,"안녕하세요. 프리미엄 헬스테크 브랜드, 슬룸입니다.
시간 내어 소중한 후기를 작성해 주셔서 감사드립니다. :)

믿고 찾는 쇼핑몰이 되기 위해 더 좋은 상품과 서비스를 준비하겠습니다.
감사합니다. 💜"
118576,2026-08-12 18:14,2026-08-07 7:45,2026-08-08 16:10,마사지는 솔직히 잘 모루겠지만 잘때 쓰기 좋아요,,,909,목 마사지 베개 V2 경추 마사지기 베개,129000,수량선택: 목 마사지 베개 V2 1개 (마그네슘 시너지 크림 1개 증정),기존리뷰,4,,0,0,1,"안녕하세요. 프리미엄 헬스테크 브랜드, 슬룸입니다.
진심 어린 소중한 후기 감사합니다. 💜

앞으로도 좋은 상품과 서비스로 고객님들을 찾아뵐 수 있도록 노력하겠습니다.
감사합니다. :)"
118577,2026-08-12 19:27,2026-08-03 23:30,2026-08-05 16:19,배송이 빠름. 거북목이 시작되는 시점에서 구매함. 머리가 뒤로 편하게 놓이고 목의 커브가 살아나는 느낌임. 눕는 자세도 편해짐.,,,63,목베개 스트레칭 베개,39900,수량선택: 목베개 2개,기존리뷰,5,,0,0,1,"안녕하세요. 프리미엄 헬스테크 브랜드, 슬룸입니다.
진심 어린 소중한 후기 감사합니다. 💜

앞으로도 좋은 상품과 서비스로 고객님들을 찾아뵐 수 있도록 노력하겠습니다.
감사합니다. :)"
118578,2026-08-12 20:03,2026-08-04 22:56,2026-08-06 16:12,시원하네요.  온찜질도 되서 좋아요.,,,636,허리편한케어 V2 허리 마사지기,129000,수량선택: 허리편한케어 V2 1개 (마그네슘 시너지 크림 1개 증정),기존리뷰,4,,0,0,1,"안녕하세요. 프리미엄 헬스테크 브랜드, 슬룸입니다.
진심 어린 소중한 후기 감사합니다. 💜

앞으로도 좋은 상품과 서비스로 고객님들을 찾아뵐 수 있도록 노력하겠습니다.
감사합니다. :)"
118579,2026-08-12 20:47,2026-07-05 19:40,2026-07-07 18:39,퇴근하고선 쓰는데 좋아요!~,,,966,골반 케어 프리미엄 골반 마사지기,189000,수량선택: 골반 마사지기 1개,기존리뷰,5,,0,0,1,"안녕하세요. 프리미엄 헬스테크 브랜드, 슬룸입니다.
진심 어린 소중한 후기 감사합니다. 💜

앞으로도 좋은 상품과 서비스로 고객님들을 찾아뵐 수 있도록 노력하겠습니다.
감사합니다. :)"
118580,2026-08-12 21:30,2026-08-10 23:50,2026-08-12 18:40,허리가 시원하네요~ 배송도 빨라요 감사합니당,,,1045,[하알라x슬룸] ★2차★ 구독자 한정 최저가 비밀링크!,114900,수량선택: 허리편한케어V2 1개 + (증정)마그네슘 시너지 크림 1개,기존리뷰,5,,0,0,1,"안녕하세요. 프리미엄 헬스테크 브랜드, 슬룸입니다.
진심 어린 소중한 후기 감사합니다. 💜

앞으로도 좋은 상품과 서비스로 고객님들을 찾아뵐 수 있도록 노력하겠습니다.
감사합니다. :)"
118581,2026-08-12 21:46,2026-07-26 21:50,2026-07-28 13:47,온열기능이 있어서 뜨끈뜨끈 잠이 와요 강력함을 느끼고 싶다면 안마의자 선택 뭉침을 풀어주고 마사지를 원한다면 추천,,,724,★최대할인 비밀링크★ 목베개 플러스 특가,69000,수량선택: 목베개 플러스 1개,기존리뷰,5,,1,0,1,"안녕하세요. 프리미엄 헬스테크 브랜드, 슬룸입니다.
정성스럽게 올려주신 소중한 후기 감사합니다. 💜

고객님의 목소리로 더 발전하는 슬룸이 되도록 노력하겠습니다.
감사합니다. 🙇‍♀️"
118582,2026-08-12 23:37,2026-08-09 10:24,2026-08-11 18:42,너무좋습니다 배송도 빠르고 굿이에요 굿굿,,,724,★최대할인 비밀링크★ 목베개 플러스 특가,69000,수량선택: 목베개 플러스 1개,기존리뷰,5,,1,0,1,"안녕하세요. 프리미엄 헬스테크 브랜드, 슬룸입니다.
정성스럽게 올려주신 소중한 후기 감사합니다. 💜

고객님의 목소리로 더 발전하는 슬룸이 되도록 노력하겠습니다.
감사합니다. 🙇‍♀️"
118583,2026-08-13 1:25,2026-06-29 0:08,2026-06-30 18:42,"승모근쪽이 아픈게 덜 하게 되어서 좋은거같다.

선물용으로 해도 될거같다.",,,1005,[마리코리아x슬룸] 구독자 전용 ★초특가★ 비밀링크,119900,수량선택: 목 마사지베개 V2 1개,기존리뷰,4,,0,0,1,"안녕하세요. 프리미엄 헬스테크 브랜드, 슬룸입니다.
진심 어린 소중한 후기 감사합니다. 💜

앞으로도 좋은 상품과 서비스로 고객님들을 찾아뵐 수 있도록 노력하겠습니다.
감사합니다. :)"
118584,2026-08-10 0:00,,,밴드 조절만 제대로 해주면 착용감이 정말 좋아요. 처음엔 버클 연결하는 게 어색했는데 세 번 해보니까 요령이 생겼어요. 팔꿈치 홈에 딱 고정되면 그때부터 자극 전달이 확실히 달라져요. 느슨하게 착용했을 때랑 비교가 안 되게요. 착용이 반이에요.,491e1073f4e8,,980,프리미엄 엘보케어 팔꿈치 마사지기,149000,,기존리뷰,5,,0,0,1,"안녕하세요. 프리미엄 헬스테크 브랜드, 슬룸입니다.
시간 내어 소중한 후기를 작성해 주셔서 감사드립니다. :)

믿고 찾는 쇼핑몰이 되기 위해 더 좋은 상품과 서비스를 준비하겠습니다.
감사합니다. 💜"
118587,2026-08-11 0:00,,,"저온화상 주의사항이 있어서 처음엔 걱정했는데, 타이머 기능이 있어서 자동으로 꺼지니까 걱정 없어요. 타이머 설정해두고 다른 거 하다 보면 자동으로 끝나요. 저온화상은 같은 부위에 장시간 열을 가할 때 생기는 건데, 타이머 지키면 문제없더라고요.",45a7ee69fa26,,980,프리미엄 엘보케어 팔꿈치 마사지기,149000,,기존리뷰,4,,0,0,1,"안녕하세요. 프리미엄 헬스테크 브랜드, 슬룸입니다.
시간 내어 소중한 후기를 작성해 주셔서 감사드립니다. :)

믿고 찾는 쇼핑몰이 되기 위해 더 좋은 상품과 서비스를 준비하겠습니다.
감사합니다. 💜"
118589,2026-08-08 0:00,,,구매 전에 유사 제품이랑 비교를 꽤 했어요. 결국 차이는 전완근까지 마사지해주는 에어백 유무였어요. 팔꿈치 통증의 근원이 힘줄인데 그 힘줄이 연결된 전완근을 같이 풀어줘야 한다는 걸 알고 나서 선택이 명확해졌어요. 써보니 그 판단이 맞았어요. 전완근이 이완되면서 힘줄 쪽 긴장도 같이 풀리는 게 느껴졌거든요.,18c22d38a90a,,980,프리미엄 엘보케어 팔꿈치 마사지기,149000,,기존리뷰,5,,0,0,1,"안녕하세요. 프리미엄 헬스테크 브랜드, 슬룸입니다.
시간 내어 소중한 후기를 작성해 주셔서 감사드립니다. :)

믿고 찾는 쇼핑몰이 되기 위해 더 좋은 상품과 서비스를 준비하겠습니다.
감사합니다. 💜"
118594,2026-08-11 0:00,,,"강도 조절 팁을 드리자면, 피부가 촉촉할수록 같은 강도가 더 강하게 느껴져요. 샤워 직후나 크림 많이 바른 직후에 쓰면 같은 강도도 훨씬 강하게 느껴지거든요. 반대로 건조할 때는 강도 올려도 약하게 느껴질 수 있어요. 수분 상태에 따라 강도 조절하는 게 요령이에요.",965d6ef446cf,,980,프리미엄 엘보케어 팔꿈치 마사지기,149000,,기존리뷰,4,,0,0,1,"안녕하세요. 프리미엄 헬스테크 브랜드, 슬룸입니다.
진심 어린 소중한 후기 감사합니다. 💜

앞으로도 좋은 상품과 서비스로 고객님들을 찾아뵐 수 있도록 노력하겠습니다.
감사합니다. :)"
118596,2026-08-08 0:00,,,피부 수분이 적을 때 EMS 자극이 약하게 느껴질 수 있어요. 크림뿐만 아니라 평소 수분 섭취도 영향을 준다고 하더라고요. 물 충분히 마시고 케어하면 자극 전달이 더 잘 된다는 걸 직접 경험했어요. 수분 상태에 따라 강도를 조절하면서 쓰는 게 좋아요.,f3412406f7c0,,980,프리미엄 엘보케어 팔꿈치 마사지기,149000,,기존리뷰,5,,0,0,1,"안녕하세요. 프리미엄 헬스테크 브랜드, 슬룸입니다.
시간 내어 소중한 후기를 작성해 주셔서 감사드립니다. :)

믿고 찾는 쇼핑몰이 되기 위해 더 좋은 상품과 서비스를 준비하겠습니다.
감사합니다. 💜"
118597,2026-08-02 0:00,,,"파스는 6~8시간 붙이고 있어야 하는데, 이건 25분이면 충분해요. 시간 대비 효과가 파스보다 훨씬 좋아요. EMS 자극이 표면 진통이 아니라 근육 자체에 작용하니까요. 파스 붙이는 불편함 없이 짧은 시간에 더 깊은 케어가 되는 제품이에요.",5537345c3521,,980,프리미엄 엘보케어 팔꿈치 마사지기,149000,,기존리뷰,5,,0,0,1,"안녕하세요. 프리미엄 헬스테크 브랜드, 슬룸입니다.
정성스럽게 올려주신 소중한 후기 감사합니다. 💜

고객님의 목소리로 더 발전하는 슬룸이 되도록 노력하겠습니다.
감사합니다. 🙇‍♀️"
118598,2026-08-06 0:00,,,"경쟁 제품 두 개 써보다가 이걸 샀는데, 차이는 전완근 에어백이었어요. 다른 제품들은 팔꿈치 부분만 자극하는데, 이건 전완근까지 커버해줘요. 팔꿈치 통증의 원인이 힘줄인데, 그 힘줄에 연결된 전완근을 같이 케어해야 한다는 게 설계에 반영된 제품이에요.",dd88723ba45c,,980,프리미엄 엘보케어 팔꿈치 마사지기,149000,,기존리뷰,4,,0,0,1,"안녕하세요. 프리미엄 헬스테크 브랜드, 슬룸입니다.
시간 내어 소중한 후기를 작성해 주셔서 감사드립니다. :)

믿고 찾는 쇼핑몰이 되기 위해 더 좋은 상품과 서비스를 준비하겠습니다.
감사합니다. 💜"
118600,2026-08-09 0:00,,,"온열 1단계는 미지근하게 따뜻한 수준이고, 2단계는 확실히 따뜻한 느낌, 3단계는 꽤 뜨거운 편이에요. 처음엔 1단계로 시작해서 2단계로 올리는 게 자연스러웠어요. 3단계는 솔직히 저는 좀 뜨거워서 2단계로 고정하고 있어요. 온열 단계도 각자 맞는 걸 찾는 과정이 있어요.",e63ef340e743,,980,프리미엄 엘보케어 팔꿈치 마사지기,149000,,기존리뷰,5,,0,0,1,"안녕하세요. 프리미엄 헬스테크 브랜드, 슬룸입니다.
정성스럽게 올려주신 소중한 후기 감사합니다. 💜

고객님의 목소리로 더 발전하는 슬룸이 되도록 노력하겠습니다.
감사합니다. 🙇‍♀️"
118601,2026-08-03 0:00,,,"두 달 쓰고 느낀 결론은 꾸준함이 전부라는 거예요. 매일 25분 vs 일주일에 한 번 2시간, 당연히 매일이 훨씬 낫더라고요. 짧아도 매일 하는 게 간헐적으로 길게 하는 것보다 효과가 크게 느껴졌어요. 습관처럼 매일 하게 만드는 제품 구조가 이 제품의 장점이에요.",583ad5a16b26,,980,프리미엄 엘보케어 팔꿈치 마사지기,149000,,기존리뷰,5,,0,0,1,"안녕하세요. 프리미엄 헬스테크 브랜드, 슬룸입니다.
시간 내어 소중한 후기를 작성해 주셔서 감사드립니다. :)

믿고 찾는 쇼핑몰이 되기 위해 더 좋은 상품과 서비스를 준비하겠습니다.
감사합니다. 💜"
118602,2026-08-03 0:00,,,무릎이 차갑게 굳어있을 때 갑자기 강한 자극 주면 안 돼요. 온열 1단계로 먼저 5~10분 풀어주고 나서 에어백 올리고 강도 높이는 순서가 맞아요. 순서 지키면 효과가 확실히 달라지더라고요. 겨울엔 특히 이 순서가 중요해요.,6c02ee3d21ec,,980,프리미엄 엘보케어 팔꿈치 마사지기,149000,,기존리뷰,4,,0,0,1,"안녕하세요. 프리미엄 헬스테크 브랜드, 슬룸입니다.
정성스럽게 올려주신 소중한 후기 감사합니다. 💜

고객님의 목소리로 더 발전하는 슬룸이 되도록 노력하겠습니다.
감사합니다. 🙇‍♀️"
118603,2026-08-04 0:00,,,"이 제품 덕분에 팔꿈치 통증을 방치하지 않게 됐어요. 예전엔 아파도 귀찮아서 그냥 뒀는데, 이젠 뻐근한 느낌 오면 바로 착용해요. 케어 장벽이 낮아진 거예요. 착용하고 버튼 하나만 누르면 되니까요. 장벽이 낮아야 꾸준히 할 수 있어요.",ab2750fcd62f,,980,프리미엄 엘보케어 팔꿈치 마사지기,149000,,기존리뷰,5,,0,0,1,"안녕하세요. 프리미엄 헬스테크 브랜드, 슬룸입니다.
시간 내어 소중한 후기를 작성해 주셔서 감사드립니다. :)

믿고 찾는 쇼핑몰이 되기 위해 더 좋은 상품과 서비스를 준비하겠습니다.
감사합니다. 💜"
118605,2026-08-08 0:00,,,"리모컨 없이도 본체 버튼으로 기본 조작이 가능한데, 팔꿈치 착용 상태에서는 리모컨이 없으면 팔 비틀어서 버튼 눌러야 해서 불편해요. 리모컨이 작은 이유가 있었어요. 한 손으로 편하게 들고 조작하기 딱 좋은 크기예요. 리모컨 있고 없고의 편의 차이가 생각보다 커요.",778d694f2ac0,,980,프리미엄 엘보케어 팔꿈치 마사지기,149000,,기존리뷰,4,,0,0,1,"안녕하세요. 프리미엄 헬스테크 브랜드, 슬룸입니다.
시간 내어 소중한 후기를 작성해 주셔서 감사드립니다. :)

믿고 찾는 쇼핑몰이 되기 위해 더 좋은 상품과 서비스를 준비하겠습니다.
감사합니다. 💜"
118606,2026-08-04 0:00,,,팔꿈치 통증이 한쪽만 있어도 양쪽 다 번갈아 쓰는 게 좋아요. 한쪽만 아프면 반대쪽도 예방 차원에서 써주는 게 맞더라고요. 한쪽이 아프면 무의식중에 다른 쪽을 더 쓰게 돼서 결국 둘 다 문제가 생길 수 있거든요. 양쪽 균형 케어를 권해요.,4bd15c302e6d,,980,프리미엄 엘보케어 팔꿈치 마사지기,149000,,기존리뷰,5,,0,0,1,"안녕하세요. 프리미엄 헬스테크 브랜드, 슬룸입니다.
시간 내어 소중한 후기를 작성해 주셔서 감사드립니다. :)

믿고 찾는 쇼핑몰이 되기 위해 더 좋은 상품과 서비스를 준비하겠습니다.
감사합니다. 💜"
118607,2026-08-03 0:00,,,"강도 15단계가 처음엔 왜 이렇게 많나 싶었는데, 써보면서 알았어요. 컨디션에 따라 같은 사람도 매일 느낌이 다르거든요. 어떤 날은 5단계도 강하게 느껴지고, 컨디션 좋은 날은 10단계도 괜찮아요. 세밀한 조절이 가능해야 그날그날 최적의 케어를 할 수 있어요.",b9723e7c01e8,,980,프리미엄 엘보케어 팔꿈치 마사지기,149000,,기존리뷰,5,,0,0,1,"안녕하세요. 프리미엄 헬스테크 브랜드, 슬룸입니다.
시간 내어 소중한 후기를 작성해 주셔서 감사드립니다. :)

믿고 찾는 쇼핑몰이 되기 위해 더 좋은 상품과 서비스를 준비하겠습니다.
감사합니다. 💜"
118612,2026-08-08 0:00,,,"종합모드로 쓸 때 EMS랑 TENS가 복합적으로 작용하면서 여러 종류의 자극이 느껴져요. 근육이 수축이완되는 느낌, 신경을 통해 뭔가 전달되는 느낌이 섞여 있어요. 처음엔 낯설지만 익숙해지면 그 복합 자극이 제일 효과적인 것 같다는 걸 느끼게 돼요.",538d8bdb06cb,,980,프리미엄 엘보케어 팔꿈치 마사지기,149000,,기존리뷰,5,,0,0,1,"안녕하세요. 프리미엄 헬스테크 브랜드, 슬룸입니다.
시간 내어 소중한 후기를 작성해 주셔서 감사드립니다. :)

믿고 찾는 쇼핑몰이 되기 위해 더 좋은 상품과 서비스를 준비하겠습니다.
감사합니다. 💜"
118613,2026-08-09 0:00,,,설명서에 크림 필수라고 나와 있는데 이걸 무시하면 안 돼요. 저도 처음에 귀찮아서 크림 없이 썼는데 EMS가 거의 안 느껴지더라고요. 크림 발랐더니 완전히 달라졌어요. 크림 없이 효과 없다는 분들은 거의 확실히 이 단계를 빠뜨린 거예요.,a3ab84b3dc3f,,980,프리미엄 엘보케어 팔꿈치 마사지기,149000,,기존리뷰,4,,0,0,1,"안녕하세요. 프리미엄 헬스테크 브랜드, 슬룸입니다.
진심 어린 소중한 후기 감사합니다. 💜

앞으로도 좋은 상품과 서비스로 고객님들을 찾아뵐 수 있도록 노력하겠습니다.
감사합니다. :)"
118616,2026-08-07 0:00,,,배터리 수명이 의외로 긴 편이에요. 매일 25분씩 써도 완충 후 1주일 가까이 쓸 수 있어요. 충전 잊어버리고 갑자기 꺼지는 경우를 방지하려면 3-4일에 한 번씩 충전하는 게 안전해요. 배터리 관리가 번거롭지 않아서 충전 습관 들이기 어렵지 않아요.,418b9c05c8fa,,980,프리미엄 엘보케어 팔꿈치 마사지기,149000,,기존리뷰,4,,0,0,1,"안녕하세요. 프리미엄 헬스테크 브랜드, 슬룸입니다.
시간 내어 소중한 후기를 작성해 주셔서 감사드립니다. :)

믿고 찾는 쇼핑몰이 되기 위해 더 좋은 상품과 서비스를 준비하겠습니다.
감사합니다. 💜"
118617,2026-08-09 0:00,,,"저주파 자극 방식에는 EMS와 TENS 두 가지가 있어요. EMS는 근육 자체를 직접 움직여서 강화하고, TENS는 신경 자극으로 통증 신호를 차단해요. 두 방식이 각각 다른 효과가 있는데 이 제품은 둘 다 지원해요. 원리 이해하고 쓰면 모드 선택이 더 쉬워요.",ac4333950ded,,980,프리미엄 엘보케어 팔꿈치 마사지기,149000,,기존리뷰,5,,0,0,1,"안녕하세요. 프리미엄 헬스테크 브랜드, 슬룸입니다.
시간 내어 소중한 후기를 작성해 주셔서 감사드립니다. :)

믿고 찾는 쇼핑몰이 되기 위해 더 좋은 상품과 서비스를 준비하겠습니다.
감사합니다. 💜"
118618,2026-08-03 0:00,,,무릎 연장벨트로 케어할 때 무릎 아래 전경골근 쪽까지 에어백이 감싸주는 느낌이 있어요. 무릎 위아래 근육까지 함께 케어되는 것 같아서 단순히 무릎 관절만 케어하는 것보다 범위가 더 넓어요. 이 부분이 찜질팩이랑 다른 점이에요.,94dc7784ac23,,980,프리미엄 엘보케어 팔꿈치 마사지기,149000,,기존리뷰,5,,0,0,1,"안녕하세요. 프리미엄 헬스테크 브랜드, 슬룸입니다.
진심 어린 소중한 후기 감사합니다. 💜

앞으로도 좋은 상품과 서비스로 고객님들을 찾아뵐 수 있도록 노력하겠습니다.
감사합니다. :)"
118620,2026-08-03 0:00,,,처음 착용할 때 팔꿈치 홈 위치 잡는 게 가장 중요해요. 홈에 팔꿈치가 정확히 들어가야 EMS 패드가 제대로 자극할 수 있어요. 홈 위치가 약간만 어긋나도 효과가 반감되거든요. 착용 후 팔꿈치가 홈 중앙에 위치했는지 확인하는 게 첫 번째 습관이에요.,8e6582eaed66,,980,프리미엄 엘보케어 팔꿈치 마사지기,149000,,기존리뷰,4,,0,0,1,"안녕하세요. 프리미엄 헬스테크 브랜드, 슬룸입니다.
진심 어린 소중한 후기 감사합니다. 💜

앞으로도 좋은 상품과 서비스로 고객님들을 찾아뵐 수 있도록 노력하겠습니다.
감사합니다. :)"
118625,2026-08-06 0:00,,,케어 시간을 팟캐스트 듣는 시간으로 활용하고 있어요. 25분짜리 에피소드 하나 틀어놓으면 딱 케어 시간이에요. 케어가 끝날 때 에피소드도 끝나니까 완벽한 조합이에요. 좋아하는 것 들으면서 케어하니까 25분이 정말 금방 가요.,a95682c816b7,,980,프리미엄 엘보케어 팔꿈치 마사지기,149000,,기존리뷰,5,,0,0,1,"안녕하세요. 프리미엄 헬스테크 브랜드, 슬룸입니다.
진심 어린 소중한 후기 감사합니다. 💜

앞으로도 좋은 상품과 서비스로 고객님들을 찾아뵐 수 있도록 노력하겠습니다.
감사합니다. :)"
118629,2026-08-11 0:00,,,무릎 연장벨트 쓸 때 처음엔 에어백 1단계로 시작하는 걸 권해요. 무릎이 팔꿈치보다 넓고 큰 관절이라 처음부터 강한 압박이 낯설게 느껴질 수 있거든요. 1단계로 적응하고 2단계로 올리면 훨씬 자연스럽게 효과를 느낄 수 있어요.,6c41254098f6,,980,프리미엄 엘보케어 팔꿈치 마사지기,149000,,기존리뷰,5,,0,0,1,"안녕하세요. 프리미엄 헬스테크 브랜드, 슬룸입니다.
시간 내어 소중한 후기를 작성해 주셔서 감사드립니다. :)

믿고 찾는 쇼핑몰이 되기 위해 더 좋은 상품과 서비스를 준비하겠습니다.
감사합니다. 💜"
118633,2026-08-04 0:00,,,리뷰 쓰면서 제가 이 제품에 대해 얼마나 긍정적으로 변했는지 느껴요. 처음엔 반신반의로 샀고 2주 동안은 별로인 것 같기도 했어요. 지금은 주변에 팔꿈치 아프다는 사람 보이면 무조건 추천하고 있어요. 직접 쓴 경험이 있으니까 확신 있게 추천할 수 있어요.,2375600857fe,,980,프리미엄 엘보케어 팔꿈치 마사지기,149000,,기존리뷰,5,,0,0,1,"안녕하세요. 프리미엄 헬스테크 브랜드, 슬룸입니다.
정성스럽게 올려주신 소중한 후기 감사합니다. 💜

고객님의 목소리로 더 발전하는 슬룸이 되도록 노력하겠습니다.
감사합니다. 🙇‍♀️"
118637,2026-08-07 0:00,,,"처음 살 때 뭘 봐야 하나 막막했는데, 결국 핵심은 팔꿈치 전용이냐 아니냐, 전완근 케어되느냐 아니냐였어요. 이 두 가지 기준으로 보면 선택지가 좁혀지고, 그 중에서 이 제품이 답이었어요. 구매 기준 명확하게 잡으면 선택이 쉬워요.",8c49899e53d1,,980,프리미엄 엘보케어 팔꿈치 마사지기,149000,,기존리뷰,5,,0,0,1,"안녕하세요. 프리미엄 헬스테크 브랜드, 슬룸입니다.
정성스럽게 올려주신 소중한 후기 감사합니다. 💜

고객님의 목소리로 더 발전하는 슬룸이 되도록 노력하겠습니다.
감사합니다. 🙇‍♀️"
118639,2026-08-02 0:00,,,"무릎이 좋지 않으면 걸음걸이가 달라지는데, 그게 허리나 골반에도 영향을 줘요. 연장벨트로 무릎 케어하면서 걸음걸이가 자연스러워지고, 덩달아 허리 부담도 줄어드는 것 같아요. 무릎 하나 케어했을 뿐인데 연쇄 효과가 있어요.",576bbec8720c,,980,프리미엄 엘보케어 팔꿈치 마사지기,149000,,기존리뷰,5,,0,0,1,"안녕하세요. 프리미엄 헬스테크 브랜드, 슬룸입니다.
정성스럽게 올려주신 소중한 후기 감사합니다. 💜

고객님의 목소리로 더 발전하는 슬룸이 되도록 노력하겠습니다.
감사합니다. 🙇‍♀️"
118643,2026-08-11 0:00,,,무릎 연장벨트 쓰면서 계단 운동을 시작했어요. 케어를 병행하면서 무릎이 버텨줄 수 있어서요. 계단 운동 후 연장벨트로 케어하는 조합이 무릎 관리에 효과적인 것 같아요. 운동과 케어를 같이 하니까 무릎이 약해지지 않고 오히려 강해지는 느낌이에요.,1532682acbfe,,980,프리미엄 엘보케어 팔꿈치 마사지기,149000,,기존리뷰,5,,0,0,1,"안녕하세요. 프리미엄 헬스테크 브랜드, 슬룸입니다.
시간 내어 소중한 후기를 작성해 주셔서 감사드립니다. :)

믿고 찾는 쇼핑몰이 되기 위해 더 좋은 상품과 서비스를 준비하겠습니다.
감사합니다. 💜"
118644,2026-08-03 0:00,,,"무릎 연장벨트랑 팔꿈치 마사지기를 같이 구매한 후로 케어 루틴이 생겼어요. 각 부위를 번갈아 가면서 케어하는데, 한 부위 케어하는 동안 다른 부위를 충전하는 방식으로 관리하고 있어요. 두 개가 있으니까 배터리 관리도 자연스럽게 이뤄져요.",5edf37e9e0f1,,980,프리미엄 엘보케어 팔꿈치 마사지기,149000,,기존리뷰,5,,0,0,1,"안녕하세요. 프리미엄 헬스테크 브랜드, 슬룸입니다.
시간 내어 소중한 후기를 작성해 주셔서 감사드립니다. :)

믿고 찾는 쇼핑몰이 되기 위해 더 좋은 상품과 서비스를 준비하겠습니다.
감사합니다. 💜"
118645,2026-08-10 0:00,,,"반 년 넘게 팔꿈치 보호대만 끼고 버텼는데, 보호대는 아프지 않게 막는 것뿐이지 근본적으로 나아지게 해주는 건 아니더라고요. 이걸 쓰면서 처음으로 속에서부터 풀리는 느낌을 받았어요. 전완근 에어백이 뭉친 부분을 꾹꾹 눌러줄 때 보호대랑은 다른 차원의 시원함이에요. 온열로 관절이 녹듯이 이완되는 것도 좋고요. 보호대 단계는 이미 넘어선 것 같아요.",2a7769346146,,980,프리미엄 엘보케어 팔꿈치 마사지기,149000,,기존리뷰,5,,0,0,1,"안녕하세요. 프리미엄 헬스테크 브랜드, 슬룸입니다.
정성스럽게 올려주신 소중한 후기 감사합니다. 💜

고객님의 목소리로 더 발전하는 슬룸이 되도록 노력하겠습니다.
감사합니다. 🙇‍♀️"
118646,2026-08-10 0:00,,,"팔꿈치 케어하면서 전완근 해부학을 처음으로 찾아봤어요. 전완근이 팔꿈치 힘줄이랑 어떻게 연결돼 있는지, 왜 전완근 케어가 팔꿈치 통증에 영향을 주는지 이해하니까 케어할 때 더 집중하게 돼요. 알고 케어하는 것과 모르고 케어하는 건 다르더라고요.",73025bb191ac,,980,프리미엄 엘보케어 팔꿈치 마사지기,149000,,기존리뷰,4,,0,0,1,"안녕하세요. 프리미엄 헬스테크 브랜드, 슬룸입니다.
정성스럽게 올려주신 소중한 후기 감사합니다. 💜

고객님의 목소리로 더 발전하는 슬룸이 되도록 노력하겠습니다.
감사합니다. 🙇‍♀️"
118647,2026-08-04 0:00,,,"팔꿈치 통증이 심할 때 강도 높이고 싶은 충동이 있는데, 반대로 해야 해요. 통증이 심할수록 강도를 낮추고 온열 위주로 부드럽게 케어하는 게 맞아요. 근육이 예민한 상태일 때 강한 자극은 오히려 역효과가 나거든요. 이 역발상이 케어 노하우예요.",a7a8a9772d9e,,980,프리미엄 엘보케어 팔꿈치 마사지기,149000,,기존리뷰,5,,0,0,1,"안녕하세요. 프리미엄 헬스테크 브랜드, 슬룸입니다.
시간 내어 소중한 후기를 작성해 주셔서 감사드립니다. :)

믿고 찾는 쇼핑몰이 되기 위해 더 좋은 상품과 서비스를 준비하겠습니다.
감사합니다. 💜"
118649,2026-08-10 0:00,,,세탁은 못 하지만 관리가 어렵지 않아요. 사용 후 부드러운 천으로 EMS 패드 부분 닦아주면 돼요. 크림 잔여물이 남으면 자극 전달이 약해질 수 있어서 패드 부분은 매번 닦는 게 좋아요. 관리만 잘 해주면 오래 쓸 수 있는 제품이에요.,b6b52a634d6f,,980,프리미엄 엘보케어 팔꿈치 마사지기,149000,,기존리뷰,4,,0,0,1,"안녕하세요. 프리미엄 헬스테크 브랜드, 슬룸입니다.
진심 어린 소중한 후기 감사합니다. 💜

앞으로도 좋은 상품과 서비스로 고객님들을 찾아뵐 수 있도록 노력하겠습니다.
감사합니다. :)"
118650,2026-08-11 0:00,,,"팔꿈치 통증 재발이 반복되길래 원인을 찾아봤더니 자세 문제였어요. 케어만으론 재발을 막을 수 없고 자세 교정이 같이 돼야 했어요. 지금은 케어랑 자세 모두 챙기면서 재발 없이 3개월째 유지 중이에요. 이 제품은 케어 담당, 자세 교정은 스트레칭 담당이에요.",3d67f5b0d237,,980,프리미엄 엘보케어 팔꿈치 마사지기,149000,,기존리뷰,5,,0,0,1,"안녕하세요. 프리미엄 헬스테크 브랜드, 슬룸입니다.
정성스럽게 올려주신 소중한 후기 감사합니다. 💜

고객님의 목소리로 더 발전하는 슬룸이 되도록 노력하겠습니다.
감사합니다. 🙇‍♀️"
118651,2026-08-02 0:00,,,무릎 케어할 때 타이머를 25분으로 맞춰두고 그 시간 동안 책 읽거나 음악 들어요. 케어 시간이 잘 가서 매일 하기 어렵지 않아요. 좋아하는 것 하면서 케어하는 시간이 기다려지는 이유예요. 의무처럼 느껴지지 않는 케어가 오래 지속될 수 있어요.,1299935d5807,,980,프리미엄 엘보케어 팔꿈치 마사지기,149000,,기존리뷰,5,,0,0,1,"안녕하세요. 프리미엄 헬스테크 브랜드, 슬룸입니다.
정성스럽게 올려주신 소중한 후기 감사합니다. 💜

고객님의 목소리로 더 발전하는 슬룸이 되도록 노력하겠습니다.
감사합니다. 🙇‍♀️"
118652,2026-08-02 0:00,,,"사용 전 주의사항 중에 저온화상 얘기가 있는데, 실제로 같은 부위에 오래 쓰면 피부가 빨개질 수 있어요. 온열 3단계에서 25분 넘게 쓰면 좀 뜨거울 수 있으니까 타이머 지키는 게 중요해요. 저는 2단계로 낮춰서 쓰는 게 피부에도 편하고 오래 케어할 수 있더라고요.",1cb629cbaff2,,980,프리미엄 엘보케어 팔꿈치 마사지기,149000,,기존리뷰,5,,0,0,1,"안녕하세요. 프리미엄 헬스테크 브랜드, 슬룸입니다.
정성스럽게 올려주신 소중한 후기 감사합니다. 💜

고객님의 목소리로 더 발전하는 슬룸이 되도록 노력하겠습니다.
감사합니다. 🙇‍♀️"
118654,2026-08-02 0:00,,,"팔꿈치 통증이 손저림으로 이어질 때가 있었는데, 케어하면서 그 증상도 줄었어요. 전완근 케어가 혈액순환 개선에 영향을 주는 것 같아요. 전완근이 풀리면 손끝까지 혈액이 잘 흐르는 느낌이에요. 손저림까지 개선된 건 예상 못한 효과였어요.",c2fdb6336efd,,980,프리미엄 엘보케어 팔꿈치 마사지기,149000,,기존리뷰,5,,0,0,1,"안녕하세요. 프리미엄 헬스테크 브랜드, 슬룸입니다.
시간 내어 소중한 후기를 작성해 주셔서 감사드립니다. :)

믿고 찾는 쇼핑몰이 되기 위해 더 좋은 상품과 서비스를 준비하겠습니다.
감사합니다. 💜"
118655,2026-08-04 0:00,,,온열을 갑자기 높이면 피부가 먼저 반응해서 뜨겁게 느껴질 수 있어요. 1단계에서 시작해서 5분 후 2단계로 올리는 방식으로 천천히 올리면 피부 부담 없이 관절 속까지 온열이 전달되는 느낌이에요. 온열도 단계적으로 올리는 게 맞아요.,7ae4fa741fd1,,980,프리미엄 엘보케어 팔꿈치 마사지기,149000,,기존리뷰,5,,0,0,1,"안녕하세요. 프리미엄 헬스테크 브랜드, 슬룸입니다.
시간 내어 소중한 후기를 작성해 주셔서 감사드립니다. :)

믿고 찾는 쇼핑몰이 되기 위해 더 좋은 상품과 서비스를 준비하겠습니다.
감사합니다. 💜"
118656,2026-08-11 0:00,,,"형이랑 저랑 각자 필요한 부위가 달라요. 형은 팔꿈치, 저는 무릎이라 연장벨트 추가해서 각자 케어하고 있어요. 주말에 만나면 같이 케어하는 시간이 생겼어요. 컨트롤러 설정만 바꾸면 되니까 공유하기 편해요. 가족끼리 각자 필요한 부위 케어하기 딱 좋아요.",62dd7ce74015,,980,프리미엄 엘보케어 팔꿈치 마사지기,149000,,기존리뷰,5,,0,0,1,"안녕하세요. 프리미엄 헬스테크 브랜드, 슬룸입니다.
진심 어린 소중한 후기 감사합니다. 💜

앞으로도 좋은 상품과 서비스로 고객님들을 찾아뵐 수 있도록 노력하겠습니다.
감사합니다. :)"
118657,2026-08-09 0:00,,,"팔꿈치 통증이 있다고 했더니 주변에서 다들 쉬라는 말만 했어요. 근데 쉰다고 근본적으로 나아지는 건 아니거든요. 쉬면 잠깐 나아지는 것뿐, 다시 움직이면 또 아파지더라고요. 이걸 쓰면서 쉬는 게 아니라 적극적으로 케어하는 방향으로 바뀌었어요. 그 차이가 컸어요.",c4a3a4b5a50f,,980,프리미엄 엘보케어 팔꿈치 마사지기,149000,,기존리뷰,4,,0,0,1,"안녕하세요. 프리미엄 헬스테크 브랜드, 슬룸입니다.
시간 내어 소중한 후기를 작성해 주셔서 감사드립니다. :)

믿고 찾는 쇼핑몰이 되기 위해 더 좋은 상품과 서비스를 준비하겠습니다.
감사합니다. 💜"
118659,2026-08-11 0:00,,,"운동 전에 짧게 케어하면 워밍업 효과가 있어요. 팔꿈치를 본격적으로 쓰기 전에 자극해주면 준비된 상태로 운동할 수 있거든요. 운동 전 5~10분, 운동 후 25분 이렇게 케어 시간을 나눠 쓰는 게 저한테 가장 효과적이었어요.",967491690a7d,,980,프리미엄 엘보케어 팔꿈치 마사지기,149000,,기존리뷰,5,,0,0,1,"안녕하세요. 프리미엄 헬스테크 브랜드, 슬룸입니다.
정성스럽게 올려주신 소중한 후기 감사합니다. 💜

고객님의 목소리로 더 발전하는 슬룸이 되도록 노력하겠습니다.
감사합니다. 🙇‍♀️"
118663,2026-08-05 0:00,,,"이 제품 구매하고 나서 건강에 대한 관심이 전반적으로 높아졌어요. 팔꿈치 케어를 시작으로 자세 교정, 스트레칭, 수분 섭취까지 신경 쓰게 됐어요. 하나가 시작점이 돼서 전반적인 건강 관리로 이어지는 게 느껴져요.",dac3416f7a5a,,980,프리미엄 엘보케어 팔꿈치 마사지기,149000,,기존리뷰,5,,0,0,1,"안녕하세요. 프리미엄 헬스테크 브랜드, 슬룸입니다.
진심 어린 소중한 후기 감사합니다. 💜

앞으로도 좋은 상품과 서비스로 고객님들을 찾아뵐 수 있도록 노력하겠습니다.
감사합니다. :)"
118664,2026-08-11 0:00,,,"EMS 강도 15단계 중에서 어느 단계가 맞는지는 사람마다 달라요. 피부 수분량에 따라 같은 단계도 느낌이 다르고, 크림 양에 따라서도 달라요. 크림 넉넉하게 바르면 자극 전달이 훨씬 잘 되고요. 저는 크림 충분히 바르고 8단계로 쓰는 게 제일 시원하게 느껴졌어요.",95357df7acb6,,980,프리미엄 엘보케어 팔꿈치 마사지기,149000,,기존리뷰,4,,0,0,1,"안녕하세요. 프리미엄 헬스테크 브랜드, 슬룸입니다.
정성스럽게 올려주신 소중한 후기 감사합니다. 💜

고객님의 목소리로 더 발전하는 슬룸이 되도록 노력하겠습니다.
감사합니다. 🙇‍♀️"
118665,2026-08-03 0:00,,,"오래 앉아서 일하다 일어설 때 무릎이 뻐근한 게 일상이었는데, 연장벨트로 저녁마다 케어하면서 그 뻐근함이 줄었어요. 종일 앉아있는 자세가 무릎 순환을 방해하는데, 에어백이 그걸 풀어주는 것 같아요. 하루 끝에 무릎 케어하면 다음 날 오전이 달라요.",0092922b95ce,,980,프리미엄 엘보케어 팔꿈치 마사지기,149000,,기존리뷰,5,,0,0,1,"안녕하세요. 프리미엄 헬스테크 브랜드, 슬룸입니다.
시간 내어 소중한 후기를 작성해 주셔서 감사드립니다. :)

믿고 찾는 쇼핑몰이 되기 위해 더 좋은 상품과 서비스를 준비하겠습니다.
감사합니다. 💜"
118667,2026-08-03 0:00,,,제품 무게가 215g이라 착용해도 무겁지 않아요. 오래 착용하고 있어도 팔에 부담이 없어요. 리모컨도 작고 가벼워서 들고 있기 편하고요. 디자인도 네이비라 책상이나 거실에 놔두어도 인테리어랑 어울려요. 실용성이랑 디자인 모두 신경 쓴 제품 같아요.,2d8fc66730a8,,980,프리미엄 엘보케어 팔꿈치 마사지기,149000,,기존리뷰,5,,0,0,1,"안녕하세요. 프리미엄 헬스테크 브랜드, 슬룸입니다.
진심 어린 소중한 후기 감사합니다. 💜

앞으로도 좋은 상품과 서비스로 고객님들을 찾아뵐 수 있도록 노력하겠습니다.
감사합니다. :)"
118669,2026-08-06 0:00,,,"밴드 길이 조절이 생각보다 쉬워요. 처음엔 어색한데 몇 번 하다 보면 요령이 생겨서 30초 안에 착용 완료돼요. 팔 굵기에 맞게 조이면 흘러내리지 않고 딱 고정돼요. 너무 느슨하면 에어백 압박이 약해지고, 너무 조이면 혈액순환 방해될 수 있어서 적당히 조이는 게 핵심이에요.",f524bf306300,,980,프리미엄 엘보케어 팔꿈치 마사지기,149000,,기존리뷰,5,,0,0,1,"안녕하세요. 프리미엄 헬스테크 브랜드, 슬룸입니다.
시간 내어 소중한 후기를 작성해 주셔서 감사드립니다. :)

믿고 찾는 쇼핑몰이 되기 위해 더 좋은 상품과 서비스를 준비하겠습니다.
감사합니다. 💜"
118670,2026-08-11 0:00,,,두드림모드를 처음 썼을 때 톡톡 두드리는 자극이 신기했어요. 신경을 깨우는 느낌이랄까요. 아침에 뻣뻣한 팔꿈치를 두드림모드로 5분 써주면 하루 시작이 달라요. 힘줄이 당기거나 관절이 굳어있을 때 두드림모드로 시작하면 다른 모드 효과도 더 좋아지는 것 같아요.,324d16609d7a,,980,프리미엄 엘보케어 팔꿈치 마사지기,149000,,기존리뷰,5,,0,0,1,"안녕하세요. 프리미엄 헬스테크 브랜드, 슬룸입니다.
진심 어린 소중한 후기 감사합니다. 💜

앞으로도 좋은 상품과 서비스로 고객님들을 찾아뵐 수 있도록 노력하겠습니다.
감사합니다. :)"
118672,2026-08-01 0:00,,,팔꿈치 케어 2주 차까지 별 효과 없는 것 같아서 포기할 뻔했어요. 그런데 3주차에 갑자기 달라진 게 느껴지더라고요. 나중에 알고 보니 2주까지는 몸이 적응하는 기간이라 효과가 체감이 안 된다고 하더라고요. 2주를 버티면 그다음부터 보여요.,df5de70719a9,,980,프리미엄 엘보케어 팔꿈치 마사지기,149000,,기존리뷰,5,,0,0,1,"안녕하세요. 프리미엄 헬스테크 브랜드, 슬룸입니다.
정성스럽게 올려주신 소중한 후기 감사합니다. 💜

고객님의 목소리로 더 발전하는 슬룸이 되도록 노력하겠습니다.
감사합니다. 🙇‍♀️"
118673,2026-08-06 0:00,,,"겨울에 무릎이 유독 시리고 뻣뻣해지는데, 연장벨트 착용하고 온열 켜면 그 시린 느낌이 빠르게 사라져요. 열이 관절 속까지 전달되는 느낌이 핫팩이랑은 다르게 깊어요. 거기에 무릎 주변 근육까지 EMS 자극이 오면 진짜 겨울 무릎 케어가 완성되는 것 같아요.",c55276827cce,,980,프리미엄 엘보케어 팔꿈치 마사지기,149000,,기존리뷰,5,,0,0,1,"안녕하세요. 프리미엄 헬스테크 브랜드, 슬룸입니다.
진심 어린 소중한 후기 감사합니다. 💜

앞으로도 좋은 상품과 서비스로 고객님들을 찾아뵐 수 있도록 노력하겠습니다.
감사합니다. :)"
118674,2026-08-03 0:00,,,"설명서를 끝까지 읽고 시작했더니 처음부터 효과를 제대로 느꼈어요. 크림 필수, 팔꿈치 홈 위치 정확히, 컨트롤러 방향 확인 이 세 가지만 지켜도 달라져요. 처음 쓰는 분들이 효과 없다고 하는 건 대부분 이 중 하나를 빠뜨린 경우더라고요. 설명서 꼭 읽으세요. 그냥 감으로 쓰는 거랑 알고 쓰는 거랑 완전히 달라요.",6dde721fab43,,980,프리미엄 엘보케어 팔꿈치 마사지기,149000,,기존리뷰,5,,0,0,1,"안녕하세요. 프리미엄 헬스테크 브랜드, 슬룸입니다.
시간 내어 소중한 후기를 작성해 주셔서 감사드립니다. :)

믿고 찾는 쇼핑몰이 되기 위해 더 좋은 상품과 서비스를 준비하겠습니다.
감사합니다. 💜"
118675,2026-08-01 0:00,,,"임신 후 체중이 늘면서 무릎에 부담이 커졌어요. 출산 후 관리가 필요했는데 연장벨트가 딱이었어요. 육아로 쪼그려 앉거나 무릎 쓰는 동작이 많은데, 저녁에 케어하면 다음 날 무릎 상태가 달라요. 산후 케어 아이템으로도 좋은 것 같아요.",9b6ca69e9f67,,980,프리미엄 엘보케어 팔꿈치 마사지기,149000,,기존리뷰,4,,0,0,1,"안녕하세요. 프리미엄 헬스테크 브랜드, 슬룸입니다.
시간 내어 소중한 후기를 작성해 주셔서 감사드립니다. :)

믿고 찾는 쇼핑몰이 되기 위해 더 좋은 상품과 서비스를 준비하겠습니다.
감사합니다. 💜"
118676,2026-08-11 0:00,,,"팔꿈치 통증이 있을 때 집중력도 같이 떨어지는 것 같아요. 어딘가 불편하면 무의식중에 거기에 신경이 쓰이거든요. 케어하면서 불편함이 줄어들었고, 그게 집중력 향상으로도 이어진 것 같아요. 일이나 공부할 때 컨디션이 달라지는 걸 느껴요.",3929ff20e893,,980,프리미엄 엘보케어 팔꿈치 마사지기,149000,,기존리뷰,5,,0,0,1,"안녕하세요. 프리미엄 헬스테크 브랜드, 슬룸입니다.
시간 내어 소중한 후기를 작성해 주셔서 감사드립니다. :)

믿고 찾는 쇼핑몰이 되기 위해 더 좋은 상품과 서비스를 준비하겠습니다.
감사합니다. 💜"
118677,2026-08-06 0:00,,,"팔꿈치 케어 후 스트레칭 범위가 넓어지는 걸 느꼈어요. 케어 전엔 팔을 완전히 펴기가 불편했는데, 케어 후엔 더 자연스럽게 펴지더라고요. 전완근이 이완되면서 연결된 힘줄의 긴장도도 낮아지는 원리인 것 같아요. 케어 전후로 팔 가동 범위 체크해보면 차이를 바로 느낄 수 있어요.",93e9343e5554,,980,프리미엄 엘보케어 팔꿈치 마사지기,149000,,기존리뷰,5,,0,0,1,"안녕하세요. 프리미엄 헬스테크 브랜드, 슬룸입니다.
시간 내어 소중한 후기를 작성해 주셔서 감사드립니다. :)

믿고 찾는 쇼핑몰이 되기 위해 더 좋은 상품과 서비스를 준비하겠습니다.
감사합니다. 💜"
118680,2026-08-03 0:00,,,팔꿈치 케어를 위해 물리치료 받다가 집에서도 할 수 있는 방법 찾다 이 제품 알게 됐어요. 물리치료사 선생님도 집에서 EMS로 자극 주는 게 치료 사이에 도움이 된다고 하셨거든요. 실제로 병행하니까 치료 효과가 더 빨리 오는 것 같아요. 치료랑 홈케어 병행하는 분들한테 추천해요.,916939c4ee96,,980,프리미엄 엘보케어 팔꿈치 마사지기,149000,,기존리뷰,5,,0,0,1,"안녕하세요. 프리미엄 헬스테크 브랜드, 슬룸입니다.
진심 어린 소중한 후기 감사합니다. 💜

앞으로도 좋은 상품과 서비스로 고객님들을 찾아뵐 수 있도록 노력하겠습니다.
감사합니다. :)"
118681,2026-08-10 0:00,,,무릎 연장벨트로 케어하면서 계단 내려오는 게 예전보다 자신 있어졌어요. 무릎 주변 근육이 EMS 자극으로 조금씩 강화되는 효과가 있는 것 같아요. 에어백이 혈액순환 개선해주고 온열이 관절 유연성 유지해주는 효과가 복합적으로 작용하는 것 같아요. 꾸준히 쓰면 무릎이 버텨주는 느낌이 달라져요.,2d755857dc1e,,980,프리미엄 엘보케어 팔꿈치 마사지기,149000,,기존리뷰,5,,0,0,1,"안녕하세요. 프리미엄 헬스테크 브랜드, 슬룸입니다.
진심 어린 소중한 후기 감사합니다. 💜

앞으로도 좋은 상품과 서비스로 고객님들을 찾아뵐 수 있도록 노력하겠습니다.
감사합니다. :)"
118682,2026-08-03 0:00,,,무릎 연장벨트로 케어하면서 무릎이 더 이상 날씨에 예민하게 반응하지 않게 됐어요. 비 오는 날이나 추운 날에 특히 반응하던 게 케어 시작 후로 많이 줄었어요. 꾸준한 케어로 무릎 기능이 안정화된 것 같아요. 날씨 타던 분들한테 추천해요.,2ab6dd017def,,980,프리미엄 엘보케어 팔꿈치 마사지기,149000,,기존리뷰,4,,0,0,1,"안녕하세요. 프리미엄 헬스테크 브랜드, 슬룸입니다.
진심 어린 소중한 후기 감사합니다. 💜

앞으로도 좋은 상품과 서비스로 고객님들을 찾아뵐 수 있도록 노력하겠습니다.
감사합니다. :)"
118683,2026-08-11 0:00,,,"팔꿈치 케어하면서 가장 큰 변화는 통증에 대한 불안감이 줄었다는 거예요. 예전엔 언제 아플지 몰라서 조심조심했는데, 이제는 아프면 케어하면 된다는 확신이 생겼어요. 그 심리적 안정이 생활 전반을 바꿔줬어요.",2e5e4db53c8f,,980,프리미엄 엘보케어 팔꿈치 마사지기,149000,,기존리뷰,5,,0,0,1,"안녕하세요. 프리미엄 헬스테크 브랜드, 슬룸입니다.
진심 어린 소중한 후기 감사합니다. 💜

앞으로도 좋은 상품과 서비스로 고객님들을 찾아뵐 수 있도록 노력하겠습니다.
감사합니다. :)"
118684,2026-08-10 0:00,,,진짜 이거 없었으면 어쩔 뻔ㅠㅠ 헬스 끝나고 경추가 너무 뭉쳐서 매일 고생했는데 에어백이 늘려줄 때 그 느낌이 진짜 최고예요. 온열까지 같이 켜면 완전 찜질방 수준이고요. 근데 솔직히 처음엔 좀 어색했어요 목이 들리는 느낌이 낯설어서. 지금은 그 느낌 없으면 허전할 정도예요. 강추강추!!,a14a0dc8f4b4,,909,목 마사지 베개 V2 경추 마사지기 베개,129000,,기존리뷰,5,,0,0,1,"안녕하세요. 프리미엄 헬스테크 브랜드, 슬룸입니다.
시간 내어 소중한 후기를 작성해 주셔서 감사드립니다. :)

믿고 찾는 쇼핑몰이 되기 위해 더 좋은 상품과 서비스를 준비하겠습니다.
감사합니다. 💜"
118687,2026-08-11 0:00,,,솔직히 처음엔 베개 모양이 이상하다 생각했어요. 근데 써보니까 이 모양이어야 하는 이유가 있더라고요. 목이 자연스럽게 C자로 잡히면서 에어백이 눌러줄 때 뭔가 제자리 찾아가는 느낌? 온열 켜면 거기다 따뜻함까지 더해져서 좋아요. 무선인 것도 너무 편하고.,ab53dcc715b2,,909,목 마사지 베개 V2 경추 마사지기 베개,129000,,기존리뷰,5,,0,0,1,"안녕하세요. 프리미엄 헬스테크 브랜드, 슬룸입니다.
정성스럽게 올려주신 소중한 후기 감사합니다. 💜

고객님의 목소리로 더 발전하는 슬룸이 되도록 노력하겠습니다.
감사합니다. 🙇‍♀️"
118689,2026-08-08 0:00,,,목 뻐근한 게 당연한 줄 알고 살았는데 이거 쓰고 나서 아 이게 안 뻐근해도 되는 거였구나 알았어요ㅠ 에어백이 천천히 부풀면서 스트레칭해줄 때 처음엔 너무 시원해서 소리 질렀어요ㅋㅋㅋ 이제 매일 자기 전에 쓰는 루틴이 생겼고 아침에 일어날 때가 달라졌어요.,6fd78c3a2b20,,909,목 마사지 베개 V2 경추 마사지기 베개,129000,,기존리뷰,5,,0,0,1,"안녕하세요. 프리미엄 헬스테크 브랜드, 슬룸입니다.
정성스럽게 올려주신 소중한 후기 감사합니다. 💜

고객님의 목소리로 더 발전하는 슬룸이 되도록 노력하겠습니다.
감사합니다. 🙇‍♀️"
118694,2026-08-11 0:00,,,경추 디스크 소견받고 관리 시작했는데 의사가 집에서도 케어 하라고 해서 이거 구매했어요. 에어백이 병원 견인 치료 느낌이랑 좀 비슷한 것 같아요. 처음엔 무섭기도 했는데 강도 조절하면서 쓰다 보니까 지금은 편안하게 쓰고 있어요. 온열이 근육 이완에 도움이 되는 것 같고요.,f34ed9f0f425,,909,목 마사지 베개 V2 경추 마사지기 베개,129000,,기존리뷰,5,,0,0,1,"안녕하세요. 프리미엄 헬스테크 브랜드, 슬룸입니다.
정성스럽게 올려주신 소중한 후기 감사합니다. 💜

고객님의 목소리로 더 발전하는 슬룸이 되도록 노력하겠습니다.
감사합니다. 🙇‍♀️"
118696,2026-08-08 0:00,,,저 원래 마사지 기기 잘 안 믿는 편인데 이거는 달라요. 에어백으로 경추를 실제로 늘려주는 원리가 다른 진동 마사지기랑 완전히 다르거든요. 써보면 바로 차이 느껴요. 온열이 더해지면 근육이 진짜 부드러워지는 게 느껴지고요. 한 달 쓰고 리뷰 쓰는데 만족도 100%예요.,1fe523c5e1ec,,909,목 마사지 베개 V2 경추 마사지기 베개,129000,,기존리뷰,5,,0,0,1,"안녕하세요. 프리미엄 헬스테크 브랜드, 슬룸입니다.
시간 내어 소중한 후기를 작성해 주셔서 감사드립니다. :)

믿고 찾는 쇼핑몰이 되기 위해 더 좋은 상품과 서비스를 준비하겠습니다.
감사합니다. 💜"
118697,2026-08-02 0:00,,,야 이거 진짜 좋다ㅋㅋㅋ 친구가 써보라길래 반신반의하면서 썼는데 에어백 켜자마자 아 이거구나 싶었어요. 목이 늘어나는 그 순간이 너무 시원해서 자꾸 켜게 돼요. 진동이랑 온열도 같이 켜면 완전 힐링이에요. 타이머 있어서 자다 일어나면 꺼져있는 것도 좋고.,e6b7ed0e4829,,909,목 마사지 베개 V2 경추 마사지기 베개,129000,,기존리뷰,5,,0,0,1,"안녕하세요. 프리미엄 헬스테크 브랜드, 슬룸입니다.
진심 어린 소중한 후기 감사합니다. 💜

앞으로도 좋은 상품과 서비스로 고객님들을 찾아뵐 수 있도록 노력하겠습니다.
감사합니다. :)"
118698,2026-08-06 0:00,,,피부과 치료 때문에 파스 못 붙이게 됐는데 이게 대안이 됐어요. 오히려 파스보다 더 직접적으로 케어가 돼서 좋아요. 에어백이 경추를 자극하는 방식이 파스랑 완전 다르거든요. 온열이 따뜻하게 감싸줘서 피부 자극 없이 케어할 수 있어요. 무선이라 들고 다니기도 편하고요.,fd2f62c48808,,909,목 마사지 베개 V2 경추 마사지기 베개,129000,,기존리뷰,3,,0,0,1,"안녕하세요. 프리미엄 헬스테크 브랜드, 슬룸입니다.
정성스럽게 올려주신 소중한 후기 감사합니다. 💜

고객님의 목소리로 더 발전하는 슬룸이 되도록 노력하겠습니다.
감사합니다. 🙇‍♀️"
118700,2026-08-09 0:00,,,원래 마사지 받으러 가는 걸 좋아했는데 시간이 없어서 이거 샀어요. 솔직히 마사지샵 가는 거랑 비교하면 안 되겠지만 집에서 이 정도면 충분해요. 에어백이 경추를 잡아줄 때 시원한 느낌은 비슷하고요. 온열 켜면 따뜻한 것도 마사지샵 느낌이 살짝 나요.,84a287c97650,,909,목 마사지 베개 V2 경추 마사지기 베개,129000,,기존리뷰,5,,0,0,1,"안녕하세요. 프리미엄 헬스테크 브랜드, 슬룸입니다.
정성스럽게 올려주신 소중한 후기 감사합니다. 💜

고객님의 목소리로 더 발전하는 슬룸이 되도록 노력하겠습니다.
감사합니다. 🙇‍♀️"
118701,2026-08-03 0:00,,,임신 중에 경추가 많이 안 좋아졌는데 약을 못 먹으니까 이거로 관리하고 있어요. 에어백 강도를 약하게 해서 쓰는데도 효과가 있어요. 온열은 1단계로만 쓰는데 적당히 따뜻해서 좋고요. 릴렉스 진동 모드로 자기 전에 쓰면 잠도 잘 와요. 무선이라 자세 바꾸면서 쓰기도 편해요.,cc7ef5048085,,909,목 마사지 베개 V2 경추 마사지기 베개,129000,,기존리뷰,5,,0,0,1,"안녕하세요. 프리미엄 헬스테크 브랜드, 슬룸입니다.
정성스럽게 올려주신 소중한 후기 감사합니다. 💜

고객님의 목소리로 더 발전하는 슬룸이 되도록 노력하겠습니다.
감사합니다. 🙇‍♀️"
118702,2026-08-03 0:00,,,어머니 선물로 사드렸는데 너무 좋아하세요ㅠㅠ 처음엔 이런 거 잘 모르신다고 하셨는데 에어백 모드 알려드리니까 매일 쓰신대요. 온열 기능이 따뜻해서 특히 겨울에 좋다고 하시고요. 15분 타이머 기능이 자동으로 꺼줘서 안심된다고 하셨어요. 네이비 색이 예쁘다고도 하시고요.,044fc1a1736e,,909,목 마사지 베개 V2 경추 마사지기 베개,129000,,기존리뷰,5,,0,0,1,"안녕하세요. 프리미엄 헬스테크 브랜드, 슬룸입니다.
시간 내어 소중한 후기를 작성해 주셔서 감사드립니다. :)

믿고 찾는 쇼핑몰이 되기 위해 더 좋은 상품과 서비스를 준비하겠습니다.
감사합니다. 💜"
118703,2026-08-04 0:00,,,30대 중반에 갑자기 경추가 안 좋아지기 시작했는데 이거 쓰면서 관리하고 있어요. 에어백이 경추를 자연스럽게 늘려줄 때 진짜 전문 케어받는 느낌이에요. 온열이랑 진동 같이 켜면 저한테는 집중 모드가 제일 시원하더라고요. 아침저녁으로 쓰는 게 루틴이 됐어요.,d5b788c8006c,,909,목 마사지 베개 V2 경추 마사지기 베개,129000,,기존리뷰,5,,0,0,1,"안녕하세요. 프리미엄 헬스테크 브랜드, 슬룸입니다.
시간 내어 소중한 후기를 작성해 주셔서 감사드립니다. :)

믿고 찾는 쇼핑몰이 되기 위해 더 좋은 상품과 서비스를 준비하겠습니다.
감사합니다. 💜"
118705,2026-08-08 0:00,,,대학원생인데 논문 쓰느라 오래 앉아있다가 경추가 심하게 뭉쳤어요. 파스 붙이고 버티다가 이거 구매했는데 진짜 달라요. 에어백이 굳은 경추를 천천히 늘려줄 때 시원함이 느껴지고 온열이 더해지면 뭉침이 빠르게 해소돼요. 이제는 논문 쓰다 지치면 이거 먼저 켜요.,98efa598aedf,,909,목 마사지 베개 V2 경추 마사지기 베개,129000,,기존리뷰,5,,0,0,1,"안녕하세요. 프리미엄 헬스테크 브랜드, 슬룸입니다.
진심 어린 소중한 후기 감사합니다. 💜

앞으로도 좋은 상품과 서비스로 고객님들을 찾아뵐 수 있도록 노력하겠습니다.
감사합니다. :)"
118706,2026-08-04 0:00,,,50대인데 요즘 경추가 너무 안 좋더라고요. 젊을 때랑 달리 금방 굳고 잘 안 풀려서 걱정됐는데 이거 쓰면서 많이 나아졌어요. 에어백이 굳은 근육을 천천히 이완시켜줘서 처음엔 좀 오래 걸렸는데 꾸준히 쓰니까 효과가 느껴져요. 온열이 따뜻하게 감싸줘서 나이 들수록 더 필요한 느낌이에요.,021e7e87aa5c,,909,목 마사지 베개 V2 경추 마사지기 베개,129000,,기존리뷰,4,,0,0,1,"안녕하세요. 프리미엄 헬스테크 브랜드, 슬룸입니다.
정성스럽게 올려주신 소중한 후기 감사합니다. 💜

고객님의 목소리로 더 발전하는 슬룸이 되도록 노력하겠습니다.
감사합니다. 🙇‍♀️"
118707,2026-08-03 0:00,,,필라테스 다니는데 선생님이 경추 관리 제품 추천해줘서 샀어요. 에어백이 경추 정렬을 잡아줘서 필라테스 효과가 더 잘 나오는 것 같아요. 운동 전에 쓰면 워밍업이 되고 운동 후에 쓰면 회복이 빨라요. 진동이랑 온열 같이 켜면 효과가 배가 되는 것 같아요.,45337e620293,,909,목 마사지 베개 V2 경추 마사지기 베개,129000,,기존리뷰,5,,0,0,1,"안녕하세요. 프리미엄 헬스테크 브랜드, 슬룸입니다.
시간 내어 소중한 후기를 작성해 주셔서 감사드립니다. :)

믿고 찾는 쇼핑몰이 되기 위해 더 좋은 상품과 서비스를 준비하겠습니다.
감사합니다. 💜"
118712,2026-08-08 0:00,,,편집증적으로 리뷰 다 읽고 샀는데 역시 좋네요ㅎㅎ 에어백이 경추를 늘려주는 원리가 다른 제품들이랑 확실히 달라요. 처음엔 좀 어색했는데 익숙해지면 이 느낌이 없으면 허전해요. 온열이랑 진동 조합은 취향에 맞게 조절하면 되고요. 네이비 색이 방에 잘 어울려요.,1d70ddcc6f83,,909,목 마사지 베개 V2 경추 마사지기 베개,129000,,기존리뷰,3,,0,0,1,"안녕하세요. 프리미엄 헬스테크 브랜드, 슬룸입니다.
정성스럽게 올려주신 소중한 후기 감사합니다. 💜

고객님의 목소리로 더 발전하는 슬룸이 되도록 노력하겠습니다.
감사합니다. 🙇‍♀️"
118713,2026-08-09 0:00,,,경추 때문에 병원을 자주 다녔는데 의사가 집에서도 케어 하면 좋다고 해서 이거 구매했어요. 에어백이 병원에서 하는 견인 치료랑 비슷한 느낌이에요. 처음엔 강도 낮게 쓰다가 조금씩 올렸는데 지금은 복합 모드로 편하게 써요. 온열이랑 같이 쓰면 효과가 더 좋은 것 같아요.,3c2d900df858,,909,목 마사지 베개 V2 경추 마사지기 베개,129000,,기존리뷰,4,,0,0,1,"안녕하세요. 프리미엄 헬스테크 브랜드, 슬룸입니다.
시간 내어 소중한 후기를 작성해 주셔서 감사드립니다. :)

믿고 찾는 쇼핑몰이 되기 위해 더 좋은 상품과 서비스를 준비하겠습니다.
감사합니다. 💜"
118716,2026-08-07 0:00,,,완전 회의적이었는데 써보니까 인정할 수밖에 없어요. 에어백이 경추를 실제로 늘려주는 게 느껴지거든요. 단순 진동 마사지기랑은 차원이 다른 느낌이에요. 온열이 더해지면 근육이 진짜 부드러워지는 게 느껴지고요. 자동 타이머가 있어서 잠들어도 안심이에요.,4fc869946d52,,909,목 마사지 베개 V2 경추 마사지기 베개,129000,,기존리뷰,4,,0,0,1,"안녕하세요. 프리미엄 헬스테크 브랜드, 슬룸입니다.
시간 내어 소중한 후기를 작성해 주셔서 감사드립니다. :)

믿고 찾는 쇼핑몰이 되기 위해 더 좋은 상품과 서비스를 준비하겠습니다.
감사합니다. 💜"
118717,2026-08-09 0:00,,,이거 쓰기 전엔 경추 때문에 잠을 제대로 못 잤는데 지금은 훨씬 나아졌어요. 에어백 마사지 후에 그대로 잠들면 아침에 목이 가벼운 게 확연히 달라요. 온열이랑 릴렉스 진동 조합이 수면 전에 딱이에요. C커브 덕분에 잠드는 자세도 교정되는 것 같고요.,be34efec29c5,,909,목 마사지 베개 V2 경추 마사지기 베개,129000,,기존리뷰,5,,0,0,1,"안녕하세요. 프리미엄 헬스테크 브랜드, 슬룸입니다.
진심 어린 소중한 후기 감사합니다. 💜

앞으로도 좋은 상품과 서비스로 고객님들을 찾아뵐 수 있도록 노력하겠습니다.
감사합니다. :)"
118718,2026-08-03 0:00,,,40대 직장인인데 경추가 요즘 너무 안 좋아서 샀어요. 처음엔 에어백이 부풀 때 무서웠는데ㅋㅋ 강도 낮게 조절해서 쓰다 보니까 이제 편안해요. 온열이 따뜻하게 감싸줘서 저한텐 특히 겨울에 효과적이에요. 퇴근 후에 15분만 써도 충분히 풀리는 것 같아요.,d3af65606d34,,909,목 마사지 베개 V2 경추 마사지기 베개,129000,,기존리뷰,5,,0,0,1,"안녕하세요. 프리미엄 헬스테크 브랜드, 슬룸입니다.
진심 어린 소중한 후기 감사합니다. 💜

앞으로도 좋은 상품과 서비스로 고객님들을 찾아뵐 수 있도록 노력하겠습니다.
감사합니다. :)"
118720,2026-08-03 0:00,,,남친이 어깨 주물러주는 거 이제 안 해줘서ㅋㅋㅋ 이거 샀는데 진짜 잘 산 것 같아요. 에어백이 경추를 잡아줄 때 시원함이 손 느낌이랑 비슷하달까요? 온열이랑 진동 같이 켜면 완전 힐링이에요. 15분 타이머 있어서 잠들어도 되는 것도 좋아요.,24ffd184b2bc,,909,목 마사지 베개 V2 경추 마사지기 베개,129000,,기존리뷰,5,,0,0,1,"안녕하세요. 프리미엄 헬스테크 브랜드, 슬룸입니다.
정성스럽게 올려주신 소중한 후기 감사합니다. 💜

고객님의 목소리로 더 발전하는 슬룸이 되도록 노력하겠습니다.
감사합니다. 🙇‍♀️"
118725,2026-08-06 0:00,,,처음엔 가격 때문에 망설였는데 지금은 더 일찍 살걸 하는 생각이 들어요. 에어백이 경추를 늘려줄 때 그 느낌이 진짜 다른 제품이랑 달라요. 단순히 진동만 주는 게 아니라 실제로 스트레칭이 되니까요. 온열이 더해지면 근육이 빠르게 이완되는 게 느껴지고요.,59fde11bf710,,909,목 마사지 베개 V2 경추 마사지기 베개,129000,,기존리뷰,5,,0,0,1,"안녕하세요. 프리미엄 헬스테크 브랜드, 슬룸입니다.
진심 어린 소중한 후기 감사합니다. 💜

앞으로도 좋은 상품과 서비스로 고객님들을 찾아뵐 수 있도록 노력하겠습니다.
감사합니다. :)"
118729,2026-08-11 0:00,,,이거 쓰고 나서 마사지샵 예약을 취소했어요ㅋㅋㅋ 반은 농담이지만 진짜로 이 정도면 충분하다 싶어요. 에어백이 경추를 잡아당겨줄 때 마사지사 손 느낌이랑 비슷하고요. 온열 켜면 더 깊이 이완되는 게 느껴져요. 타이머 있어서 잠들어도 걱정 없는 것도 좋아요.,60a0a7d8d81e,,909,목 마사지 베개 V2 경추 마사지기 베개,129000,,기존리뷰,4,,0,0,1,"안녕하세요. 프리미엄 헬스테크 브랜드, 슬룸입니다.
정성스럽게 올려주신 소중한 후기 감사합니다. 💜

고객님의 목소리로 더 발전하는 슬룸이 되도록 노력하겠습니다.
감사합니다. 🙇‍♀️"
118733,2026-08-04 0:00,,,60대 부모님 선물로 샀는데 두 분 다 너무 좋아하세요. 어머니는 특히 온열 기능이 좋다고 하시고 아버지는 에어백 모드가 마음에 든다고 하세요. 처음엔 사용법 알려드리는 게 좀 걸렸는데 이제 두 분이서 알아서 잘 쓰세요. 부모님 선물로 강추해요.,b2c3dba858da,,909,목 마사지 베개 V2 경추 마사지기 베개,129000,,기존리뷰,5,,0,0,1,"안녕하세요. 프리미엄 헬스테크 브랜드, 슬룸입니다.
진심 어린 소중한 후기 감사합니다. 💜

앞으로도 좋은 상품과 서비스로 고객님들을 찾아뵐 수 있도록 노력하겠습니다.
감사합니다. :)"
118737,2026-08-07 0:00,,,경추 때문에 항상 자기 전에 뒤척였는데 이거 쓰기 시작하면서 잠들기가 훨씬 편해졌어요. 에어백이 하루 동안 쌓인 긴장을 풀어줘서 자는 동안 자세가 안정돼요. 온열이랑 릴렉스 진동 조합이 수면 전에 딱이고요. C커브가 잠드는 자세를 잡아줘서 좋아요.,24e2fd3891a4,,909,목 마사지 베개 V2 경추 마사지기 베개,129000,,기존리뷰,5,,0,0,1,"안녕하세요. 프리미엄 헬스테크 브랜드, 슬룸입니다.
시간 내어 소중한 후기를 작성해 주셔서 감사드립니다. :)

믿고 찾는 쇼핑몰이 되기 위해 더 좋은 상품과 서비스를 준비하겠습니다.
감사합니다. 💜"
118739,2026-08-02 0:00,,,항상 경추가 굳어있다는 말을 들었는데 이거 쓰면서 달라지고 있어요. 에어백이 굳어있던 근육을 조금씩 이완시켜줘서 유연성이 좋아지는 게 느껴져요. 온열이랑 진동 같이 켜면 깊은 근육까지 케어가 되는 것 같아요. 타이머 있어서 잠들어도 안심이에요.,9a0ae8e2837c,,909,목 마사지 베개 V2 경추 마사지기 베개,129000,,기존리뷰,4,,0,0,1,"안녕하세요. 프리미엄 헬스테크 브랜드, 슬룸입니다.
진심 어린 소중한 후기 감사합니다. 💜

앞으로도 좋은 상품과 서비스로 고객님들을 찾아뵐 수 있도록 노력하겠습니다.
감사합니다. :)"
118743,2026-08-11 0:00,,,경추 때문에 집중력이 자꾸 흐트러져서 힘들었는데 이거 쓰면서 나아졌어요. 에어백이 경추를 이완시켜줄 때 머리도 맑아지는 것 같아요. 온열이랑 진동 같이 켜면 15분 안에 효과가 느껴져요. 타이머 있어서 자도 걱정 없고요. 네이비 색이 방에 잘 어울려요.,c996c5c20ee4,,909,목 마사지 베개 V2 경추 마사지기 베개,129000,,기존리뷰,5,,0,0,1,"안녕하세요. 프리미엄 헬스테크 브랜드, 슬룸입니다.
시간 내어 소중한 후기를 작성해 주셔서 감사드립니다. :)

믿고 찾는 쇼핑몰이 되기 위해 더 좋은 상품과 서비스를 준비하겠습니다.
감사합니다. 💜"
118744,2026-08-03 0:00,,,유학 중에 경추가 너무 안 좋아져서 걱정됐는데 이거 챙겨오길 잘했어요. 타지에서 마사지샵 찾기 어려운데 이거 있으면 집에서 관리할 수 있어서 좋아요. 에어백이 경추를 잡아줄 때 그 시원함이 스트레스까지 풀어줘요. 온열이 따뜻하게 감싸줘서 마음도 편안해지는 것 같고요.,8b18e08d9c50,,909,목 마사지 베개 V2 경추 마사지기 베개,129000,,기존리뷰,5,,0,0,1,"안녕하세요. 프리미엄 헬스테크 브랜드, 슬룸입니다.
진심 어린 소중한 후기 감사합니다. 💜

앞으로도 좋은 상품과 서비스로 고객님들을 찾아뵐 수 있도록 노력하겠습니다.
감사합니다. :)"
118745,2026-08-10 0:00,,,경추 관련해서 이것저것 써봤는데 에어백 기능은 진짜 처음이에요. 기존 진동 마사지기랑 완전히 다른 방식이라 효과도 달라요. 실제로 경추가 늘어나는 게 느껴지거든요. 온열이 더해지면 근육이 부드러워지는 게 확실히 느껴지고요. 강추예요.,77c4a1cac8ba,,909,목 마사지 베개 V2 경추 마사지기 베개,129000,,기존리뷰,5,,0,0,1,"안녕하세요. 프리미엄 헬스테크 브랜드, 슬룸입니다.
시간 내어 소중한 후기를 작성해 주셔서 감사드립니다. :)

믿고 찾는 쇼핑몰이 되기 위해 더 좋은 상품과 서비스를 준비하겠습니다.
감사합니다. 💜"
118746,2026-08-10 0:00,,,"처음에 모드가 많아서 어떻게 쓰는지 헷갈렸는데 써보면서 하나씩 파악했어요. 저는 에어백은 릴렉스 모드, 진동은 집중 모드, 온열은 2단계 조합이 제일 좋더라고요. 자기 전에 이 조합으로 쓰면 잠도 잘 와요. 타이머가 알아서 꺼줘서 편하고요.",31ad9e7d6bd5,,909,목 마사지 베개 V2 경추 마사지기 베개,129000,,기존리뷰,3,,0,0,1,"안녕하세요. 프리미엄 헬스테크 브랜드, 슬룸입니다.
시간 내어 소중한 후기를 작성해 주셔서 감사드립니다. :)

믿고 찾는 쇼핑몰이 되기 위해 더 좋은 상품과 서비스를 준비하겠습니다.
감사합니다. 💜"
118747,2026-08-04 0:00,,,경추 때문에 두통도 같이 왔는데 이거 쓰면서 두통 빈도가 줄었어요. 에어백이 경추를 늘려줄 때 머리까지 시원해지는 느낌이에요. 온열이 혈액순환을 도와줘서 그런 것 같아요. 자동 타이머 있어서 쓰다 잠들어도 걱정 없고요. 만족도 높아요.,4557c5090133,,909,목 마사지 베개 V2 경추 마사지기 베개,129000,,기존리뷰,5,,0,0,1,"안녕하세요. 프리미엄 헬스테크 브랜드, 슬룸입니다.
진심 어린 소중한 후기 감사합니다. 💜

앞으로도 좋은 상품과 서비스로 고객님들을 찾아뵐 수 있도록 노력하겠습니다.
감사합니다. :)"
118749,2026-08-10 0:00,,,자기 전에 핸드폰 보는 대신 이거로 바꿨어요. 에어백이 경추를 이완시켜줄 때 하루의 긴장이 풀리고 온열이랑 릴렉스 진동 켜면 잠이 솔솔 와요. 15분이면 충분한 게 바쁜 일상에 딱이에요. 타이머가 알아서 꺼줘서 걱정 없이 잠들 수 있어요.,da333de2ef1d,,909,목 마사지 베개 V2 경추 마사지기 베개,129000,,기존리뷰,4,,0,0,1,"안녕하세요. 프리미엄 헬스테크 브랜드, 슬룸입니다.
진심 어린 소중한 후기 감사합니다. 💜

앞으로도 좋은 상품과 서비스로 고객님들을 찾아뵐 수 있도록 노력하겠습니다.
감사합니다. :)"
118750,2026-08-11 0:00,,,경추가 좀 좋아지나 했는데 바빠지면 다시 나빠지는 악순환이었는데 이거 쓰면서 바쁜 시기에도 관리가 되고 있어요. 에어백이 짧은 시간에도 효과적으로 케어해줘서 시간이 없어도 쓸 수 있어요. 온열이랑 진동 같이 쓰면 15분 안에 효과가 느껴져요.,7e5faba98855,,909,목 마사지 베개 V2 경추 마사지기 베개,129000,,기존리뷰,5,,0,0,1,"안녕하세요. 프리미엄 헬스테크 브랜드, 슬룸입니다.
진심 어린 소중한 후기 감사합니다. 💜

앞으로도 좋은 상품과 서비스로 고객님들을 찾아뵐 수 있도록 노력하겠습니다.
감사합니다. :)"
118751,2026-08-02 0:00,,,한의원이랑 이거 같이 병행하고 있는데 회복이 훨씬 빠른 것 같아요. 에어백이 한의원에서 받는 것이랑 비슷한 효과가 있는 것 같아요. 온열이 따뜻하게 감싸줘서 한의원 뜸 뜨는 느낌이랑 비슷하기도 하고요ㅋㅋ 집에서 매일 관리할 수 있어서 좋아요.,fc33b62ba13a,,909,목 마사지 베개 V2 경추 마사지기 베개,129000,,기존리뷰,5,,0,0,1,"안녕하세요. 프리미엄 헬스테크 브랜드, 슬룸입니다.
진심 어린 소중한 후기 감사합니다. 💜

앞으로도 좋은 상품과 서비스로 고객님들을 찾아뵐 수 있도록 노력하겠습니다.
감사합니다. :)"
118752,2026-08-02 0:00,,,경추가 아파서 잠을 자도 개운하지 않았는데 이거 쓰면서 아침에 일어날 때가 달라졌어요. 에어백 마사지 후에 그대로 잠들면 자는 동안 경추가 자연스럽게 유지되는 것 같아요. 온열이랑 릴렉스 진동 조합이 수면 질 향상에 효과적이에요.,c11f8ab745c0,,909,목 마사지 베개 V2 경추 마사지기 베개,129000,,기존리뷰,5,,0,0,1,"안녕하세요. 프리미엄 헬스테크 브랜드, 슬룸입니다.
진심 어린 소중한 후기 감사합니다. 💜

앞으로도 좋은 상품과 서비스로 고객님들을 찾아뵐 수 있도록 노력하겠습니다.
감사합니다. :)"
118754,2026-08-02 0:00,,,경추 통증이 팔까지 내려오는 게 있었는데 이거 꾸준히 쓰면서 그 증상이 많이 줄었어요. 에어백이 경추를 늘려줄 때 신경 압박이 완화되는 것 같아요. 온열이랑 진동 같이 켜면 깊은 근육까지 케어가 되는 것 같고요. 타이머 있어서 자도 걱정 없어요.,a22eece85009,,909,목 마사지 베개 V2 경추 마사지기 베개,129000,,기존리뷰,5,,0,0,1,"안녕하세요. 프리미엄 헬스테크 브랜드, 슬룸입니다.
시간 내어 소중한 후기를 작성해 주셔서 감사드립니다. :)

믿고 찾는 쇼핑몰이 되기 위해 더 좋은 상품과 서비스를 준비하겠습니다.
감사합니다. 💜"
118755,2026-08-04 0:00,,,이거 써보고 나서 기존에 쓰던 마사지기는 안 쓰게 됐어요. 에어백으로 경추를 직접 늘려주는 방식이 완전히 다르거든요. 처음엔 좀 무섭기도 했는데 익숙해지면 이 느낌이 없으면 허전해요. 온열이랑 진동 같이 쓰면 마사지샵 수준이에요.,0010533d1282,,909,목 마사지 베개 V2 경추 마사지기 베개,129000,,기존리뷰,5,,0,0,1,"안녕하세요. 프리미엄 헬스테크 브랜드, 슬룸입니다.
정성스럽게 올려주신 소중한 후기 감사합니다. 💜

고객님의 목소리로 더 발전하는 슬룸이 되도록 노력하겠습니다.
감사합니다. 🙇‍♀️"
118756,2026-08-11 0:00,,,경추가 뭉치면 집중력이 바닥나는 편인데 이거 쓰고 나면 다시 살아나는 기분이에요. 에어백이 경추를 이완시켜줄 때 머리가 맑아지는 것 같아요. 온열이랑 진동 같이 켜면 15분 만에 개운해지는 게 신기해요. 무선이라 어디서든 꺼내 쓸 수 있어서 실용적이에요.,e24615581a10,,909,목 마사지 베개 V2 경추 마사지기 베개,129000,,기존리뷰,5,,0,0,1,"안녕하세요. 프리미엄 헬스테크 브랜드, 슬룸입니다.
정성스럽게 올려주신 소중한 후기 감사합니다. 💜

고객님의 목소리로 더 발전하는 슬룸이 되도록 노력하겠습니다.
감사합니다. 🙇‍♀️"
118757,2026-08-09 0:00,,,처음엔 비싸다 싶었는데 쓰면서 가성비 좋다는 생각으로 바뀌었어요. 마사지샵 한 번 가는 비용으로 매일 쓸 수 있으니까요. 에어백이 경추를 잡아당겨줄 때 그 시원함이 중독성 있어요. 온열이랑 진동 같이 켜면 진짜 마사지 받는 느낌이에요.,bb1546c5cd0c,,909,목 마사지 베개 V2 경추 마사지기 베개,129000,,기존리뷰,5,,0,0,1,"안녕하세요. 프리미엄 헬스테크 브랜드, 슬룸입니다.
진심 어린 소중한 후기 감사합니다. 💜

앞으로도 좋은 상품과 서비스로 고객님들을 찾아뵐 수 있도록 노력하겠습니다.
감사합니다. :)"
118759,2026-08-11 0:00,,,오십대라 경추가 점점 안 좋아지는데 이거 쓰면서 관리하고 있어요. 에어백이 굳은 근육을 부드럽게 이완시켜줘서 꾸준히 쓰면 효과가 느껴져요. 온열이 따뜻하게 감싸줘서 나이 들수록 더 필요한 케어예요. 진동이랑 같이 쓰면 마사지 받는 것 같아요.,d061e500392b,,909,목 마사지 베개 V2 경추 마사지기 베개,129000,,기존리뷰,5,,0,0,1,"안녕하세요. 프리미엄 헬스테크 브랜드, 슬룸입니다.
시간 내어 소중한 후기를 작성해 주셔서 감사드립니다. :)

믿고 찾는 쇼핑몰이 되기 위해 더 좋은 상품과 서비스를 준비하겠습니다.
감사합니다. 💜"
118763,2026-08-05 0:00,,,경추가 항상 아파서 이거저거 다 써봤는데 에어백 기능이 있는 건 이게 처음이에요. 기존 제품이랑 확실히 다른 게 느껴져요. 경추가 실제로 늘어나는 게 느껴지거든요. 온열이 더해지면 근육이 부드러워지는 것도 느껴지고요. 만족도 높아요.,3f6f467cac7b,,909,목 마사지 베개 V2 경추 마사지기 베개,129000,,기존리뷰,5,,0,0,1,"안녕하세요. 프리미엄 헬스테크 브랜드, 슬룸입니다.
진심 어린 소중한 후기 감사합니다. 💜

앞으로도 좋은 상품과 서비스로 고객님들을 찾아뵐 수 있도록 노력하겠습니다.
감사합니다. :)"
118764,2026-08-11 0:00,,,드디어 경추 관리를 시작했는데 이거 고른 게 잘 된 것 같아요. 에어백이 경추를 잡아줄 때 그 시원함이 진짜 필요했던 케어였어요. 온열이랑 진동 같이 쓰면 마사지 받는 것 같고요. 타이머 있어서 잠들어도 걱정 없어요. 네이비 색도 예쁘고요.,0df50aeb790a,,909,목 마사지 베개 V2 경추 마사지기 베개,129000,,기존리뷰,5,,0,0,1,"안녕하세요. 프리미엄 헬스테크 브랜드, 슬룸입니다.
시간 내어 소중한 후기를 작성해 주셔서 감사드립니다. :)

믿고 찾는 쇼핑몰이 되기 위해 더 좋은 상품과 서비스를 준비하겠습니다.
감사합니다. 💜"
118765,2026-08-03 0:00,,,이거 한 달 넘게 쓰고 있는데 경추가 확실히 달라졌어요. 처음엔 그냥 시원하다 정도였는데 꾸준히 쓰다 보니 경추 자체가 유연해진 것 같아요. 에어백이 굳어있던 근육을 조금씩 이완시켜줘서 그런 것 같고요. 온열이랑 진동 같이 쓰는 게 제 루틴이에요.,cbe1bc96f422,,909,목 마사지 베개 V2 경추 마사지기 베개,129000,,기존리뷰,3,,0,0,1,"안녕하세요. 프리미엄 헬스테크 브랜드, 슬룸입니다.
진심 어린 소중한 후기 감사합니다. 💜

앞으로도 좋은 상품과 서비스로 고객님들을 찾아뵐 수 있도록 노력하겠습니다.
감사합니다. :)"
118767,2026-08-03 0:00,,,리뷰 이렇게 많이 쓰는 편 아닌데 이건 써야할 것 같아서요. 에어백 기능이 진짜 신기하고 효과도 달라요. 경추가 실제로 늘어나는 게 느껴지거든요. 온열이 더해지면 근육이 부드러워지는 것도 확실히 느껴지고요. 강력 추천해요.,001ab337e727,,909,목 마사지 베개 V2 경추 마사지기 베개,129000,,기존리뷰,5,,0,0,1,"안녕하세요. 프리미엄 헬스테크 브랜드, 슬룸입니다.
진심 어린 소중한 후기 감사합니다. 💜

앞으로도 좋은 상품과 서비스로 고객님들을 찾아뵐 수 있도록 노력하겠습니다.
감사합니다. :)"
118769,2026-08-06 0:00,,,와 이거 진짜 대박인데ㅋㅋㅋ 경추 뭉침으로 고생하는 분들 무조건 써보세요. 에어백이 부풀 때 처음엔 어색한데 익숙해지면 이 느낌 없으면 못 살아요. 온열 켜면 더 깊이 이완되는 게 느껴지고 진동까지 켜면 완전 힐링이에요.,da764bebff79,,909,목 마사지 베개 V2 경추 마사지기 베개,129000,,기존리뷰,5,,0,0,1,"안녕하세요. 프리미엄 헬스테크 브랜드, 슬룸입니다.
진심 어린 소중한 후기 감사합니다. 💜

앞으로도 좋은 상품과 서비스로 고객님들을 찾아뵐 수 있도록 노력하겠습니다.
감사합니다. :)"
118770,2026-08-11 0:00,,,경추 관리 포기하고 살았는데 이거 쓰면서 다시 희망이 생겼어요ㅎㅎ 에어백이 굳어있던 경추를 조금씩 이완시켜줘서 꾸준히 쓰면 달라지는 게 느껴져요. 온열이랑 진동 같이 쓰는 게 제 루틴이 됐어요. 무선이라 어디서든 쓸 수 있어서 실용적이에요.,6ecf5d191425,,909,목 마사지 베개 V2 경추 마사지기 베개,129000,,기존리뷰,4,,0,0,1,"안녕하세요. 프리미엄 헬스테크 브랜드, 슬룸입니다.
정성스럽게 올려주신 소중한 후기 감사합니다. 💜

고객님의 목소리로 더 발전하는 슬룸이 되도록 노력하겠습니다.
감사합니다. 🙇‍♀️"
118772,2026-08-01 0:00,,,경추 관련 제품을 많이 써봤는데 에어백 기능은 진짜 처음이에요. 다른 방식이라 효과도 달라요. 경추가 실제로 늘어나는 느낌이 있거든요. 온열이 더해지면 근육이 이완되는 게 더 잘 느껴지고요. 만족스러워요.,064471efbbcb,,909,목 마사지 베개 V2 경추 마사지기 베개,129000,,기존리뷰,5,,0,0,1,"안녕하세요. 프리미엄 헬스테크 브랜드, 슬룸입니다.
시간 내어 소중한 후기를 작성해 주셔서 감사드립니다. :)

믿고 찾는 쇼핑몰이 되기 위해 더 좋은 상품과 서비스를 준비하겠습니다.
감사합니다. 💜"
118773,2026-08-06 0:00,,,이거 쓰고 나서 경추 걱정이 줄었어요. 에어백이 하루 동안 쌓인 긴장을 풀어줘서 퇴근 후에 10분만 써도 달라요. 온열이랑 진동 같이 켜면 마사지 받는 것 같아요. 무선이라 어디서든 꺼내 쓸 수 있어서 실용적이에요.,75579f62a18e,,909,목 마사지 베개 V2 경추 마사지기 베개,129000,,기존리뷰,3,,0,0,1,"안녕하세요. 프리미엄 헬스테크 브랜드, 슬룸입니다.
진심 어린 소중한 후기 감사합니다. 💜

앞으로도 좋은 상품과 서비스로 고객님들을 찾아뵐 수 있도록 노력하겠습니다.
감사합니다. :)"
118774,2026-08-03 0:00,,,처음에 이게 효과가 있나 의심했는데 써보고 나서 인정했어요. 에어백이 경추를 실제로 늘려주는 방식이 다른 제품이랑 달라요. 온열이 더해지면 근육이 빠르게 이완되는 게 느껴지고요. 꾸준히 쓰면 효과가 확실해요.,09302ccc316c,,909,목 마사지 베개 V2 경추 마사지기 베개,129000,,기존리뷰,5,,0,0,1,"안녕하세요. 프리미엄 헬스테크 브랜드, 슬룸입니다.
시간 내어 소중한 후기를 작성해 주셔서 감사드립니다. :)

믿고 찾는 쇼핑몰이 되기 위해 더 좋은 상품과 서비스를 준비하겠습니다.
감사합니다. 💜"
118775,2026-08-01 0:00,,,자기 전 루틴으로 자리잡았어요. 에어백이 경추를 이완시켜줄 때 하루의 긴장이 자연스럽게 풀리고 온열이랑 릴렉스 진동 켜면 잠이 솔솔 와요. 타이머가 알아서 꺼줘서 걱정 없이 잠들 수 있고요. C커브 덕분에 잠드는 자세도 좋아진 것 같아요.,8b18e08d9c50,,909,목 마사지 베개 V2 경추 마사지기 베개,129000,,기존리뷰,4,,0,0,1,"안녕하세요. 프리미엄 헬스테크 브랜드, 슬룸입니다.
정성스럽게 올려주신 소중한 후기 감사합니다. 💜

고객님의 목소리로 더 발전하는 슬룸이 되도록 노력하겠습니다.
감사합니다. 🙇‍♀️"
118776,2026-08-11 0:00,,,경추 때문에 항상 고생했는데 이거 쓰면서 일상이 달라졌어요. 에어백이 경추를 늘려줄 때 그 시원함이 중독성 있어요. 온열이랑 집중 진동 조합이 특히 효과적이고요. 무선이라 어디서든 쓸 수 있어서 좋아요.,77c4a1cac8ba,,909,목 마사지 베개 V2 경추 마사지기 베개,129000,,기존리뷰,5,,0,0,1,"안녕하세요. 프리미엄 헬스테크 브랜드, 슬룸입니다.
진심 어린 소중한 후기 감사합니다. 💜

앞으로도 좋은 상품과 서비스로 고객님들을 찾아뵐 수 있도록 노력하겠습니다.
감사합니다. :)"
118777,2026-08-06 0:00,,,이거 진짜 효과 있어요. 경추가 뭉치면 두통까지 왔는데 이거 쓰면서 두통 빈도가 줄었어요. 에어백이 경추를 늘려줄 때 머리까지 시원해지는 느낌이에요. 온열이 혈액순환을 도와줘서 그런 것 같아요. 강추해요.,31ad9e7d6bd5,,909,목 마사지 베개 V2 경추 마사지기 베개,129000,,기존리뷰,4,,0,0,1,"안녕하세요. 프리미엄 헬스테크 브랜드, 슬룸입니다.
진심 어린 소중한 후기 감사합니다. 💜

앞으로도 좋은 상품과 서비스로 고객님들을 찾아뵐 수 있도록 노력하겠습니다.
감사합니다. :)"
118780,2026-08-03 0:00,,,이거 써보고 주변에 다 추천했어요. 에어백으로 경추를 직접 케어하는 방식이 특별해요. 처음 써보는 분들이 다 신기해하더라고요. 온열이랑 진동 같이 쓰면 마사지 전문점에 온 것 같다고 하고요. 강력 추천해요.,da333de2ef1d,,909,목 마사지 베개 V2 경추 마사지기 베개,129000,,기존리뷰,5,,0,0,1,"안녕하세요. 프리미엄 헬스테크 브랜드, 슬룸입니다.
정성스럽게 올려주신 소중한 후기 감사합니다. 💜

고객님의 목소리로 더 발전하는 슬룸이 되도록 노력하겠습니다.
감사합니다. 🙇‍♀️"
118781,2026-08-10 0:00,,,경추 뻐근한 게 너무 오래돼서 당연한 줄 알았는데 이거 쓰고 나서 아 이렇게 시원할 수 있구나 알았어요. 에어백이 경추를 늘려줄 때 그 시원함이 진짜 새로워요. 온열이랑 진동 같이 켜면 힐링이에요. 타이머 있어서 자도 안심이고요.,7e5faba98855,,909,목 마사지 베개 V2 경추 마사지기 베개,129000,,기존리뷰,5,,0,0,1,"안녕하세요. 프리미엄 헬스테크 브랜드, 슬룸입니다.
진심 어린 소중한 후기 감사합니다. 💜

앞으로도 좋은 상품과 서비스로 고객님들을 찾아뵐 수 있도록 노력하겠습니다.
감사합니다. :)"
118782,2026-08-03 0:00,,,한 달째 쓰고 있는데 경추가 확실히 달라졌어요. 처음엔 그냥 시원하다 정도였는데 꾸준히 쓰다 보니 경추가 유연해진 게 느껴져요. 에어백이 굳어있던 근육을 조금씩 이완시켜줘서 그런 것 같아요. 온열이랑 진동 같이 쓰는 게 제 루틴이에요.,fc33b62ba13a,,909,목 마사지 베개 V2 경추 마사지기 베개,129000,,기존리뷰,4,,0,0,1,"안녕하세요. 프리미엄 헬스테크 브랜드, 슬룸입니다.
시간 내어 소중한 후기를 작성해 주셔서 감사드립니다. :)

믿고 찾는 쇼핑몰이 되기 위해 더 좋은 상품과 서비스를 준비하겠습니다.
감사합니다. 💜"
118783,2026-08-11 0:00,,,경추 관련해서 이것저것 써봤는데 이게 제일 효과적인 것 같아요. 에어백으로 실제로 늘려주는 방식이 다른 제품이랑 달라서요. 온열이 더해지면 근육이 이완되는 게 확실히 느껴지고요. 무선이라 어디서든 쓸 수 있어서 실용적이에요.,c11f8ab745c0,,909,목 마사지 베개 V2 경추 마사지기 베개,129000,,기존리뷰,5,,0,0,1,"안녕하세요. 프리미엄 헬스테크 브랜드, 슬룸입니다.
시간 내어 소중한 후기를 작성해 주셔서 감사드립니다. :)

믿고 찾는 쇼핑몰이 되기 위해 더 좋은 상품과 서비스를 준비하겠습니다.
감사합니다. 💜"
118784,2026-08-13 14:32,2026-08-07 19:07,2026-08-11 23:06,"배송온 지 3일 째라 자기전에 꼬박꼬박 마사지 받고 있어요. 현재 고민이 1. 아침에 일어나자마자 허리가 아프다 2. 왼쪽허리가 비교적 더 아프다는 거였는데 마사지받고 다음날 일어나면 통증이 없어서 신용이 가기 시작한 상태입니다ㅎㅎ

근데 새 상품을 뜯어봤을 때, 리모컨의 화면에 스크래치가 많아서 새 상품이 맞나 의문이 드는데 이것도 보호필름이 붙어있는 걸까요? 마사지기에 붙어있는 보호필름은 누가봐도 떼기 쉽게 붙어있는데 리모컨은 괜히 손톱으로 긁었다가 자국날까봐 무서워요;; 사진 참고 해주세요",53bf4361fe9c,,636,허리편한케어 V2 허리 마사지기,129000,수량선택: 허리편한케어 V2 1개 (마그네슘 시너지 크림 1개 증정),모바일,5,,4,0,1,"안녕하세요. 프리미엄 헬스테크 브랜드, 슬룸입니다.

리뷰로는 상세한 안내가 어려워, 자세한 내용 알림톡(문자) 발송 도와드렸으니 확인 부탁드리겠습니다.
추가로 궁금하신 점이 있으시거나 문자 확인하신 후에도 해결되지 않는 경우
번거로우시겠지만 슬룸 채팅 상담을 통해 연락 주시면 빠르게 안내 도와드리겠습니다.

▶ 슬룸 채팅 상담 (※ 월-금 09:30-17:00, 주말 및 공휴일 휴무)
http://sloom.channel.io/

고객님의 목소리로 더 발전하는 슬룸이 되도록 노력하겠습니다. 감사합니다."
118785,2026-08-13 5:56,2026-08-11 5:30,2026-08-12 16:17,잠잘오고 좋아요!!,,,909,목 마사지 베개 V2 경추 마사지기 베개,129000,수량선택: 목 마사지 베개 V2 1개 (마그네슘 시너지 크림 1개 증정),기존리뷰,5,,0,0,1,"안녕하세요. 프리미엄 헬스테크 브랜드, 슬룸입니다.
시간 내어 소중한 후기를 작성해 주셔서 감사드립니다. :)

믿고 찾는 쇼핑몰이 되기 위해 더 좋은 상품과 서비스를 준비하겠습니다.
감사합니다. 💜"
118786,2026-08-13 7:01,2026-08-08 7:12,2026-08-11 16:23,보통 사용 꾸준히 해보면 좋을것 같습니다,,,966,골반 케어 프리미엄 골반 마사지기,189000,수량선택: 골반 마사지기 1개,기존리뷰,5,,0,0,1,"안녕하세요. 프리미엄 헬스테크 브랜드, 슬룸입니다.
진심 어린 소중한 후기 감사합니다. 💜

앞으로도 좋은 상품과 서비스로 고객님들을 찾아뵐 수 있도록 노력하겠습니다.
감사합니다. :)"
118787,2026-08-13 9:32,2026-08-10 21:38,2026-08-12 21:05,유튜브 박서방 tv보고서  구매를 했는데 나무 좋아요!!,,,638,[코어&상체 집중 케어 세트] 허리편한케어 V2 + 목편한케어 플라잉 + 넥숄더 힐링케어,347800,수량선택: 코어&상체 집중 케어 세트  (허리편한케어 V2 + 목편한케어 플라잉 + 넥숄더 힐링케어),기존리뷰,5,,0,0,1,"안녕하세요. 프리미엄 헬스테크 브랜드, 슬룸입니다.
시간 내어 소중한 후기를 작성해 주셔서 감사드립니다. :)

믿고 찾는 쇼핑몰이 되기 위해 더 좋은 상품과 서비스를 준비하겠습니다.
감사합니다. 💜"
118788,2026-08-13 10:22,2026-07-25 12:27,2026-07-28 21:06,꼭 손으로 지압하는 것 같네요,,,1043,[슬룸 4차 진행!] 코이티비 구독자 전용 ★최저가★ 비밀링크,99000,수량선택: 목 마사지 베개 V2 1개,기존리뷰,4,,0,0,1,"안녕하세요. 프리미엄 헬스테크 브랜드, 슬룸입니다.
시간 내어 소중한 후기를 작성해 주셔서 감사드립니다. :)

믿고 찾는 쇼핑몰이 되기 위해 더 좋은 상품과 서비스를 준비하겠습니다.
감사합니다. 💜"
118789,2026-08-13 11:01,2026-08-10 9:59,2026-08-11 16:11,충전이 안되는거 말고 최고입니다,,,724,★최대할인 비밀링크★ 목베개 플러스 특가,69000,수량선택: 목베개 플러스 1개,기존리뷰,5,,1,0,1,"안녕하세요. 프리미엄 헬스테크 브랜드, 슬룸입니다.
정성스럽게 올려주신 소중한 후기 감사합니다. 💜

고객님의 목소리로 더 발전하는 슬룸이 되도록 노력하겠습니다.
감사합니다. 🙇‍♀️"
118790,2026-08-13 12:01,2026-08-08 16:07,2026-08-11 21:10,이틀 써봤음 기기 잘 안 믿는데 제법 시원함 15분되면 멈추는 거 아주 편리함 목에 문제가 있는데 도움도었으면 좋겠음,,,1045,[하알라x슬룸] ★2차★ 구독자 한정 최저가 비밀링크!,114900,수량선택: 목마사지베개V2 1개 + (증정)마그네슘 시너지 크림 1개,기존리뷰,5,,1,0,1,"안녕하세요. 프리미엄 헬스테크 브랜드, 슬룸입니다.
시간 내어 소중한 후기를 작성해 주셔서 감사드립니다. :)

믿고 찾는 쇼핑몰이 되기 위해 더 좋은 상품과 서비스를 준비하겠습니다.
감사합니다. 💜"
118791,2026-08-13 13:11,2026-07-29 23:49,2026-07-31 16:08,목을 마사지해주는게 너무 시원하더라구요. 온열기능이 있어서 그것만 해도 피로가 풀리는 느끼이에요. 일자목이라 쓰고있는데 확실히 목이 잘 움직여지는 것 같아요,,,1033,[신금동x슬룸] 최저가 마켓 OPEN,79000,수량선택: ★최저가★ 경추 마사지 베개 V2 1개 + (증정) 마그네슘 크림 1개,기존리뷰,5,,1,0,1,"안녕하세요. 프리미엄 헬스테크 브랜드, 슬룸입니다.
진심 어린 소중한 후기 감사합니다. 💜

앞으로도 좋은 상품과 서비스로 고객님들을 찾아뵐 수 있도록 노력하겠습니다.
감사합니다. :)"
118792,2026-08-13 13:40,2026-08-06 17:17,2026-08-08 16:14,무선으로 사용할 수 있어서 좋아요. 3회정도 사용후에는 충전필요.,,,1045,[하알라x슬룸] ★2차★ 구독자 한정 최저가 비밀링크!,114900,수량선택: ★하알라SET★ 허리편한케어V2 1개 + 목마사지베개V2 1개 + (증정)마그네슘 시너지 크림 1개 + (증정) 중형 파우치 1개,기존리뷰,4,,1,0,1,"안녕하세요. 프리미엄 헬스테크 브랜드, 슬룸입니다.
진심 어린 소중한 후기 감사합니다. 💜

앞으로도 좋은 상품과 서비스로 고객님들을 찾아뵐 수 있도록 노력하겠습니다.
감사합니다. :)"
118793,2026-08-13 14:37,2026-08-10 16:09,2026-08-12 18:40,목을 잘 풀어주고 시원해요,,,724,★최대할인 비밀링크★ 목베개 플러스 특가,69000,수량선택: 목베개 플러스 1개,기존리뷰,5,,2,0,1,"안녕하세요. 프리미엄 헬스테크 브랜드, 슬룸입니다.
정성스럽게 올려주신 소중한 후기 감사합니다. 💜

고객님의 목소리로 더 발전하는 슬룸이 되도록 노력하겠습니다.
감사합니다. 🙇‍♀️"
118794,2026-08-13 14:44,2026-07-20 21:08,2026-07-22 16:17,마사지근육이완 너무 좋네요 계속 사용해보겠습니ㅏㄷ,,,1035,[애진X슬룸] ★단독 최대혜택★ 바디풀고컷 경락 마사지기,79900,수량선택: [68%] 바디풀고컷 1개 + 시너지 젤 2개 증정,기존리뷰,5,,1,0,1,"안녕하세요. 프리미엄 헬스테크 브랜드, 슬룸입니다.
시간 내어 소중한 후기를 작성해 주셔서 감사드립니다. :)

믿고 찾는 쇼핑몰이 되기 위해 더 좋은 상품과 서비스를 준비하겠습니다.
감사합니다. 💜"
118795,2026-08-13 14:48,2026-08-10 12:45,2026-08-11 16:16,아주마음에 매우 듭니다,,,909,목 마사지 베개 V2 경추 마사지기 베개,129000,수량선택: 목 마사지 베개 V2 1개 (마그네슘 시너지 크림 1개 증정),기존리뷰,5,,0,0,1,"안녕하세요. 프리미엄 헬스테크 브랜드, 슬룸입니다.
정성스럽게 올려주신 소중한 후기 감사합니다. 💜

고객님의 목소리로 더 발전하는 슬룸이 되도록 노력하겠습니다.
감사합니다. 🙇‍♀️"
118796,2026-08-13 15:15,2026-07-22 20:12,2026-07-24 16:14,잘받아서 잘사용중입니다. 자기전에 사용하며 뜨끈하이 잠도 잘오고 바로 잠들어도 베게로도 아주 좋습니다,,,1033,[신금동x슬룸] 최저가 마켓 OPEN,79000,수량선택: ★100개한정★ 경추 마사지 베개 V1 1개,기존리뷰,5,,1,0,1,"안녕하세요. 프리미엄 헬스테크 브랜드, 슬룸입니다.
정성스럽게 올려주신 소중한 후기 감사합니다. 💜

고객님의 목소리로 더 발전하는 슬룸이 되도록 노력하겠습니다.
감사합니다. 🙇‍♀️"
118797,2026-08-13 15:15,2026-07-22 20:12,2026-07-24 16:16,만족하며사용중 입니다. 배게로도 좋습니다,,,1033,[신금동x슬룸] 최저가 마켓 OPEN,79000,수량선택: ★최저가★ 경추 마사지 베개 V2 1개 + (증정) 마그네슘 크림 1개,기존리뷰,5,,1,0,1,"안녕하세요. 프리미엄 헬스테크 브랜드, 슬룸입니다.
정성스럽게 올려주신 소중한 후기 감사합니다. 💜

고객님의 목소리로 더 발전하는 슬룸이 되도록 노력하겠습니다.
감사합니다. 🙇‍♀️"
118798,2026-08-13 15:59,2026-08-10 14:28,2026-08-11 16:16,주무르는힘이좋고 사용하기편해요,,,980,프리미엄 엘보케어 팔꿈치 마사지기,149000,수량선택: 팔꿈치 마사지기 1개 (마그네슘 시너지 크림 1개 증정),기존리뷰,5,,0,0,1,"안녕하세요. 프리미엄 헬스테크 브랜드, 슬룸입니다.
시간 내어 소중한 후기를 작성해 주셔서 감사드립니다. :)

믿고 찾는 쇼핑몰이 되기 위해 더 좋은 상품과 서비스를 준비하겠습니다.
감사합니다. 💜"
118799,2026-08-13 16:03,2026-08-12 6:14,2026-08-13 15:03,잘받앗습니다 다좋은데 진동? 하여간 요게 많이 약한거같아서 조금 아쉽구 따뜻해서 좋습니다~,,,724,★최대할인 비밀링크★ 목베개 플러스 특가,69000,수량선택: 목베개 플러스 1개,기존리뷰,4,,1,0,1,"안녕하세요. 프리미엄 헬스테크 브랜드, 슬룸입니다.
진심 어린 소중한 후기 감사합니다. 💜

앞으로도 좋은 상품과 서비스로 고객님들을 찾아뵐 수 있도록 노력하겠습니다.
감사합니다. :)"
118800,2026-08-13 17:24,2026-08-03 14:54,2026-08-05 16:20,"목 디스크환자 입니다. 시술받은지 하루 밖에 지나지않아 1달정도 이후 사용 예정 입니다.
목디스크 통증이 있는경우는 사용하지 않는게 좋을것 같아요~",,,724,★최대할인 비밀링크★ 목베개 플러스 특가,69000,수량선택: 목베개 플러스 1개,기존리뷰,3,,0,0,1,"안녕하세요. 프리미엄 헬스테크 브랜드, 슬룸입니다.

목베개 플러스는 의료기기가 아닌 일반 가정용 마사지기로, 목 근육 이완과 피로 완화를 돕는 제품입니다.

따라서 목 디스크 치료나 재활 등 의료 목적으로는 사용하실 수 없습니다.
목 디스크 환자분과 같이 현재 관련 치료를 받고 계신 경우에는 사용 전 반드시 전문의와 상담하여 사용 가능 여부를 확인해 주셔야 하는 점 참고 부탁드립니다.

추가로 궁금하신 점이 있으시거나 문자 확인하신 후에도 해결되지 않는 경우
번거로우시겠지만 슬룸 채팅 상담을 통해 연락 주시면 빠르게 안내 도와드리겠습니다.

▶ 슬룸 채팅 상담 (※ 월-금 09:30-17:00, 주말 및 공휴일 휴무)
http://sloom.channel.io/

고객님의 목소리로 더 발전하는 슬룸이 되도록 노력하겠습니다. 감사합니다."
118801,2026-08-13 18:47,2026-08-09 20:53,2026-08-11 13:43,목이 시원해서 좋아요.,,,724,★최대할인 비밀링크★ 목베개 플러스 특가,69000,수량선택: 목베개 플러스 1개,기존리뷰,5,,1,0,1,"안녕하세요. 프리미엄 헬스테크 브랜드, 슬룸입니다.
진심 어린 소중한 후기 감사합니다. 💜

앞으로도 좋은 상품과 서비스로 고객님들을 찾아뵐 수 있도록 노력하겠습니다.
감사합니다. :)"
118802,2026-08-13 20:34,2026-08-12 2:34,2026-08-13 18:39,좋구먼요 허허 허리가풀리고편해지는 것같내요 ㅎ,,,1042,★선착순 증정 비밀링크★ 허리편한케어 허리 마사지기 V2,159000,수량선택: 허리편한케어 V2 1개 (코어 요추벨트 증정),기존리뷰,5,,1,0,1,"안녕하세요. 프리미엄 헬스테크 브랜드, 슬룸입니다.
정성스럽게 올려주신 소중한 후기 감사합니다. 💜

고객님의 목소리로 더 발전하는 슬룸이 되도록 노력하겠습니다.
감사합니다. 🙇‍♀️"
118803,2026-08-13 21:34,2026-07-19 8:55,2026-07-21 13:46,온열과 저주파 치료가 동시에 가능해 좋습니다,,,636,허리편한케어 V2 허리 마사지기,129000,수량선택: 허리편한케어 V2 1개 (마그네슘 시너지 크림 1개 증정),기존리뷰,4,,1,0,1,"안녕하세요. 프리미엄 헬스테크 브랜드, 슬룸입니다.
시간 내어 소중한 후기를 작성해 주셔서 감사드립니다. :)

믿고 찾는 쇼핑몰이 되기 위해 더 좋은 상품과 서비스를 준비하겠습니다.
감사합니다. 💜"
118804,2026-08-13 23:08,2026-07-15 23:51,2026-07-17 16:13,목 어깨 잘풀리네요 좋아요,,,909,목 마사지 베개 V2 경추 마사지기 베개,129000,수량선택: 목 마사지 베개 V2 1개 (마그네슘 시너지 크림 1개 증정),기존리뷰,5,,1,0,1,"안녕하세요. 프리미엄 헬스테크 브랜드, 슬룸입니다.
정성스럽게 올려주신 소중한 후기 감사합니다. 💜

고객님의 목소리로 더 발전하는 슬룸이 되도록 노력하겠습니다.
감사합니다. 🙇‍♀️"
118805,2026-08-14 0:18,2026-08-02 0:28,2026-08-04 13:41,전기자극이라 처음에 불편했는데 쓰다보니 적응되네요 발바닥이 찌릿찌릿한 느낌이에요 개인적으로 마사지볼을 더 시원하다고 느끼지만 이것도 나름 괜찮은 거같아요,,,924,발편한케어 프리미엄 EMS 발 마사지기,89000,"사이즈&세트선택: L (250-295mm), 수량선택: 발편한케어 1개",기존리뷰,4,,0,0,1,"안녕하세요. 프리미엄 헬스테크 브랜드, 슬룸입니다.
시간 내어 소중한 후기를 작성해 주셔서 감사드립니다. :)

믿고 찾는 쇼핑몰이 되기 위해 더 좋은 상품과 서비스를 준비하겠습니다.
감사합니다. 💜"
118806,2026-08-14 5:13,2026-06-14 16:37,2026-06-16 16:18,왼쪽골반 통증으로 퇴근후에 매일 사용하고 있어요. 아침에 일어나면 통증이 줄어들어 도움 많이 받고 있습니다~^^,,,966,골반 케어 프리미엄 골반 마사지기,189000,수량선택: 골반 마사지기 1개,기존리뷰,5,,1,0,1,"안녕하세요. 프리미엄 헬스테크 브랜드, 슬룸입니다.
시간 내어 소중한 후기를 작성해 주셔서 감사드립니다. :)

믿고 찾는 쇼핑몰이 되기 위해 더 좋은 상품과 서비스를 준비하겠습니다.
감사합니다. 💜"
118807,2026-08-14 6:54,2026-08-11 16:58,2026-08-13 16:10,이거 진짜 요물입니당ㅋ 종류별로 다 사고 싶네요<,,,636,허리편한케어 V2 허리 마사지기,129000,수량선택: 허리편한케어 V2 1개 (마그네슘 시너지 크림 1개 증정),기존리뷰,5,,0,0,1,"안녕하세요. 프리미엄 헬스테크 브랜드, 슬룸입니다.
진심 어린 소중한 후기 감사합니다. 💜

앞으로도 좋은 상품과 서비스로 고객님들을 찾아뵐 수 있도록 노력하겠습니다.
감사합니다. :)"
118808,2026-08-14 7:47,2026-08-05 5:11,2026-08-06 13:45,"어깨 통증이 심해서 구매했습니다
아침마다 하고 나가는데 너무 좋네요",,,909,목 마사지 베개 V2 경추 마사지기 베개,129000,수량선택: 목 마사지 베개 V2 1개 (마그네슘 시너지 크림 1개 증정),기존리뷰,5,,0,0,1,"안녕하세요. 프리미엄 헬스테크 브랜드, 슬룸입니다.
진심 어린 소중한 후기 감사합니다. 💜

앞으로도 좋은 상품과 서비스로 고객님들을 찾아뵐 수 있도록 노력하겠습니다.
감사합니다. :)"
118809,2026-08-14 10:07,2026-08-08 6:14,2026-08-11 16:14,잘쓰겠습니다. ㅎㅎ,,,1045,[하알라x슬룸] ★2차★ 구독자 한정 최저가 비밀링크!,114900,수량선택: 허리편한케어V2 1개 + (증정)마그네슘 시너지 크림 1개,기존리뷰,4,,0,0,1,"안녕하세요. 프리미엄 헬스테크 브랜드, 슬룸입니다.
정성스럽게 올려주신 소중한 후기 감사합니다. 💜

고객님의 목소리로 더 발전하는 슬룸이 되도록 노력하겠습니다.
감사합니다. 🙇‍♀️"
118810,2026-08-14 10:21,2026-08-08 15:45,2026-08-11 13:44,목견인 등 여러가지 해봤는데. 좋습니다... ㅎㅎ,,,909,목 마사지 베개 V2 경추 마사지기 베개,129000,수량선택: 목 마사지 베개 V2 1개 (마그네슘 시너지 크림 1개 증정),기존리뷰,5,,1,0,1,"안녕하세요. 프리미엄 헬스테크 브랜드, 슬룸입니다.
진심 어린 소중한 후기 감사합니다. 💜

앞으로도 좋은 상품과 서비스로 고객님들을 찾아뵐 수 있도록 노력하겠습니다.
감사합니다. :)"
118811,2026-08-14 10:38,2026-08-08 7:48,2026-08-11 18:39,이제 막 배송 받았는데 한 번 해볼게요,,,1008,★최대할인 비밀링크★ 바디 풀고컷 경락 마사지기,89900,수량선택: 바디 풀고컷 1개 (트리플 샷 시너지 젤 1개 증정),기존리뷰,5,,0,0,1,"안녕하세요. 프리미엄 헬스테크 브랜드, 슬룸입니다.
정성스럽게 올려주신 소중한 후기 감사합니다. 💜

고객님의 목소리로 더 발전하는 슬룸이 되도록 노력하겠습니다.
감사합니다. 🙇‍♀️"
118812,2026-08-14 10:51,2026-08-08 10:59,2026-08-11 13:44,일단 경추통에 좋은것같습니다. 근데 충전이 돼면 좋겠어요,,,724,★최대할인 비밀링크★ 목베개 플러스 특가,69000,수량선택: 목베개 플러스 1개,기존리뷰,5,,1,0,1,"안녕하세요. 프리미엄 헬스테크 브랜드, 슬룸입니다.
정성스럽게 올려주신 소중한 후기 감사합니다. 💜

고객님의 목소리로 더 발전하는 슬룸이 되도록 노력하겠습니다.
감사합니다. 🙇‍♀️"
118813,2026-08-14 11:15,2026-08-11 9:59,2026-08-12 16:12,"잘 받았습니다.
양발에 자극이 잘 오긴 한느데 뒷꿈치쪽은 오는건지 미약하네요

배터리 지속력이 좀 짧은 듯합니다ㅣ",,,924,발편한케어 프리미엄 EMS 발 마사지기,89000,"사이즈&세트선택: M (220-270mm), 수량선택: 발편한케어 1개",기존리뷰,5,,0,0,1,"안녕하세요. 프리미엄 헬스테크 브랜드, 슬룸입니다.
정성스럽게 올려주신 소중한 후기 감사합니다. 💜

고객님의 목소리로 더 발전하는 슬룸이 되도록 노력하겠습니다.
감사합니다. 🙇‍♀️"
118814,2026-08-14 11:26,2026-08-11 19:42,2026-08-13 16:10,"팔꿈치가 아파서 고생하는데, 사용해 보니 편리하고 한꺼번에 에어백 마사지와 저주파 치료, 온열치료가 돼서 아주 유용합니다. 리모컨 작동도 편리 하구요. 앞으로 열심히 치료 해 보려구요.",,,980,프리미엄 엘보케어 팔꿈치 마사지기,149000,수량선택: 팔꿈치 마사지기 + 연장벨트 (시너지 크림 & 파우치 중형 1개 증정),기존리뷰,4,,4,0,1,"안녕하세요. 프리미엄 헬스테크 브랜드, 슬룸입니다.
진심 어린 소중한 후기 감사합니다. 💜

앞으로도 좋은 상품과 서비스로 고객님들을 찾아뵐 수 있도록 노력하겠습니다.
감사합니다. :)"
118815,2026-08-14 12:47,2026-08-09 12:32,2026-08-11 13:43,고정하는 찍찍이가 약해요 자꾸 떨어져요,,,980,프리미엄 엘보케어 팔꿈치 마사지기,149000,수량선택: 팔꿈치 마사지기 + 연장벨트 (시너지 크림 & 파우치 중형 1개 증정),기존리뷰,5,,1,0,1,"안녕하세요. 프리미엄 헬스테크 브랜드, 슬룸입니다.
고객님께 만족스러운 경험을 드리지 못해 대단히 죄송합니다. 😥

리뷰로는 상세한 안내가 어려워, 자세한 내용 알림톡(문자) 발송 도와드렸으니 확인 부탁드리겠습니다.
추가로 궁금하신 점이 있으시거나 문자 확인하신 후에도 해결되지 않는 경우
번거로우시겠지만 슬룸 채팅 상담을 통해 연락 주시면 빠르게 안내 도와드리겠습니다.

▶ 슬룸 채팅 상담 (※ 월-금 09:30-17:00, 주말 및 공휴일 휴무)
http://sloom.channel.io/

고객님의 목소리로 더 발전하는 슬룸이 되도록 노력하겠습니다. 감사합니다."
118816,2026-08-14 13:08,2026-08-10 15:51,2026-08-12 16:19,배송빠르고 좋아요 사용 하는데 불편한건 없네요,,,909,목 마사지 베개 V2 경추 마사지기 베개,129000,수량선택: 코어 밸런스 업 세트 (허리편한케어 V2 + 목 마사지 베개 V2),기존리뷰,5,,1,0,1,"안녕하세요. 프리미엄 헬스테크 브랜드, 슬룸입니다.
진심 어린 소중한 후기 감사합니다. 💜

앞으로도 좋은 상품과 서비스로 고객님들을 찾아뵐 수 있도록 노력하겠습니다.
감사합니다. :)"
118817,2026-08-14 13:49,2026-08-07 20:54,2026-08-11 13:49,"너무 만족하고 잘사용하고있어요
다음에 또 주문할게요",,,874,발편한케어 프리미엄 고주파 발 마사지기,99000,"사이즈&세트선택: M (220-270mm), 수량선택: 발편한케어 1개 (마그네슘 시너지 크림 1개 증정)",기존리뷰,5,,0,0,1,"안녕하세요. 프리미엄 헬스테크 브랜드, 슬룸입니다.
정성스럽게 올려주신 소중한 후기 감사합니다. 💜

고객님의 목소리로 더 발전하는 슬룸이 되도록 노력하겠습니다.
감사합니다. 🙇‍♀️"
118818,2026-08-14 13:59,2026-07-16 10:08,2026-07-17 16:11,팔꿈치 너무 아파서 샀는데 효과가 있는거같아요. 며칠쓰면 시원하더라구요,,,1034,★타노스X슬룸 히든 특가★ 프리미엄 엘보케어 팔꿈치 마사지기,149000,수량선택: 팔꿈치 마사지기 1개,기존리뷰,5,,1,0,1,"안녕하세요. 프리미엄 헬스테크 브랜드, 슬룸입니다.
시간 내어 소중한 후기를 작성해 주셔서 감사드립니다. :)

믿고 찾는 쇼핑몰이 되기 위해 더 좋은 상품과 서비스를 준비하겠습니다.
감사합니다. 💜"
118819,2026-08-14 15:03,2026-08-09 7:46,2026-08-11 18:42,생각 보다 약했어요,,,724,★최대할인 비밀링크★ 목베개 플러스 특가,69000,수량선택: 목베개 플러스 1개,기존리뷰,3,,0,0,1,"안녕하세요 고객님, 프리미엄 헬스테크 브랜드, 슬룸입니다.
고객님께 만족스러운 경험을 드리지 못해 대단히 죄송합니다.😥

슬룸의 모든 제품은 인체공학적으로 설계되어 편안한 사용이 가능하나 초기 사용 시 1~2주 이상의 적응 기간이 필요할 수 있습니다. 
다만 수령하신 날짜 기준으로 30일 동안 꾸준히 사용해보시고도 만족하지 못하셨을 경우에는, 슬룸에서 진행하는 <100%환불이벤트> 에 참여하여 왕복배송비 제외 전액 환불이 가능합니다.

※ 제품을 30일간 꾸준히 사용한 경우, 배송완료 후 40일이내 신청이 가능
※ 환불 서비스는 첫 구매 체험을 위한 서비스로 1회만 신청 가능

▶ <100% 환불 이벤트> 상세 환불 조건 : https://sleeplab.co.kr/notice/?page=1#13709226_notice 

슬룸을 믿고 편하게 사용 및 체험해보시고, 그럼에도 만족하시지 못하셨을 경우 슬룸 공식몰의 채널톡을 통해 이벤트 기간 내 문의 주시면 환불 접수 도움드리겠습니다."
118820,2026-08-14 15:47,2026-08-02 9:59,2026-08-04 18:40,아직은 잘 모르겠습니다,,,1042,★선착순 증정 비밀링크★ 허리편한케어 허리 마사지기 V2,159000,수량선택: 허리편한케어 V2 1개 (코어 요추벨트 증정),기존리뷰,4,,1,0,1,"안녕하세요. 프리미엄 헬스테크 브랜드, 슬룸입니다.
정성스럽게 올려주신 소중한 후기 감사합니다. 💜

고객님의 목소리로 더 발전하는 슬룸이 되도록 노력하겠습니다.
감사합니다. 🙇‍♀️"
118821,2026-08-14 16:39,2026-08-10 17:15,2026-08-12 18:38,잘사용합니다. AI친절하게 답변빠르네요,,,1045,[하알라x슬룸] ★2차★ 구독자 한정 최저가 비밀링크!,114900,수량선택: 허리편한케어V2 1개 + (증정)마그네슘 시너지 크림 1개,기존리뷰,5,,1,0,1,"안녕하세요. 프리미엄 헬스테크 브랜드, 슬룸입니다.
진심 어린 소중한 후기 감사합니다. 💜

앞으로도 좋은 상품과 서비스로 고객님들을 찾아뵐 수 있도록 노력하겠습니다.
감사합니다. :)"
118822,2026-08-14 19:40,2026-07-17 13:06,2026-07-21 23:07,"디스크가 잇는 사람들른 좀 조심수럽네요
견인하고 더 나빠진듯해서 저는 베개로만 써요 
베개도 잘때는 못하겟고 좀 누워잇을때 한번씩요 
진동 안마도 너무 요란해서 오히려 어지럽고 븡편하네요",,,724,★최대할인 비밀링크★ 목베개 플러스 특가,69000,수량선택: 목베개 플러스 1개,기존리뷰,4,,0,0,1,"안녕하세요. 프리미엄 헬스테크 브랜드, 슬룸입니다.
고객님께 만족스러운 경험을 드리지 못해 대단히 죄송합니다. 😥

리뷰로는 상세한 안내가 어려워, 자세한 내용 알림톡(문자) 발송 도와드렸으니 확인 부탁드리겠습니다.
추가로 궁금하신 점이 있으시거나 문자 확인하신 후에도 해결되지 않는 경우
번거로우시겠지만 슬룸 채팅 상담을 통해 연락 주시면 빠르게 안내 도와드리겠습니다.

▶ 슬룸 채팅 상담 (※ 월-금 09:30-17:00, 주말 및 공휴일 휴무)
http://sloom.channel.io/

고객님의 목소리로 더 발전하는 슬룸이 되도록 노력하겠습니다. 감사합니다."
118823,2026-08-14 20:03,2026-08-06 14:35,2026-08-07 16:26,배송도 빠르고 제품도 좋습니다,,,1045,[하알라x슬룸] ★2차★ 구독자 한정 최저가 비밀링크!,114900,수량선택: 허리편한케어V2 1개 + (증정)마그네슘 시너지 크림 1개,기존리뷰,5,,1,0,1,"안녕하세요. 프리미엄 헬스테크 브랜드, 슬룸입니다.
진심 어린 소중한 후기 감사합니다. 💜

앞으로도 좋은 상품과 서비스로 고객님들을 찾아뵐 수 있도록 노력하겠습니다.
감사합니다. :)"
118824,2026-08-14 20:13,2026-07-25 18:18,2026-07-28 16:27,"테니스엘보우 때문에 구매 했는데,  좋네요",,,980,프리미엄 엘보케어 팔꿈치 마사지기,149000,수량선택: 팔꿈치 마사지기 1개,기존리뷰,5,,0,0,1,"안녕하세요. 프리미엄 헬스테크 브랜드, 슬룸입니다.
진심 어린 소중한 후기 감사합니다. 💜

앞으로도 좋은 상품과 서비스로 고객님들을 찾아뵐 수 있도록 노력하겠습니다.
감사합니다. :)"
118825,2026-08-14 22:42,2026-08-11 22:26,2026-08-13 13:39,감사합니다 잘쓸게요 ~,,,980,프리미엄 엘보케어 팔꿈치 마사지기,149000,수량선택: 팔꿈치 마사지기 1개 (마그네슘 시너지 크림 1개 증정),기존리뷰,5,,1,0,1,"안녕하세요. 프리미엄 헬스테크 브랜드, 슬룸입니다.
정성스럽게 올려주신 소중한 후기 감사합니다. 💜

고객님의 목소리로 더 발전하는 슬룸이 되도록 노력하겠습니다.
감사합니다. 🙇‍♀️"
118826,2026-08-15 8:04,2026-08-11 0:17,2026-08-12 16:10,시술후 안전하게 사용중입니다,8dce4df7585b,,636,허리편한케어 V2 허리 마사지기,129000,수량선택: 허리편한케어 V2 1개 (마그네슘 시너지 크림 1개 증정),모바일(팝업),5,,0,0,1,"안녕하세요. 프리미엄 헬스테크 브랜드, 슬룸입니다.
정성스럽게 올려주신 소중한 후기 감사합니다. 💜

고객님의 목소리로 더 발전하는 슬룸이 되도록 노력하겠습니다.
감사합니다. 🙇‍♀️"
118827,2026-08-16 0:31,2026-08-03 23:51,2026-08-05 13:37,너무 좋아서  대 만족합니다 ,f188229b8051,,924,발편한케어 프리미엄 EMS 발 마사지기,89000,"사이즈&세트선택: M (220-270mm), 수량선택: 발편한케어 1개",모바일,5,,1,0,1,"안녕하세요. 프리미엄 헬스테크 브랜드, 슬룸입니다.
시간 내어 소중한 후기를 작성해 주셔서 감사드립니다. :)

믿고 찾는 쇼핑몰이 되기 위해 더 좋은 상품과 서비스를 준비하겠습니다.
감사합니다. 💜"
118828,2026-08-15 4:54,2026-08-05 12:02,2026-08-06 16:16,별로네요 효능이 저랑은,,,1008,★최대할인 비밀링크★ 바디 풀고컷 경락 마사지기,89900,수량선택: 바디 풀고컷 1개 (트리플 샷 시너지 젤 1개 증정),기존리뷰,1,,0,0,1,"안녕하세요 고객님, 프리미엄 헬스테크 브랜드, 슬룸입니다.
고객님께 만족스러운 경험을 드리지 못해 대단히 죄송합니다.😥

슬룸의 모든 제품은 인체공학적으로 설계되어 편안한 사용이 가능하나 초기 사용 시 1~2주 이상의 적응 기간이 필요할 수 있습니다. 
다만 수령하신 날짜 기준으로 30일 동안 꾸준히 사용해보시고도 만족하지 못하셨을 경우에는, 슬룸에서 진행하는 <100%환불이벤트> 에 참여하여 왕복배송비 제외 전액 환불이 가능합니다.

※ 제품을 30일간 꾸준히 사용한 경우, 배송완료 후 40일이내 신청이 가능
※ 환불 서비스는 첫 구매 체험을 위한 서비스로 1회만 신청 가능

▶ <100% 환불 이벤트> 상세 환불 조건 : https://sleeplab.co.kr/notice/?page=1#13709226_notice 

슬룸을 믿고 편하게 사용 및 체험해보시고, 그럼에도 만족하시지 못하셨을 경우 슬룸 공식몰의 채널톡을 통해 이벤트 기간 내 문의 주시면 환불 접수 도움드리겠습니다."
118829,2026-08-15 8:34,2026-08-08 22:59,2026-08-11 21:05,친한 골린이 동생 선물로 줬는데 매일 사용하면서 자랑하네요 ㅎㅎ,,,980,프리미엄 엘보케어 팔꿈치 마사지기,149000,수량선택: 팔꿈치 마사지기 1개 (마그네슘 시너지 크림 1개 증정),기존리뷰,5,,0,0,1,"안녕하세요. 프리미엄 헬스테크 브랜드, 슬룸입니다.
시간 내어 소중한 후기를 작성해 주셔서 감사드립니다. :)

믿고 찾는 쇼핑몰이 되기 위해 더 좋은 상품과 서비스를 준비하겠습니다.
감사합니다. 💜"
118830,2026-08-15 9:08,2026-07-24 8:19,2026-07-25 18:37,"진짜 내최애배게 ,,,
커버를 빨지못하는게 아쉽지만 저랑잘맞아요",,,909,목 마사지 베개 V2 경추 마사지기 베개,129000,수량선택: 목 마사지 베개 V2 1개 (마그네슘 시너지 크림 1개 증정),기존리뷰,5,,0,0,1,"안녕하세요. 프리미엄 헬스테크 브랜드, 슬룸입니다.
진심 어린 소중한 후기 감사합니다. 💜

앞으로도 좋은 상품과 서비스로 고객님들을 찾아뵐 수 있도록 노력하겠습니다.
감사합니다. :)"
118831,2026-08-15 11:51,2026-08-10 23:04,2026-08-12 16:10,왠만하면 잘 안쓰는데 이거 요물입니다. 맨날하게 되네요!! 전 5점 만점에 5점,,,1045,[하알라x슬룸] ★2차★ 구독자 한정 최저가 비밀링크!,114900,수량선택: 허리편한케어V2 1개 + (증정)마그네슘 시너지 크림 1개,기존리뷰,5,,1,0,1,"안녕하세요. 프리미엄 헬스테크 브랜드, 슬룸입니다.
정성스럽게 올려주신 소중한 후기 감사합니다. 💜

고객님의 목소리로 더 발전하는 슬룸이 되도록 노력하겠습니다.
감사합니다. 🙇‍♀️"
118832,2026-08-15 12:31,2026-08-09 11:24,2026-08-11 16:13,꾸준히 쓰면 효과가 있을듯 합니다,,,724,★최대할인 비밀링크★ 목베개 플러스 특가,69000,수량선택: 목베개 플러스 1개,기존리뷰,5,,0,0,1,"안녕하세요. 프리미엄 헬스테크 브랜드, 슬룸입니다.
시간 내어 소중한 후기를 작성해 주셔서 감사드립니다. :)

믿고 찾는 쇼핑몰이 되기 위해 더 좋은 상품과 서비스를 준비하겠습니다.
감사합니다. 💜"
118833,2026-08-15 12:40,2026-08-11 0:11,2026-08-12 18:40,엄마 생일 선물로 샀어오 ㅎㅎ 족저근막염이 심하셔서 제발 좋아지셧으면 좋겠어요,,,924,발편한케어 프리미엄 EMS 발 마사지기,89000,"사이즈&세트선택: M (220-270mm), 수량선택: 발편한케어 1개",기존리뷰,5,,0,0,1,"안녕하세요. 프리미엄 헬스테크 브랜드, 슬룸입니다.
진심 어린 소중한 후기 감사합니다. 💜

앞으로도 좋은 상품과 서비스로 고객님들을 찾아뵐 수 있도록 노력하겠습니다.
감사합니다. :)"
118834,2026-08-15 12:42,2026-08-04 13:23,2026-08-05 16:12,효과가 크진 않네요.,,,100,허리편한케어 V1 허리 마사지기,129000,수량선택: 허리편한케어 V1 1개,기존리뷰,3,,1,0,1,"안녕하세요 고객님, 프리미엄 헬스테크 브랜드, 슬룸입니다.
고객님께 만족스러운 경험을 드리지 못해 대단히 죄송합니다.😥

슬룸의 모든 제품은 인체공학적으로 설계되어 편안한 사용이 가능하나 초기 사용 시 1~2주 이상의 적응 기간이 필요할 수 있습니다. 
다만 수령하신 날짜 기준으로 30일 동안 꾸준히 사용해보시고도 만족하지 못하셨을 경우에는, 슬룸에서 진행하는 <100%환불이벤트> 에 참여하여 왕복배송비 제외 전액 환불이 가능합니다.

※ 제품을 30일간 꾸준히 사용한 경우, 배송완료 후 40일이내 신청이 가능
※ 환불 서비스는 첫 구매 체험을 위한 서비스로 1회만 신청 가능

▶ <100% 환불 이벤트> 상세 환불 조건 : https://sleeplab.co.kr/notice/?page=1#13709226_notice 

슬룸을 믿고 편하게 사용 및 체험해보시고, 그럼에도 만족하시지 못하셨을 경우 슬룸 공식몰의 채널톡을 통해 이벤트 기간 내 문의 주시면 환불 접수 도움드리겠습니다."
118835,2026-08-15 16:11,2026-08-10 22:03,2026-08-12 13:45,선물로 구입했는데 넘 만족해하셔서 제가 다 뿌듯하더라구요,,,874,발편한케어 프리미엄 고주파 발 마사지기,99000,"사이즈&세트선택: M (220-270mm), 수량선택: 발편한케어 1개 (마그네슘 시너지 크림 1개 증정)",기존리뷰,5,,1,0,1,"안녕하세요. 프리미엄 헬스테크 브랜드, 슬룸입니다.
정성스럽게 올려주신 소중한 후기 감사합니다. 💜

고객님의 목소리로 더 발전하는 슬룸이 되도록 노력하겠습니다.
감사합니다. 🙇‍♀️"
118836,2026-08-15 16:24,2026-07-27 15:50,2026-07-29 13:46,음… 완벽하진 않지만 가격대비 한번씩 쓰거나 베개로도 괜찮은거 같아요,,,1043,[슬룸 4차 진행!] 코이티비 구독자 전용 ★최저가★ 비밀링크,99000,수량선택: 목 마사지 베개 V2 1개,기존리뷰,3,,2,0,1,"안녕하세요. 프리미엄 헬스테크 브랜드, 슬룸입니다.
진심 어린 소중한 후기 감사합니다. 💜

앞으로도 좋은 상품과 서비스로 고객님들을 찾아뵐 수 있도록 노력하겠습니다.
감사합니다. :)"
118837,2026-08-15 17:49,2026-08-09 23:15,2026-08-11 16:24,아주아주 배게와 허리마사지를 받으니 기분이 매우매우 좋아,,,1045,[하알라x슬룸] ★2차★ 구독자 한정 최저가 비밀링크!,114900,수량선택: ★하알라SET★ 허리편한케어V2 1개 + 목마사지베개V2 1개 + (증정)마그네슘 시너지 크림 1개 + (증정) 중형 파우치 1개,기존리뷰,5,,1,0,1,"안녕하세요. 프리미엄 헬스테크 브랜드, 슬룸입니다.
시간 내어 소중한 후기를 작성해 주셔서 감사드립니다. :)

믿고 찾는 쇼핑몰이 되기 위해 더 좋은 상품과 서비스를 준비하겠습니다.
감사합니다. 💜"
118838,2026-08-15 19:33,2026-08-08 10:29,2026-08-11 10:46,맛사지 효과가 기대이상 시원했습니다,,,909,목 마사지 베개 V2 경추 마사지기 베개,129000,수량선택: 목 마사지 베개 V2 1개 (마그네슘 시너지 크림 1개 증정),기존리뷰,5,,1,0,1,"안녕하세요. 프리미엄 헬스테크 브랜드, 슬룸입니다.
진심 어린 소중한 후기 감사합니다. 💜

앞으로도 좋은 상품과 서비스로 고객님들을 찾아뵐 수 있도록 노력하겠습니다.
감사합니다. :)"
118839,2026-08-15 20:23,2026-08-11 9:47,2026-08-12 18:36,발이 편하고 좋아요,,,924,발편한케어 프리미엄 EMS 발 마사지기,89000,"사이즈&세트선택: L (250-295mm), 수량선택: 발편한케어 1개",기존리뷰,5,,0,0,1,"안녕하세요. 프리미엄 헬스테크 브랜드, 슬룸입니다.
진심 어린 소중한 후기 감사합니다. 💜

앞으로도 좋은 상품과 서비스로 고객님들을 찾아뵐 수 있도록 노력하겠습니다.
감사합니다. :)"
118840,2026-08-15 21:36,2026-07-20 18:16,2026-07-22 18:41,집와서 사용하니 너무 좋네요!!,,,874,발편한케어 프리미엄 고주파 발 마사지기,99000,"사이즈&세트선택: L (250-295mm), 수량선택: 발편한케어 1개 (마그네슘 시너지 크림 1개 증정)",기존리뷰,5,,0,0,1,"안녕하세요. 프리미엄 헬스테크 브랜드, 슬룸입니다.
시간 내어 소중한 후기를 작성해 주셔서 감사드립니다. :)

믿고 찾는 쇼핑몰이 되기 위해 더 좋은 상품과 서비스를 준비하겠습니다.
감사합니다. 💜"
118841,2026-08-16 17:24,2026-08-07 19:43,2026-08-11 21:09,"이것들 완전히 개쓰레기입니다.
구매하시면 무조건 후회합니다.
통화는 절대불가능하게 막아놓고, 뭔 AI가 계속 기다리라는 문구만 남겨두고...
도대체 화딱지가 나서 
쫒아가서 불이라도 질러 버리고 싶은 심정입니다

에이 더러운 쓰레기
에이 퉤 퉤.",5f5f6ecc5a54,,1034,★타노스X슬룸 히든 특가★ 프리미엄 엘보케어 팔꿈치 마사지기,149000,수량선택: 팔꿈치 마사지기 1개,모바일(팝업),1,,0,0,1,"안녕하세요. 프리미엄 헬스테크 브랜드, 슬룸입니다.
고객님께 만족스러운 경험을 드리지 못해 대단히 죄송합니다. 😥

현재 슬룸은 보다 정확하고 빠른 안내를 위해 모든 상담을 채널톡 채팅 상담으로 진행하고 있어, 유선 전화 상담은 지원하지 않고 있는 점 양해 부탁드립니다.
채팅 상담 특성상 순차적으로 답변을 드리다 보니 대기 시간이 지연될 수 있는 점 다시 한 번 양해 부탁드립니다.

채팅 상담 진행 방법이 익숙하지 않으실 수 있어, 아래 링크에서 순서대로 안내해 드리고 있으니 참고 부탁드립니다.
■ 채팅 상담 방법 확인하기 : https://buly.kr/8ph9bNJ

추가로 궁금하신 점이 있으시거나 문자 확인하신 후에도 해결되지 않는 경우
번거로우시겠지만 슬룸 채팅 상담을 통해 연락 주시면 빠르게 안내 도와드리겠습니다.

▶ 슬룸 채팅 상담 (※ 월-금 09:30-17:00, 주말 및 공휴일 휴무)
http://sloom.channel.io/

고객님의 목소리로 더 발전하는 슬룸이 되도록 노력하겠습니다. 감사합니다."
118842,2026-08-16 6:42,2026-07-20 15:29,2026-07-22 13:39,효과는 좋은데 자주 안 쓰는 게으름 ㅜㅜ 승모근 조지고 자면 다음날 말랑해져있어요,,,1035,[애진X슬룸] ★단독 최대혜택★ 바디풀고컷 경락 마사지기,79900,수량선택: [68%] 바디풀고컷 1개 + 시너지 젤 2개 증정,기존리뷰,4,,1,0,1,"안녕하세요. 프리미엄 헬스테크 브랜드, 슬룸입니다.
진심 어린 소중한 후기 감사합니다. 💜

앞으로도 좋은 상품과 서비스로 고객님들을 찾아뵐 수 있도록 노력하겠습니다.
감사합니다. :)"
118843,2026-08-16 8:29,2026-08-08 9:01,2026-08-11 18:40,굿아이디어이고 좋네요잘쓸게요,,,1003,바디풀고컷 경락 마사지기,99000,수량선택: 바디 풀고컷 1개 (트리플 샷 시너지 젤 1개 증정),기존리뷰,5,,1,0,1,"안녕하세요. 프리미엄 헬스테크 브랜드, 슬룸입니다.
진심 어린 소중한 후기 감사합니다. 💜

앞으로도 좋은 상품과 서비스로 고객님들을 찾아뵐 수 있도록 노력하겠습니다.
감사합니다. :)"
118844,2026-08-16 9:50,2026-08-09 21:54,2026-08-11 13:47,좋아요 편해요 사용하고 아픔이 덜해요,,,980,프리미엄 엘보케어 팔꿈치 마사지기,149000,수량선택: 팔꿈치 마사지기 + 연장벨트 (시너지 크림 & 파우치 중형 1개 증정),기존리뷰,5,,0,0,1,"안녕하세요. 프리미엄 헬스테크 브랜드, 슬룸입니다.
진심 어린 소중한 후기 감사합니다. 💜

앞으로도 좋은 상품과 서비스로 고객님들을 찾아뵐 수 있도록 노력하겠습니다.
감사합니다. :)"
118845,2026-08-16 12:47,2026-08-08 10:07,2026-08-11 16:27,"허리디스크때문에 주문해보았습니다.
누워서 허리운동용으로 사용하기 너무 좋습니다. 다만 진동이 조금 세서 바닥에서 사용하면 많이 울리니 침대에서 사용하는것이 좋을것 같습니다.",,,636,허리편한케어 V2 허리 마사지기,129000,수량선택: 허리편한케어 V2 1개 (마그네슘 시너지 크림 1개 증정),기존리뷰,5,,0,0,1,"안녕하세요. 프리미엄 헬스테크 브랜드, 슬룸입니다.
진심 어린 소중한 후기 감사합니다. 💜

앞으로도 좋은 상품과 서비스로 고객님들을 찾아뵐 수 있도록 노력하겠습니다.
감사합니다. :)"
118846,2026-08-16 13:58,2026-08-02 15:17,2026-08-04 23:05,상세한 설명이 있어 믿고 주문 하네요.,,,724,★최대할인 비밀링크★ 목베개 플러스 특가,69000,수량선택: 목베개 플러스 1개,기존리뷰,4,,0,0,1,"안녕하세요. 프리미엄 헬스테크 브랜드, 슬룸입니다.
시간 내어 소중한 후기를 작성해 주셔서 감사드립니다. :)

믿고 찾는 쇼핑몰이 되기 위해 더 좋은 상품과 서비스를 준비하겠습니다.
감사합니다. 💜"
118847,2026-08-16 14:18,2026-08-10 16:52,2026-08-12 14:54,"리모콘이 없어서 불편하네요.
버튼이 누운 상태에서 누루기가...",,,909,목 마사지 베개 V2 경추 마사지기 베개,129000,수량선택: 목 마사지 베개 V2 1개 (마그네슘 시너지 크림 1개 증정),기존리뷰,5,,0,0,1,"안녕하세요 고객님, 프리미엄 헬스테크 브랜드, 슬룸입니다.
고객님께 만족스러운 경험을 드리지 못해 대단히 죄송합니다.😥

슬룸의 모든 제품은 인체공학적으로 설계되어 편안한 사용이 가능하나 초기 사용 시 1~2주 이상의 적응 기간이 필요할 수 있습니다. 
다만 수령하신 날짜 기준으로 30일 동안 꾸준히 사용해보시고도 만족하지 못하셨을 경우에는, 슬룸에서 진행하는 <100%환불이벤트> 에 참여하여 왕복배송비 제외 전액 환불이 가능합니다.

※ 제품을 30일간 꾸준히 사용한 경우, 배송완료 후 40일이내 신청이 가능
※ 환불 서비스는 첫 구매 체험을 위한 서비스로 1회만 신청 가능

▶ <100% 환불 이벤트> 상세 환불 조건 : https://sleeplab.co.kr/notice/?page=1#13709226_notice 

슬룸을 믿고 편하게 사용 및 체험해보시고, 그럼에도 만족하시지 못하셨을 경우 슬룸 공식몰의 채널톡을 통해 이벤트 기간 내 문의 주시면 환불 접수 도움드리겠습니다."
118848,2026-08-16 14:22,2026-07-30 22:48,2026-08-01 13:40,잘쓰고 있습니다..꾸준히 써봐야 알겠습니다,,,724,★최대할인 비밀링크★ 목베개 플러스 특가,69000,수량선택: 목베개 플러스 1개,기존리뷰,4,,0,0,1,"안녕하세요. 프리미엄 헬스테크 브랜드, 슬룸입니다.
진심 어린 소중한 후기 감사합니다. 💜

앞으로도 좋은 상품과 서비스로 고객님들을 찾아뵐 수 있도록 노력하겠습니다.
감사합니다. :)"
118849,2026-08-16 14:48,2026-07-25 17:00,2026-07-28 16:17,코이티비 믿고 한번 구입해봤는데 사용할때 소음도 시끄럽고 시원하지 않네요~ 반품도 안되고 별로입니다,,,1043,[슬룸 4차 진행!] 코이티비 구독자 전용 ★최저가★ 비밀링크,99000,수량선택: 목 마사지 베개 V2 1개,기존리뷰,1,,0,0,1,"안녕하세요 고객님, 프리미엄 헬스테크 브랜드, 슬룸입니다.
고객님께 만족스러운 경험을 드리지 못해 대단히 죄송합니다.😥

슬룸의 모든 제품은 인체공학적으로 설계되어 편안한 사용이 가능하나 초기 사용 시 1~2주 이상의 적응 기간이 필요할 수 있습니다. 
다만 수령하신 날짜 기준으로 30일 동안 꾸준히 사용해보시고도 만족하지 못하셨을 경우에는, 슬룸에서 진행하는 <100%환불이벤트> 에 참여하여 왕복배송비 제외 전액 환불이 가능합니다.

※ 제품을 30일간 꾸준히 사용한 경우, 배송완료 후 40일이내 신청이 가능
※ 환불 서비스는 첫 구매 체험을 위한 서비스로 1회만 신청 가능

▶ <100% 환불 이벤트> 상세 환불 조건 : https://sleeplab.co.kr/notice/?page=1#13709226_notice 

슬룸을 믿고 편하게 사용 및 체험해보시고, 그럼에도 만족하시지 못하셨을 경우 슬룸 공식몰의 채널톡을 통해 이벤트 기간 내 문의 주시면 환불 접수 도움드리겠습니다."
118850,2026-08-16 15:35,2026-08-13 7:45,2026-08-16 13:09,제가 엘보 수술하고 너무 아파서 구입했고 제품 오자마자 사용했는데 너무 좋아요,,,980,프리미엄 엘보케어 팔꿈치 마사지기,149000,수량선택: 팔꿈치 마사지기 1개 (마그네슘 시너지 크림 1개 증정),기존리뷰,5,,1,0,1,"안녕하세요. 프리미엄 헬스테크 브랜드, 슬룸입니다.
시간 내어 소중한 후기를 작성해 주셔서 감사드립니다. :)

믿고 찾는 쇼핑몰이 되기 위해 더 좋은 상품과 서비스를 준비하겠습니다.
감사합니다. 💜"
118851,2026-08-16 17:46,2026-06-27 15:58,2026-06-30 18:48,만족합니다.*^^*,,,909,목 마사지 베개 V2 경추 마사지기 베개,129000,수량선택: 목 마사지 베개 V2 1개,기존리뷰,5,,0,0,1,"안녕하세요. 프리미엄 헬스테크 브랜드, 슬룸입니다.
진심 어린 소중한 후기 감사합니다. 💜

앞으로도 좋은 상품과 서비스로 고객님들을 찾아뵐 수 있도록 노력하겠습니다.
감사합니다. :)"
118852,2026-08-16 20:38,2026-05-12 17:14,2026-05-14 15:38,빠른배송 좋은제품 감사합니다,,,975,[스카이x슬룸] ★구독자 한정 역대급 할인 판매★,138000,수량선택: 종아리편한케어 1개 + (증정) 마그네슘 시너지 크림 30ml 1개,기존리뷰,5,,0,0,1,"안녕하세요. 프리미엄 헬스테크 브랜드, 슬룸입니다.
정성스럽게 올려주신 소중한 후기 감사합니다. 💜

고객님의 목소리로 더 발전하는 슬룸이 되도록 노력하겠습니다.
감사합니다. 🙇‍♀️"
118853,2026-08-16 21:27,2026-08-02 12:58,2026-08-04 13:46,좋습니다 클럭같이패드가아니여서조아요,,,980,프리미엄 엘보케어 팔꿈치 마사지기,149000,수량선택: 팔꿈치 마사지기 1개 (시너지 크림 1개 증정),기존리뷰,5,,0,0,1,"안녕하세요. 프리미엄 헬스테크 브랜드, 슬룸입니다.
시간 내어 소중한 후기를 작성해 주셔서 감사드립니다. :)

믿고 찾는 쇼핑몰이 되기 위해 더 좋은 상품과 서비스를 준비하겠습니다.
감사합니다. 💜"
118854,2026-08-16 21:41,2026-08-13 21:14,2026-08-16 17:06,찜질 좋아요 안고장나길,,,724,★최대할인 비밀링크★ 목베개 플러스 특가,69000,수량선택: 목베개 플러스 1개,기존리뷰,5,,0,0,1,"안녕하세요. 프리미엄 헬스테크 브랜드, 슬룸입니다.
정성스럽게 올려주신 소중한 후기 감사합니다. 💜

고객님의 목소리로 더 발전하는 슬룸이 되도록 노력하겠습니다.
감사합니다. 🙇‍♀️"
118855,2026-08-16 22:53,2026-08-11 0:47,2026-08-12 10:41,"시원하다라는 느낌은 아직 없네요 이틀째라 그런가,.. ? 한달 써보고 리뷰할께요",,,724,★최대할인 비밀링크★ 목베개 플러스 특가,69000,수량선택: 목베개 플러스 1개,기존리뷰,5,,1,0,1,"안녕하세요. 프리미엄 헬스테크 브랜드, 슬룸입니다.
시간 내어 소중한 후기를 작성해 주셔서 감사드립니다. :)

믿고 찾는 쇼핑몰이 되기 위해 더 좋은 상품과 서비스를 준비하겠습니다.
감사합니다. 💜"
118856,2026-08-17 14:30,2026-07-21 12:17,2026-07-22 16:09,"처음엔 사용하고 허리가 너무 아파서 이게 맞나싶어서 반품해야하나 고민했는데
이십대 딸은 사용후 아프지않다고하니 나이가 들어 허리가 뻣뻣해져서 그런가 싶더라고요
허리가 따뜻해지고 전자파같은 것으로 햐 주니 좋을
것같아 꾸준히
사용해보려고합니다.",dd3f90ec2c4c,,636,허리편한케어 V2 허리 마사지기,129000,수량선택: 허리편한케어 V2 1개 (마그네슘 시너지 크림 1개 증정),반응형(내리뷰),4,,1,0,1,"안녕하세요. 프리미엄 헬스테크 브랜드, 슬룸입니다.
진심 어린 소중한 후기 감사합니다. 💜

앞으로도 좋은 상품과 서비스로 고객님들을 찾아뵐 수 있도록 노력하겠습니다.
감사합니다. :)"
118857,2026-08-17 7:09,2026-08-01 7:03,2026-08-04 21:06,빠른배송감사합니다.,,,1033,[신금동x슬룸] 최저가 마켓 OPEN,79000,수량선택: ★최저가★ 경추 마사지 베개 V2 1개 + (증정) 마그네슘 크림 1개,기존리뷰,5,,1,0,1,"안녕하세요. 프리미엄 헬스테크 브랜드, 슬룸입니다.
정성스럽게 올려주신 소중한 후기 감사합니다. 💜

고객님의 목소리로 더 발전하는 슬룸이 되도록 노력하겠습니다.
감사합니다. 🙇‍♀️"
118858,2026-08-17 15:11,2026-07-11 0:56,2026-07-14 18:53,슬룸에서 판매하는 제품이라 믿고 구매 합니다. 지난번에 다른 제품으로 사용했다가 고장 났거든요 ㅠㅠ,,,330,USB 충전 어댑터 멀티 충전기,5900,,기존리뷰,4,,1,0,1,"안녕하세요. 프리미엄 헬스테크 브랜드, 슬룸입니다.
진심 어린 소중한 후기 감사합니다. 💜

앞으로도 좋은 상품과 서비스로 고객님들을 찾아뵐 수 있도록 노력하겠습니다.
감사합니다. :)"
118859,2026-08-17 15:13,2026-07-11 0:56,2026-07-14 18:53,좋아요~ 베개로는 좀 높지만... 뒷목 어깨 뻐근할때 좋아요,,,724,★최대할인 비밀링크★ 목베개 플러스 특가,69000,수량선택: 목베개 플러스 1개,기존리뷰,5,,1,0,1,"안녕하세요. 프리미엄 헬스테크 브랜드, 슬룸입니다.
시간 내어 소중한 후기를 작성해 주셔서 감사드립니다. :)

믿고 찾는 쇼핑몰이 되기 위해 더 좋은 상품과 서비스를 준비하겠습니다.
감사합니다. 💜"
118860,2026-08-17 15:16,2026-08-12 22:07,2026-08-17 15:05,택배 빠르게 왔습니다.아직 사용 전입니다,,,636,허리편한케어 V2 허리 마사지기,129000,수량선택: 허리편한케어 V2 1개 (마그네슘 시너지 크림 1개 증정),기존리뷰,5,,2,0,1,"안녕하세요. 프리미엄 헬스테크 브랜드, 슬룸입니다.
시간 내어 소중한 후기를 작성해 주셔서 감사드립니다. :)

믿고 찾는 쇼핑몰이 되기 위해 더 좋은 상품과 서비스를 준비하겠습니다.
감사합니다. 💜"
118861,2026-08-17 17:33,2026-08-08 22:09,2026-08-11 21:10,"반신반의 하고 샀는데 만족쿠
합니다",,,909,목 마사지 베개 V2 경추 마사지기 베개,129000,수량선택: 목 마사지 베개 V2 1개 (마그네슘 시너지 크림 1개 증정),기존리뷰,5,,0,0,1,"안녕하세요. 프리미엄 헬스테크 브랜드, 슬룸입니다.
정성스럽게 올려주신 소중한 후기 감사합니다. 💜

고객님의 목소리로 더 발전하는 슬룸이 되도록 노력하겠습니다.
감사합니다. 🙇‍♀️"
118862,2026-08-17 19:59,2026-08-13 6:01,2026-08-16 13:08,휴대하기좋아요 어디서듣할수있어쇼 충전 을자주해야되는단점이있네요,,,874,발편한케어 프리미엄 고주파 발 마사지기,99000,"사이즈&세트선택: M (220-270mm), 수량선택: 발편한케어 1개 (마그네슘 시너지 크림 1개 증정)",기존리뷰,3,,1,0,1,"안녕하세요. 프리미엄 헬스테크 브랜드, 슬룸입니다.
진심 어린 소중한 후기 감사합니다. 💜

앞으로도 좋은 상품과 서비스로 고객님들을 찾아뵐 수 있도록 노력하겠습니다.
감사합니다. :)"
118863,2026-08-17 21:28,2026-08-06 9:49,2026-08-07 13:38,언니 선물해줬는데 좋아해요,,,980,프리미엄 엘보케어 팔꿈치 마사지기,149000,수량선택: 팔꿈치 마사지기 + 연장벨트 (시너지 크림 & 파우치 중형 1개 증정),기존리뷰,5,,0,0,1,"안녕하세요. 프리미엄 헬스테크 브랜드, 슬룸입니다.
정성스럽게 올려주신 소중한 후기 감사합니다. 💜

고객님의 목소리로 더 발전하는 슬룸이 되도록 노력하겠습니다.
감사합니다. 🙇‍♀️"
118864,2026-08-17 21:29,2026-08-04 13:35,2026-08-05 16:10,"목이 안좋아서 저꺼
허리 안좋은 어머니꺼
세트로~",,,626,[시그니처 세트] 허리편한케어 V2 + 목편한케어 플라잉,238000,수량선택: 시그니처 세트 (허리편한케어 V2 + 목편한케어 플라잉),기존리뷰,5,,0,0,1,"안녕하세요. 프리미엄 헬스테크 브랜드, 슬룸입니다.
진심 어린 소중한 후기 감사합니다. 💜

앞으로도 좋은 상품과 서비스로 고객님들을 찾아뵐 수 있도록 노력하겠습니다.
감사합니다. :)"
118865,2026-08-17 23:14,2026-08-12 23:10,2026-08-16 15:36,좋아요.만족합니다.,,,980,프리미엄 엘보케어 팔꿈치 마사지기,149000,수량선택: 팔꿈치 마사지기 1개 (마그네슘 시너지 크림 1개 증정),기존리뷰,5,,0,0,1,"안녕하세요. 프리미엄 헬스테크 브랜드, 슬룸입니다.
정성스럽게 올려주신 소중한 후기 감사합니다. 💜

고객님의 목소리로 더 발전하는 슬룸이 되도록 노력하겠습니다.
감사합니다. 🙇‍♀️"
118866,2026-08-18 1:15,2026-08-10 22:03,2026-08-12 16:18,목디스크가 있어서 구매했어요 마사지 기능도 좋지만 온열기능이 있어 부드럽게 긴장감도 풀어주고 일상 베개로 사용하기에도 좋습니다.,,,909,목 마사지 베개 V2 경추 마사지기 베개,129000,수량선택: 목 마사지 베개 V2 1개 (마그네슘 시너지 크림 1개 증정),기존리뷰,5,,1,0,1,"안녕하세요. 프리미엄 헬스테크 브랜드, 슬룸입니다.
시간 내어 소중한 후기를 작성해 주셔서 감사드립니다. :)

믿고 찾는 쇼핑몰이 되기 위해 더 좋은 상품과 서비스를 준비하겠습니다.
감사합니다. 💜"
118867,2026-08-18 6:11,2026-08-11 10:46,2026-08-12 16:10,"늘 손을 많이 사용하는 직업이라 손이 항상 피곤하고
손목이 아파 타 제품과 고민끝에구매 했어요
너무 좋아요 손이 편안하니 ",b7344328d4e3,,756,손편한케어 프리미엄 손 마사지기,109000,수량선택: 손편한케어 1개,모바일(팝업),5,,0,0,1,"안녕하세요. 프리미엄 헬스테크 브랜드, 슬룸입니다.
정성스럽게 올려주신 소중한 후기 감사합니다. 💜

고객님의 목소리로 더 발전하는 슬룸이 되도록 노력하겠습니다.
감사합니다. 🙇‍♀️"
118968,2026-08-10 0:00,,,진짜 이거 없었으면 어쩔 뻔ㅠㅠ 헬스 끝나고 경추가 너무 뭉쳐서 매일 고생했는데 에어백이 늘려줄 때 그 느낌이 진짜 최고예요. 온열까지 같이 켜면 완전 찜질방 수준이고요. 근데 솔직히 처음엔 좀 어색했어요 목이 들리는 느낌이 낯설어서. 지금은 그 느낌 없으면 허전할 정도예요. 강추강추!!,0a50922a76af,,909,목 마사지 베개 V2 경추 마사지기 베개,129000,,기존리뷰,5,,0,0,1,"안녕하세요. 프리미엄 헬스테크 브랜드, 슬룸입니다.
진심 어린 소중한 후기 감사합니다. 💜

앞으로도 좋은 상품과 서비스로 고객님들을 찾아뵐 수 있도록 노력하겠습니다.
감사합니다. :)"
118969,2026-08-16 0:00,,,와 진짜 대박인데요? 남편이 선물해줬는데 처음에 이게 뭐야 싶었거든요. 근데 써보니까 완전 다르더라고요. 에어백이 부풀 때 목이 자연스럽게 늘어나는데 그냥 시원해요. 온열이랑 같이 켜면 솔직히 마사지샵 안 가도 될 것 같아요. 네이비 색이 생각보다 훨씬 예쁘고요.,860344d97e3a,,909,목 마사지 베개 V2 경추 마사지기 베개,129000,,기존리뷰,5,,0,0,1,"안녕하세요. 프리미엄 헬스테크 브랜드, 슬룸입니다.
정성스럽게 올려주신 소중한 후기 감사합니다. 💜

고객님의 목소리로 더 발전하는 슬룸이 되도록 노력하겠습니다.
감사합니다. 🙇‍♀️"
118970,2026-08-17 0:00,,,기대 반 걱정 반으로 구매했는데 완전 만족이에요. 처음 에어백 켰을 때 목이 위로 살짝 들리는 느낌이 신기해서 웃었는데 시원하더라고요ㅋㅋ 온열 2단계가 제 피부엔 딱인 것 같아요. 진동은 릴렉스 모드 위주로 쓰는데 자기 전에 쓰면 진짜 금방 잠들어요.,5f062021c74a,,909,목 마사지 베개 V2 경추 마사지기 베개,129000,,기존리뷰,5,,0,0,1,"안녕하세요. 프리미엄 헬스테크 브랜드, 슬룸입니다.
시간 내어 소중한 후기를 작성해 주셔서 감사드립니다. :)

믿고 찾는 쇼핑몰이 되기 위해 더 좋은 상품과 서비스를 준비하겠습니다.
감사합니다. 💜"
118971,2026-08-11 0:00,,,솔직히 처음엔 베개 모양이 이상하다 생각했어요. 근데 써보니까 이 모양이어야 하는 이유가 있더라고요. 목이 자연스럽게 C자로 잡히면서 에어백이 눌러줄 때 뭔가 제자리 찾아가는 느낌? 온열 켜면 거기다 따뜻함까지 더해져서 좋아요. 무선인 것도 너무 편하고.,84e18037cf93,,909,목 마사지 베개 V2 경추 마사지기 베개,129000,,기존리뷰,5,,0,0,1,"안녕하세요. 프리미엄 헬스테크 브랜드, 슬룸입니다.
시간 내어 소중한 후기를 작성해 주셔서 감사드립니다. :)

믿고 찾는 쇼핑몰이 되기 위해 더 좋은 상품과 서비스를 준비하겠습니다.
감사합니다. 💜"
118972,2026-08-14 0:00,,,야근 많은 직장인인데 이거 사기 잘했어요. 퇴근하면 경추가 돌처럼 굳어서 오는데 집에서 10~15분만 써도 다음날이 달라요. 에어백 강도 조절할 수 있는 게 포인트인데 처음엔 약하게 쓰다가 지금은 복합 모드로 써요. 온열이랑 진동 같이 켜는 게 제 최애 조합이에요.,839891b116f1,,909,목 마사지 베개 V2 경추 마사지기 베개,129000,,기존리뷰,5,,0,0,1,"안녕하세요. 프리미엄 헬스테크 브랜드, 슬룸입니다.
정성스럽게 올려주신 소중한 후기 감사합니다. 💜

고객님의 목소리로 더 발전하는 슬룸이 되도록 노력하겠습니다.
감사합니다. 🙇‍♀️"
118973,2026-08-08 0:00,,,목 뻐근한 게 당연한 줄 알고 살았는데 이거 쓰고 나서 아 이게 안 뻐근해도 되는 거였구나 알았어요ㅠ 에어백이 천천히 부풀면서 스트레칭해줄 때 처음엔 너무 시원해서 소리 질렀어요ㅋㅋㅋ 이제 매일 자기 전에 쓰는 루틴이 생겼고 아침에 일어날 때가 달라졌어요.,8916c2a476fa,,909,목 마사지 베개 V2 경추 마사지기 베개,129000,,기존리뷰,5,,0,0,1,"안녕하세요. 프리미엄 헬스테크 브랜드, 슬룸입니다.
정성스럽게 올려주신 소중한 후기 감사합니다. 💜

고객님의 목소리로 더 발전하는 슬룸이 되도록 노력하겠습니다.
감사합니다. 🙇‍♀️"
118975,2026-08-16 0:00,,,마사지샵 다닐 돈이 없어서 이거 샀는데 투자 잘한 것 같아요ㅎ 에어백이 목을 늘려줄 때 그 시원한 느낌이 진짜 마사지사 손이랑 비슷해요. 온열 켜면 뭉친 근육이 녹는 느낌이고요. 쓰다가 잠들었는데 타이머 덕분에 자동으로 꺼져서 좋았어요. 네이비 색도 예쁘고.,5397130c35fb,,909,목 마사지 베개 V2 경추 마사지기 베개,129000,,기존리뷰,5,,0,0,1,"안녕하세요. 프리미엄 헬스테크 브랜드, 슬룸입니다.
진심 어린 소중한 후기 감사합니다. 💜

앞으로도 좋은 상품과 서비스로 고객님들을 찾아뵐 수 있도록 노력하겠습니다.
감사합니다. :)"
118976,2026-08-15 0:00,,,이거 처음 쓸 때 남편이 옆에서 왜 목이 올라가냐고 신기해했어요ㅋㅋ 에어백이 경추를 들어 올릴 때 외부에서 보면 신기하게 보이나봐요. 근데 그 느낌이 너무 시원해서 이제 안 쓰면 허전해요. 온열이랑 같이 쓰면 출장 다녀와서 피곤한 날도 금방 회복돼요.,bf3520a3810e,,909,목 마사지 베개 V2 경추 마사지기 베개,129000,,기존리뷰,5,,0,0,1,"안녕하세요. 프리미엄 헬스테크 브랜드, 슬룸입니다.
진심 어린 소중한 후기 감사합니다. 💜

앞으로도 좋은 상품과 서비스로 고객님들을 찾아뵐 수 있도록 노력하겠습니다.
감사합니다. :)"
118977,2026-08-16 0:00,,,처음에 에어백 기능이 뭔지 몰랐는데 써보니까 완전 신세계예요. 목이 자연스럽게 늘어나는 게 스트레칭인데 혼자 하는 것보다 훨씬 깊이 들어가는 느낌? 진동이랑 온열까지 켜면 진짜 풀코스 마사지 받는 기분이에요. 15분 타이머 있어서 잠들어도 걱정 없고요.,86c6812df529,,909,목 마사지 베개 V2 경추 마사지기 베개,129000,,기존리뷰,5,,0,0,1,"안녕하세요. 프리미엄 헬스테크 브랜드, 슬룸입니다.
시간 내어 소중한 후기를 작성해 주셔서 감사드립니다. :)

믿고 찾는 쇼핑몰이 되기 위해 더 좋은 상품과 서비스를 준비하겠습니다.
감사합니다. 💜"
118978,2026-08-11 0:00,,,경추 디스크 소견받고 관리 시작했는데 의사가 집에서도 케어 하라고 해서 이거 구매했어요. 에어백이 병원 견인 치료 느낌이랑 좀 비슷한 것 같아요. 처음엔 무섭기도 했는데 강도 조절하면서 쓰다 보니까 지금은 편안하게 쓰고 있어요. 온열이 근육 이완에 도움이 되는 것 같고요.,085eb756bef1,,909,목 마사지 베개 V2 경추 마사지기 베개,129000,,기존리뷰,5,,0,0,1,"안녕하세요. 프리미엄 헬스테크 브랜드, 슬룸입니다.
정성스럽게 올려주신 소중한 후기 감사합니다. 💜

고객님의 목소리로 더 발전하는 슬룸이 되도록 노력하겠습니다.
감사합니다. 🙇‍♀️"
118980,2026-08-17 0:00,,,저 원래 마사지 기기 잘 안 믿는 편인데 이거는 달라요. 에어백으로 경추를 실제로 늘려주는 원리가 다른 진동 마사지기랑 완전히 다르거든요. 써보면 바로 차이 느껴요. 온열이 더해지면 근육이 진짜 부드러워지는 게 느껴지고요. 한 달 쓰고 리뷰 쓰는데 만족도 100%예요.,66db5a59b55b,,909,목 마사지 베개 V2 경추 마사지기 베개,129000,,기존리뷰,5,,0,0,1,"안녕하세요. 프리미엄 헬스테크 브랜드, 슬룸입니다.
시간 내어 소중한 후기를 작성해 주셔서 감사드립니다. :)

믿고 찾는 쇼핑몰이 되기 위해 더 좋은 상품과 서비스를 준비하겠습니다.
감사합니다. 💜"
118981,2026-08-02 0:00,,,야 이거 진짜 좋다ㅋㅋㅋ 친구가 써보라길래 반신반의하면서 썼는데 에어백 켜자마자 아 이거구나 싶었어요. 목이 늘어나는 그 순간이 너무 시원해서 자꾸 켜게 돼요. 진동이랑 온열도 같이 켜면 완전 힐링이에요. 타이머 있어서 자다 일어나면 꺼져있는 것도 좋고.,7cf3a6df1a79,,909,목 마사지 베개 V2 경추 마사지기 베개,129000,,기존리뷰,5,,0,0,1,"안녕하세요. 프리미엄 헬스테크 브랜드, 슬룸입니다.
진심 어린 소중한 후기 감사합니다. 💜

앞으로도 좋은 상품과 서비스로 고객님들을 찾아뵐 수 있도록 노력하겠습니다.
감사합니다. :)"
118982,2026-08-06 0:00,,,피부과 치료 때문에 파스 못 붙이게 됐는데 이게 대안이 됐어요. 오히려 파스보다 더 직접적으로 케어가 돼서 좋아요. 에어백이 경추를 자극하는 방식이 파스랑 완전 다르거든요. 온열이 따뜻하게 감싸줘서 피부 자극 없이 케어할 수 있어요. 무선이라 들고 다니기도 편하고요.,1d7c9f21ab2b,,909,목 마사지 베개 V2 경추 마사지기 베개,129000,,기존리뷰,3,,0,0,1,"안녕하세요. 프리미엄 헬스테크 브랜드, 슬룸입니다.
정성스럽게 올려주신 소중한 후기 감사합니다. 💜

고객님의 목소리로 더 발전하는 슬룸이 되도록 노력하겠습니다.
감사합니다. 🙇‍♀️"
118983,2026-08-14 0:00,,,요즘 재택근무가 길어지면서 경추가 너무 안 좋아졌는데 이거 쓰면서 관리하고 있어요. 에어백이 굳은 경추를 부드럽게 풀어줘서 오전 오후로 나눠서 쓰고 있어요. 온열이랑 진동 같이 켜면 짧은 시간에도 효과가 좋더라고요. 15분이면 충분한 게 바쁜 사람한테 딱이에요.,f353f3bdfc88,,909,목 마사지 베개 V2 경추 마사지기 베개,129000,,기존리뷰,4,,0,0,1,"안녕하세요. 프리미엄 헬스테크 브랜드, 슬룸입니다.
진심 어린 소중한 후기 감사합니다. 💜

앞으로도 좋은 상품과 서비스로 고객님들을 찾아뵐 수 있도록 노력하겠습니다.
감사합니다. :)"
118984,2026-08-09 0:00,,,원래 마사지 받으러 가는 걸 좋아했는데 시간이 없어서 이거 샀어요. 솔직히 마사지샵 가는 거랑 비교하면 안 되겠지만 집에서 이 정도면 충분해요. 에어백이 경추를 잡아줄 때 시원한 느낌은 비슷하고요. 온열 켜면 따뜻한 것도 마사지샵 느낌이 살짝 나요.,8e7c73a02409,,909,목 마사지 베개 V2 경추 마사지기 베개,129000,,기존리뷰,5,,0,0,1,"안녕하세요. 프리미엄 헬스테크 브랜드, 슬룸입니다.
진심 어린 소중한 후기 감사합니다. 💜

앞으로도 좋은 상품과 서비스로 고객님들을 찾아뵐 수 있도록 노력하겠습니다.
감사합니다. :)"
118985,2026-08-03 0:00,,,임신 중에 경추가 많이 안 좋아졌는데 약을 못 먹으니까 이거로 관리하고 있어요. 에어백 강도를 약하게 해서 쓰는데도 효과가 있어요. 온열은 1단계로만 쓰는데 적당히 따뜻해서 좋고요. 릴렉스 진동 모드로 자기 전에 쓰면 잠도 잘 와요. 무선이라 자세 바꾸면서 쓰기도 편해요.,1ae06166a5d2,,909,목 마사지 베개 V2 경추 마사지기 베개,129000,,기존리뷰,5,,0,0,1,"안녕하세요. 프리미엄 헬스테크 브랜드, 슬룸입니다.
시간 내어 소중한 후기를 작성해 주셔서 감사드립니다. :)

믿고 찾는 쇼핑몰이 되기 위해 더 좋은 상품과 서비스를 준비하겠습니다.
감사합니다. 💜"
118986,2026-08-03 0:00,,,어머니 선물로 사드렸는데 너무 좋아하세요ㅠㅠ 처음엔 이런 거 잘 모르신다고 하셨는데 에어백 모드 알려드리니까 매일 쓰신대요. 온열 기능이 따뜻해서 특히 겨울에 좋다고 하시고요. 15분 타이머 기능이 자동으로 꺼줘서 안심된다고 하셨어요. 네이비 색이 예쁘다고도 하시고요.,cbb72ebfc437,,909,목 마사지 베개 V2 경추 마사지기 베개,129000,,기존리뷰,5,,0,0,1,"안녕하세요. 프리미엄 헬스테크 브랜드, 슬룸입니다.
정성스럽게 올려주신 소중한 후기 감사합니다. 💜

고객님의 목소리로 더 발전하는 슬룸이 되도록 노력하겠습니다.
감사합니다. 🙇‍♀️"
118987,2026-08-04 0:00,,,30대 중반에 갑자기 경추가 안 좋아지기 시작했는데 이거 쓰면서 관리하고 있어요. 에어백이 경추를 자연스럽게 늘려줄 때 진짜 전문 케어받는 느낌이에요. 온열이랑 진동 같이 켜면 저한테는 집중 모드가 제일 시원하더라고요. 아침저녁으로 쓰는 게 루틴이 됐어요.,21b3dd89bf19,,909,목 마사지 베개 V2 경추 마사지기 베개,129000,,기존리뷰,5,,0,0,1,"안녕하세요. 프리미엄 헬스테크 브랜드, 슬룸입니다.
정성스럽게 올려주신 소중한 후기 감사합니다. 💜

고객님의 목소리로 더 발전하는 슬룸이 되도록 노력하겠습니다.
감사합니다. 🙇‍♀️"
118988,2026-08-13 0:00,,,남편 선물 고민하다가 이거 샀는데 완전 대성공이에요ㅋㅋ 처음엔 별로 안 좋아할 것 같았는데 첫날부터 매일 쓰더라고요. 에어백 느낌이 신기하다고 처음에 웃었는데 지금은 먼저 챙겨서 켜요. 온열 기능이 특히 좋다고 하고요. 타이머 있어서 잠들어도 괜찮다고 좋아해요.,d5749efd4328,,909,목 마사지 베개 V2 경추 마사지기 베개,129000,,기존리뷰,5,,0,0,1,"안녕하세요. 프리미엄 헬스테크 브랜드, 슬룸입니다.
시간 내어 소중한 후기를 작성해 주셔서 감사드립니다. :)

믿고 찾는 쇼핑몰이 되기 위해 더 좋은 상품과 서비스를 준비하겠습니다.
감사합니다. 💜"
118989,2026-08-08 0:00,,,대학원생인데 논문 쓰느라 오래 앉아있다가 경추가 심하게 뭉쳤어요. 파스 붙이고 버티다가 이거 구매했는데 진짜 달라요. 에어백이 굳은 경추를 천천히 늘려줄 때 시원함이 느껴지고 온열이 더해지면 뭉침이 빠르게 해소돼요. 이제는 논문 쓰다 지치면 이거 먼저 켜요.,fe1340e391df,,909,목 마사지 베개 V2 경추 마사지기 베개,129000,,기존리뷰,5,,0,0,1,"안녕하세요. 프리미엄 헬스테크 브랜드, 슬룸입니다.
정성스럽게 올려주신 소중한 후기 감사합니다. 💜

고객님의 목소리로 더 발전하는 슬룸이 되도록 노력하겠습니다.
감사합니다. 🙇‍♀️"
118990,2026-08-04 0:00,,,50대인데 요즘 경추가 너무 안 좋더라고요. 젊을 때랑 달리 금방 굳고 잘 안 풀려서 걱정됐는데 이거 쓰면서 많이 나아졌어요. 에어백이 굳은 근육을 천천히 이완시켜줘서 처음엔 좀 오래 걸렸는데 꾸준히 쓰니까 효과가 느껴져요. 온열이 따뜻하게 감싸줘서 나이 들수록 더 필요한 느낌이에요.,82d8d00173a1,,909,목 마사지 베개 V2 경추 마사지기 베개,129000,,기존리뷰,4,,0,0,1,"안녕하세요. 프리미엄 헬스테크 브랜드, 슬룸입니다.
정성스럽게 올려주신 소중한 후기 감사합니다. 💜

고객님의 목소리로 더 발전하는 슬룸이 되도록 노력하겠습니다.
감사합니다. 🙇‍♀️"
118991,2026-08-15 0:00,,,필라테스 다니는데 선생님이 경추 관리 제품 추천해줘서 샀어요. 에어백이 경추 정렬을 잡아줘서 필라테스 효과가 더 잘 나오는 것 같아요. 운동 전에 쓰면 워밍업이 되고 운동 후에 쓰면 회복이 빨라요. 진동이랑 온열 같이 켜면 효과가 배가 되는 것 같아요.,2ed8541499f7,,909,목 마사지 베개 V2 경추 마사지기 베개,129000,,기존리뷰,5,,0,0,1,"안녕하세요. 프리미엄 헬스테크 브랜드, 슬룸입니다.
진심 어린 소중한 후기 감사합니다. 💜

앞으로도 좋은 상품과 서비스로 고객님들을 찾아뵐 수 있도록 노력하겠습니다.
감사합니다. :)"
118992,2026-08-17 0:00,,,간호사라 12시간 근무하면서 경추가 너무 힘든데 퇴근하고 이거 쓰면 살아나는 느낌이에요. 에어백이 직업적으로 굳은 경추를 부드럽게 풀어줘서 다음 근무를 버틸 수 있어요. 온열이랑 진동 집중 모드 조합이 제일 효과적이더라고요. 타이머 있어서 잠들어도 안심이에요.,4db51a90081d,,909,목 마사지 베개 V2 경추 마사지기 베개,129000,,기존리뷰,4,,0,0,1,"안녕하세요. 프리미엄 헬스테크 브랜드, 슬룸입니다.
진심 어린 소중한 후기 감사합니다. 💜

앞으로도 좋은 상품과 서비스로 고객님들을 찾아뵐 수 있도록 노력하겠습니다.
감사합니다. :)"
118996,2026-08-08 0:00,,,편집증적으로 리뷰 다 읽고 샀는데 역시 좋네요ㅎㅎ 에어백이 경추를 늘려주는 원리가 다른 제품들이랑 확실히 달라요. 처음엔 좀 어색했는데 익숙해지면 이 느낌이 없으면 허전해요. 온열이랑 진동 조합은 취향에 맞게 조절하면 되고요. 네이비 색이 방에 잘 어울려요.,140e3f7c3d96,,909,목 마사지 베개 V2 경추 마사지기 베개,129000,,기존리뷰,3,,0,0,1,"안녕하세요. 프리미엄 헬스테크 브랜드, 슬룸입니다.
진심 어린 소중한 후기 감사합니다. 💜

앞으로도 좋은 상품과 서비스로 고객님들을 찾아뵐 수 있도록 노력하겠습니다.
감사합니다. :)"
118997,2026-08-09 0:00,,,경추 때문에 병원을 자주 다녔는데 의사가 집에서도 케어 하면 좋다고 해서 이거 구매했어요. 에어백이 병원에서 하는 견인 치료랑 비슷한 느낌이에요. 처음엔 강도 낮게 쓰다가 조금씩 올렸는데 지금은 복합 모드로 편하게 써요. 온열이랑 같이 쓰면 효과가 더 좋은 것 같아요.,226f28102843,,909,목 마사지 베개 V2 경추 마사지기 베개,129000,,기존리뷰,4,,0,0,1,"안녕하세요. 프리미엄 헬스테크 브랜드, 슬룸입니다.
진심 어린 소중한 후기 감사합니다. 💜

앞으로도 좋은 상품과 서비스로 고객님들을 찾아뵐 수 있도록 노력하겠습니다.
감사합니다. :)"
118998,2026-08-15 0:00,,,저 평소에 쇼핑을 잘 안 하는데 이거 정말 필요해서 샀어요. 에어백이 경추를 잡아당겨줄 때 그 느낌이 진짜 시원한데 말로 표현이 안 돼요. 온열 켜면 뭔가 따뜻하게 감싸지는 느낌이고 진동까지 켜면 완전 좋아요. 타이머 있어서 잠들어도 걱정 없는 것도 포인트예요.,090582e65694,,909,목 마사지 베개 V2 경추 마사지기 베개,129000,,기존리뷰,5,,0,0,1,"안녕하세요. 프리미엄 헬스테크 브랜드, 슬룸입니다.
시간 내어 소중한 후기를 작성해 주셔서 감사드립니다. :)

믿고 찾는 쇼핑몰이 되기 위해 더 좋은 상품과 서비스를 준비하겠습니다.
감사합니다. 💜"
119000,2026-08-16 0:00,,,완전 회의적이었는데 써보니까 인정할 수밖에 없어요. 에어백이 경추를 실제로 늘려주는 게 느껴지거든요. 단순 진동 마사지기랑은 차원이 다른 느낌이에요. 온열이 더해지면 근육이 진짜 부드러워지는 게 느껴지고요. 자동 타이머가 있어서 잠들어도 안심이에요.,30f92f853bfd,,909,목 마사지 베개 V2 경추 마사지기 베개,129000,,기존리뷰,4,,0,0,1,"안녕하세요. 프리미엄 헬스테크 브랜드, 슬룸입니다.
진심 어린 소중한 후기 감사합니다. 💜

앞으로도 좋은 상품과 서비스로 고객님들을 찾아뵐 수 있도록 노력하겠습니다.
감사합니다. :)"
119001,2026-08-09 0:00,,,이거 쓰기 전엔 경추 때문에 잠을 제대로 못 잤는데 지금은 훨씬 나아졌어요. 에어백 마사지 후에 그대로 잠들면 아침에 목이 가벼운 게 확연히 달라요. 온열이랑 릴렉스 진동 조합이 수면 전에 딱이에요. C커브 덕분에 잠드는 자세도 교정되는 것 같고요.,926a078c4764,,909,목 마사지 베개 V2 경추 마사지기 베개,129000,,기존리뷰,5,,0,0,1,"안녕하세요. 프리미엄 헬스테크 브랜드, 슬룸입니다.
시간 내어 소중한 후기를 작성해 주셔서 감사드립니다. :)

믿고 찾는 쇼핑몰이 되기 위해 더 좋은 상품과 서비스를 준비하겠습니다.
감사합니다. 💜"
119002,2026-08-18 0:00,,,40대 직장인인데 경추가 요즘 너무 안 좋아서 샀어요. 처음엔 에어백이 부풀 때 무서웠는데ㅋㅋ 강도 낮게 조절해서 쓰다 보니까 이제 편안해요. 온열이 따뜻하게 감싸줘서 저한텐 특히 겨울에 효과적이에요. 퇴근 후에 15분만 써도 충분히 풀리는 것 같아요.,09d92bf43e6a,,909,목 마사지 베개 V2 경추 마사지기 베개,129000,,기존리뷰,5,,0,0,1,"안녕하세요. 프리미엄 헬스테크 브랜드, 슬룸입니다.
진심 어린 소중한 후기 감사합니다. 💜

앞으로도 좋은 상품과 서비스로 고객님들을 찾아뵐 수 있도록 노력하겠습니다.
감사합니다. :)"
119003,2026-08-17 0:00,,,수영 다니는데 물속에서도 경추에 부담이 많이 가나봐요. 이거 수영 후에 쓰면 회복이 훨씬 빠른 것 같아요. 에어백이 운동으로 긴장된 근육을 부드럽게 늘려줘요. 온열이랑 집중 진동 조합이 운동 후에 딱이고요. 무선이라 어디서든 꺼내 쓸 수 있어서 좋아요.,cd9e3158f9ae,,909,목 마사지 베개 V2 경추 마사지기 베개,129000,,기존리뷰,5,,0,0,1,"안녕하세요. 프리미엄 헬스테크 브랜드, 슬룸입니다.
진심 어린 소중한 후기 감사합니다. 💜

앞으로도 좋은 상품과 서비스로 고객님들을 찾아뵐 수 있도록 노력하겠습니다.
감사합니다. :)"
119004,2026-08-03 0:00,,,남친이 어깨 주물러주는 거 이제 안 해줘서ㅋㅋㅋ 이거 샀는데 진짜 잘 산 것 같아요. 에어백이 경추를 잡아줄 때 시원함이 손 느낌이랑 비슷하달까요? 온열이랑 진동 같이 켜면 완전 힐링이에요. 15분 타이머 있어서 잠들어도 되는 것도 좋아요.,ca35d28d9f88,,909,목 마사지 베개 V2 경추 마사지기 베개,129000,,기존리뷰,5,,0,0,1,"안녕하세요. 프리미엄 헬스테크 브랜드, 슬룸입니다.
진심 어린 소중한 후기 감사합니다. 💜

앞으로도 좋은 상품과 서비스로 고객님들을 찾아뵐 수 있도록 노력하겠습니다.
감사합니다. :)"
119009,2026-08-06 0:00,,,처음엔 가격 때문에 망설였는데 지금은 더 일찍 살걸 하는 생각이 들어요. 에어백이 경추를 늘려줄 때 그 느낌이 진짜 다른 제품이랑 달라요. 단순히 진동만 주는 게 아니라 실제로 스트레칭이 되니까요. 온열이 더해지면 근육이 빠르게 이완되는 게 느껴지고요.,07b91ddc8e9a,,909,목 마사지 베개 V2 경추 마사지기 베개,129000,,기존리뷰,5,,0,0,1,"안녕하세요. 프리미엄 헬스테크 브랜드, 슬룸입니다.
시간 내어 소중한 후기를 작성해 주셔서 감사드립니다. :)

믿고 찾는 쇼핑몰이 되기 위해 더 좋은 상품과 서비스를 준비하겠습니다.
감사합니다. 💜"
119013,2026-08-11 0:00,,,이거 쓰고 나서 마사지샵 예약을 취소했어요ㅋㅋㅋ 반은 농담이지만 진짜로 이 정도면 충분하다 싶어요. 에어백이 경추를 잡아당겨줄 때 마사지사 손 느낌이랑 비슷하고요. 온열 켜면 더 깊이 이완되는 게 느껴져요. 타이머 있어서 잠들어도 걱정 없는 것도 좋아요.,313d8d2b943a,,909,목 마사지 베개 V2 경추 마사지기 베개,129000,,기존리뷰,4,,0,0,1,"안녕하세요. 프리미엄 헬스테크 브랜드, 슬룸입니다.
시간 내어 소중한 후기를 작성해 주셔서 감사드립니다. :)

믿고 찾는 쇼핑몰이 되기 위해 더 좋은 상품과 서비스를 준비하겠습니다.
감사합니다. 💜"
119016,2026-08-16 0:00,,,경추 때문에 잠을 잘 못 자다가 이거 쓰면서 수면이 안정됐어요. 에어백 마사지 후에 그대로 잠들면 아침에 경추가 개운해요. C커브가 잠드는 자세를 잡아줘서 도움이 되는 것 같고요. 온열이랑 릴렉스 진동 조합이 수면 유도에 정말 좋아요. 타이머 있어서 걱정 없고요.,3de6159f3c0f,,909,목 마사지 베개 V2 경추 마사지기 베개,129000,,기존리뷰,5,,0,0,1,"안녕하세요. 프리미엄 헬스테크 브랜드, 슬룸입니다.
정성스럽게 올려주신 소중한 후기 감사합니다. 💜

고객님의 목소리로 더 발전하는 슬룸이 되도록 노력하겠습니다.
감사합니다. 🙇‍♀️"
119017,2026-08-16 0:00,,,60대 부모님 선물로 샀는데 두 분 다 너무 좋아하세요. 어머니는 특히 온열 기능이 좋다고 하시고 아버지는 에어백 모드가 마음에 든다고 하세요. 처음엔 사용법 알려드리는 게 좀 걸렸는데 이제 두 분이서 알아서 잘 쓰세요. 부모님 선물로 강추해요.,e73546c3104f,,909,목 마사지 베개 V2 경추 마사지기 베개,129000,,기존리뷰,5,,0,0,1,"안녕하세요. 프리미엄 헬스테크 브랜드, 슬룸입니다.
정성스럽게 올려주신 소중한 후기 감사합니다. 💜

고객님의 목소리로 더 발전하는 슬룸이 되도록 노력하겠습니다.
감사합니다. 🙇‍♀️"
119018,2026-08-18 0:00,,,PT 받으면서 경추 관리도 같이 해야 한다고 해서 이거 샀어요. 에어백이 경추 정렬을 잡아줘서 PT 효과가 더 잘 나오는 것 같아요. 운동 전에 쓰면 워밍업 효과가 있고 운동 후엔 회복이 빨라요. 온열이랑 진동 집중 모드 조합이 특히 좋아요.,987eea985079,,909,목 마사지 베개 V2 경추 마사지기 베개,129000,,기존리뷰,5,,0,0,1,"안녕하세요. 프리미엄 헬스테크 브랜드, 슬룸입니다.
정성스럽게 올려주신 소중한 후기 감사합니다. 💜

고객님의 목소리로 더 발전하는 슬룸이 되도록 노력하겠습니다.
감사합니다. 🙇‍♀️"
119019,2026-08-15 0:00,,,코딩 작업을 오래 하다 보면 경추가 진짜 심하게 뭉치는데 이거 쓰면서 버티고 있어요. 에어백이 굳은 경추를 부드럽게 이완시켜줘서 다음 날 컨디션이 달라요. 온열이랑 진동 같이 켜면 짧은 시간에도 효과가 좋아요. 무선이라 어디서든 꺼내 쓸 수 있어서 실용적이에요.,b74e447f2375,,909,목 마사지 베개 V2 경추 마사지기 베개,129000,,기존리뷰,5,,0,0,1,"안녕하세요. 프리미엄 헬스테크 브랜드, 슬룸입니다.
시간 내어 소중한 후기를 작성해 주셔서 감사드립니다. :)

믿고 찾는 쇼핑몰이 되기 위해 더 좋은 상품과 서비스를 준비하겠습니다.
감사합니다. 💜"
119020,2026-08-15 0:00,,,처음에 베개형 마사지기가 뭔지 몰랐는데 써보고 나서 이게 왜 베개 모양인지 이해했어요. 누워서 경추를 자연스럽게 케어받을 수 있다는 게 포인트더라고요. 에어백이 경추를 받쳐주면서 늘려줄 때 정말 편안해요. 온열이랑 진동까지 켜면 완전 힐링이에요.,9775ed94d8ac,,909,목 마사지 베개 V2 경추 마사지기 베개,129000,,기존리뷰,5,,0,0,1,"안녕하세요. 프리미엄 헬스테크 브랜드, 슬룸입니다.
진심 어린 소중한 후기 감사합니다. 💜

앞으로도 좋은 상품과 서비스로 고객님들을 찾아뵐 수 있도록 노력하겠습니다.
감사합니다. :)"
119021,2026-08-07 0:00,,,경추 때문에 항상 자기 전에 뒤척였는데 이거 쓰기 시작하면서 잠들기가 훨씬 편해졌어요. 에어백이 하루 동안 쌓인 긴장을 풀어줘서 자는 동안 자세가 안정돼요. 온열이랑 릴렉스 진동 조합이 수면 전에 딱이고요. C커브가 잠드는 자세를 잡아줘서 좋아요.,ce24c3b4dc38,,909,목 마사지 베개 V2 경추 마사지기 베개,129000,,기존리뷰,5,,0,0,1,"안녕하세요. 프리미엄 헬스테크 브랜드, 슬룸입니다.
시간 내어 소중한 후기를 작성해 주셔서 감사드립니다. :)

믿고 찾는 쇼핑몰이 되기 위해 더 좋은 상품과 서비스를 준비하겠습니다.
감사합니다. 💜"
119023,2026-08-02 0:00,,,항상 경추가 굳어있다는 말을 들었는데 이거 쓰면서 달라지고 있어요. 에어백이 굳어있던 근육을 조금씩 이완시켜줘서 유연성이 좋아지는 게 느껴져요. 온열이랑 진동 같이 켜면 깊은 근육까지 케어가 되는 것 같아요. 타이머 있어서 잠들어도 안심이에요.,bd6f4699db7d,,909,목 마사지 베개 V2 경추 마사지기 베개,129000,,기존리뷰,4,,0,0,1,"안녕하세요. 프리미엄 헬스테크 브랜드, 슬룸입니다.
진심 어린 소중한 후기 감사합니다. 💜

앞으로도 좋은 상품과 서비스로 고객님들을 찾아뵐 수 있도록 노력하겠습니다.
감사합니다. :)"
119027,2026-08-11 0:00,,,경추 때문에 집중력이 자꾸 흐트러져서 힘들었는데 이거 쓰면서 나아졌어요. 에어백이 경추를 이완시켜줄 때 머리도 맑아지는 것 같아요. 온열이랑 진동 같이 켜면 15분 안에 효과가 느껴져요. 타이머 있어서 자도 걱정 없고요. 네이비 색이 방에 잘 어울려요.,c29ddf450ae9,,909,목 마사지 베개 V2 경추 마사지기 베개,129000,,기존리뷰,5,,0,0,1,"안녕하세요. 프리미엄 헬스테크 브랜드, 슬룸입니다.
시간 내어 소중한 후기를 작성해 주셔서 감사드립니다. :)

믿고 찾는 쇼핑몰이 되기 위해 더 좋은 상품과 서비스를 준비하겠습니다.
감사합니다. 💜"
119028,2026-08-03 0:00,,,유학 중에 경추가 너무 안 좋아져서 걱정됐는데 이거 챙겨오길 잘했어요. 타지에서 마사지샵 찾기 어려운데 이거 있으면 집에서 관리할 수 있어서 좋아요. 에어백이 경추를 잡아줄 때 그 시원함이 스트레스까지 풀어줘요. 온열이 따뜻하게 감싸줘서 마음도 편안해지는 것 같고요.,51e61fc488a2,,909,목 마사지 베개 V2 경추 마사지기 베개,129000,,기존리뷰,5,,0,0,1,"안녕하세요. 프리미엄 헬스테크 브랜드, 슬룸입니다.
정성스럽게 올려주신 소중한 후기 감사합니다. 💜

고객님의 목소리로 더 발전하는 슬룸이 되도록 노력하겠습니다.
감사합니다. 🙇‍♀️"
119029,2026-08-10 0:00,,,경추 관련해서 이것저것 써봤는데 에어백 기능은 진짜 처음이에요. 기존 진동 마사지기랑 완전히 다른 방식이라 효과도 달라요. 실제로 경추가 늘어나는 게 느껴지거든요. 온열이 더해지면 근육이 부드러워지는 게 확실히 느껴지고요. 강추예요.,1b9a2f8c44f4,,909,목 마사지 베개 V2 경추 마사지기 베개,129000,,기존리뷰,5,,0,0,1,"안녕하세요. 프리미엄 헬스테크 브랜드, 슬룸입니다.
진심 어린 소중한 후기 감사합니다. 💜

앞으로도 좋은 상품과 서비스로 고객님들을 찾아뵐 수 있도록 노력하겠습니다.
감사합니다. :)"
119030,2026-08-10 0:00,,,"처음에 모드가 많아서 어떻게 쓰는지 헷갈렸는데 써보면서 하나씩 파악했어요. 저는 에어백은 릴렉스 모드, 진동은 집중 모드, 온열은 2단계 조합이 제일 좋더라고요. 자기 전에 이 조합으로 쓰면 잠도 잘 와요. 타이머가 알아서 꺼줘서 편하고요.",530a19dd4ea7,,909,목 마사지 베개 V2 경추 마사지기 베개,129000,,기존리뷰,3,,0,0,1,"안녕하세요. 프리미엄 헬스테크 브랜드, 슬룸입니다.
정성스럽게 올려주신 소중한 후기 감사합니다. 💜

고객님의 목소리로 더 발전하는 슬룸이 되도록 노력하겠습니다.
감사합니다. 🙇‍♀️"
119031,2026-08-04 0:00,,,경추 때문에 두통도 같이 왔는데 이거 쓰면서 두통 빈도가 줄었어요. 에어백이 경추를 늘려줄 때 머리까지 시원해지는 느낌이에요. 온열이 혈액순환을 도와줘서 그런 것 같아요. 자동 타이머 있어서 쓰다 잠들어도 걱정 없고요. 만족도 높아요.,be46a2143861,,909,목 마사지 베개 V2 경추 마사지기 베개,129000,,기존리뷰,5,,0,0,1,"안녕하세요. 프리미엄 헬스테크 브랜드, 슬룸입니다.
정성스럽게 올려주신 소중한 후기 감사합니다. 💜

고객님의 목소리로 더 발전하는 슬룸이 되도록 노력하겠습니다.
감사합니다. 🙇‍♀️"
119032,2026-08-15 0:00,,,"운동 시작하면서 경추 관리 필요성을 알게 됐어요. 이거 운동 전후로 쓰는데 전에 쓰면 워밍업, 후에 쓰면 회복이 빨라요. 에어백이 경추를 부드럽게 이완시켜줘서 운동 퍼포먼스에도 영향이 있는 것 같아요. 온열이랑 진동 같이 켜는 게 제 최애 조합이에요.",fb434b78f6a8,,909,목 마사지 베개 V2 경추 마사지기 베개,129000,,기존리뷰,3,,0,0,1,"안녕하세요. 프리미엄 헬스테크 브랜드, 슬룸입니다.
진심 어린 소중한 후기 감사합니다. 💜

앞으로도 좋은 상품과 서비스로 고객님들을 찾아뵐 수 있도록 노력하겠습니다.
감사합니다. :)"
119033,2026-08-10 0:00,,,자기 전에 핸드폰 보는 대신 이거로 바꿨어요. 에어백이 경추를 이완시켜줄 때 하루의 긴장이 풀리고 온열이랑 릴렉스 진동 켜면 잠이 솔솔 와요. 15분이면 충분한 게 바쁜 일상에 딱이에요. 타이머가 알아서 꺼줘서 걱정 없이 잠들 수 있어요.,b26bf9927ae4,,909,목 마사지 베개 V2 경추 마사지기 베개,129000,,기존리뷰,4,,0,0,1,"안녕하세요. 프리미엄 헬스테크 브랜드, 슬룸입니다.
정성스럽게 올려주신 소중한 후기 감사합니다. 💜

고객님의 목소리로 더 발전하는 슬룸이 되도록 노력하겠습니다.
감사합니다. 🙇‍♀️"
119034,2026-08-11 0:00,,,경추가 좀 좋아지나 했는데 바빠지면 다시 나빠지는 악순환이었는데 이거 쓰면서 바쁜 시기에도 관리가 되고 있어요. 에어백이 짧은 시간에도 효과적으로 케어해줘서 시간이 없어도 쓸 수 있어요. 온열이랑 진동 같이 쓰면 15분 안에 효과가 느껴져요.,25049a65039c,,909,목 마사지 베개 V2 경추 마사지기 베개,129000,,기존리뷰,5,,0,0,1,"안녕하세요. 프리미엄 헬스테크 브랜드, 슬룸입니다.
정성스럽게 올려주신 소중한 후기 감사합니다. 💜

고객님의 목소리로 더 발전하는 슬룸이 되도록 노력하겠습니다.
감사합니다. 🙇‍♀️"
119035,2026-08-02 0:00,,,한의원이랑 이거 같이 병행하고 있는데 회복이 훨씬 빠른 것 같아요. 에어백이 한의원에서 받는 것이랑 비슷한 효과가 있는 것 같아요. 온열이 따뜻하게 감싸줘서 한의원 뜸 뜨는 느낌이랑 비슷하기도 하고요ㅋㅋ 집에서 매일 관리할 수 있어서 좋아요.,fbb395d703ea,,909,목 마사지 베개 V2 경추 마사지기 베개,129000,,기존리뷰,5,,0,0,1,"안녕하세요. 프리미엄 헬스테크 브랜드, 슬룸입니다.
시간 내어 소중한 후기를 작성해 주셔서 감사드립니다. :)

믿고 찾는 쇼핑몰이 되기 위해 더 좋은 상품과 서비스를 준비하겠습니다.
감사합니다. 💜"
119036,2026-08-02 0:00,,,경추가 아파서 잠을 자도 개운하지 않았는데 이거 쓰면서 아침에 일어날 때가 달라졌어요. 에어백 마사지 후에 그대로 잠들면 자는 동안 경추가 자연스럽게 유지되는 것 같아요. 온열이랑 릴렉스 진동 조합이 수면 질 향상에 효과적이에요.,7063cc5c6a85,,909,목 마사지 베개 V2 경추 마사지기 베개,129000,,기존리뷰,5,,0,0,1,"안녕하세요. 프리미엄 헬스테크 브랜드, 슬룸입니다.
정성스럽게 올려주신 소중한 후기 감사합니다. 💜

고객님의 목소리로 더 발전하는 슬룸이 되도록 노력하겠습니다.
감사합니다. 🙇‍♀️"
119037,2026-08-16 0:00,,,엄마가 경추가 안 좋으셔서 선물했는데 매일 챙겨 쓰신대요. 에어백이 경추를 늘려줄 때 시원하다고 하시고 온열이 따뜻해서 특히 좋으신가봐요. 타이머 있어서 자다 일어나면 꺼져있어서 안심된다고 하시고요. 선물로 진짜 잘 선택한 것 같아요.,c8167cf1d81a,,909,목 마사지 베개 V2 경추 마사지기 베개,129000,,기존리뷰,5,,0,0,1,"안녕하세요. 프리미엄 헬스테크 브랜드, 슬룸입니다.
진심 어린 소중한 후기 감사합니다. 💜

앞으로도 좋은 상품과 서비스로 고객님들을 찾아뵐 수 있도록 노력하겠습니다.
감사합니다. :)"
119038,2026-08-02 0:00,,,경추 통증이 팔까지 내려오는 게 있었는데 이거 꾸준히 쓰면서 그 증상이 많이 줄었어요. 에어백이 경추를 늘려줄 때 신경 압박이 완화되는 것 같아요. 온열이랑 진동 같이 켜면 깊은 근육까지 케어가 되는 것 같고요. 타이머 있어서 자도 걱정 없어요.,64a80bc55094,,909,목 마사지 베개 V2 경추 마사지기 베개,129000,,기존리뷰,5,,0,0,1,"안녕하세요. 프리미엄 헬스테크 브랜드, 슬룸입니다.
진심 어린 소중한 후기 감사합니다. 💜

앞으로도 좋은 상품과 서비스로 고객님들을 찾아뵐 수 있도록 노력하겠습니다.
감사합니다. :)"
119039,2026-08-15 0:00,,,이거 써보고 나서 기존에 쓰던 마사지기는 안 쓰게 됐어요. 에어백으로 경추를 직접 늘려주는 방식이 완전히 다르거든요. 처음엔 좀 무섭기도 했는데 익숙해지면 이 느낌이 없으면 허전해요. 온열이랑 진동 같이 쓰면 마사지샵 수준이에요.,6aa31e3b0527,,909,목 마사지 베개 V2 경추 마사지기 베개,129000,,기존리뷰,5,,0,0,1,"안녕하세요. 프리미엄 헬스테크 브랜드, 슬룸입니다.
진심 어린 소중한 후기 감사합니다. 💜

앞으로도 좋은 상품과 서비스로 고객님들을 찾아뵐 수 있도록 노력하겠습니다.
감사합니다. :)"
119040,2026-08-18 0:00,,,경추가 뭉치면 집중력이 바닥나는 편인데 이거 쓰고 나면 다시 살아나는 기분이에요. 에어백이 경추를 이완시켜줄 때 머리가 맑아지는 것 같아요. 온열이랑 진동 같이 켜면 15분 만에 개운해지는 게 신기해요. 무선이라 어디서든 꺼내 쓸 수 있어서 실용적이에요.,cb780d08426e,,909,목 마사지 베개 V2 경추 마사지기 베개,129000,,기존리뷰,5,,0,0,1,"안녕하세요. 프리미엄 헬스테크 브랜드, 슬룸입니다.
진심 어린 소중한 후기 감사합니다. 💜

앞으로도 좋은 상품과 서비스로 고객님들을 찾아뵐 수 있도록 노력하겠습니다.
감사합니다. :)"
119041,2026-08-09 0:00,,,처음엔 비싸다 싶었는데 쓰면서 가성비 좋다는 생각으로 바뀌었어요. 마사지샵 한 번 가는 비용으로 매일 쓸 수 있으니까요. 에어백이 경추를 잡아당겨줄 때 그 시원함이 중독성 있어요. 온열이랑 진동 같이 켜면 진짜 마사지 받는 느낌이에요.,6fd44e53f5d0,,909,목 마사지 베개 V2 경추 마사지기 베개,129000,,기존리뷰,5,,0,0,1,"안녕하세요. 프리미엄 헬스테크 브랜드, 슬룸입니다.
정성스럽게 올려주신 소중한 후기 감사합니다. 💜

고객님의 목소리로 더 발전하는 슬룸이 되도록 노력하겠습니다.
감사합니다. 🙇‍♀️"
119043,2026-08-18 0:00,,,오십대라 경추가 점점 안 좋아지는데 이거 쓰면서 관리하고 있어요. 에어백이 굳은 근육을 부드럽게 이완시켜줘서 꾸준히 쓰면 효과가 느껴져요. 온열이 따뜻하게 감싸줘서 나이 들수록 더 필요한 케어예요. 진동이랑 같이 쓰면 마사지 받는 것 같아요.,4f8a732e1404,,909,목 마사지 베개 V2 경추 마사지기 베개,129000,,기존리뷰,5,,0,0,1,"안녕하세요. 프리미엄 헬스테크 브랜드, 슬룸입니다.
시간 내어 소중한 후기를 작성해 주셔서 감사드립니다. :)

믿고 찾는 쇼핑몰이 되기 위해 더 좋은 상품과 서비스를 준비하겠습니다.
감사합니다. 💜"
119044,2026-08-18 0:00,,,친구 따라 이거 샀는데 완전 잘 샀어요. 에어백이 경추를 잡아줄 때 그 느낌이 진짜 시원해서 매일 찾게 돼요. 온열이랑 진동 같이 쓰면 힐링 타임이 되고요. 타이머 있어서 잠들어도 안심이에요. 무선이라 어디서든 편하게 쓸 수 있어서 좋아요.,74a6273b943d,,909,목 마사지 베개 V2 경추 마사지기 베개,129000,,기존리뷰,5,,0,0,1,"안녕하세요. 프리미엄 헬스테크 브랜드, 슬룸입니다.
시간 내어 소중한 후기를 작성해 주셔서 감사드립니다. :)

믿고 찾는 쇼핑몰이 되기 위해 더 좋은 상품과 서비스를 준비하겠습니다.
감사합니다. 💜"
119047,2026-08-05 0:00,,,경추가 항상 아파서 이거저거 다 써봤는데 에어백 기능이 있는 건 이게 처음이에요. 기존 제품이랑 확실히 다른 게 느껴져요. 경추가 실제로 늘어나는 게 느껴지거든요. 온열이 더해지면 근육이 부드러워지는 것도 느껴지고요. 만족도 높아요.,33731f119a45,,909,목 마사지 베개 V2 경추 마사지기 베개,129000,,기존리뷰,5,,0,0,1,"안녕하세요. 프리미엄 헬스테크 브랜드, 슬룸입니다.
진심 어린 소중한 후기 감사합니다. 💜

앞으로도 좋은 상품과 서비스로 고객님들을 찾아뵐 수 있도록 노력하겠습니다.
감사합니다. :)"
119048,2026-08-11 0:00,,,드디어 경추 관리를 시작했는데 이거 고른 게 잘 된 것 같아요. 에어백이 경추를 잡아줄 때 그 시원함이 진짜 필요했던 케어였어요. 온열이랑 진동 같이 쓰면 마사지 받는 것 같고요. 타이머 있어서 잠들어도 걱정 없어요. 네이비 색도 예쁘고요.,52c667fa0fed,,909,목 마사지 베개 V2 경추 마사지기 베개,129000,,기존리뷰,5,,0,0,1,"안녕하세요. 프리미엄 헬스테크 브랜드, 슬룸입니다.
진심 어린 소중한 후기 감사합니다. 💜

앞으로도 좋은 상품과 서비스로 고객님들을 찾아뵐 수 있도록 노력하겠습니다.
감사합니다. :)"
119049,2026-08-03 0:00,,,이거 한 달 넘게 쓰고 있는데 경추가 확실히 달라졌어요. 처음엔 그냥 시원하다 정도였는데 꾸준히 쓰다 보니 경추 자체가 유연해진 것 같아요. 에어백이 굳어있던 근육을 조금씩 이완시켜줘서 그런 것 같고요. 온열이랑 진동 같이 쓰는 게 제 루틴이에요.,5ff47e1e1c99,,909,목 마사지 베개 V2 경추 마사지기 베개,129000,,기존리뷰,3,,0,0,1,"안녕하세요. 프리미엄 헬스테크 브랜드, 슬룸입니다.
정성스럽게 올려주신 소중한 후기 감사합니다. 💜

고객님의 목소리로 더 발전하는 슬룸이 되도록 노력하겠습니다.
감사합니다. 🙇‍♀️"
119050,2026-08-15 0:00,,,이거 진짜 인생템이에요ㅠㅠ 경추 때문에 매일 고생했는데 이거 쓰면서 진짜 달라졌거든요. 에어백이 경추를 늘려줄 때 그 시원함이 말로 표현 안 돼요. 온열이랑 진동 같이 켜면 마사지샵이 따로 없어요. 타이머 있어서 잠들어도 안심이고요.,89aec5d515a2,,909,목 마사지 베개 V2 경추 마사지기 베개,129000,,기존리뷰,5,,0,0,1,"안녕하세요. 프리미엄 헬스테크 브랜드, 슬룸입니다.
진심 어린 소중한 후기 감사합니다. 💜

앞으로도 좋은 상품과 서비스로 고객님들을 찾아뵐 수 있도록 노력하겠습니다.
감사합니다. :)"
119051,2026-08-03 0:00,,,리뷰 이렇게 많이 쓰는 편 아닌데 이건 써야할 것 같아서요. 에어백 기능이 진짜 신기하고 효과도 달라요. 경추가 실제로 늘어나는 게 느껴지거든요. 온열이 더해지면 근육이 부드러워지는 것도 확실히 느껴지고요. 강력 추천해요.,7e7979d8e065,,909,목 마사지 베개 V2 경추 마사지기 베개,129000,,기존리뷰,5,,0,0,1,"안녕하세요. 프리미엄 헬스테크 브랜드, 슬룸입니다.
시간 내어 소중한 후기를 작성해 주셔서 감사드립니다. :)

믿고 찾는 쇼핑몰이 되기 위해 더 좋은 상품과 서비스를 준비하겠습니다.
감사합니다. 💜"
119053,2026-08-06 0:00,,,와 이거 진짜 대박인데ㅋㅋㅋ 경추 뭉침으로 고생하는 분들 무조건 써보세요. 에어백이 부풀 때 처음엔 어색한데 익숙해지면 이 느낌 없으면 못 살아요. 온열 켜면 더 깊이 이완되는 게 느껴지고 진동까지 켜면 완전 힐링이에요.,2c783e9584b6,,909,목 마사지 베개 V2 경추 마사지기 베개,129000,,기존리뷰,5,,0,0,1,"안녕하세요. 프리미엄 헬스테크 브랜드, 슬룸입니다.
진심 어린 소중한 후기 감사합니다. 💜

앞으로도 좋은 상품과 서비스로 고객님들을 찾아뵐 수 있도록 노력하겠습니다.
감사합니다. :)"
119054,2026-08-11 0:00,,,경추 관리 포기하고 살았는데 이거 쓰면서 다시 희망이 생겼어요ㅎㅎ 에어백이 굳어있던 경추를 조금씩 이완시켜줘서 꾸준히 쓰면 달라지는 게 느껴져요. 온열이랑 진동 같이 쓰는 게 제 루틴이 됐어요. 무선이라 어디서든 쓸 수 있어서 실용적이에요.,5d25b04cda80,,909,목 마사지 베개 V2 경추 마사지기 베개,129000,,기존리뷰,4,,0,0,1,"안녕하세요. 프리미엄 헬스테크 브랜드, 슬룸입니다.
정성스럽게 올려주신 소중한 후기 감사합니다. 💜

고객님의 목소리로 더 발전하는 슬룸이 되도록 노력하겠습니다.
감사합니다. 🙇‍♀️"
119055,2026-08-18 0:00,,,이거 쓰기 전이랑 후가 확실히 달라요. 에어백이 경추를 늘려줄 때 그 시원함이 진짜 필요했던 케어예요. 온열이랑 진동 같이 켜면 마사지 받는 것 같고요. 15분이면 충분한 게 바쁜 일상에 딱이에요. 타이머가 알아서 꺼줘서 편해요.,f23310a13cb6,,909,목 마사지 베개 V2 경추 마사지기 베개,129000,,기존리뷰,5,,0,0,1,"안녕하세요. 프리미엄 헬스테크 브랜드, 슬룸입니다.
시간 내어 소중한 후기를 작성해 주셔서 감사드립니다. :)

믿고 찾는 쇼핑몰이 되기 위해 더 좋은 상품과 서비스를 준비하겠습니다.
감사합니다. 💜"
119056,2026-08-01 0:00,,,경추 관련 제품을 많이 써봤는데 에어백 기능은 진짜 처음이에요. 다른 방식이라 효과도 달라요. 경추가 실제로 늘어나는 느낌이 있거든요. 온열이 더해지면 근육이 이완되는 게 더 잘 느껴지고요. 만족스러워요.,2f6e8b28fd9f,,909,목 마사지 베개 V2 경추 마사지기 베개,129000,,기존리뷰,5,,0,0,1,"안녕하세요. 프리미엄 헬스테크 브랜드, 슬룸입니다.
진심 어린 소중한 후기 감사합니다. 💜

앞으로도 좋은 상품과 서비스로 고객님들을 찾아뵐 수 있도록 노력하겠습니다.
감사합니다. :)"
119057,2026-08-06 0:00,,,이거 쓰고 나서 경추 걱정이 줄었어요. 에어백이 하루 동안 쌓인 긴장을 풀어줘서 퇴근 후에 10분만 써도 달라요. 온열이랑 진동 같이 켜면 마사지 받는 것 같아요. 무선이라 어디서든 꺼내 쓸 수 있어서 실용적이에요.,e8edb9056a3b,,909,목 마사지 베개 V2 경추 마사지기 베개,129000,,기존리뷰,3,,0,0,1,"안녕하세요. 프리미엄 헬스테크 브랜드, 슬룸입니다.
시간 내어 소중한 후기를 작성해 주셔서 감사드립니다. :)

믿고 찾는 쇼핑몰이 되기 위해 더 좋은 상품과 서비스를 준비하겠습니다.
감사합니다. 💜"
119058,2026-08-03 0:00,,,처음에 이게 효과가 있나 의심했는데 써보고 나서 인정했어요. 에어백이 경추를 실제로 늘려주는 방식이 다른 제품이랑 달라요. 온열이 더해지면 근육이 빠르게 이완되는 게 느껴지고요. 꾸준히 쓰면 효과가 확실해요.,4e33790c1e9f,,909,목 마사지 베개 V2 경추 마사지기 베개,129000,,기존리뷰,5,,0,0,1,"안녕하세요. 프리미엄 헬스테크 브랜드, 슬룸입니다.
정성스럽게 올려주신 소중한 후기 감사합니다. 💜

고객님의 목소리로 더 발전하는 슬룸이 되도록 노력하겠습니다.
감사합니다. 🙇‍♀️"
119059,2026-08-16 0:00,,,자기 전 루틴으로 자리잡았어요. 에어백이 경추를 이완시켜줄 때 하루의 긴장이 자연스럽게 풀리고 온열이랑 릴렉스 진동 켜면 잠이 솔솔 와요. 타이머가 알아서 꺼줘서 걱정 없이 잠들 수 있고요. C커브 덕분에 잠드는 자세도 좋아진 것 같아요.,76108a80c407,,909,목 마사지 베개 V2 경추 마사지기 베개,129000,,기존리뷰,4,,0,0,1,"안녕하세요. 프리미엄 헬스테크 브랜드, 슬룸입니다.
시간 내어 소중한 후기를 작성해 주셔서 감사드립니다. :)

믿고 찾는 쇼핑몰이 되기 위해 더 좋은 상품과 서비스를 준비하겠습니다.
감사합니다. 💜"
119060,2026-08-11 0:00,,,경추 때문에 항상 고생했는데 이거 쓰면서 일상이 달라졌어요. 에어백이 경추를 늘려줄 때 그 시원함이 중독성 있어요. 온열이랑 집중 진동 조합이 특히 효과적이고요. 무선이라 어디서든 쓸 수 있어서 좋아요.,ab037deb636e,,909,목 마사지 베개 V2 경추 마사지기 베개,129000,,기존리뷰,5,,0,0,1,"안녕하세요. 프리미엄 헬스테크 브랜드, 슬룸입니다.
시간 내어 소중한 후기를 작성해 주셔서 감사드립니다. :)

믿고 찾는 쇼핑몰이 되기 위해 더 좋은 상품과 서비스를 준비하겠습니다.
감사합니다. 💜"
119061,2026-08-06 0:00,,,이거 진짜 효과 있어요. 경추가 뭉치면 두통까지 왔는데 이거 쓰면서 두통 빈도가 줄었어요. 에어백이 경추를 늘려줄 때 머리까지 시원해지는 느낌이에요. 온열이 혈액순환을 도와줘서 그런 것 같아요. 강추해요.,cd6618a5d7fc,,909,목 마사지 베개 V2 경추 마사지기 베개,129000,,기존리뷰,4,,0,0,1,"안녕하세요. 프리미엄 헬스테크 브랜드, 슬룸입니다.
시간 내어 소중한 후기를 작성해 주셔서 감사드립니다. :)

믿고 찾는 쇼핑몰이 되기 위해 더 좋은 상품과 서비스를 준비하겠습니다.
감사합니다. 💜"
119064,2026-08-03 0:00,,,이거 써보고 주변에 다 추천했어요. 에어백으로 경추를 직접 케어하는 방식이 특별해요. 처음 써보는 분들이 다 신기해하더라고요. 온열이랑 진동 같이 쓰면 마사지 전문점에 온 것 같다고 하고요. 강력 추천해요.,4c3796c0d70a,,909,목 마사지 베개 V2 경추 마사지기 베개,129000,,기존리뷰,5,,0,0,1,"안녕하세요. 프리미엄 헬스테크 브랜드, 슬룸입니다.
진심 어린 소중한 후기 감사합니다. 💜

앞으로도 좋은 상품과 서비스로 고객님들을 찾아뵐 수 있도록 노력하겠습니다.
감사합니다. :)"
119065,2026-08-10 0:00,,,경추 뻐근한 게 너무 오래돼서 당연한 줄 알았는데 이거 쓰고 나서 아 이렇게 시원할 수 있구나 알았어요. 에어백이 경추를 늘려줄 때 그 시원함이 진짜 새로워요. 온열이랑 진동 같이 켜면 힐링이에요. 타이머 있어서 자도 안심이고요.,71d91bcc45ac,,909,목 마사지 베개 V2 경추 마사지기 베개,129000,,기존리뷰,5,,0,0,1,"안녕하세요. 프리미엄 헬스테크 브랜드, 슬룸입니다.
시간 내어 소중한 후기를 작성해 주셔서 감사드립니다. :)

믿고 찾는 쇼핑몰이 되기 위해 더 좋은 상품과 서비스를 준비하겠습니다.
감사합니다. 💜"
119066,2026-08-15 0:00,,,한 달째 쓰고 있는데 경추가 확실히 달라졌어요. 처음엔 그냥 시원하다 정도였는데 꾸준히 쓰다 보니 경추가 유연해진 게 느껴져요. 에어백이 굳어있던 근육을 조금씩 이완시켜줘서 그런 것 같아요. 온열이랑 진동 같이 쓰는 게 제 루틴이에요.,b6b145997a8c,,909,목 마사지 베개 V2 경추 마사지기 베개,129000,,기존리뷰,4,,0,0,1,"안녕하세요. 프리미엄 헬스테크 브랜드, 슬룸입니다.
진심 어린 소중한 후기 감사합니다. 💜

앞으로도 좋은 상품과 서비스로 고객님들을 찾아뵐 수 있도록 노력하겠습니다.
감사합니다. :)"
119067,2026-08-11 0:00,,,경추 관련해서 이것저것 써봤는데 이게 제일 효과적인 것 같아요. 에어백으로 실제로 늘려주는 방식이 다른 제품이랑 달라서요. 온열이 더해지면 근육이 이완되는 게 확실히 느껴지고요. 무선이라 어디서든 쓸 수 있어서 실용적이에요.,8cbb47578697,,909,목 마사지 베개 V2 경추 마사지기 베개,129000,,기존리뷰,5,,0,0,1,"안녕하세요. 프리미엄 헬스테크 브랜드, 슬룸입니다.
정성스럽게 올려주신 소중한 후기 감사합니다. 💜

고객님의 목소리로 더 발전하는 슬룸이 되도록 노력하겠습니다.
감사합니다. 🙇‍♀️"
119168,2026-08-10 0:00,,,팔꿈치 통증이 있을 때 반죽하기 무서웠어요. 힘 주는 동작이 팔꿈치에 충격이 되니까요. 케어 후 빵 만들기를 다시 시작했어요. 홈베이킹을 되찾은 게 이 제품 덕분이에요.,c135c0c311b4,,980,프리미엄 엘보케어 팔꿈치 마사지기,149000,,기존리뷰,5,,0,0,1,"안녕하세요. 프리미엄 헬스테크 브랜드, 슬룸입니다.
진심 어린 소중한 후기 감사합니다. 💜

앞으로도 좋은 상품과 서비스로 고객님들을 찾아뵐 수 있도록 노력하겠습니다.
감사합니다. :)"
119169,2026-08-16 0:00,,,"형이랑 동생이랑 저, 셋이 다 팔꿈치 통증이 있어서 형제끼리 공동구매했어요. 각자 다른 원인인데 셋 다 효과 봤어요. 운동 강도가 높은 형, 컴퓨터 작업 많은 동생, 집안일 하는 저. 원인 상관없이 효과 있는 제품이에요.",a28bfac7c65b,,980,프리미엄 엘보케어 팔꿈치 마사지기,149000,,기존리뷰,5,,0,0,1,"안녕하세요. 프리미엄 헬스테크 브랜드, 슬룸입니다.
시간 내어 소중한 후기를 작성해 주셔서 감사드립니다. :)

믿고 찾는 쇼핑몰이 되기 위해 더 좋은 상품과 서비스를 준비하겠습니다.
감사합니다. 💜"
119170,2026-08-17 0:00,,,"무릎 케어 후 카펫에 앉아서 아이랑 보드게임 하는 게 가능해졌어요. 예전엔 바닥에 앉는 자세 자체가 힘들었는데, 이제는 아이 눈높이에서 함께할 수 있어요. 부모로서의 순간을 되찾았어요.",191e36dc7964,,980,프리미엄 엘보케어 팔꿈치 마사지기,149000,,기존리뷰,5,,0,0,1,"안녕하세요. 프리미엄 헬스테크 브랜드, 슬룸입니다.
진심 어린 소중한 후기 감사합니다. 💜

앞으로도 좋은 상품과 서비스로 고객님들을 찾아뵐 수 있도록 노력하겠습니다.
감사합니다. :)"
119171,2026-08-11 0:00,,,"무릎 연장벨트 케어하면서 산책 코스를 바꿨어요. 이전엔 평지만 고집했는데, 이제는 언덕 있는 코스도 도전하고 있어요. 무릎 자신감이 산책 반경을 넓혀줬어요.",e6d682e03683,,980,프리미엄 엘보케어 팔꿈치 마사지기,149000,,기존리뷰,4,,0,0,1,"안녕하세요. 프리미엄 헬스테크 브랜드, 슬룸입니다.
정성스럽게 올려주신 소중한 후기 감사합니다. 💜

고객님의 목소리로 더 발전하는 슬룸이 되도록 노력하겠습니다.
감사합니다. 🙇‍♀️"
119172,2026-08-14 0:00,,,무릎 케어 후 친구랑 탁구 다시 치기 시작했어요. 운동하다 무릎 때문에 거절했던 친구 제안을 이제는 받아들일 수 있게 됐어요. 관계가 회복된 느낌이에요.,d1f4090ac00a,,980,프리미엄 엘보케어 팔꿈치 마사지기,149000,,기존리뷰,5,,0,0,1,"안녕하세요. 프리미엄 헬스테크 브랜드, 슬룸입니다.
정성스럽게 올려주신 소중한 후기 감사합니다. 💜

고객님의 목소리로 더 발전하는 슬룸이 되도록 노력하겠습니다.
감사합니다. 🙇‍♀️"
119173,2026-08-08 0:00,,,팔꿈치 통증이 있었을 때 악수하기 불편했어요. 상대방 손을 힘 있게 잡지 못하니까 인상이 약해 보일 것 같아서 스트레스였거든요. 케어 후 자신 있게 악수할 수 있게 됐어요.,5ed71f2bde82,,980,프리미엄 엘보케어 팔꿈치 마사지기,149000,,기존리뷰,5,,0,0,1,"안녕하세요. 프리미엄 헬스테크 브랜드, 슬룸입니다.
정성스럽게 올려주신 소중한 후기 감사합니다. 💜

고객님의 목소리로 더 발전하는 슬룸이 되도록 노력하겠습니다.
감사합니다. 🙇‍♀️"
119175,2026-08-16 0:00,,,"무릎 케어 후 쪼그려 앉아서 반찬 꺼내기가 편해졌어요. 예전엔 무릎 구부리는 게 무서워서 위에 있는 것만 꺼냈는데, 이제는 아래 칸 물건도 편하게 꺼낼 수 있어요.",d2da10c82308,,980,프리미엄 엘보케어 팔꿈치 마사지기,149000,,기존리뷰,4,,0,0,1,"안녕하세요. 프리미엄 헬스테크 브랜드, 슬룸입니다.
시간 내어 소중한 후기를 작성해 주셔서 감사드립니다. :)

믿고 찾는 쇼핑몰이 되기 위해 더 좋은 상품과 서비스를 준비하겠습니다.
감사합니다. 💜"
119176,2026-08-15 0:00,,,팔꿈치 통증 있을 때 악수를 피했어요. 아플 것 같아서요. 케어 후 두려움 없이 손 내밀 수 있게 됐어요. 사람들과 자연스럽게 만날 수 있게 된 것도 케어 덕분이에요.,9bd850c59f7c,,980,프리미엄 엘보케어 팔꿈치 마사지기,149000,,기존리뷰,5,,0,0,1,"안녕하세요. 프리미엄 헬스테크 브랜드, 슬룸입니다.
진심 어린 소중한 후기 감사합니다. 💜

앞으로도 좋은 상품과 서비스로 고객님들을 찾아뵐 수 있도록 노력하겠습니다.
감사합니다. :)"
119177,2026-08-16 0:00,,,"팔꿈치 통증으로 수화를 배우다가 멈췄는데, 케어 후 다시 시작했어요. 수화가 손 동작 위주인데 팔꿈치 상태가 영향을 주더라고요. 배움을 이어갈 수 있게 됐어요.",9f8712d9b4c8,,980,프리미엄 엘보케어 팔꿈치 마사지기,149000,,기존리뷰,5,,0,0,1,"안녕하세요. 프리미엄 헬스테크 브랜드, 슬룸입니다.
정성스럽게 올려주신 소중한 후기 감사합니다. 💜

고객님의 목소리로 더 발전하는 슬룸이 되도록 노력하겠습니다.
감사합니다. 🙇‍♀️"
119178,2026-08-11 0:00,,,"케어 후 피아노 스케일 연습이 더 정확해졌어요. 손가락 독립성이 전완근 상태와 연결돼 있다는 걸 몰랐는데, 전완근이 풀리니까 손가락 움직임이 더 자유로워진 거예요.",ab94ce99cc0e,,980,프리미엄 엘보케어 팔꿈치 마사지기,149000,,기존리뷰,4,,0,0,1,"안녕하세요. 프리미엄 헬스테크 브랜드, 슬룸입니다.
시간 내어 소중한 후기를 작성해 주셔서 감사드립니다. :)

믿고 찾는 쇼핑몰이 되기 위해 더 좋은 상품과 서비스를 준비하겠습니다.
감사합니다. 💜"
119180,2026-08-17 0:00,,,한방병원 원장님이 집에서 할 수 있는 보조 케어 추천해주셔서 찾아봤어요. EMS 기기 중에 팔꿈치 전용인 이걸 선택했어요. 원장님도 보조 케어로 좋다고 하셔서 안심하고 쓰고 있어요.,0c95266bf317,,980,프리미엄 엘보케어 팔꿈치 마사지기,149000,,기존리뷰,5,,0,0,1,"안녕하세요. 프리미엄 헬스테크 브랜드, 슬룸입니다.
진심 어린 소중한 후기 감사합니다. 💜

앞으로도 좋은 상품과 서비스로 고객님들을 찾아뵐 수 있도록 노력하겠습니다.
감사합니다. :)"
119181,2026-08-02 0:00,,,"케어 루틴이 생기면서 저녁 시간 배분이 달라졌어요. 예전엔 퇴근하면 바로 TV 봤는데, 이제는 케어 먼저 하고 TV 보는 순서가 됐어요. 25분이 하루 마무리 의식이 됐어요.",72954930f89c,,980,프리미엄 엘보케어 팔꿈치 마사지기,149000,,기존리뷰,5,,0,0,1,"안녕하세요. 프리미엄 헬스테크 브랜드, 슬룸입니다.
정성스럽게 올려주신 소중한 후기 감사합니다. 💜

고객님의 목소리로 더 발전하는 슬룸이 되도록 노력하겠습니다.
감사합니다. 🙇‍♀️"
119182,2026-08-06 0:00,,,"무릎 케어 후 마트 카트 밀기가 편해졌어요. 긴 통로를 걷고 카트 미는 동작이 무릎에 부담이었는데, 이제는 장보는 게 수월해졌어요. 장볼 때마다 케어 효과를 느껴요.",c686035329eb,,980,프리미엄 엘보케어 팔꿈치 마사지기,149000,,기존리뷰,4,,0,0,1,"안녕하세요. 프리미엄 헬스테크 브랜드, 슬룸입니다.
진심 어린 소중한 후기 감사합니다. 💜

앞으로도 좋은 상품과 서비스로 고객님들을 찾아뵐 수 있도록 노력하겠습니다.
감사합니다. :)"
119183,2026-08-14 0:00,,,팔꿈치 통증으로 손뼉 치기도 조심스러웠어요. 콘서트 가서 박수 제대로 못 쳤거든요. 케어 후 신나게 박수 칠 수 있게 됐어요. 작은 일상이 돌아오는 게 이렇게 기쁠 줄 몰랐어요.,ab54b010306d,,980,프리미엄 엘보케어 팔꿈치 마사지기,149000,,기존리뷰,5,,0,0,1,"안녕하세요. 프리미엄 헬스테크 브랜드, 슬룸입니다.
진심 어린 소중한 후기 감사합니다. 💜

앞으로도 좋은 상품과 서비스로 고객님들을 찾아뵐 수 있도록 노력하겠습니다.
감사합니다. :)"
119184,2026-08-09 0:00,,,"이 제품 덕분에 요리를 다시 즐기게 됐어요. 팔꿈치 아플 때는 칼질도, 반죽도 다 귀찮아서 배달만 시켰거든요. 케어하면서 팔이 편해지니까 자연스럽게 부엌에 서게 됐어요. 배달비가 줄었어요.",48e6e644471b,,980,프리미엄 엘보케어 팔꿈치 마사지기,149000,,기존리뷰,5,,0,0,1,"안녕하세요. 프리미엄 헬스테크 브랜드, 슬룸입니다.
시간 내어 소중한 후기를 작성해 주셔서 감사드립니다. :)

믿고 찾는 쇼핑몰이 되기 위해 더 좋은 상품과 서비스를 준비하겠습니다.
감사합니다. 💜"
119185,2026-08-03 0:00,,,"팔꿈치 때문에 기타를 반년 동안 못 쳤는데, 케어 2개월 후 다시 잡았어요. 처음엔 코드 잡는 힘이 약했는데 차츰 돌아오더라고요. 기타를 다시 치는 날이 올 줄 몰랐어요. 제일 감사한 변화예요.",f257e019187d,,980,프리미엄 엘보케어 팔꿈치 마사지기,149000,,기존리뷰,5,,0,0,1,"안녕하세요. 프리미엄 헬스테크 브랜드, 슬룸입니다.
진심 어린 소중한 후기 감사합니다. 💜

앞으로도 좋은 상품과 서비스로 고객님들을 찾아뵐 수 있도록 노력하겠습니다.
감사합니다. :)"
119186,2026-08-03 0:00,,,"팔꿈치 케어 시작 후 손글씨 연습을 다시 시작했어요. 예전엔 글씨가 흔들려서 포기했는데, 전완근이 안정되면서 글씨도 안정됐어요. 어릴 때 배웠던 캘리그라피를 다시 해보고 있어요.",f7223c819ca1,,980,프리미엄 엘보케어 팔꿈치 마사지기,149000,,기존리뷰,4,,0,0,1,"안녕하세요. 프리미엄 헬스테크 브랜드, 슬룸입니다.
정성스럽게 올려주신 소중한 후기 감사합니다. 💜

고객님의 목소리로 더 발전하는 슬룸이 되도록 노력하겠습니다.
감사합니다. 🙇‍♀️"
119187,2026-08-04 0:00,,,"경쟁 제품을 직접 써본 친구랑 비교 이야기를 했어요. 친구 제품엔 에어백이 없어서 팔꿈치 자극만 되는데, 이 제품은 전완근까지 커버되는 게 결정적 차이라고 둘 다 동의했어요. 전완근 에어백 유무가 제품 가치를 나누는 기준이에요.",6f1fff8a4299,,980,프리미엄 엘보케어 팔꿈치 마사지기,149000,,기존리뷰,5,,0,0,1,"안녕하세요. 프리미엄 헬스테크 브랜드, 슬룸입니다.
진심 어린 소중한 후기 감사합니다. 💜

앞으로도 좋은 상품과 서비스로 고객님들을 찾아뵐 수 있도록 노력하겠습니다.
감사합니다. :)"
119188,2026-08-13 0:00,,,"팔꿈치 통증으로 청소가 힘들었는데, 케어 후 집이 더 깨끗해졌어요. 밀대 밀기, 걸레질, 청소기 돌리기 다 팔꿈치를 쓰는 동작이거든요. 집 청결 상태로 팔꿈치 케어 효과를 실감했어요.",ac1615cc4c28,,980,프리미엄 엘보케어 팔꿈치 마사지기,149000,,기존리뷰,5,,0,0,1,"안녕하세요. 프리미엄 헬스테크 브랜드, 슬룸입니다.
시간 내어 소중한 후기를 작성해 주셔서 감사드립니다. :)

믿고 찾는 쇼핑몰이 되기 위해 더 좋은 상품과 서비스를 준비하겠습니다.
감사합니다. 💜"
119189,2026-08-08 0:00,,,"처음 쓰는 날 설명서를 끝까지 읽었어요. 크림 필수, 착용 위치, 강도 설정까지 꼼꼼히 확인하고 시작했더니 첫날부터 효과가 바로 느껴지더라고요. 처음부터 제대로 쓰면 결과가 달라요.",6cc0ce72aa43,,980,프리미엄 엘보케어 팔꿈치 마사지기,149000,,기존리뷰,4,,0,0,1,"안녕하세요. 프리미엄 헬스테크 브랜드, 슬룸입니다.
진심 어린 소중한 후기 감사합니다. 💜

앞으로도 좋은 상품과 서비스로 고객님들을 찾아뵐 수 있도록 노력하겠습니다.
감사합니다. :)"
119190,2026-08-04 0:00,,,탁구 영상 분석하면서 케어해요. 25분 동안 프로 선수 폼 영상 보면서 나중에 팔꿈치 나으면 저렇게 쳐야지 다짐해요. 케어 시간이 운동 공부 시간도 되는 거예요.,a8a7a7797ac2,,980,프리미엄 엘보케어 팔꿈치 마사지기,149000,,기존리뷰,5,,0,0,1,"안녕하세요. 프리미엄 헬스테크 브랜드, 슬룸입니다.
시간 내어 소중한 후기를 작성해 주셔서 감사드립니다. :)

믿고 찾는 쇼핑몰이 되기 위해 더 좋은 상품과 서비스를 준비하겠습니다.
감사합니다. 💜"
119191,2026-08-15 0:00,,,케어하면서 글 쓰는 속도가 빨라졌어요. 타이핑 속도뿐만 아니라 생각도 더 빠르게 정리되는 것 같아요. 몸이 편하면 뇌도 편하게 작동하는 것 같더라고요.,35e36d109571,,980,프리미엄 엘보케어 팔꿈치 마사지기,149000,,기존리뷰,5,,0,0,1,"안녕하세요. 프리미엄 헬스테크 브랜드, 슬룸입니다.
시간 내어 소중한 후기를 작성해 주셔서 감사드립니다. :)

믿고 찾는 쇼핑몰이 되기 위해 더 좋은 상품과 서비스를 준비하겠습니다.
감사합니다. 💜"
119192,2026-08-17 0:00,,,"무릎 연장벨트 케어 후 등산 앱 기록이 달라졌어요. 이전엔 하산 페이스가 느렸는데, 무릎이 버텨주니까 하산이 빨라졌어요. 앱 데이터로 확인한 무릎 케어 효과예요.",ba4cd0010bf3,,980,프리미엄 엘보케어 팔꿈치 마사지기,149000,,기존리뷰,5,,0,0,1,"안녕하세요. 프리미엄 헬스테크 브랜드, 슬룸입니다.
정성스럽게 올려주신 소중한 후기 감사합니다. 💜

고객님의 목소리로 더 발전하는 슬룸이 되도록 노력하겠습니다.
감사합니다. 🙇‍♀️"
119196,2026-08-08 0:00,,,"무릎 케어 후 놀이공원 가고 싶어졌어요. 예전엔 많이 걷는 게 두려워서 피했는데, 이제는 즐길 수 있을 것 같아요. 케어 효과를 확인하러 놀이공원 가보려고요.",70856c1cdbd0,,980,프리미엄 엘보케어 팔꿈치 마사지기,149000,,기존리뷰,5,,0,0,1,"안녕하세요. 프리미엄 헬스테크 브랜드, 슬룸입니다.
진심 어린 소중한 후기 감사합니다. 💜

앞으로도 좋은 상품과 서비스로 고객님들을 찾아뵐 수 있도록 노력하겠습니다.
감사합니다. :)"
119197,2026-08-09 0:00,,,팔꿈치 통증 때문에 가위질도 불편했어요. 미용할 때나 요리할 때 가위가 특히 힘든 동작이거든요. 케어 후 가위질이 자연스러워졌어요. 생각지도 못한 일상의 회복이에요.,78dac6332dd5,,980,프리미엄 엘보케어 팔꿈치 마사지기,149000,,기존리뷰,4,,0,0,1,"안녕하세요. 프리미엄 헬스테크 브랜드, 슬룸입니다.
진심 어린 소중한 후기 감사합니다. 💜

앞으로도 좋은 상품과 서비스로 고객님들을 찾아뵐 수 있도록 노력하겠습니다.
감사합니다. :)"
119198,2026-08-15 0:00,,,팔꿈치 통증으로 볼링 점수가 떨어졌어요. 릴리즈 동작에서 팔꿈치를 제대로 쓰지 못하니까요. 케어 후 점수가 다시 오르기 시작했어요. 팔꿈치 하나가 스포츠 실력에도 영향을 주더라고요.,031af704a434,,980,프리미엄 엘보케어 팔꿈치 마사지기,149000,,기존리뷰,5,,0,0,1,"안녕하세요. 프리미엄 헬스테크 브랜드, 슬룸입니다.
진심 어린 소중한 후기 감사합니다. 💜

앞으로도 좋은 상품과 서비스로 고객님들을 찾아뵐 수 있도록 노력하겠습니다.
감사합니다. :)"
119200,2026-08-16 0:00,,,"무릎 케어 후 시장에서 장보기가 편해졌어요. 골목 시장 돌아다니는 게 무릎에 부담이었는데, 이제는 구석구석 돌아볼 수 있어요. 시장 나들이가 즐거워졌어요.",b16f2e0b7b04,,980,프리미엄 엘보케어 팔꿈치 마사지기,149000,,기존리뷰,4,,0,0,1,"안녕하세요. 프리미엄 헬스테크 브랜드, 슬룸입니다.
시간 내어 소중한 후기를 작성해 주셔서 감사드립니다. :)

믿고 찾는 쇼핑몰이 되기 위해 더 좋은 상품과 서비스를 준비하겠습니다.
감사합니다. 💜"
119201,2026-08-09 0:00,,,"독서를 다시 시작했어요. 팔꿈치 아플 때는 책 들고 있는 것 자체가 힘들었는데, 케어 후 오래 들고 있어도 괜찮아졌어요. 이 제품 덕분에 독서 습관이 돌아왔어요. 뜻밖의 인생 변화예요.",c430237afdb5,,980,프리미엄 엘보케어 팔꿈치 마사지기,149000,,기존리뷰,5,,0,0,1,"안녕하세요. 프리미엄 헬스테크 브랜드, 슬룸입니다.
정성스럽게 올려주신 소중한 후기 감사합니다. 💜

고객님의 목소리로 더 발전하는 슬룸이 되도록 노력하겠습니다.
감사합니다. 🙇‍♀️"
119202,2026-08-18 0:00,,,아이 자전거 뒤를 잡아주다가 팔꿈치가 나빠졌어요. 자전거 가르치는 시즌에는 팔꿈치가 늘 힘들더라고요. 케어 병행하면서 아이 자전거 연습 포기 안 했어요. 이 제품이 부모 역할을 도와준 셈이에요.,8d0c5ac9937d,,980,프리미엄 엘보케어 팔꿈치 마사지기,149000,,기존리뷰,5,,0,0,1,"안녕하세요. 프리미엄 헬스테크 브랜드, 슬룸입니다.
시간 내어 소중한 후기를 작성해 주셔서 감사드립니다. :)

믿고 찾는 쇼핑몰이 되기 위해 더 좋은 상품과 서비스를 준비하겠습니다.
감사합니다. 💜"
119203,2026-08-17 0:00,,,착용하고 나서 강도 올리다가 너무 높게 올렸는데 깜짝 놀라서 리모컨 떨어뜨렸어요. 반사적으로 팔 움직이니까 착용이 흘러내리고 난리가 났어요. 웃기긴 한데 그 이후로 강도는 천천히 올리는 습관이 생겼어요. 실수에서 배웠어요.,4e4afda1c97a,,980,프리미엄 엘보케어 팔꿈치 마사지기,149000,,기존리뷰,5,,0,0,1,"안녕하세요. 프리미엄 헬스테크 브랜드, 슬룸입니다.
진심 어린 소중한 후기 감사합니다. 💜

앞으로도 좋은 상품과 서비스로 고객님들을 찾아뵐 수 있도록 노력하겠습니다.
감사합니다. :)"
119204,2026-08-03 0:00,,,팔꿈치 통증이 대화에도 영향을 줬어요. 팔 움직임이 불편하니까 몸짓 언어가 줄어들었거든요. 케어 후 자연스럽게 손짓하면서 말하게 됐어요. 표현이 더 자유로워진 것 같아요.,be43905c49d0,,980,프리미엄 엘보케어 팔꿈치 마사지기,149000,,기존리뷰,4,,0,0,1,"안녕하세요. 프리미엄 헬스테크 브랜드, 슬룸입니다.
진심 어린 소중한 후기 감사합니다. 💜

앞으로도 좋은 상품과 서비스로 고객님들을 찾아뵐 수 있도록 노력하겠습니다.
감사합니다. :)"
119209,2026-08-06 0:00,,,키보드 소리가 달라졌다는 말을 동료한테서 들었어요. 예전엔 힘없이 치던 게 이제는 경쾌하게 들린다고요. 전완근 회복이 타이핑 소리에도 드러난 거예요.,895ae93feb80,,980,프리미엄 엘보케어 팔꿈치 마사지기,149000,,기존리뷰,5,,0,0,1,"안녕하세요. 프리미엄 헬스테크 브랜드, 슬룸입니다.
진심 어린 소중한 후기 감사합니다. 💜

앞으로도 좋은 상품과 서비스로 고객님들을 찾아뵐 수 있도록 노력하겠습니다.
감사합니다. :)"
119213,2026-08-11 0:00,,,무릎 연장벨트 첫날 착용이 어색해서 영상 찾아봤어요. 검색해보니 팔꿈치 착용 방법이랑 비슷하게 하면 된다는 걸 알았어요. 이미 팔꿈치로 익힌 거라 두 번째 시도부터 자연스러웠어요.,563db2fdfd8e,,980,프리미엄 엘보케어 팔꿈치 마사지기,149000,,기존리뷰,5,,0,0,1,"안녕하세요. 프리미엄 헬스테크 브랜드, 슬룸입니다.
시간 내어 소중한 후기를 작성해 주셔서 감사드립니다. :)

믿고 찾는 쇼핑몰이 되기 위해 더 좋은 상품과 서비스를 준비하겠습니다.
감사합니다. 💜"
119216,2026-08-16 0:00,,,지방 출장 잦은데 무릎 때문에 장거리 이동이 두려웠어요. 연장벨트로 케어하면서 출장 자신감이 생겼어요. 이제는 출장 전날 미리 케어하고 가는 게 루틴이에요.,4454c980dbd5,,980,프리미엄 엘보케어 팔꿈치 마사지기,149000,,기존리뷰,5,,0,0,1,"안녕하세요. 프리미엄 헬스테크 브랜드, 슬룸입니다.
시간 내어 소중한 후기를 작성해 주셔서 감사드립니다. :)

믿고 찾는 쇼핑몰이 되기 위해 더 좋은 상품과 서비스를 준비하겠습니다.
감사합니다. 💜"
119217,2026-08-16 0:00,,,선물하기도 너무 좋을 것 같아요,4c2129b92844,,980,프리미엄 엘보케어 팔꿈치 마사지기,149000,,기존리뷰,5,,0,0,1,"안녕하세요. 프리미엄 헬스테크 브랜드, 슬룸입니다.
시간 내어 소중한 후기를 작성해 주셔서 감사드립니다. :)

믿고 찾는 쇼핑몰이 되기 위해 더 좋은 상품과 서비스를 준비하겠습니다.
감사합니다. 💜"
119218,2026-08-18 0:00,,,"무릎 케어 후 자녀와 땅에서 놀아줄 수 있게 됐어요. 블록 놀이하면서 쪼그려 앉는 자세가 무릎에 부담이었는데, 이제는 바닥에서 놀아줄 수 있어요. 부모로서의 즐거움이 돌아왔어요.",46422abf46c7,,980,프리미엄 엘보케어 팔꿈치 마사지기,149000,,기존리뷰,5,,0,0,1,"안녕하세요. 프리미엄 헬스테크 브랜드, 슬룸입니다.
시간 내어 소중한 후기를 작성해 주셔서 감사드립니다. :)

믿고 찾는 쇼핑몰이 되기 위해 더 좋은 상품과 서비스를 준비하겠습니다.
감사합니다. 💜"
119219,2026-08-15 0:00,,,"무릎 케어 시작 후 골목 계단을 올라갈 때 손잡이를 덜 잡게 됐어요. 예전엔 반드시 잡았는데, 무릎에 자신감이 생기면서 자연스럽게 손잡이를 놓게 됐어요.",2472b56b3e2f,,980,프리미엄 엘보케어 팔꿈치 마사지기,149000,,기존리뷰,4,,0,0,1,"안녕하세요. 프리미엄 헬스테크 브랜드, 슬룸입니다.
정성스럽게 올려주신 소중한 후기 감사합니다. 💜

고객님의 목소리로 더 발전하는 슬룸이 되도록 노력하겠습니다.
감사합니다. 🙇‍♀️"
119220,2026-08-15 0:00,,,팔꿈치 통증으로 포옹하기 어색해졌어요. 팔 구부리는 게 불편하니까 자연스러운 포옹이 안 됐거든요. 케어 후 자연스럽게 팔 굽힐 수 있게 됐어요. 가족에게 더 자유롭게 표현할 수 있게 됐어요.,4bb6915a963a,,980,프리미엄 엘보케어 팔꿈치 마사지기,149000,,기존리뷰,5,,0,0,1,"안녕하세요. 프리미엄 헬스테크 브랜드, 슬룸입니다.
시간 내어 소중한 후기를 작성해 주셔서 감사드립니다. :)

믿고 찾는 쇼핑몰이 되기 위해 더 좋은 상품과 서비스를 준비하겠습니다.
감사합니다. 💜"
119221,2026-08-07 0:00,,,뜨개질 모임에서 이 제품 얘기가 나왔어요. 뜨개질로 팔꿈치 문제 있는 분들이 꽤 많더라고요. 모임 끝나고 세 명이 같이 주문했어요. 취미 모임이 공동 구매 모임이 됐어요.,32e99ff7ce2e,,980,프리미엄 엘보케어 팔꿈치 마사지기,149000,,기존리뷰,5,,0,0,1,"안녕하세요. 프리미엄 헬스테크 브랜드, 슬룸입니다.
시간 내어 소중한 후기를 작성해 주셔서 감사드립니다. :)

믿고 찾는 쇼핑몰이 되기 위해 더 좋은 상품과 서비스를 준비하겠습니다.
감사합니다. 💜"
119223,2026-08-02 0:00,,,"케어하면서 팔꿈치 쪽 피부 색이 좋아졌어요. 통증 있을 때는 팔꿈치 안쪽이 좀 붉었는데, 혈액순환이 개선되면서 피부 상태도 따라서 좋아진 것 같아요. 피부 변화로 확인한 효과예요.",1e06b8c85d8a,,980,프리미엄 엘보케어 팔꿈치 마사지기,149000,,기존리뷰,5,,0,0,1,"안녕하세요. 프리미엄 헬스테크 브랜드, 슬룸입니다.
진심 어린 소중한 후기 감사합니다. 💜

앞으로도 좋은 상품과 서비스로 고객님들을 찾아뵐 수 있도록 노력하겠습니다.
감사합니다. :)"
119227,2026-08-11 0:00,,,"무릎 케어하면서 주말 아침 산책을 시작했어요. 예전엔 무릎 걱정에 집에만 있었는데, 이제는 동네 한 바퀴 도는 게 즐거워요. 아침 공기랑 함께하는 케어 전 산책이 하루를 다르게 만들어요.",ac066da4e311,,980,프리미엄 엘보케어 팔꿈치 마사지기,149000,,기존리뷰,5,,0,0,1,"안녕하세요. 프리미엄 헬스테크 브랜드, 슬룸입니다.
정성스럽게 올려주신 소중한 후기 감사합니다. 💜

고객님의 목소리로 더 발전하는 슬룸이 되도록 노력하겠습니다.
감사합니다. 🙇‍♀️"
119228,2026-08-03 0:00,,,팔꿈치 통증이 있을 때 핸드폰 게임을 가로로 잡기 힘들었어요. 양손으로 잡고 엄지 쓰는 자세가 팔꿈치에 부담이 됐거든요. 케어 후 게임을 편하게 즐길 수 있게 됐어요.,14c62124c028,,980,프리미엄 엘보케어 팔꿈치 마사지기,149000,,기존리뷰,5,,0,0,1,"안녕하세요. 프리미엄 헬스테크 브랜드, 슬룸입니다.
시간 내어 소중한 후기를 작성해 주셔서 감사드립니다. :)

믿고 찾는 쇼핑몰이 되기 위해 더 좋은 상품과 서비스를 준비하겠습니다.
감사합니다. 💜"
119229,2026-08-10 0:00,,,팔꿈치 안쪽을 직접 눌러보면 통증 있는 부위를 알 수 있어요. 케어 전후로 그 부위를 누르면 압통 정도가 달라져요. 케어 후 압통이 줄어드는 게 손으로 직접 확인되니까 효과가 실감나요.,866c37143fe1,,980,프리미엄 엘보케어 팔꿈치 마사지기,149000,,기존리뷰,5,,0,0,1,"안녕하세요. 프리미엄 헬스테크 브랜드, 슬룸입니다.
시간 내어 소중한 후기를 작성해 주셔서 감사드립니다. :)

믿고 찾는 쇼핑몰이 되기 위해 더 좋은 상품과 서비스를 준비하겠습니다.
감사합니다. 💜"
119230,2026-08-10 0:00,,,팔꿈치 통증 때문에 장을 빨리 보게 됐었어요. 무거운 장바구니 들기가 힘드니까요. 케어 후 장보는 게 편해지면서 더 여유롭게 보게 됐어요. 마트에서 보내는 시간이 늘었어요.,d7f734319cd3,,980,프리미엄 엘보케어 팔꿈치 마사지기,149000,,기존리뷰,4,,0,0,1,"안녕하세요. 프리미엄 헬스테크 브랜드, 슬룸입니다.
진심 어린 소중한 후기 감사합니다. 💜

앞으로도 좋은 상품과 서비스로 고객님들을 찾아뵐 수 있도록 노력하겠습니다.
감사합니다. :)"
119231,2026-08-04 0:00,,,"팔꿈치 케어하면서 스스로 몸에 귀 기울이는 법을 배웠어요. 어디가 어떻게 아픈지, 오늘 컨디션이 어떤지를 인식하게 됐거든요. 케어가 몸과 대화하는 시간이 됐어요.",0f9254ef21ed,,980,프리미엄 엘보케어 팔꿈치 마사지기,149000,,기존리뷰,5,,0,0,1,"안녕하세요. 프리미엄 헬스테크 브랜드, 슬룸입니다.
진심 어린 소중한 후기 감사합니다. 💜

앞으로도 좋은 상품과 서비스로 고객님들을 찾아뵐 수 있도록 노력하겠습니다.
감사합니다. :)"
119232,2026-08-15 0:00,,,팔꿈치 통증이 있을 때 운전하면서 창문 내리기가 싫었어요. 수동 핸들 돌리는 동작이 팔꿈치에 부담이 됐거든요. 케어 후 창문 내리는 게 편해졌어요. 드라이브가 즐거워졌어요.,559b2e920035,,980,프리미엄 엘보케어 팔꿈치 마사지기,149000,,기존리뷰,5,,0,0,1,"안녕하세요. 프리미엄 헬스테크 브랜드, 슬룸입니다.
정성스럽게 올려주신 소중한 후기 감사합니다. 💜

고객님의 목소리로 더 발전하는 슬룸이 되도록 노력하겠습니다.
감사합니다. 🙇‍♀️"
119233,2026-08-10 0:00,,,케어 일주일 차에 동료가 얼굴이 펴졌다고 했어요. 아플 때 무의식중에 찡그렸나 봐요. 통증이 줄면서 표정도 자연스러워졌어요. 팔꿈치가 얼굴에도 영향을 주더라고요.,150907f9180e,,980,프리미엄 엘보케어 팔꿈치 마사지기,149000,,기존리뷰,4,,0,0,1,"안녕하세요. 프리미엄 헬스테크 브랜드, 슬룸입니다.
시간 내어 소중한 후기를 작성해 주셔서 감사드립니다. :)

믿고 찾는 쇼핑몰이 되기 위해 더 좋은 상품과 서비스를 준비하겠습니다.
감사합니다. 💜"
119234,2026-08-11 0:00,,,"목 마사지기 쓰다가 팔꿈치 전용도 있다는 걸 알고 샀어요. 전신 범용 마사지기랑 전용 제품의 차이가 이렇게 클 줄 몰랐어요. 범용은 애매하게 여러 부위 건드리는데, 전용은 그 부위에 정확히 최적화된 게 느껴지거든요. 부위별 전용이 맞는 방향이더라고요.",bdb87bccb5b7,,980,프리미엄 엘보케어 팔꿈치 마사지기,149000,,기존리뷰,5,,0,0,1,"안녕하세요. 프리미엄 헬스테크 브랜드, 슬룸입니다.
시간 내어 소중한 후기를 작성해 주셔서 감사드립니다. :)

믿고 찾는 쇼핑몰이 되기 위해 더 좋은 상품과 서비스를 준비하겠습니다.
감사합니다. 💜"
119235,2026-08-02 0:00,,,"냉장고에서 무거운 것 꺼내기가 케어 전후로 달라요. 문 열고 들어 올리는 동작이 팔꿈치에 부담이 됐었는데, 케어 후 자연스럽게 됐어요. 냉장고 열 때마다 좋아진 게 실감나요.",f114d7db1cf1,,980,프리미엄 엘보케어 팔꿈치 마사지기,149000,,기존리뷰,5,,0,0,1,"안녕하세요. 프리미엄 헬스테크 브랜드, 슬룸입니다.
정성스럽게 올려주신 소중한 후기 감사합니다. 💜

고객님의 목소리로 더 발전하는 슬룸이 되도록 노력하겠습니다.
감사합니다. 🙇‍♀️"
119236,2026-08-02 0:00,,,"케어 일지 앱으로 기록하고 있어요. 매일 통증 레벨, 사용 모드, 강도를 입력하는데 그래프로 보면 분명하게 줄어드는 게 보여요. 데이터로 보는 회복 과정이 동기부여가 돼요.",f07948da9bb7,,980,프리미엄 엘보케어 팔꿈치 마사지기,149000,,기존리뷰,5,,0,0,1,"안녕하세요. 프리미엄 헬스테크 브랜드, 슬룸입니다.
시간 내어 소중한 후기를 작성해 주셔서 감사드립니다. :)

믿고 찾는 쇼핑몰이 되기 위해 더 좋은 상품과 서비스를 준비하겠습니다.
감사합니다. 💜"
119237,2026-08-16 0:00,,,무릎 케어 후 슈퍼마켓 낮은 선반 물건 꺼내기가 편해졌어요. 허리 굽혀서 무릎 살짝 구부리는 동작이 편해진 거예요. 쇼핑할 때 자세가 달라졌어요.,7f1b96a7861e,,980,프리미엄 엘보케어 팔꿈치 마사지기,149000,,기존리뷰,4,,0,0,1,"안녕하세요. 프리미엄 헬스테크 브랜드, 슬룸입니다.
정성스럽게 올려주신 소중한 후기 감사합니다. 💜

고객님의 목소리로 더 발전하는 슬룸이 되도록 노력하겠습니다.
감사합니다. 🙇‍♀️"
119238,2026-08-02 0:00,,,"수영 고글이 원인이었어요. 수경 조이는 동작을 매번 반복하다 보니 팔꿈치에 부담이 쌓인 거였어요. 동작 자체가 문제인지 모르고 한참 헤맸는데, 원인 찾고 나서 케어 효과가 배로 빨라졌어요.",e0de60038838,,980,프리미엄 엘보케어 팔꿈치 마사지기,149000,,기존리뷰,5,,0,0,1,"안녕하세요. 프리미엄 헬스테크 브랜드, 슬룸입니다.
시간 내어 소중한 후기를 작성해 주셔서 감사드립니다. :)

믿고 찾는 쇼핑몰이 되기 위해 더 좋은 상품과 서비스를 준비하겠습니다.
감사합니다. 💜"
119239,2026-08-15 0:00,,,출산 후 아기 안는 자세 때문에 팔꿈치가 나빠졌어요. 같은 쪽 팔로만 안다 보니 그 쪽만 문제가 생긴 거예요. 케어하면서 육아를 계속할 수 있게 됐어요. 아기한테도 엄마한테도 필요한 제품이에요.,3c524d87b77f,,980,프리미엄 엘보케어 팔꿈치 마사지기,149000,,기존리뷰,5,,0,0,1,"안녕하세요. 프리미엄 헬스테크 브랜드, 슬룸입니다.
정성스럽게 올려주신 소중한 후기 감사합니다. 💜

고객님의 목소리로 더 발전하는 슬룸이 되도록 노력하겠습니다.
감사합니다. 🙇‍♀️"
119240,2026-08-18 0:00,,,"정가보다 할인된 시기에 구매했어요. 행사 기간을 기다렸는데, 기다리는 동안 팔꿈치가 더 아팠어요. 결론은 그냥 빨리 사는 게 낫다는 거예요. 할인 기다리는 시간이 아픈 시간이거든요.",7a2d531adea8,,980,프리미엄 엘보케어 팔꿈치 마사지기,149000,,기존리뷰,5,,0,0,1,"안녕하세요. 프리미엄 헬스테크 브랜드, 슬룸입니다.
진심 어린 소중한 후기 감사합니다. 💜

앞으로도 좋은 상품과 서비스로 고객님들을 찾아뵐 수 있도록 노력하겠습니다.
감사합니다. :)"
119241,2026-08-09 0:00,,,"이사하면서 짐 옮기다 팔꿈치가 나빠졌는데, 이 제품으로 2주 집중 케어해서 원상복구했어요. 이사 때마다 팔꿈치가 문제였는데, 이제는 대비책이 생긴 느낌이에요. 이삿날 이후 케어 루틴을 만들어둔 게 도움됐어요.",25947923dd5a,,980,프리미엄 엘보케어 팔꿈치 마사지기,149000,,기존리뷰,4,,0,0,1,"안녕하세요. 프리미엄 헬스테크 브랜드, 슬룸입니다.
진심 어린 소중한 후기 감사합니다. 💜

앞으로도 좋은 상품과 서비스로 고객님들을 찾아뵐 수 있도록 노력하겠습니다.
감사합니다. :)"
119243,2026-08-18 0:00,,,무릎 연장벨트 착용하고 케어하는 동안 강아지가 제 무릎에 올라오려고 해요. 따뜻한 온열 때문인지 자꾸 붙으려 하더라고요. 강아지랑 같이 케어하는 시간이 됐어요.,383b0af15d1f,,980,프리미엄 엘보케어 팔꿈치 마사지기,149000,,기존리뷰,5,,0,0,1,"안녕하세요. 프리미엄 헬스테크 브랜드, 슬룸입니다.
진심 어린 소중한 후기 감사합니다. 💜

앞으로도 좋은 상품과 서비스로 고객님들을 찾아뵐 수 있도록 노력하겠습니다.
감사합니다. :)"
119244,2026-08-18 0:00,,,팔꿈치 통증 때문에 인형 뽑기 기계를 제대로 못 했어요. 조이스틱 다루는 동작이 팔꿈치에 부담이 됐거든요. 케어 후 다시 즐길 수 있게 됐어요. 소소한 일상이 돌아온 거예요.,2ea233ebc616,,980,프리미엄 엘보케어 팔꿈치 마사지기,149000,,기존리뷰,4,,0,0,1,"안녕하세요. 프리미엄 헬스테크 브랜드, 슬룸입니다.
진심 어린 소중한 후기 감사합니다. 💜

앞으로도 좋은 상품과 서비스로 고객님들을 찾아뵐 수 있도록 노력하겠습니다.
감사합니다. :)"
119247,2026-08-05 0:00,,,그림 그리는 취미인데 팔꿈치 통증으로 섬세한 선이 흔들렸어요. 전완근이 긴장되면 손 떨림이 생기더라고요. 케어 후 선이 다시 안정됐어요. 그림 속에서도 케어 효과를 발견했어요.,0040901ce329,,980,프리미엄 엘보케어 팔꿈치 마사지기,149000,,기존리뷰,5,,0,0,1,"안녕하세요. 프리미엄 헬스테크 브랜드, 슬룸입니다.
시간 내어 소중한 후기를 작성해 주셔서 감사드립니다. :)

믿고 찾는 쇼핑몰이 되기 위해 더 좋은 상품과 서비스를 준비하겠습니다.
감사합니다. 💜"
119248,2026-08-11 0:00,,,"팔꿈치가 아프면 화가 더 잘 났어요. 통증이 감정 조절에도 영향을 준다는 게 신기한데, 케어 후 통증이 줄면서 예민함도 줄었어요. 몸이 편해야 마음도 편하다는 말이 맞더라고요.",e706e42fb25f,,980,프리미엄 엘보케어 팔꿈치 마사지기,149000,,기존리뷰,4,,0,0,1,"안녕하세요. 프리미엄 헬스테크 브랜드, 슬룸입니다.
정성스럽게 올려주신 소중한 후기 감사합니다. 💜

고객님의 목소리로 더 발전하는 슬룸이 되도록 노력하겠습니다.
감사합니다. 🙇‍♀️"
119249,2026-08-03 0:00,,,팔꿈치 통증 때문에 택배 받기도 힘들었어요. 현관문 열고 무거운 박스 들이는 동작이 팔꿈치에 충격이 됐거든요. 케어 후 이제 택배 오면 반갑게 받을 수 있어요.,85d2cf76149a,,980,프리미엄 엘보케어 팔꿈치 마사지기,149000,,기존리뷰,5,,0,0,1,"안녕하세요. 프리미엄 헬스테크 브랜드, 슬룸입니다.
진심 어린 소중한 후기 감사합니다. 💜

앞으로도 좋은 상품과 서비스로 고객님들을 찾아뵐 수 있도록 노력하겠습니다.
감사합니다. :)"
119250,2026-08-15 0:00,,,"무릎 케어 후 지하철 계단을 에스컬레이터 대신 걸어 올라가기 시작했어요. 예전엔 무조건 에스컬레이터였는데, 무릎이 편해지면서 자신감이 생겼어요. 활동량이 자연스럽게 늘었어요.",b42d07c9576a,,980,프리미엄 엘보케어 팔꿈치 마사지기,149000,,기존리뷰,5,,0,0,1,"안녕하세요. 프리미엄 헬스테크 브랜드, 슬룸입니다.
정성스럽게 올려주신 소중한 후기 감사합니다. 💜

고객님의 목소리로 더 발전하는 슬룸이 되도록 노력하겠습니다.
감사합니다. 🙇‍♀️"
119251,2026-08-03 0:00,,,명상하면서 이 제품 쓰는 게 최고의 조합이에요. 눈 감고 호흡하면서 온열이랑 저주파 자극에 집중하면 진짜 깊은 이완이 돼요. 팔꿈치 케어가 명상 도구가 된 건 예상 밖의 발견이었어요.,747ea3351602,,980,프리미엄 엘보케어 팔꿈치 마사지기,149000,,기존리뷰,5,,0,0,1,"안녕하세요. 프리미엄 헬스테크 브랜드, 슬룸입니다.
시간 내어 소중한 후기를 작성해 주셔서 감사드립니다. :)

믿고 찾는 쇼핑몰이 되기 위해 더 좋은 상품과 서비스를 준비하겠습니다.
감사합니다. 💜"
119253,2026-08-06 0:00,,,팔꿈치 통증으로 화분 물 주기가 힘들었어요. 물뿌리개 들고 팔 뻗는 동작이 불편했거든요. 케어 후 화분들도 더 잘 돌보게 됐어요. 식물도 팔꿈치 케어의 수혜자예요.,dbe1e287dbda,,980,프리미엄 엘보케어 팔꿈치 마사지기,149000,,기존리뷰,5,,0,0,1,"안녕하세요. 프리미엄 헬스테크 브랜드, 슬룸입니다.
시간 내어 소중한 후기를 작성해 주셔서 감사드립니다. :)

믿고 찾는 쇼핑몰이 되기 위해 더 좋은 상품과 서비스를 준비하겠습니다.
감사합니다. 💜"
119254,2026-08-11 0:00,,,취업 준비하면서 타이핑 많이 했더니 팔꿈치가 나빠졌어요. 자소서 쓰느라 하루 수천 글자 치다 보니까요. 케어하면서 취업 준비도 계속했어요. 이 제품 덕분에 취업 포기 안 했어요.,db8fd5f13b32,,980,프리미엄 엘보케어 팔꿈치 마사지기,149000,,기존리뷰,5,,0,0,1,"안녕하세요. 프리미엄 헬스테크 브랜드, 슬룸입니다.
시간 내어 소중한 후기를 작성해 주셔서 감사드립니다. :)

믿고 찾는 쇼핑몰이 되기 위해 더 좋은 상품과 서비스를 준비하겠습니다.
감사합니다. 💜"
119255,2026-08-18 0:00,,,"무릎 연장벨트 케어하면서 처음으로 무릎 해부학 구조를 검색해봤어요. 반월판, 인대, 연골 같은 용어들을 찾아보니까 왜 주변 근육 케어가 중요한지 이해가 됐어요.",f034db0687de,,980,프리미엄 엘보케어 팔꿈치 마사지기,149000,,기존리뷰,5,,0,0,1,"안녕하세요. 프리미엄 헬스테크 브랜드, 슬룸입니다.
정성스럽게 올려주신 소중한 후기 감사합니다. 💜

고객님의 목소리로 더 발전하는 슬룸이 되도록 노력하겠습니다.
감사합니다. 🙇‍♀️"
119256,2026-08-01 0:00,,,같은 사무실 동료 세 명이랑 단체 구매했어요. 다들 컴퓨터 작업이 많은 직종이라 팔꿈치 통증이 공통 고민이었거든요. 넷이 모여서 어떤 모드가 좋은지 이야기 나누는 게 점심 대화 소재가 됐어요.,f3b79d7fb019,,980,프리미엄 엘보케어 팔꿈치 마사지기,149000,,기존리뷰,5,,0,0,1,"안녕하세요. 프리미엄 헬스테크 브랜드, 슬룸입니다.
진심 어린 소중한 후기 감사합니다. 💜

앞으로도 좋은 상품과 서비스로 고객님들을 찾아뵐 수 있도록 노력하겠습니다.
감사합니다. :)"
119257,2026-08-06 0:00,,,"무릎 연장벨트 처음 살 때 남편이 비싸다고 했는데, 지금은 남편이 무릎에 써보고 싶다고 해요. 효과 보고 나서 생각이 바뀐 거예요. 설득이 필요 없는 게 제일 좋은 증거예요.",947b55793d5f,,980,프리미엄 엘보케어 팔꿈치 마사지기,149000,,기존리뷰,5,,0,0,1,"안녕하세요. 프리미엄 헬스테크 브랜드, 슬룸입니다.
진심 어린 소중한 후기 감사합니다. 💜

앞으로도 좋은 상품과 서비스로 고객님들을 찾아뵐 수 있도록 노력하겠습니다.
감사합니다. :)"
119258,2026-08-03 0:00,,,첫 만남에서 음식 나누다가 팔꿈치 때문에 어색했어요. 반찬 집어주는 동작이 아프니까요. 케어 후 자연스럽게 음식을 나눌 수 있게 됐어요. 소소한 일상이 편안해진 게 좋아요.,ff195b783e7c,,980,프리미엄 엘보케어 팔꿈치 마사지기,149000,,기존리뷰,5,,0,0,1,"안녕하세요. 프리미엄 헬스테크 브랜드, 슬룸입니다.
진심 어린 소중한 후기 감사합니다. 💜

앞으로도 좋은 상품과 서비스로 고객님들을 찾아뵐 수 있도록 노력하겠습니다.
감사합니다. :)"
119259,2026-08-16 0:00,,,"팔꿈치 통증으로 친구 이사 도와주기를 못 했어요. 너무 미안했는데, 케어 후 다음 이사 때는 도움을 줄 수 있었어요. 관계도 팔꿈치 상태에 영향을 받는다는 걸 느꼈어요.",54b5d49779cf,,980,프리미엄 엘보케어 팔꿈치 마사지기,149000,,기존리뷰,4,,0,0,1,"안녕하세요. 프리미엄 헬스테크 브랜드, 슬룸입니다.
진심 어린 소중한 후기 감사합니다. 💜

앞으로도 좋은 상품과 서비스로 고객님들을 찾아뵐 수 있도록 노력하겠습니다.
감사합니다. :)"
119260,2026-08-11 0:00,,,케어 후 타자 치는 소리가 달라졌어요. 예전엔 힘없이 타닥거리던 게 이제는 경쾌하게 들려요. 전완근이 살아나면서 타이핑에 힘과 리듬이 생긴 것 같아요.,e984392ca92f,,980,프리미엄 엘보케어 팔꿈치 마사지기,149000,,기존리뷰,5,,0,0,1,"안녕하세요. 프리미엄 헬스테크 브랜드, 슬룸입니다.
정성스럽게 올려주신 소중한 후기 감사합니다. 💜

고객님의 목소리로 더 발전하는 슬룸이 되도록 노력하겠습니다.
감사합니다. 🙇‍♀️"
119261,2026-08-06 0:00,,,필기 습관이 팔꿈치 통증 원인이었어요. 손에 힘주고 책상 기댄 채로 쓰는 게 문제였던 거예요. 습관 바꾸고 케어 병행했더니 재발 없이 지내고 있어요.,65c1b2566e54,,980,프리미엄 엘보케어 팔꿈치 마사지기,149000,,기존리뷰,5,,0,0,1,"안녕하세요. 프리미엄 헬스테크 브랜드, 슬룸입니다.
정성스럽게 올려주신 소중한 후기 감사합니다. 💜

고객님의 목소리로 더 발전하는 슬룸이 되도록 노력하겠습니다.
감사합니다. 🙇‍♀️"
119264,2026-08-03 0:00,,,집 근처 약국에서 케어 크림 물어봤더니 약사님이 EMS용으로는 수분크림이면 충분하다고 하셨어요. 특별한 제품 필요 없다는 거예요. 알고 나니까 크림 구매가 부담 없어졌어요.,5bfd70f08f2e,,980,프리미엄 엘보케어 팔꿈치 마사지기,149000,,기존리뷰,5,,0,0,1,"안녕하세요. 프리미엄 헬스테크 브랜드, 슬룸입니다.
진심 어린 소중한 후기 감사합니다. 💜

앞으로도 좋은 상품과 서비스로 고객님들을 찾아뵐 수 있도록 노력하겠습니다.
감사합니다. :)"
119265,2026-08-10 0:00,,,착용감이 생각보다 안정적이에요. 팔꿈치 홈에 맞게 설계돼서 잘 고정되거든요. 밴드 조이는 정도가 딱 맞으면 움직여도 흘러내리지 않아요. 안정감 있게 고정된 채로 케어받는 느낌이 좋아요.,80932c731488,,980,프리미엄 엘보케어 팔꿈치 마사지기,149000,,기존리뷰,5,,0,0,1,"안녕하세요. 프리미엄 헬스테크 브랜드, 슬룸입니다.
시간 내어 소중한 후기를 작성해 주셔서 감사드립니다. :)

믿고 찾는 쇼핑몰이 되기 위해 더 좋은 상품과 서비스를 준비하겠습니다.
감사합니다. 💜"
119266,2026-08-15 0:00,,,무릎 연장벨트 구매 후 소감 말했더니 친구가 어머니한테 선물했대요. 그 어머니가 또 지인한테 소개했다고요. 팔꿈치 마사지기와 연장벨트가 자연스럽게 퍼졌어요.,3523adb2be10,,980,프리미엄 엘보케어 팔꿈치 마사지기,149000,,기존리뷰,4,,0,0,1,"안녕하세요. 프리미엄 헬스테크 브랜드, 슬룸입니다.
정성스럽게 올려주신 소중한 후기 감사합니다. 💜

고객님의 목소리로 더 발전하는 슬룸이 되도록 노력하겠습니다.
감사합니다. 🙇‍♀️"
119267,2026-08-11 0:00,,,"요리하다 팔꿈치 쓰는 동작이 불편했는데, 케어 후 자유롭게 할 수 있게 됐어요. 레시피 도전이 다시 가능해졌어요. 팔꿈치 케어가 요리 세계를 넓혀줬어요.",c1200dc5dae1,,980,프리미엄 엘보케어 팔꿈치 마사지기,149000,,기존리뷰,5,,0,0,1,"안녕하세요. 프리미엄 헬스테크 브랜드, 슬룸입니다.
시간 내어 소중한 후기를 작성해 주셔서 감사드립니다. :)

믿고 찾는 쇼핑몰이 되기 위해 더 좋은 상품과 서비스를 준비하겠습니다.
감사합니다. 💜"
119268,2026-08-18 7:52,2026-08-12 8:42,2026-08-13 13:39,버섯증후군처럼 목뒤가 볼럭 나와 있어서 사용해보는중이랍니다,,,909,목 마사지 베개 V2 경추 마사지기 베개,129000,수량선택: 목 마사지 베개 V2 1개 (마그네슘 시너지 크림 1개 증정),기존리뷰,4,,0,0,1,"안녕하세요. 프리미엄 헬스테크 브랜드, 슬룸입니다.
진심 어린 소중한 후기 감사합니다. 💜

앞으로도 좋은 상품과 서비스로 고객님들을 찾아뵐 수 있도록 노력하겠습니다.
감사합니다. :)"
119269,2026-08-18 8:03,2026-08-10 10:07,2026-08-11 18:51,두드림 기능은 그닥인데 늘려주는 기능이 좋아요.,,,724,★최대할인 비밀링크★ 목베개 플러스 특가,69000,수량선택: 목베개 플러스 1개,기존리뷰,5,,0,0,1,"안녕하세요. 프리미엄 헬스테크 브랜드, 슬룸입니다.
시간 내어 소중한 후기를 작성해 주셔서 감사드립니다. :)

믿고 찾는 쇼핑몰이 되기 위해 더 좋은 상품과 서비스를 준비하겠습니다.
감사합니다. 💜"
119270,2026-08-18 8:25,2026-08-10 20:23,2026-08-12 18:37,"목이항상뻐근하고 불편해서구매했어요
사용해보니 효과가있어서 계속사용해볼겁니다",,,724,★최대할인 비밀링크★ 목베개 플러스 특가,69000,수량선택: 목베개 플러스 1개,기존리뷰,5,,0,0,1,"안녕하세요. 프리미엄 헬스테크 브랜드, 슬룸입니다.
정성스럽게 올려주신 소중한 후기 감사합니다. 💜

고객님의 목소리로 더 발전하는 슬룸이 되도록 노력하겠습니다.
감사합니다. 🙇‍♀️"
119271,2026-08-18 8:52,2026-08-12 8:17,2026-08-13 16:09,요리를 하다보니 항상 팔꿈치가 안팠는데 몇일사용하니 통증이 확줄어 들었네요. 무릎도 사용가능하다해서 샀는데 연장선을 따로 구매해야되는건 불편..,,,980,프리미엄 엘보케어 팔꿈치 마사지기,149000,수량선택: 팔꿈치 마사지기 1개 (마그네슘 시너지 크림 1개 증정),기존리뷰,5,,1,0,1,"안녕하세요. 프리미엄 헬스테크 브랜드, 슬룸입니다.
진심 어린 소중한 후기 감사합니다. 💜

앞으로도 좋은 상품과 서비스로 고객님들을 찾아뵐 수 있도록 노력하겠습니다.
감사합니다. :)"
119272,2026-08-18 9:58,2026-07-24 20:43,2026-07-28 18:41,어느정도 시원합니다 제품도 좋아요 많이 파시고 번창하세요 다만 저한테는 안맞네요 전혀 뻐근함이 고쳐지진 않아요 근본적인 원인에 대한 마사지는 안되니 참고하시기 바랍니다.,,,1043,[슬룸 4차 진행!] 코이티비 구독자 전용 ★최저가★ 비밀링크,99000,수량선택: 목 마사지 베개 V2 1개,기존리뷰,5,,1,0,1,"안녕하세요. 프리미엄 헬스테크 브랜드, 슬룸입니다.
진심 어린 소중한 후기 감사합니다. 💜

앞으로도 좋은 상품과 서비스로 고객님들을 찾아뵐 수 있도록 노력하겠습니다.
감사합니다. :)"
119273,2026-08-18 10:38,2026-06-15 8:17,2026-06-16 18:41,"베고자는용도도아니었고 아플때마다 충전해서 목디스크치료용으로구입하였습니다.구매한지 두달됐고 커버만분리해서세탁하려했는데 메모리폼전체가 곰팡이천지라 교환,환불얘기했더니 제가방치하고 관리를못해서그런거라고하는데 도대체어떤식으로 애지중지 관리를해야합니까? 말그대로면 여름날습기차서 그렇다는데 에어컨틀고 제습기돌리고 동물도안키우고 환기도 맨날하는데 매번 빨래집게에걸어서 안쓸때는 그렇게 보관해야됩니까?의료기기를? 안에뜯어서보세요. 이게메모리폼인지 스폰지 끼워맞추기인지. 두달밖에안됐고 쓴게몇번되지도않는데 이정도의곰팡이면 쇼파쿠션이고 베고자는 경추베개는 왜멀쩡한겁니까. 걔네는 애지중지관리해서그런겁니까? 그리고 베고있는 머리쪽은 멀쩡하고 양옆이 왜그런겁니까? 말이안되자나요이게",,,909,목 마사지 베개 V2 경추 마사지기 베개,129000,수량선택: 목 마사지 베개 V2 1개 (허리베개 1개 증정),기존리뷰,1,,4,0,1,"안녕하세요. 프리미엄 헬스테크 브랜드, 슬룸입니다.
고객님께 만족스러운 경험을 드리지 못해 대단히 죄송합니다. 😥

슬룸 고객센터 통하여 상담 진행하신 것으로 확인됩니다.
안내 받으신 내용 참고하여 원활하게 해결될 수 있도록 노력하겠습니다.

추가로 궁금하신 점이 있으시거나 문자 확인하신 후에도 해결되지 않는 경우
번거로우시겠지만 슬룸 채팅 상담을 통해 연락 주시면 빠르게 안내 도와드리겠습니다.

▶ 슬룸 채팅 상담 (※ 월-금 09:30-17:00, 주말 및 공휴일 휴무)
http://sloom.channel.io/

고객님의 목소리로 더 발전하는 슬룸이 되도록 노력하겠습니다. 감사합니다."
119274,2026-08-18 11:09,2026-08-11 10:08,2026-08-12 16:17,목이 거북목이고 두통이 잦았는데 몇일째 쓰고있는데 첨엔 목이 아팠는데 지금은 편해졌네요.. 다만 베개커버가 없어서 세탁이 안되는점은 많이 아쉽네요,,,909,목 마사지 베개 V2 경추 마사지기 베개,129000,수량선택: 목 마사지 베개 V2 1개 (마그네슘 시너지 크림 1개 증정),기존리뷰,4,,0,0,1,"안녕하세요. 프리미엄 헬스테크 브랜드, 슬룸입니다.
진심 어린 소중한 후기 감사합니다. 💜

앞으로도 좋은 상품과 서비스로 고객님들을 찾아뵐 수 있도록 노력하겠습니다.
감사합니다. :)"
119275,2026-08-18 11:26,2026-08-07 7:58,2026-08-08 16:14,목을 잡아줘서 목이 스트레칭되는 느낌이예요. 그런데 너무 목이 뒤로 졌혀져서 기존 베개를 스트레칭 베개위쪽으로 놓고 쓰기 조금 편했어요. 서서히 기존 배게를 제게하면서 바꿔봐야겠어요~,,,1038,[썸머 수퍼데이] 목베개 스트레칭 베개,11900,수량선택: 목베개 1개,기존리뷰,5,,1,0,1,"안녕하세요. 프리미엄 헬스테크 브랜드, 슬룸입니다.
진심 어린 소중한 후기 감사합니다. 💜

앞으로도 좋은 상품과 서비스로 고객님들을 찾아뵐 수 있도록 노력하겠습니다.
감사합니다. :)"
119276,2026-08-18 13:21,2026-07-13 15:14,,진동이  심해 층간 소음 발생,,,636,허리편한케어 V2 허리 마사지기,129000,수량선택: 허리편한케어 V2 1개 (마그네슘 시너지 크림 1개 증정),기존리뷰,2,,0,0,1,"안녕하세요 고객님, 프리미엄 헬스테크 브랜드, 슬룸입니다.
고객님께 만족스러운 경험을 드리지 못해 대단히 죄송합니다.😥

슬룸의 모든 제품은 인체공학적으로 설계되어 편안한 사용이 가능하나 초기 사용 시 1~2주 이상의 적응 기간이 필요할 수 있습니다. 
다만 수령하신 날짜 기준으로 30일 동안 꾸준히 사용해보시고도 만족하지 못하셨을 경우에는, 슬룸에서 진행하는 <100%환불이벤트> 에 참여하여 왕복배송비 제외 전액 환불이 가능합니다.

※ 제품을 30일간 꾸준히 사용한 경우, 배송완료 후 40일이내 신청이 가능
※ 환불 서비스는 첫 구매 체험을 위한 서비스로 1회만 신청 가능

▶ <100% 환불 이벤트> 상세 환불 조건 : https://sleeplab.co.kr/notice/?page=1#13709226_notice 

슬룸을 믿고 편하게 사용 및 체험해보시고, 그럼에도 만족하시지 못하셨을 경우 슬룸 공식몰의 채널톡을 통해 이벤트 기간 내 문의 주시면 환불 접수 도움드리겠습니다."
119277,2026-08-18 13:43,2026-07-03 5:08,2026-07-04 18:36,사용해보니 쓸만해요 충전하고 다시 하고 그런게 조금 귀찮네요,,,1012,[태국박서방TV x 슬룸] 구독자 전용 ★최저가★ 비밀링크,99000,수량선택: 발편한케어 L 1개,기존리뷰,4,,1,0,1,"안녕하세요. 프리미엄 헬스테크 브랜드, 슬룸입니다.
진심 어린 소중한 후기 감사합니다. 💜

앞으로도 좋은 상품과 서비스로 고객님들을 찾아뵐 수 있도록 노력하겠습니다.
감사합니다. :)"
119278,2026-08-18 14:16,2026-08-13 20:35,2026-08-16 14:09,상품 수준 별로인데 반품신청 거절 당했습니다 연락처 친절히 알려줬지만 ARS만 뱅뱅 돕니다 거의 강제 판매 수준입니다 정말 대한민국에서 오랬만에 당해보는 강매입니다 상품 대비 엄청 비싸세 느껴지네요. 이런 판매자는 있어서는 안됩니다,,,724,★최대할인 비밀링크★ 목베개 플러스 특가,69000,수량선택: 목베개 플러스 1개,기존리뷰,1,,1,0,1,"안녕하세요. 프리미엄 헬스테크 브랜드, 슬룸입니다.
고객님께 만족스러운 경험을 드리지 못해 대단히 죄송합니다. 😥

리뷰로는 상세한 안내가 어려워, 자세한 내용 알림톡(문자) 발송 도와드렸으니 확인 부탁드리겠습니다.
추가로 궁금하신 점이 있으시거나 문자 확인하신 후에도 해결되지 않는 경우
번거로우시겠지만 슬룸 채팅 상담을 통해 연락 주시면 빠르게 안내 도와드리겠습니다.

▶ 슬룸 채팅 상담 (※ 월-금 09:30-17:00, 주말 및 공휴일 휴무)
http://sloom.channel.io/

고객님의 목소리로 더 발전하는 슬룸이 되도록 노력하겠습니다. 감사합니다."
119279,2026-08-18 14:55,2026-08-12 21:20,2026-08-16 17:35,처음 사용하는거라  어떨까 했는데   생각보다 만족합니다 특히 저희 신랑이 더 만족해요,,,636,허리편한케어 V2 허리 마사지기,129000,수량선택: 허리편한케어 V2 1개 (마그네슘 시너지 크림 1개 증정),기존리뷰,5,,0,0,1,"안녕하세요. 프리미엄 헬스테크 브랜드, 슬룸입니다.
시간 내어 소중한 후기를 작성해 주셔서 감사드립니다. :)

믿고 찾는 쇼핑몰이 되기 위해 더 좋은 상품과 서비스를 준비하겠습니다.
감사합니다. 💜"
119280,2026-08-18 16:08,2026-08-13 13:45,2026-08-16 20:05,편하기는 하는데 아직 더 써봐야겠습니다.,,,909,목 마사지 베개 V2 경추 마사지기 베개,129000,수량선택: 목 마사지 베개 V2 1개 (마그네슘 시너지 크림 1개 증정),기존리뷰,4,,1,0,1,"안녕하세요. 프리미엄 헬스테크 브랜드, 슬룸입니다.
정성스럽게 올려주신 소중한 후기 감사합니다. 💜

고객님의 목소리로 더 발전하는 슬룸이 되도록 노력하겠습니다.
감사합니다. 🙇‍♀️"
119281,2026-08-18 17:50,2026-07-03 19:25,2026-07-07 18:42,"성능이고ㅜ나발이고

두꺼운 찍찍이부분끼우기도 ㅈ같고
조금사용했더니
두꺼운부분찍찍이가 잘언붙어서 사용중 계속풀릭
개빡침",,,980,프리미엄 엘보케어 팔꿈치 마사지기,149000,수량선택: 데일리 릴렉스 세트 (팔꿈치 마사지기 + 마그네슘 시너지 크림),기존리뷰,1,,0,0,1,"안녕하세요. 프리미엄 헬스테크 브랜드, 슬룸입니다.
고객님께 만족스러운 경험을 드리지 못해 대단히 죄송합니다. 😥

리뷰로는 상세한 안내가 어려워, 자세한 내용 알림톡(문자) 발송 도와드렸으니 확인 부탁드리겠습니다.
추가로 궁금하신 점이 있으시거나 문자 확인하신 후에도 해결되지 않는 경우
번거로우시겠지만 슬룸 채팅 상담을 통해 연락 주시면 빠르게 안내 도와드리겠습니다.

▶ 슬룸 채팅 상담 (※ 월-금 09:30-17:00, 주말 및 공휴일 휴무)
http://sloom.channel.io/

고객님의 목소리로 더 발전하는 슬룸이 되도록 노력하겠습니다. 감사합니다."
119282,2026-08-18 18:05,2026-07-27 7:58,2026-07-28 16:11,작동 시간이 좀 짧아 귀찮긴 하지만 좋아요,,,924,발편한케어 프리미엄 EMS 발 마사지기,89000,"사이즈&세트선택: M (220-270mm), 수량선택: 발편한케어 1개",기존리뷰,5,,1,0,1,"안녕하세요. 프리미엄 헬스테크 브랜드, 슬룸입니다.
정성스럽게 올려주신 소중한 후기 감사합니다. 💜

고객님의 목소리로 더 발전하는 슬룸이 되도록 노력하겠습니다.
감사합니다. 🙇‍♀️"
119283,2026-08-18 18:58,2026-08-04 6:15,2026-08-05 16:10,"배송은 빨라서 좋구요
목 맛사지 효과가 있나 싶어요 
목디스크에 효과가 있을까요??",,,724,★최대할인 비밀링크★ 목베개 플러스 특가,69000,수량선택: 목베개 플러스 1개,기존리뷰,3,,0,0,1,"안녕하세요. 프리미엄 헬스테크 브랜드, 슬룸입니다.
진심 어린 소중한 후기 감사합니다. 💜

앞으로도 좋은 상품과 서비스로 고객님들을 찾아뵐 수 있도록 노력하겠습니다.
감사합니다. :)"
119284,2026-08-18 19:46,2026-07-24 16:29,2026-07-28 21:11,마사지도 좋고 온열기능도 좋아요 ㅋㅋ 잘쓰고있습니다,,,1043,[슬룸 4차 진행!] 코이티비 구독자 전용 ★최저가★ 비밀링크,99000,수량선택: 목 마사지 베개 V2 1개,기존리뷰,4,,1,0,1,"안녕하세요. 프리미엄 헬스테크 브랜드, 슬룸입니다.
시간 내어 소중한 후기를 작성해 주셔서 감사드립니다. :)

믿고 찾는 쇼핑몰이 되기 위해 더 좋은 상품과 서비스를 준비하겠습니다.
감사합니다. 💜"
119285,2026-08-18 19:54,2026-07-21 0:37,2026-07-22 21:06,합리적인 가격 빠른배송 굳 품질,,,1033,[신금동x슬룸] 최저가 마켓 OPEN,79000,수량선택: ★최저가★ 경추 마사지 베개 V2 1개 + (증정) 마그네슘 크림 1개,기존리뷰,5,,1,0,1,"안녕하세요. 프리미엄 헬스테크 브랜드, 슬룸입니다.
시간 내어 소중한 후기를 작성해 주셔서 감사드립니다. :)

믿고 찾는 쇼핑몰이 되기 위해 더 좋은 상품과 서비스를 준비하겠습니다.
감사합니다. 💜"
119286,2026-08-18 21:14,2026-08-02 23:56,2026-08-04 18:44,인스타광고에 또 속는셈치고 샀습니다.일자목이라 자도 머리가 개운하지 않고 두통이 항시 있었는데 이거로 마사지하고는 많이 좋아졌어요~두통은 거의 없고 다만 진동으로 하는건 머리가 좀 울려서 빼고 사용해요 저말고 다른가족들 써도 되니깐뭐. .자기전에 10분 정도 하고 자는데 잠도 금방 들어서 좋아요~,,,724,★최대할인 비밀링크★ 목베개 플러스 특가,69000,수량선택: 목베개 플러스 1개,기존리뷰,5,,2,0,1,"안녕하세요. 프리미엄 헬스테크 브랜드, 슬룸입니다.
시간 내어 소중한 후기를 작성해 주셔서 감사드립니다. :)

믿고 찾는 쇼핑몰이 되기 위해 더 좋은 상품과 서비스를 준비하겠습니다.
감사합니다. 💜"
119287,2026-08-18 23:01,2026-06-17 6:42,2026-06-18 16:14,팔저림 현상이 없어졌어요! 잘사용하고 있습니다,,,291,목베개 플러스 경추 목 마사지기 베개,99000,수량선택: 목베개 플러스 1개,기존리뷰,5,,0,0,1,"안녕하세요. 프리미엄 헬스테크 브랜드, 슬룸입니다.
진심 어린 소중한 후기 감사합니다. 💜

앞으로도 좋은 상품과 서비스로 고객님들을 찾아뵐 수 있도록 노력하겠습니다.
감사합니다. :)"
119288,2026-08-19 0:36,2026-08-11 23:48,2026-08-13 16:18,은근히 목이 시원하네요. 굿굿,,,724,★최대할인 비밀링크★ 목베개 플러스 특가,69000,수량선택: 목베개 플러스 1개,기존리뷰,5,,1,0,1,"안녕하세요. 프리미엄 헬스테크 브랜드, 슬룸입니다.
정성스럽게 올려주신 소중한 후기 감사합니다. 💜

고객님의 목소리로 더 발전하는 슬룸이 되도록 노력하겠습니다.
감사합니다. 🙇‍♀️"
119289,2026-08-19 1:40,2026-08-12 8:46,2026-08-13 13:39,"테니스앨보로 고생중인데 너무 시원해요 매일 병원갈수없는데 필요할때마다 물리치료 받는 느낌이예요 한가지 아쉬운건 배터리가 너무 빨리 닳는다는점,,",,,980,프리미엄 엘보케어 팔꿈치 마사지기,149000,수량선택: 팔꿈치 마사지기 + 연장벨트 (시너지 크림 & 파우치 중형 1개 증정),기존리뷰,5,,1,0,1,"안녕하세요. 프리미엄 헬스테크 브랜드, 슬룸입니다.
진심 어린 소중한 후기 감사합니다. 💜

앞으로도 좋은 상품과 서비스로 고객님들을 찾아뵐 수 있도록 노력하겠습니다.
감사합니다. :)"
119290,2026-08-10 0:00,,,6개월 사용 후기 남겨요. 처음엔 에어백이 낯설었는데 지금은 없으면 못 자요. 온열 2단계에 릴렉스 진동 조합이 제 루틴인데 10분이면 충분히 풀려요. 무선이라 충전해두면 어디서든 꺼내 쓸 수 있어서 진짜 편해요.,6e43067ffa33,,909,목 마사지 베개 V2 경추 마사지기 베개,129000,,기존리뷰,5,,0,0,1,"안녕하세요. 프리미엄 헬스테크 브랜드, 슬룸입니다.
진심 어린 소중한 후기 감사합니다. 💜

앞으로도 좋은 상품과 서비스로 고객님들을 찾아뵐 수 있도록 노력하겠습니다.
감사합니다. :)"
119291,2026-08-16 0:00,,,퇴근하고 소파에 쓰러지면서 바로 켜는 게 일상이 됐어요. 하루 쌓인 피로가 에어백이 부풀 때마다 같이 빠져나가는 느낌? 온열이랑 집중 진동 조합이 특히 효과적이에요. 타이머가 알아서 꺼줘서 그대로 잠들어도 돼요.,0e4b01de24af,,909,목 마사지 베개 V2 경추 마사지기 베개,129000,,기존리뷰,5,,0,0,1,"안녕하세요. 프리미엄 헬스테크 브랜드, 슬룸입니다.
정성스럽게 올려주신 소중한 후기 감사합니다. 💜

고객님의 목소리로 더 발전하는 슬룸이 되도록 노력하겠습니다.
감사합니다. 🙇‍♀️"
119292,2026-08-17 0:00,,,받자마자 바로 써봤는데 와 이게 뭐야 소리가 나왔어요ㅋㅋ 에어백이 부풀 때 목이 자연스럽게 늘어나는 느낌이 진짜 신기하고 시원해요. 단순 진동이랑은 차원이 다른 것 같아요. 온열까지 켜면 완전 힐링이에요.,2a03d0388957,,909,목 마사지 베개 V2 경추 마사지기 베개,129000,,기존리뷰,5,,0,0,1,"안녕하세요. 프리미엄 헬스테크 브랜드, 슬룸입니다.
시간 내어 소중한 후기를 작성해 주셔서 감사드립니다. :)

믿고 찾는 쇼핑몰이 되기 위해 더 좋은 상품과 서비스를 준비하겠습니다.
감사합니다. 💜"
119293,2026-08-11 0:00,,,야근이 잦은 편인데 집에 오면 이거부터 켜요. 목이 굳어있을수록 에어백이 늘려줄 때 더 시원하거든요ㅋㅋ 온열 3단계로 하면 뜨끈해서 겨울에 특히 좋아요. 타이머 있어서 켜두고 자도 되는 게 최고예요.,ca8086f6cf6a,,909,목 마사지 베개 V2 경추 마사지기 베개,129000,,기존리뷰,5,,0,0,1,"안녕하세요. 프리미엄 헬스테크 브랜드, 슬룸입니다.
정성스럽게 올려주신 소중한 후기 감사합니다. 💜

고객님의 목소리로 더 발전하는 슬룸이 되도록 노력하겠습니다.
감사합니다. 🙇‍♀️"
119294,2026-08-14 0:00,,,친구 따라 구매했는데 지금은 제가 더 열심히 써요ㅋㅋㅋ 에어백 느낌이 중독성 있어서 안 쓰면 허전해요. 온열이랑 진동 같이 켜면 짧은 시간에도 효과가 확실하고요. 네이비 색이 방 분위기도 살려줘서 좋아요.,5303c05a50ae,,909,목 마사지 베개 V2 경추 마사지기 베개,129000,,기존리뷰,5,,0,0,1,"안녕하세요. 프리미엄 헬스테크 브랜드, 슬룸입니다.
시간 내어 소중한 후기를 작성해 주셔서 감사드립니다. :)

믿고 찾는 쇼핑몰이 되기 위해 더 좋은 상품과 서비스를 준비하겠습니다.
감사합니다. 💜"
119295,2026-08-08 0:00,,,솔직히 처음엔 반신반의했는데 지금은 강추하고 있어요. 에어백이 실제로 목을 늘려주는 게 느껴지거든요. 진동만 있는 제품이랑은 완전히 달라요. 온열이 더해지면 근육이 녹는 것 같은 느낌이에요. 꾸준히 쓰면 확실히 달라져요.,a85dab13bb85,,909,목 마사지 베개 V2 경추 마사지기 베개,129000,,기존리뷰,5,,0,0,1,"안녕하세요. 프리미엄 헬스테크 브랜드, 슬룸입니다.
진심 어린 소중한 후기 감사합니다. 💜

앞으로도 좋은 상품과 서비스로 고객님들을 찾아뵐 수 있도록 노력하겠습니다.
감사합니다. :)"
119297,2026-08-16 0:00,,,헬스 끝나고 바로 쓰는 게 루틴이 됐어요. 운동 후에 목이 뭉치는 편인데 에어백이 빠르게 이완시켜줘서 회복이 달라졌어요. 온열이랑 집중 진동 조합이 운동 후에 딱이에요. 무선이라 헬스장에도 들고 다녀요.,8c14973a7868,,909,목 마사지 베개 V2 경추 마사지기 베개,129000,,기존리뷰,5,,0,0,1,"안녕하세요. 프리미엄 헬스테크 브랜드, 슬룸입니다.
진심 어린 소중한 후기 감사합니다. 💜

앞으로도 좋은 상품과 서비스로 고객님들을 찾아뵐 수 있도록 노력하겠습니다.
감사합니다. :)"
119298,2026-08-15 0:00,,,이거 남편 선물로 샀는데 사실상 제가 독점하고 있어요ㅋㅋ 에어백이 목을 잡아줄 때 그 시원함에 빠졌거든요. 결국 두 개 샀는데 잘한 것 같아요. 온열이랑 진동 같이 켜면 마사지샵 안 부럽더라고요.,d4190285c9b3,,909,목 마사지 베개 V2 경추 마사지기 베개,129000,,기존리뷰,5,,0,0,1,"안녕하세요. 프리미엄 헬스테크 브랜드, 슬룸입니다.
진심 어린 소중한 후기 감사합니다. 💜

앞으로도 좋은 상품과 서비스로 고객님들을 찾아뵐 수 있도록 노력하겠습니다.
감사합니다. :)"
119299,2026-08-16 0:00,,,두 달째 쓰고 있는데 처음이랑 비교하면 목 상태가 확실히 달라졌어요. 에어백이 굳은 근육을 조금씩 이완시켜줘서 꾸준히 쓰는 게 중요한 것 같아요. 온열이랑 진동 조합으로 매일 15분씩 쓰는 게 루틴이 됐어요.,52d24214ccb0,,909,목 마사지 베개 V2 경추 마사지기 베개,129000,,기존리뷰,5,,0,0,1,"안녕하세요. 프리미엄 헬스테크 브랜드, 슬룸입니다.
정성스럽게 올려주신 소중한 후기 감사합니다. 💜

고객님의 목소리로 더 발전하는 슬룸이 되도록 노력하겠습니다.
감사합니다. 🙇‍♀️"
119300,2026-08-11 0:00,,,요즘 재택근무로 자세가 엉망이 됐는데 이거 쓰면서 버티고 있어요. 에어백이 하루 동안 굳은 목을 천천히 풀어줘서 내일 또 버틸 수 있는 것 같아요ㅋㅋ 온열이랑 진동 같이 켜면 짧은 시간에도 효과가 좋아요.,3cbf0624a58a,,909,목 마사지 베개 V2 경추 마사지기 베개,129000,,기존리뷰,5,,0,0,1,"안녕하세요. 프리미엄 헬스테크 브랜드, 슬룸입니다.
진심 어린 소중한 후기 감사합니다. 💜

앞으로도 좋은 상품과 서비스로 고객님들을 찾아뵐 수 있도록 노력하겠습니다.
감사합니다. :)"
119302,2026-08-17 0:00,,,선물 받고 처음엔 방치했다가 써보니까 진짜 좋더라고요. 에어백이 부풀 때 처음엔 어색했는데 익숙해지니까 이 느낌 없으면 허전해요. 온열이랑 진동 같이 켜면 마사지샵 수준이에요. 타이머 있어서 자도 안심이고요.,ddf59460268b,,909,목 마사지 베개 V2 경추 마사지기 베개,129000,,기존리뷰,5,,0,0,1,"안녕하세요. 프리미엄 헬스테크 브랜드, 슬룸입니다.
시간 내어 소중한 후기를 작성해 주셔서 감사드립니다. :)

믿고 찾는 쇼핑몰이 되기 위해 더 좋은 상품과 서비스를 준비하겠습니다.
감사합니다. 💜"
119303,2026-08-02 0:00,,,피부과 치료 때문에 파스 못 붙이는 상황에서 이거 발견했어요. 오히려 파스보다 더 효과적인 것 같아서 지금은 아예 파스 안 써요. 에어백이 목을 직접 케어해줘서 훨씬 깊이 풀리는 느낌이에요. 온열이 찜질 역할도 해줘서 완벽해요.,6bae9577e30c,,909,목 마사지 베개 V2 경추 마사지기 베개,129000,,기존리뷰,5,,0,0,1,"안녕하세요. 프리미엄 헬스테크 브랜드, 슬룸입니다.
진심 어린 소중한 후기 감사합니다. 💜

앞으로도 좋은 상품과 서비스로 고객님들을 찾아뵐 수 있도록 노력하겠습니다.
감사합니다. :)"
119304,2026-08-06 0:00,,,새벽에 작업하다 보면 목이 진짜 심하게 굳는데 이거 없었으면 어쩔 뻔 했을까 싶어요. 에어백이 굳은 목을 천천히 이완시켜줘서 작업 후 필수 루틴이 됐어요. 온열이랑 집중 진동 조합이 특히 효과적이에요.,48181e5d2226,,909,목 마사지 베개 V2 경추 마사지기 베개,129000,,기존리뷰,3,,0,0,1,"안녕하세요. 프리미엄 헬스테크 브랜드, 슬룸입니다.
정성스럽게 올려주신 소중한 후기 감사합니다. 💜

고객님의 목소리로 더 발전하는 슬룸이 되도록 노력하겠습니다.
감사합니다. 🙇‍♀️"
119305,2026-08-14 0:00,,,임신 중에 약 못 먹는 상황에서 이거 샀는데 생각보다 효과가 좋아요. 에어백 강도 낮게 해서 쓰는데도 충분히 시원해요. 온열 1단계로만 쓰는데 적당히 따뜻해서 좋고요. 릴렉스 진동 모드로 자기 전에 쓰면 잠도 잘 와요.,36069057e1a7,,909,목 마사지 베개 V2 경추 마사지기 베개,129000,,기존리뷰,4,,0,0,1,"안녕하세요. 프리미엄 헬스테크 브랜드, 슬룸입니다.
시간 내어 소중한 후기를 작성해 주셔서 감사드립니다. :)

믿고 찾는 쇼핑몰이 되기 위해 더 좋은 상품과 서비스를 준비하겠습니다.
감사합니다. 💜"
119306,2026-08-09 0:00,,,평소에 리뷰 잘 안 쓰는데 이건 써야 할 것 같아서요. 에어백으로 목을 케어하는 방식이 진짜 다른 제품이랑 달라요. 직접 써보면 바로 느껴요. 온열이랑 진동 같이 켜면 마사지받는 것 같고요. 강력 추천해요.,2ccfedfa2b61,,909,목 마사지 베개 V2 경추 마사지기 베개,129000,,기존리뷰,5,,0,0,1,"안녕하세요. 프리미엄 헬스테크 브랜드, 슬룸입니다.
진심 어린 소중한 후기 감사합니다. 💜

앞으로도 좋은 상품과 서비스로 고객님들을 찾아뵐 수 있도록 노력하겠습니다.
감사합니다. :)"
119307,2026-08-03 0:00,,,처음 켰을 때 남편이 옆에서 왜 목이 들려있냐고 웃었는데ㅋㅋ 에어백이 목을 들어 올릴 때 외부에서 보면 신기하게 보이나봐요. 근데 그 느낌이 진짜 시원해서 매일 쓰게 돼요. 온열이랑 진동 같이 켜면 완전 힐링이에요.,f61f555ebbfa,,909,목 마사지 베개 V2 경추 마사지기 베개,129000,,기존리뷰,5,,0,0,1,"안녕하세요. 프리미엄 헬스테크 브랜드, 슬룸입니다.
정성스럽게 올려주신 소중한 후기 감사합니다. 💜

고객님의 목소리로 더 발전하는 슬룸이 되도록 노력하겠습니다.
감사합니다. 🙇‍♀️"
119308,2026-08-03 0:00,,,출장 갈 때도 이거 챙겨가요. 호텔에서도 쓸 수 있어서 좋거든요. 에어백이 장거리 이동으로 굳은 목을 빠르게 풀어줘서 피로 회복이 달라요. 온열이랑 진동 같이 켜면 호텔에서도 마사지받는 기분이에요. 무선이라 어디서든 쓸 수 있어서 진짜 좋아요.,eb96f95add1b,,909,목 마사지 베개 V2 경추 마사지기 베개,129000,,기존리뷰,5,,0,0,1,"안녕하세요. 프리미엄 헬스테크 브랜드, 슬룸입니다.
진심 어린 소중한 후기 감사합니다. 💜

앞으로도 좋은 상품과 서비스로 고객님들을 찾아뵐 수 있도록 노력하겠습니다.
감사합니다. :)"
119309,2026-08-04 0:00,,,노트북 작업하면서 자세가 안 좋아졌는데 이거 쓰면서 조금씩 교정되는 것 같아요. 에어백이 목을 자연스럽게 정렬해줘서 자세도 같이 좋아지는 느낌이에요. 온열이랑 진동 조합으로 작업 후에 쓰는 게 루틴이 됐어요.,50ac4e4a793b,,909,목 마사지 베개 V2 경추 마사지기 베개,129000,,기존리뷰,5,,0,0,1,"안녕하세요. 프리미엄 헬스테크 브랜드, 슬룸입니다.
정성스럽게 올려주신 소중한 후기 감사합니다. 💜

고객님의 목소리로 더 발전하는 슬룸이 되도록 노력하겠습니다.
감사합니다. 🙇‍♀️"
119310,2026-08-13 0:00,,,운동 강도 높이면서 목에 부담이 많이 갔는데 이거로 관리하고 있어요. 에어백이 운동으로 긴장된 근육을 빠르게 이완시켜줘서 회복이 달라졌어요. 온열이랑 집중 진동 조합이 운동 후에 딱이에요. 다음 운동 때 컨디션이 확실히 달라요.,5fdf6e927034,,909,목 마사지 베개 V2 경추 마사지기 베개,129000,,기존리뷰,5,,0,0,1,"안녕하세요. 프리미엄 헬스테크 브랜드, 슬룸입니다.
정성스럽게 올려주신 소중한 후기 감사합니다. 💜

고객님의 목소리로 더 발전하는 슬룸이 되도록 노력하겠습니다.
감사합니다. 🙇‍♀️"
119311,2026-08-08 0:00,,,작년에 사고 나서 목이 안 좋아졌는데 꾸준히 쓰면서 회복 중이에요. 에어백 강도를 처음엔 약하게 쓰다가 서서히 올렸는데 회복에 도움이 많이 됐어요. 온열이 따뜻하게 감싸줘서 근육 회복이 빠른 것 같아요. 진동은 릴렉스 모드로 쓰면서 무리 없이 관리해요.,a70f2a46f6bb,,909,목 마사지 베개 V2 경추 마사지기 베개,129000,,기존리뷰,5,,0,0,1,"안녕하세요. 프리미엄 헬스테크 브랜드, 슬룸입니다.
정성스럽게 올려주신 소중한 후기 감사합니다. 💜

고객님의 목소리로 더 발전하는 슬룸이 되도록 노력하겠습니다.
감사합니다. 🙇‍♀️"
119312,2026-08-04 0:00,,,자기 전에 핸드폰 보는 대신 이거로 바꿨어요. 에어백이 목을 이완시켜줄 때 하루의 긴장이 자연스럽게 풀리고 온열이랑 릴렉스 진동 켜면 잠이 솔솔 와요. 타이머가 알아서 꺼줘서 걱정 없이 잠들 수 있어요.,a9214fbb0150,,909,목 마사지 베개 V2 경추 마사지기 베개,129000,,기존리뷰,4,,0,0,1,"안녕하세요. 프리미엄 헬스테크 브랜드, 슬룸입니다.
정성스럽게 올려주신 소중한 후기 감사합니다. 💜

고객님의 목소리로 더 발전하는 슬룸이 되도록 노력하겠습니다.
감사합니다. 🙇‍♀️"
119313,2026-08-15 0:00,,,처음엔 베개 모양이 이상하다 생각했어요ㅋㅋ 근데 써보니까 이 모양이어야 하는 이유가 있더라고요. 누워서 목이 자연스럽게 C커브로 잡히면서 에어백이 눌러줄 때 시원함이 배가 돼요. 온열이랑 진동까지 켜면 완전 힐링이에요.,152cb6e70e6d,,909,목 마사지 베개 V2 경추 마사지기 베개,129000,,기존리뷰,5,,0,0,1,"안녕하세요. 프리미엄 헬스테크 브랜드, 슬룸입니다.
진심 어린 소중한 후기 감사합니다. 💜

앞으로도 좋은 상품과 서비스로 고객님들을 찾아뵐 수 있도록 노력하겠습니다.
감사합니다. :)"
119314,2026-08-17 0:00,,,리뷰 꼼꼼히 읽고 샀는데 리뷰 그 이상이에요. 에어백 기능이 다른 제품이랑 차별화되는 핵심인데 실제로 써보면 바로 알아요. 온열이 더해지면 근육이 빠르게 이완되는 게 느껴지고 타이머 있는 것도 마음에 들어요.,8d6e93364f72,,909,목 마사지 베개 V2 경추 마사지기 베개,129000,,기존리뷰,4,,0,0,1,"안녕하세요. 프리미엄 헬스테크 브랜드, 슬룸입니다.
정성스럽게 올려주신 소중한 후기 감사합니다. 💜

고객님의 목소리로 더 발전하는 슬룸이 되도록 노력하겠습니다.
감사합니다. 🙇‍♀️"
119318,2026-08-08 0:00,,,독서를 많이 하는 편이라 고개 숙이는 시간이 긴데 책 읽고 나서 이거 쓰면 금방 풀려요. 에어백이 독서 자세로 굳은 목을 자연스럽게 이완시켜줘요. 온열이 따뜻하게 감싸줘서 혈액순환이 잘 되는 것 같고요. 릴렉스 진동 모드로 마무리하면 완전 힐링이에요.,0d7c97bebe8b,,909,목 마사지 베개 V2 경추 마사지기 베개,129000,,기존리뷰,3,,0,0,1,"안녕하세요. 프리미엄 헬스테크 브랜드, 슬룸입니다.
정성스럽게 올려주신 소중한 후기 감사합니다. 💜

고객님의 목소리로 더 발전하는 슬룸이 되도록 노력하겠습니다.
감사합니다. 🙇‍♀️"
119319,2026-08-09 0:00,,,몸이 예민한 편이라 강도 조절이 자유로운 게 좋아요. 처음엔 제일 약한 모드로 쓰다가 익숙해지면서 올렸어요. 에어백 기본 모드도 충분히 효과가 있어요. 온열도 1단계로만 써도 되고요. 민감한 분들도 쓸 수 있다는 게 포인트예요.,78dbfbb10b62,,909,목 마사지 베개 V2 경추 마사지기 베개,129000,,기존리뷰,4,,0,0,1,"안녕하세요. 프리미엄 헬스테크 브랜드, 슬룸입니다.
시간 내어 소중한 후기를 작성해 주셔서 감사드립니다. :)

믿고 찾는 쇼핑몰이 되기 위해 더 좋은 상품과 서비스를 준비하겠습니다.
감사합니다. 💜"
119320,2026-08-15 0:00,,,아 이거 진짜 꿀템이다ㅠㅠ 목 뭉침으로 고생하는 분들 무조건 한번 써보세요. 에어백이 목을 잡아당겨줄 때 그 느낌이 중독성 있거든요. 온열이랑 진동 같이 켜면 마사지샵 가는 것 같아요. 타이머 있어서 자도 걱정 없어요.,17900c4350f9,,909,목 마사지 베개 V2 경추 마사지기 베개,129000,,기존리뷰,5,,0,0,1,"안녕하세요. 프리미엄 헬스테크 브랜드, 슬룸입니다.
시간 내어 소중한 후기를 작성해 주셔서 감사드립니다. :)

믿고 찾는 쇼핑몰이 되기 위해 더 좋은 상품과 서비스를 준비하겠습니다.
감사합니다. 💜"
119322,2026-08-16 0:00,,,PT 받으면서 목 관리도 병행하라고 해서 샀어요. 운동 효과가 더 잘 나오는 것 같아요. 에어백이 목 정렬을 잡아줘서 운동 자세도 좋아지는 것 같고요. 온열이랑 진동 집중 모드 조합이 운동 후 회복에 특히 좋아요.,47431dd72a0d,,909,목 마사지 베개 V2 경추 마사지기 베개,129000,,기존리뷰,4,,0,0,1,"안녕하세요. 프리미엄 헬스테크 브랜드, 슬룸입니다.
진심 어린 소중한 후기 감사합니다. 💜

앞으로도 좋은 상품과 서비스로 고객님들을 찾아뵐 수 있도록 노력하겠습니다.
감사합니다. :)"
119323,2026-08-09 0:00,,,명절 후에 장거리 운전하고 목이 너무 뭉쳐서 이거 처음 구매했는데 그 이후로 매일 써요. 에어백이 운전으로 굳은 목을 빠르게 이완시켜줘서 효과가 바로 느껴졌어요. 온열이랑 진동 같이 쓰면 짧은 시간에도 충분해요.,92b3260c0e4a,,909,목 마사지 베개 V2 경추 마사지기 베개,129000,,기존리뷰,5,,0,0,1,"안녕하세요. 프리미엄 헬스테크 브랜드, 슬룸입니다.
정성스럽게 올려주신 소중한 후기 감사합니다. 💜

고객님의 목소리로 더 발전하는 슬룸이 되도록 노력하겠습니다.
감사합니다. 🙇‍♀️"
119324,2026-08-18 0:00,,,핫팩 달고 살았는데 이거 하나로 다 해결돼요. 에어백이 목을 직접 이완시켜주고 온열이 따뜻하게 감싸줘서 찜질 효과까지 돼요. 진동이 더해지면 마사지 효과까지 완벽해요. 타이머 있어서 자도 걱정 없어요.,2fae3460776f,,909,목 마사지 베개 V2 경추 마사지기 베개,129000,,기존리뷰,5,,0,0,1,"안녕하세요. 프리미엄 헬스테크 브랜드, 슬룸입니다.
진심 어린 소중한 후기 감사합니다. 💜

앞으로도 좋은 상품과 서비스로 고객님들을 찾아뵐 수 있도록 노력하겠습니다.
감사합니다. :)"
119325,2026-08-17 0:00,,,"처음에 모드가 많아서 복잡해 보였는데 써보면서 하나씩 파악했어요. 저는 에어백 릴렉스 모드, 진동 집중 모드, 온열 2단계 조합이 딱 맞더라고요. 자기 전에 이 조합으로 쓰면 잠도 잘 오고요. 타이머가 알아서 꺼줘서 편해요.",dcf4565b84ee,,909,목 마사지 베개 V2 경추 마사지기 베개,129000,,기존리뷰,5,,0,0,1,"안녕하세요. 프리미엄 헬스테크 브랜드, 슬룸입니다.
정성스럽게 올려주신 소중한 후기 감사합니다. 💜

고객님의 목소리로 더 발전하는 슬룸이 되도록 노력하겠습니다.
감사합니다. 🙇‍♀️"
119326,2026-08-03 0:00,,,이사하면서 짐 들다가 목을 살짝 삐끗했는데 이거로 관리했어요. 에어백 강도 약하게 해서 쓰면서 회복했는데 도움이 많이 됐어요. 온열이 따뜻하게 감싸줘서 삐끗한 부위 회복에 좋은 것 같아요. 진동은 릴렉스 모드로만 써서 안전하게 관리했어요.,6b9ec1482046,,909,목 마사지 베개 V2 경추 마사지기 베개,129000,,기존리뷰,5,,0,0,1,"안녕하세요. 프리미엄 헬스테크 브랜드, 슬룸입니다.
시간 내어 소중한 후기를 작성해 주셔서 감사드립니다. :)

믿고 찾는 쇼핑몰이 되기 위해 더 좋은 상품과 서비스를 준비하겠습니다.
감사합니다. 💜"
119331,2026-08-06 0:00,,,"평소에 전자기기 잘 못 다루는 편인데 이거 모드 조절이 직관적이어서 쓰기 편해요. 버튼 몇 개로 에어백, 진동, 온열 각각 조절할 수 있어서 복잡하지 않아요. 처음엔 헷갈렸는데 금방 익숙해졌어요. 무선이라 충전만 해두면 되는 것도 편하고요.",bbc880af2365,,909,목 마사지 베개 V2 경추 마사지기 베개,129000,,기존리뷰,5,,0,0,1,"안녕하세요. 프리미엄 헬스테크 브랜드, 슬룸입니다.
시간 내어 소중한 후기를 작성해 주셔서 감사드립니다. :)

믿고 찾는 쇼핑몰이 되기 위해 더 좋은 상품과 서비스를 준비하겠습니다.
감사합니다. 💜"
119335,2026-08-11 0:00,,,30분 마사지받는 것 같은 효과를 15분 만에 내주는 것 같아요. 에어백이 목을 직접 케어해줘서 다른 제품이랑 달라요. 온열이 더해지면 근육이 이완되는 속도가 빨라지고 진동이 더해지면 마사지 효과까지 돼요. 가성비 최고예요.,f364dc98b4bb,,909,목 마사지 베개 V2 경추 마사지기 베개,129000,,기존리뷰,4,,0,0,1,"안녕하세요. 프리미엄 헬스테크 브랜드, 슬룸입니다.
진심 어린 소중한 후기 감사합니다. 💜

앞으로도 좋은 상품과 서비스로 고객님들을 찾아뵐 수 있도록 노력하겠습니다.
감사합니다. :)"
119338,2026-08-16 0:00,,,이거 써보고 나서 마사지샵 예약을 취소했어요ㅋㅋ 반은 농담이지만 진짜로 이 정도면 충분하다 싶어요. 에어백이 목을 잡아당겨줄 때 마사지사 손 느낌이랑 비슷하고요. 온열 켜면 더 깊이 이완되는 게 느껴져요.,785b3fa6bb88,,909,목 마사지 베개 V2 경추 마사지기 베개,129000,,기존리뷰,5,,0,0,1,"안녕하세요. 프리미엄 헬스테크 브랜드, 슬룸입니다.
진심 어린 소중한 후기 감사합니다. 💜

앞으로도 좋은 상품과 서비스로 고객님들을 찾아뵐 수 있도록 노력하겠습니다.
감사합니다. :)"
119339,2026-08-16 0:00,,,스트레스받는 날이면 목부터 굳는 편인데 이거 쓰면 목이랑 스트레스가 같이 풀려요. 에어백이 목을 이완시켜줄 때 긴장이 자연스럽게 해소되는 것 같아요. 온열이랑 릴렉스 진동 조합이 심신 안정에 최고예요.,2f85a8f01069,,909,목 마사지 베개 V2 경추 마사지기 베개,129000,,기존리뷰,5,,0,0,1,"안녕하세요. 프리미엄 헬스테크 브랜드, 슬룸입니다.
진심 어린 소중한 후기 감사합니다. 💜

앞으로도 좋은 상품과 서비스로 고객님들을 찾아뵐 수 있도록 노력하겠습니다.
감사합니다. :)"
119340,2026-08-18 0:00,,,네이비 색이 너무 예뻐서 일단 샀는데 기능도 대만족이에요ㅋㅋ 인테리어 소품 같기도 하고 기능도 좋고 일석이조예요. 에어백이 목을 이완시켜줄 때 그 시원함이 진짜예요. 온열이랑 진동 같이 켜면 완전 힐링이에요.,b72c9c621c09,,909,목 마사지 베개 V2 경추 마사지기 베개,129000,,기존리뷰,5,,0,0,1,"안녕하세요. 프리미엄 헬스테크 브랜드, 슬룸입니다.
진심 어린 소중한 후기 감사합니다. 💜

앞으로도 좋은 상품과 서비스로 고객님들을 찾아뵐 수 있도록 노력하겠습니다.
감사합니다. :)"
119341,2026-08-15 0:00,,,결혼기념일 선물로 받았는데 진짜 실용적이에요. 에어백이 목을 잡아당겨줄 때 처음엔 어색했는데 익숙해지니까 이 느낌 없으면 허전해요. 온열이랑 진동 같이 켜면 마사지샵 수준이에요. 타이머 있어서 자도 걱정 없고요.,d751c79d9625,,909,목 마사지 베개 V2 경추 마사지기 베개,129000,,기존리뷰,5,,0,0,1,"안녕하세요. 프리미엄 헬스테크 브랜드, 슬룸입니다.
시간 내어 소중한 후기를 작성해 주셔서 감사드립니다. :)

믿고 찾는 쇼핑몰이 되기 위해 더 좋은 상품과 서비스를 준비하겠습니다.
감사합니다. 💜"
119342,2026-08-15 0:00,,,장시간 게임하다 목이 뻐근해지는 게 일상이었는데 이거 게임 후에 쓰는 게 루틴이 됐어요. 에어백이 게임으로 굳은 목을 빠르게 이완시켜줘서 효과가 바로 느껴져요. 온열이랑 진동 조합이 특히 좋고요. 타이머 있어서 자도 걱정 없어요.,8addeff165b8,,909,목 마사지 베개 V2 경추 마사지기 베개,129000,,기존리뷰,5,,0,0,1,"안녕하세요. 프리미엄 헬스테크 브랜드, 슬룸입니다.
시간 내어 소중한 후기를 작성해 주셔서 감사드립니다. :)

믿고 찾는 쇼핑몰이 되기 위해 더 좋은 상품과 서비스를 준비하겠습니다.
감사합니다. 💜"
119343,2026-08-07 0:00,,,써보고 나서 기대 이상이어서 놀랐어요. 에어백 기능이 이렇게 효과적인 줄 몰랐거든요. 목이 실제로 늘어나는 게 느껴지는 게 포인트예요. 온열이 더해지면 근육이 이완되는 것도 확실하고요. 꾸준히 쓰면 달라지는 게 느껴져요.,9ab32f5c9ea7,,909,목 마사지 베개 V2 경추 마사지기 베개,129000,,기존리뷰,5,,0,0,1,"안녕하세요. 프리미엄 헬스테크 브랜드, 슬룸입니다.
진심 어린 소중한 후기 감사합니다. 💜

앞으로도 좋은 상품과 서비스로 고객님들을 찾아뵐 수 있도록 노력하겠습니다.
감사합니다. :)"
119345,2026-08-02 0:00,,,공무원 시험 준비하면서 오래 앉아있다 보니 목이 많이 안 좋아졌는데 이거 쓰면서 관리해요. 에어백이 공부로 굳은 목을 부드럽게 이완시켜줘서 공부 후 루틴이 됐어요. 온열이랑 진동 조합으로 15분만 써도 개운해져요.,a672d68df5cb,,909,목 마사지 베개 V2 경추 마사지기 베개,129000,,기존리뷰,4,,0,0,1,"안녕하세요. 프리미엄 헬스테크 브랜드, 슬룸입니다.
진심 어린 소중한 후기 감사합니다. 💜

앞으로도 좋은 상품과 서비스로 고객님들을 찾아뵐 수 있도록 노력하겠습니다.
감사합니다. :)"
119349,2026-08-11 0:00,,,육아하면서 목이 많이 안 좋아졌는데 아이 재운 후에 이거 쓰는 게 하루 마무리 루틴이 됐어요. 에어백이 하루 동안 쌓인 긴장을 풀어줘서 피로 회복이 빨라요. 온열이랑 릴렉스 진동 조합으로 쓰면 잠도 잘 오고요.,f36fef64276a,,909,목 마사지 베개 V2 경추 마사지기 베개,129000,,기존리뷰,5,,0,0,1,"안녕하세요. 프리미엄 헬스테크 브랜드, 슬룸입니다.
시간 내어 소중한 후기를 작성해 주셔서 감사드립니다. :)

믿고 찾는 쇼핑몰이 되기 위해 더 좋은 상품과 서비스를 준비하겠습니다.
감사합니다. 💜"
119350,2026-08-03 0:00,,,처음엔 가격 때문에 망설였는데 마사지샵 한 번 가는 비용이라 생각하니 바로 샀어요. 에어백이 목을 잡아당겨줄 때 마사지사 손이랑 비슷한 느낌이에요. 온열이랑 진동 같이 켜면 집에서 마사지샵 수준 케어가 돼요.,28bb565cf0b3,,909,목 마사지 베개 V2 경추 마사지기 베개,129000,,기존리뷰,5,,0,0,1,"안녕하세요. 프리미엄 헬스테크 브랜드, 슬룸입니다.
정성스럽게 올려주신 소중한 후기 감사합니다. 💜

고객님의 목소리로 더 발전하는 슬룸이 되도록 노력하겠습니다.
감사합니다. 🙇‍♀️"
119351,2026-08-10 0:00,,,홈트 하다가 목을 삐끗해서 이거로 관리했어요. 에어백 강도를 약하게 해서 조심조심 쓰면서 회복했는데 도움이 많이 됐어요. 온열이 따뜻하게 감싸줘서 삐끗한 부위 회복에 좋은 것 같아요. 진동은 릴렉스 모드로만 써서 무리 없이 관리했어요.,351020010fea,,909,목 마사지 베개 V2 경추 마사지기 베개,129000,,기존리뷰,5,,0,0,1,"안녕하세요. 프리미엄 헬스테크 브랜드, 슬룸입니다.
정성스럽게 올려주신 소중한 후기 감사합니다. 💜

고객님의 목소리로 더 발전하는 슬룸이 되도록 노력하겠습니다.
감사합니다. 🙇‍♀️"
119352,2026-08-10 0:00,,,이거 쓰면서 찜질방 가는 횟수가 줄었어요. 에어백이 목을 케어해주고 온열이 찜질 역할을 해줘서 찜질방 효과가 집에서 나요. 진동이 더해지면 마사지 효과까지 완벽해요. 무선이라 이불 속에서도 쓸 수 있어서 편해요.,4f96b3773df3,,909,목 마사지 베개 V2 경추 마사지기 베개,129000,,기존리뷰,3,,0,0,1,"안녕하세요. 프리미엄 헬스테크 브랜드, 슬룸입니다.
정성스럽게 올려주신 소중한 후기 감사합니다. 💜

고객님의 목소리로 더 발전하는 슬룸이 되도록 노력하겠습니다.
감사합니다. 🙇‍♀️"
119353,2026-08-04 0:00,,,"요즘 목 관리에 진심인데 이거 하나로 해결되는 것 같아요. 에어백이 목을 직접 케어해줘서 다른 보조 용품이 필요 없어요. 온열이 찜질 역할, 진동이 마사지 역할을 해줘서 이거 하나면 충분해요. 베개형이라 쓰다 잠들기도 편하고요.",70319d076677,,909,목 마사지 베개 V2 경추 마사지기 베개,129000,,기존리뷰,5,,0,0,1,"안녕하세요. 프리미엄 헬스테크 브랜드, 슬룸입니다.
진심 어린 소중한 후기 감사합니다. 💜

앞으로도 좋은 상품과 서비스로 고객님들을 찾아뵐 수 있도록 노력하겠습니다.
감사합니다. :)"
119354,2026-08-15 0:00,,,오래된 뭉침이라 쉽게 안 풀릴 것 같았는데 꾸준히 쓰다 보니까 달라지더라고요. 에어백이 굳어있던 근육을 조금씩 이완시켜줘서 인내심이 필요하지만 효과는 있어요. 온열이랑 진동 조합으로 매일 쓰는 게 루틴이 됐어요.,ea990a1931fa,,909,목 마사지 베개 V2 경추 마사지기 베개,129000,,기존리뷰,3,,0,0,1,"안녕하세요. 프리미엄 헬스테크 브랜드, 슬룸입니다.
시간 내어 소중한 후기를 작성해 주셔서 감사드립니다. :)

믿고 찾는 쇼핑몰이 되기 위해 더 좋은 상품과 서비스를 준비하겠습니다.
감사합니다. 💜"
119355,2026-08-10 0:00,,,이거 써보고 나서 목 관리를 이제야 제대로 시작했다 싶었어요. 에어백이 목을 잡아당겨줄 때 그 시원함이 오랫동안 필요했던 케어였어요. 온열이랑 진동 조합으로 매일 쓰다 보니까 달라지는 게 느껴져요.,c78a62a6a426,,909,목 마사지 베개 V2 경추 마사지기 베개,129000,,기존리뷰,4,,0,0,1,"안녕하세요. 프리미엄 헬스테크 브랜드, 슬룸입니다.
정성스럽게 올려주신 소중한 후기 감사합니다. 💜

고객님의 목소리로 더 발전하는 슬룸이 되도록 노력하겠습니다.
감사합니다. 🙇‍♀️"
119356,2026-08-11 0:00,,,조카 생일에 부모님 선물로 샀는데 너무 좋아하세요. 에어백이 목을 이완시켜줄 때 시원하다고 하시고 온열이 따뜻해서 특히 좋으신가봐요. 타이머 있어서 자다 일어나면 꺼져있어서 안심된다고 하시고요.,9d474973d33b,,909,목 마사지 베개 V2 경추 마사지기 베개,129000,,기존리뷰,5,,0,0,1,"안녕하세요. 프리미엄 헬스테크 브랜드, 슬룸입니다.
시간 내어 소중한 후기를 작성해 주셔서 감사드립니다. :)

믿고 찾는 쇼핑몰이 되기 위해 더 좋은 상품과 서비스를 준비하겠습니다.
감사합니다. 💜"
119357,2026-08-02 0:00,,,처음 써봤을 때 에어백이 부풀면서 목이 올라가는 느낌이 신기해서 웃었는데ㅋㅋ 지금은 이 느낌 없으면 허전해요. 온열이랑 진동 같이 켜면 마사지받는 것 같고 타이머 있어서 자도 안심이에요. 네이비 색도 예쁘고요.,6f781c0bc9ae,,909,목 마사지 베개 V2 경추 마사지기 베개,129000,,기존리뷰,5,,0,0,1,"안녕하세요. 프리미엄 헬스테크 브랜드, 슬룸입니다.
정성스럽게 올려주신 소중한 후기 감사합니다. 💜

고객님의 목소리로 더 발전하는 슬룸이 되도록 노력하겠습니다.
감사합니다. 🙇‍♀️"
119358,2026-08-02 0:00,,,작업하다 지치면 이거 꺼내서 켜는 게 습관이 됐어요. 에어백이 작업으로 굳은 목을 천천히 이완시켜줘서 다시 작업할 에너지가 생기는 것 같아요. 온열이랑 진동 조합으로 짧게 쓰는 것도 충분히 효과가 있어요.,048c73f4eae0,,909,목 마사지 베개 V2 경추 마사지기 베개,129000,,기존리뷰,5,,0,0,1,"안녕하세요. 프리미엄 헬스테크 브랜드, 슬룸입니다.
정성스럽게 올려주신 소중한 후기 감사합니다. 💜

고객님의 목소리로 더 발전하는 슬룸이 되도록 노력하겠습니다.
감사합니다. 🙇‍♀️"
119359,2026-08-16 0:00,,,돈 아까워서 마사지샵 못 다니는 분들한테 강추예요. 에어백이 목을 잡아당겨줄 때 마사지사 손 느낌이랑 비슷하거든요. 온열이랑 진동 같이 켜면 집에서 마사지샵 수준 케어가 가능해요. 무선이라 어디서든 쓸 수 있어서 실용적이에요.,d4387c091ff3,,909,목 마사지 베개 V2 경추 마사지기 베개,129000,,기존리뷰,5,,0,0,1,"안녕하세요. 프리미엄 헬스테크 브랜드, 슬룸입니다.
시간 내어 소중한 후기를 작성해 주셔서 감사드립니다. :)

믿고 찾는 쇼핑몰이 되기 위해 더 좋은 상품과 서비스를 준비하겠습니다.
감사합니다. 💜"
119360,2026-08-02 0:00,,,두 달 써본 솔직 후기예요. 처음이랑 지금이랑 목 상태가 달라졌어요. 꾸준히 쓰는 게 중요한 것 같아요. 에어백이 굳은 근육을 조금씩 이완시켜줘서 매일 쓰는 루틴이 생겼어요. 온열이랑 진동 조합으로 15분씩 쓰고 있어요.,a616638b6372,,909,목 마사지 베개 V2 경추 마사지기 베개,129000,,기존리뷰,5,,0,0,1,"안녕하세요. 프리미엄 헬스테크 브랜드, 슬룸입니다.
정성스럽게 올려주신 소중한 후기 감사합니다. 💜

고객님의 목소리로 더 발전하는 슬룸이 되도록 노력하겠습니다.
감사합니다. 🙇‍♀️"
119361,2026-08-15 0:00,,,"이거 하나면 찜질이랑 마사지를 한 번에 해결할 수 있어서 좋아요. 에어백이 목을 직접 케어해주고 온열이 찜질 효과, 진동이 마사지 효과를 내줘서 삼위일체예요. 타이머 있어서 자도 걱정 없고 무선이라 어디서든 쓸 수 있어요.",5071aee19c78,,909,목 마사지 베개 V2 경추 마사지기 베개,129000,,기존리뷰,5,,0,0,1,"안녕하세요. 프리미엄 헬스테크 브랜드, 슬룸입니다.
정성스럽게 올려주신 소중한 후기 감사합니다. 💜

고객님의 목소리로 더 발전하는 슬룸이 되도록 노력하겠습니다.
감사합니다. 🙇‍♀️"
119362,2026-08-18 0:00,,,새벽 배송 일하면서 목이 너무 힘든데 퇴근하고 이거 쓰면 살아나는 느낌이에요. 에어백이 힘든 작업으로 굳은 목을 빠르게 풀어줘서 다음 날 또 버틸 수 있어요. 온열이랑 집중 진동 조합이 특히 효과적이에요.,f15bfbe319b1,,909,목 마사지 베개 V2 경추 마사지기 베개,129000,,기존리뷰,5,,0,0,1,"안녕하세요. 프리미엄 헬스테크 브랜드, 슬룸입니다.
시간 내어 소중한 후기를 작성해 주셔서 감사드립니다. :)

믿고 찾는 쇼핑몰이 되기 위해 더 좋은 상품과 서비스를 준비하겠습니다.
감사합니다. 💜"
119363,2026-08-09 0:00,,,한 달 뒤에 다시 쓰는 장기 후기예요. 진짜 꾸준히 쓰면 달라지는 게 느껴져요. 처음엔 에어백이 어색했는데 지금은 이 느낌 없으면 허전해요. 온열이랑 진동 조합으로 매일 15분씩 쓰는 게 루틴이 됐고요.,0ff94bf1e429,,909,목 마사지 베개 V2 경추 마사지기 베개,129000,,기존리뷰,5,,0,0,1,"안녕하세요. 프리미엄 헬스테크 브랜드, 슬룸입니다.
시간 내어 소중한 후기를 작성해 주셔서 감사드립니다. :)

믿고 찾는 쇼핑몰이 되기 위해 더 좋은 상품과 서비스를 준비하겠습니다.
감사합니다. 💜"
119365,2026-08-18 0:00,,,"처음에 에어백 강도가 세게 느껴져서 걱정했는데 모드 조절하니까 괜찮더라고요. 기본 모드에서 시작해서 릴렉스 모드로 올렸는데 딱 맞아요. 온열은 2단계, 진동은 릴렉스 모드가 제 조합이에요. 이 조합으로 매일 쓰는 게 루틴이 됐어요.",cda1a2f8cb9a,,909,목 마사지 베개 V2 경추 마사지기 베개,129000,,기존리뷰,5,,0,0,1,"안녕하세요. 프리미엄 헬스테크 브랜드, 슬룸입니다.
정성스럽게 올려주신 소중한 후기 감사합니다. 💜

고객님의 목소리로 더 발전하는 슬룸이 되도록 노력하겠습니다.
감사합니다. 🙇‍♀️"
119366,2026-08-18 0:00,,,약을 먹어도 금방 다시 뭉치는 악순환이었는데 이거 쓰면서 근본적인 케어가 되는 것 같아요. 에어백이 목을 직접 이완시켜줘서 뭉침이 반복되는 빈도가 줄어든 것 같아요. 온열이랑 진동 같이 쓰면 효과가 배가 돼요.,d70d0c0e5242,,909,목 마사지 베개 V2 경추 마사지기 베개,129000,,기존리뷰,5,,0,0,1,"안녕하세요. 프리미엄 헬스테크 브랜드, 슬룸입니다.
정성스럽게 올려주신 소중한 후기 감사합니다. 💜

고객님의 목소리로 더 발전하는 슬룸이 되도록 노력하겠습니다.
감사합니다. 🙇‍♀️"
119369,2026-08-05 0:00,,,회사에서 회식하고 노래방 가면 목이 특히 더 뭉치는데 집에 오면 바로 켜요. 에어백이 뭉친 목을 빠르게 풀어줘서 다음 날 아침이 달라요. 온열이랑 집중 진동 조합이 특히 좋고요. 타이머 있어서 자도 걱정 없어요.,42d252544ec9,,909,목 마사지 베개 V2 경추 마사지기 베개,129000,,기존리뷰,5,,0,0,1,"안녕하세요. 프리미엄 헬스테크 브랜드, 슬룸입니다.
정성스럽게 올려주신 소중한 후기 감사합니다. 💜

고객님의 목소리로 더 발전하는 슬룸이 되도록 노력하겠습니다.
감사합니다. 🙇‍♀️"
119370,2026-08-11 0:00,,,처음 구매했을 때부터 지금까지 후회한 적이 없어요. 에어백이 목을 잡아당겨줄 때 그 시원함이 중독성 있어요. 온열이랑 진동 조합으로 매일 쓰는 루틴이 생겼고 목 상태가 달라진 게 느껴져요. 무선이라 어디서든 쓸 수 있어서 실용적이에요.,d992444a4b4c,,909,목 마사지 베개 V2 경추 마사지기 베개,129000,,기존리뷰,5,,0,0,1,"안녕하세요. 프리미엄 헬스테크 브랜드, 슬룸입니다.
시간 내어 소중한 후기를 작성해 주셔서 감사드립니다. :)

믿고 찾는 쇼핑몰이 되기 위해 더 좋은 상품과 서비스를 준비하겠습니다.
감사합니다. 💜"
119371,2026-08-03 0:00,,,이거 쓰면서 마사지샵 방문 횟수가 줄었어요. 에어백이 마사지사 손 느낌이랑 비슷하게 목을 잡아줘서 집에서도 충분한 케어가 돼요. 온열이랑 진동 같이 켜면 정말 마사지받는 것 같고요. 타이머 있어서 자도 안심이에요.,57482d5ee0fc,,909,목 마사지 베개 V2 경추 마사지기 베개,129000,,기존리뷰,3,,0,0,1,"안녕하세요. 프리미엄 헬스테크 브랜드, 슬룸입니다.
정성스럽게 올려주신 소중한 후기 감사합니다. 💜

고객님의 목소리로 더 발전하는 슬룸이 되도록 노력하겠습니다.
감사합니다. 🙇‍♀️"
119372,2026-08-15 0:00,,,꾸준히 써야 효과가 나온다는 걸 알아서 매일 15분씩 쓰고 있어요. 처음이랑 지금이랑 목 상태가 달라진 것 같아요. 에어백이 굳어있던 근육을 조금씩 이완시켜줘서 유연해지는 게 느껴져요. 온열이랑 진동 조합으로 매일 루틴 만들었어요.,429c14e9b67b,,909,목 마사지 베개 V2 경추 마사지기 베개,129000,,기존리뷰,5,,0,0,1,"안녕하세요. 프리미엄 헬스테크 브랜드, 슬룸입니다.
시간 내어 소중한 후기를 작성해 주셔서 감사드립니다. :)

믿고 찾는 쇼핑몰이 되기 위해 더 좋은 상품과 서비스를 준비하겠습니다.
감사합니다. 💜"
119373,2026-08-03 0:00,,,써보니까 왜 이게 인기 있는지 알겠어요. 에어백 기능이 다른 제품이랑 차별화되는 핵심인데 실제로 써보면 바로 느껴져요. 온열이 더해지면 근육이 빠르게 이완되는 것도 확실하고요. 타이머 있어서 자도 안심이에요.,71abebab7163,,909,목 마사지 베개 V2 경추 마사지기 베개,129000,,기존리뷰,5,,0,0,1,"안녕하세요. 프리미엄 헬스테크 브랜드, 슬룸입니다.
시간 내어 소중한 후기를 작성해 주셔서 감사드립니다. :)

믿고 찾는 쇼핑몰이 되기 위해 더 좋은 상품과 서비스를 준비하겠습니다.
감사합니다. 💜"
119375,2026-08-06 0:00,,,목 관리를 시작해야겠다 싶어서 여러 제품 비교하다가 에어백 기능 때문에 이걸로 결정했어요. 단순 진동이랑은 차원이 다른 방식이라 효과도 달라요. 온열이 더해지면 근육이 이완되는 속도가 빨라지고 타이머 있어서 자도 안심이에요.,ce36311e7080,,909,목 마사지 베개 V2 경추 마사지기 베개,129000,,기존리뷰,5,,0,0,1,"안녕하세요. 프리미엄 헬스테크 브랜드, 슬룸입니다.
시간 내어 소중한 후기를 작성해 주셔서 감사드립니다. :)

믿고 찾는 쇼핑몰이 되기 위해 더 좋은 상품과 서비스를 준비하겠습니다.
감사합니다. 💜"
119376,2026-08-11 0:00,,,아 이거 진짜 없으면 안 돼요ㅠㅠ 매일 쓰다 보니까 이제 없으면 허전해요. 에어백이 목을 잡아당겨줄 때 그 시원함이 중독성 있거든요. 온열이랑 진동 조합으로 매일 쓰는 게 루틴이 됐고 달라지는 게 느껴져요.,52a7b018f322,,909,목 마사지 베개 V2 경추 마사지기 베개,129000,,기존리뷰,4,,0,0,1,"안녕하세요. 프리미엄 헬스테크 브랜드, 슬룸입니다.
정성스럽게 올려주신 소중한 후기 감사합니다. 💜

고객님의 목소리로 더 발전하는 슬룸이 되도록 노력하겠습니다.
감사합니다. 🙇‍♀️"
119377,2026-08-18 0:00,,,처음엔 이게 효과가 있나 의심했는데 한 달 쓰고 나서 인정했어요. 에어백이 목을 실제로 늘려주는 게 느껴지거든요. 온열이 더해지면 근육이 빠르게 이완되는 것도 확실하고요. 꾸준히 쓰면 목 상태 자체가 달라지는 것 같아요.,0495177a148c,,909,목 마사지 베개 V2 경추 마사지기 베개,129000,,기존리뷰,5,,0,0,1,"안녕하세요. 프리미엄 헬스테크 브랜드, 슬룸입니다.
시간 내어 소중한 후기를 작성해 주셔서 감사드립니다. :)

믿고 찾는 쇼핑몰이 되기 위해 더 좋은 상품과 서비스를 준비하겠습니다.
감사합니다. 💜"
119378,2026-08-01 0:00,,,선물 고민하는 분들 이거 강추해요. 실용적이고 효과도 있어서 받는 사람이 진짜 좋아해요. 에어백이 목을 케어해주는 방식이 특별해서 써보면 바로 알거든요. 온열이랑 진동 같이 켜면 마사지받는 것 같아요. 타이머 있어서 자도 안심이에요.,943d55ce4b9a,,909,목 마사지 베개 V2 경추 마사지기 베개,129000,,기존리뷰,5,,0,0,1,"안녕하세요. 프리미엄 헬스테크 브랜드, 슬룸입니다.
시간 내어 소중한 후기를 작성해 주셔서 감사드립니다. :)

믿고 찾는 쇼핑몰이 되기 위해 더 좋은 상품과 서비스를 준비하겠습니다.
감사합니다. 💜"
119379,2026-08-06 0:00,,,"이거 쓰다 잠들었는데 타이머 덕분에 자동으로 꺼져있더라고요. 처음엔 15분이 짧다 싶었는데 딱 적당한 시간이에요. 에어백이랑 온열, 진동 조합으로 15분 쓰면 목이 충분히 이완되거든요. 자동으로 꺼지니까 자도 걱정 없어요.",3b8feb4e226b,,909,목 마사지 베개 V2 경추 마사지기 베개,129000,,기존리뷰,3,,0,0,1,"안녕하세요. 프리미엄 헬스테크 브랜드, 슬룸입니다.
시간 내어 소중한 후기를 작성해 주셔서 감사드립니다. :)

믿고 찾는 쇼핑몰이 되기 위해 더 좋은 상품과 서비스를 준비하겠습니다.
감사합니다. 💜"
119380,2026-08-03 0:00,,,주변에서 다들 쓴다길래 반신반의하면서 샀는데 역시 입소문엔 이유가 있네요. 에어백이 목을 잡아당겨줄 때 그 느낌이 단순 진동이랑은 완전히 달라요. 온열이 더해지면 근육이 빠르게 이완되는 게 확실히 느껴지고요.,0f89b8f0bc2d,,909,목 마사지 베개 V2 경추 마사지기 베개,129000,,기존리뷰,5,,0,0,1,"안녕하세요. 프리미엄 헬스테크 브랜드, 슬룸입니다.
시간 내어 소중한 후기를 작성해 주셔서 감사드립니다. :)

믿고 찾는 쇼핑몰이 되기 위해 더 좋은 상품과 서비스를 준비하겠습니다.
감사합니다. 💜"
119381,2026-08-16 0:00,,,이거 쓰면서 목 상태가 달라진 게 느껴져서 진짜 신기해요. 에어백이 굳어있던 근육을 조금씩 이완시켜줘서 꾸준히 쓰면 효과가 나오더라고요. 온열이랑 진동 조합으로 매일 15분씩 쓰는 게 루틴이 됐어요.,22bb46e5f4cb,,909,목 마사지 베개 V2 경추 마사지기 베개,129000,,기존리뷰,4,,0,0,1,"안녕하세요. 프리미엄 헬스테크 브랜드, 슬룸입니다.
진심 어린 소중한 후기 감사합니다. 💜

앞으로도 좋은 상품과 서비스로 고객님들을 찾아뵐 수 있도록 노력하겠습니다.
감사합니다. :)"
119382,2026-08-11 0:00,,,솔직 후기 남겨요. 기대보다 훨씬 좋아요. 에어백이 목을 늘려줄 때 그 시원함이 말로 표현이 안 될 정도예요. 온열이랑 진동 같이 켜면 마사지받는 것 같고요. 타이머 있어서 자도 걱정 없어요.,75481fb3dd02,,909,목 마사지 베개 V2 경추 마사지기 베개,129000,,기존리뷰,5,,0,0,1,"안녕하세요. 프리미엄 헬스테크 브랜드, 슬룸입니다.
정성스럽게 올려주신 소중한 후기 감사합니다. 💜

고객님의 목소리로 더 발전하는 슬룸이 되도록 노력하겠습니다.
감사합니다. 🙇‍♀️"
119383,2026-08-06 0:00,,,이거 써보고 나서 왜 이게 인기 있는지 이해했어요. 에어백 기능이 다른 제품이랑 차별화되는 핵심인데 실제로 써보면 바로 느껴져요. 온열이 더해지면 효과가 배가 되고요.,fda9e6f91b4b,,909,목 마사지 베개 V2 경추 마사지기 베개,129000,,기존리뷰,4,,0,0,1,"안녕하세요. 프리미엄 헬스테크 브랜드, 슬룸입니다.
진심 어린 소중한 후기 감사합니다. 💜

앞으로도 좋은 상품과 서비스로 고객님들을 찾아뵐 수 있도록 노력하겠습니다.
감사합니다. :)"
119386,2026-08-03 0:00,,,써보고 주변 사람들한테 다 추천했어요. 에어백이 목을 케어하는 방식이 특별해서 써보면 바로 알거든요. 온열이랑 진동 같이 켜면 마사지받는 것 같아요. 타이머 있어서 자도 안심이에요.,fff6d2cd7eb0,,909,목 마사지 베개 V2 경추 마사지기 베개,129000,,기존리뷰,5,,0,0,1,"안녕하세요. 프리미엄 헬스테크 브랜드, 슬룸입니다.
시간 내어 소중한 후기를 작성해 주셔서 감사드립니다. :)

믿고 찾는 쇼핑몰이 되기 위해 더 좋은 상품과 서비스를 준비하겠습니다.
감사합니다. 💜"
119387,2026-08-10 0:00,,,처음에 비싸다 싶었는데 마사지샵 두 번 가는 비용이라 생각하니 가성비 최고예요. 에어백이 목을 잡아당겨줄 때 마사지사 손이랑 비슷한 느낌이에요. 온열이랑 진동 같이 켜면 집에서 마사지샵 케어가 가능해요.,762e28ca1a53,,909,목 마사지 베개 V2 경추 마사지기 베개,129000,,기존리뷰,5,,0,0,1,"안녕하세요. 프리미엄 헬스테크 브랜드, 슬룸입니다.
정성스럽게 올려주신 소중한 후기 감사합니다. 💜

고객님의 목소리로 더 발전하는 슬룸이 되도록 노력하겠습니다.
감사합니다. 🙇‍♀️"
119388,2026-08-15 0:00,,,꾸준히 쓰는 게 중요하다는 거 알아서 매일 15분씩 쓰고 있어요. 에어백이 굳은 근육을 조금씩 이완시켜줘서 유연해지는 게 느껴져요. 온열이랑 진동 조합으로 매일 루틴 만들었어요.,aebd5123f521,,909,목 마사지 베개 V2 경추 마사지기 베개,129000,,기존리뷰,4,,0,0,1,"안녕하세요. 프리미엄 헬스테크 브랜드, 슬룸입니다.
진심 어린 소중한 후기 감사합니다. 💜

앞으로도 좋은 상품과 서비스로 고객님들을 찾아뵐 수 있도록 노력하겠습니다.
감사합니다. :)"
119389,2026-08-11 0:00,,,이거 없었으면 어쩔 뻔ㅠㅠ 에어백이 목을 잡아당겨줄 때 그 시원함이 중독성 있거든요. 온열이랑 진동 조합으로 매일 쓰는 게 루틴이 됐고 달라지는 게 느껴져요.,5bfc0b115c4c,,909,목 마사지 베개 V2 경추 마사지기 베개,129000,,기존리뷰,5,,0,0,1,"안녕하세요. 프리미엄 헬스테크 브랜드, 슬룸입니다.
진심 어린 소중한 후기 감사합니다. 💜

앞으로도 좋은 상품과 서비스로 고객님들을 찾아뵐 수 있도록 노력하겠습니다.
감사합니다. :)"
119390,2026-08-10 0:00,,,"약국에서 파스 사다가 이게 낫겠다 싶어서 이 제품으로 갔어요. 파스는 붙이면 6~8시간인데 효과가 표면에 머물고, 이건 25분이어도 근육 깊이 작용하는 게 달라요. 파스 사던 돈을 여기 투자하길 잘했어요.",e2a11b4332df,,980,프리미엄 엘보케어 팔꿈치 마사지기,149000,,기존리뷰,5,,0,0,1,"안녕하세요. 프리미엄 헬스테크 브랜드, 슬룸입니다.
정성스럽게 올려주신 소중한 후기 감사합니다. 💜

고객님의 목소리로 더 발전하는 슬룸이 되도록 노력하겠습니다.
감사합니다. 🙇‍♀️"
119391,2026-08-16 0:00,,,리모컨 크기가 딱 엄지손가락 두 개 너비예요. 처음엔 너무 작다 싶었는데 한 손에 잡고 조작하기 딱 맞아요. 버튼 간격도 적당해서 착용 중에 반대 손으로 잡고 눌러도 실수가 없어요.,b42bdadf4420,,980,프리미엄 엘보케어 팔꿈치 마사지기,149000,,기존리뷰,5,,0,0,1,"안녕하세요. 프리미엄 헬스테크 브랜드, 슬룸입니다.
정성스럽게 올려주신 소중한 후기 감사합니다. 💜

고객님의 목소리로 더 발전하는 슬룸이 되도록 노력하겠습니다.
감사합니다. 🙇‍♀️"
119392,2026-08-17 0:00,,,무릎 케어 후 버스 출퇴근이 한결 여유로워졌어요. 서서 가도 무릎이 잘 버텨줘서 자리에 집착하지 않게 됐어요. 출퇴근 자체가 가벼운 기분이에요.,9e5a266fe70c,,980,프리미엄 엘보케어 팔꿈치 마사지기,149000,,기존리뷰,5,,0,0,1,"안녕하세요. 프리미엄 헬스테크 브랜드, 슬룸입니다.
진심 어린 소중한 후기 감사합니다. 💜

앞으로도 좋은 상품과 서비스로 고객님들을 찾아뵐 수 있도록 노력하겠습니다.
감사합니다. :)"
119393,2026-08-11 0:00,,,무릎 케어 후 아이 유치원 행사를 끝까지 참석할 수 있게 됐어요. 바닥에 앉는 시간이 길어도 괜찮아서 행사 내내 함께할 수 있어요. 아이도 좋아하고 저도 뿌듯해요.,8ad3ab59812a,,980,프리미엄 엘보케어 팔꿈치 마사지기,149000,,기존리뷰,4,,0,0,1,"안녕하세요. 프리미엄 헬스테크 브랜드, 슬룸입니다.
진심 어린 소중한 후기 감사합니다. 💜

앞으로도 좋은 상품과 서비스로 고객님들을 찾아뵐 수 있도록 노력하겠습니다.
감사합니다. :)"
119394,2026-08-14 0:00,,,섬세한 손 작업을 오래 하다 보니 팔꿈치 케어의 필요성을 자연스럽게 알게 됐어요. 퇴근 후 착용하면 작업 중 쌓인 긴장이 풀리는 게 느껴져요. 덕분에 다음 날 작업 컨디션이 잘 유지돼요.,637325cc093b,,980,프리미엄 엘보케어 팔꿈치 마사지기,149000,,기존리뷰,5,,0,0,1,"안녕하세요. 프리미엄 헬스테크 브랜드, 슬룸입니다.
진심 어린 소중한 후기 감사합니다. 💜

앞으로도 좋은 상품과 서비스로 고객님들을 찾아뵐 수 있도록 노력하겠습니다.
감사합니다. :)"
119395,2026-08-08 0:00,,,215g이 이렇게 가벼운 줄 몰랐어요. 스마트폰 무게랑 비슷한데 착용하면 전혀 무게감이 안 느껴져요. 25분 착용해도 팔이 무겁지 않아서 불편 없이 쓸 수 있어요. 무게 설계를 잘 한 것 같아요.,78dd7d1758ec,,980,프리미엄 엘보케어 팔꿈치 마사지기,149000,,기존리뷰,5,,0,0,1,"안녕하세요. 프리미엄 헬스테크 브랜드, 슬룸입니다.
시간 내어 소중한 후기를 작성해 주셔서 감사드립니다. :)

믿고 찾는 쇼핑몰이 되기 위해 더 좋은 상품과 서비스를 준비하겠습니다.
감사합니다. 💜"
119397,2026-08-16 0:00,,,마라톤 동호회 총무인데 대회 참가 준비하면서 짐 나르고 정리하다 보니 팔꿈치에 영향이 왔어요. 달리기보다 준비 과정에서 팔꿈치를 더 많이 쓰더라고요. 케어 후 대회 준비가 수월해졌어요.,a9de387e9421,,980,프리미엄 엘보케어 팔꿈치 마사지기,149000,,기존리뷰,4,,0,0,1,"안녕하세요. 프리미엄 헬스테크 브랜드, 슬룸입니다.
시간 내어 소중한 후기를 작성해 주셔서 감사드립니다. :)

믿고 찾는 쇼핑몰이 되기 위해 더 좋은 상품과 서비스를 준비하겠습니다.
감사합니다. 💜"
119398,2026-08-15 0:00,,,"파스 붙이던 습관을 이 제품으로 바꿨어요. 파스는 겉에서 작용하고 냄새도 나는데, 이건 냄새도 없고 근육 깊이까지 작용하거든요. 거실에서 TV 보면서 쓸 수 있는 것도 파스와 다른 점이에요.",bba75d3d59b2,,980,프리미엄 엘보케어 팔꿈치 마사지기,149000,,기존리뷰,5,,0,0,1,"안녕하세요. 프리미엄 헬스테크 브랜드, 슬룸입니다.
시간 내어 소중한 후기를 작성해 주셔서 감사드립니다. :)

믿고 찾는 쇼핑몰이 되기 위해 더 좋은 상품과 서비스를 준비하겠습니다.
감사합니다. 💜"
119399,2026-08-16 0:00,,,가구 매장에서 무거운 소파와 침대를 고객 앞에서 시연하고 위치 바꾸는 일이 많아요. 케어하면서 그 작업을 꾸준히 소화하고 있어요. 케어 덕분에 매장 업무를 잘 유지하고 있어요.,065ec32e478c,,980,프리미엄 엘보케어 팔꿈치 마사지기,149000,,기존리뷰,5,,0,0,1,"안녕하세요. 프리미엄 헬스테크 브랜드, 슬룸입니다.
정성스럽게 올려주신 소중한 후기 감사합니다. 💜

고객님의 목소리로 더 발전하는 슬룸이 되도록 노력하겠습니다.
감사합니다. 🙇‍♀️"
119400,2026-08-11 0:00,,,"보호대는 아픈 순간 버티게 해주는 도구고, 이 제품은 근육 자체를 회복시키는 도구예요. 역할이 달라서 상황에 따라 번갈아 쓰고 있어요. 병행하면서 팔꿈치 상태가 안정됐어요.",04ab0d8002ed,,980,프리미엄 엘보케어 팔꿈치 마사지기,149000,,기존리뷰,4,,0,0,1,"안녕하세요. 프리미엄 헬스테크 브랜드, 슬룸입니다.
진심 어린 소중한 후기 감사합니다. 💜

앞으로도 좋은 상품과 서비스로 고객님들을 찾아뵐 수 있도록 노력하겠습니다.
감사합니다. :)"
119402,2026-08-17 0:00,,,전기요금 걱정했는데 배터리 충전식이라 꽂아두는 게 아니에요. 완충해두고 무선으로 쓰니까 전기요금이 얼마나 나올지 걱정할 필요가 없어요. 배터리 용량도 넉넉해서 매일 써도 4~5일은 쓸 수 있어요.,5faabab0c79a,,980,프리미엄 엘보케어 팔꿈치 마사지기,149000,,기존리뷰,5,,0,0,1,"안녕하세요. 프리미엄 헬스테크 브랜드, 슬룸입니다.
진심 어린 소중한 후기 감사합니다. 💜

앞으로도 좋은 상품과 서비스로 고객님들을 찾아뵐 수 있도록 노력하겠습니다.
감사합니다. :)"
119403,2026-08-02 0:00,,,무릎 케어 후 이웃 돕는 일에 자신 있게 나설 수 있게 됐어요. 계단 작업이나 무거운 것 나르는 일에도 적극 참여할 수 있어요. 이웃 관계가 더 좋아졌어요.,46941e1d927b,,980,프리미엄 엘보케어 팔꿈치 마사지기,149000,,기존리뷰,5,,0,0,1,"안녕하세요. 프리미엄 헬스테크 브랜드, 슬룸입니다.
정성스럽게 올려주신 소중한 후기 감사합니다. 💜

고객님의 목소리로 더 발전하는 슬룸이 되도록 노력하겠습니다.
감사합니다. 🙇‍♀️"
119404,2026-08-06 0:00,,,건강기능식품 판매 매장에서 진열대 정리하고 재고 입출고 작업이 반복되다 보니 팔꿈치가 뻐근해졌어요. 크고 무거운 병 상자 들고 내리는 게 전완근에 직접 오더라고요. 케어로 매장 유지하고 있어요.,32a541a8c498,,980,프리미엄 엘보케어 팔꿈치 마사지기,149000,,기존리뷰,4,,0,0,1,"안녕하세요. 프리미엄 헬스테크 브랜드, 슬룸입니다.
시간 내어 소중한 후기를 작성해 주셔서 감사드립니다. :)

믿고 찾는 쇼핑몰이 되기 위해 더 좋은 상품과 서비스를 준비하겠습니다.
감사합니다. 💜"
119405,2026-08-14 0:00,,,"출판사에서 원고 편집하면서 마우스 작업량이 많은데, 인쇄 교정지 들고 비교하는 동작도 팔꿈치에 영향을 줬어요. 교정 마감 전날엔 케어 시간을 더 챙겨요.",88ace08e13d1,,980,프리미엄 엘보케어 팔꿈치 마사지기,149000,,기존리뷰,5,,0,0,1,"안녕하세요. 프리미엄 헬스테크 브랜드, 슬룸입니다.
시간 내어 소중한 후기를 작성해 주셔서 감사드립니다. :)

믿고 찾는 쇼핑몰이 되기 위해 더 좋은 상품과 서비스를 준비하겠습니다.
감사합니다. 💜"
119406,2026-08-09 0:00,,,소방 훈련 특성상 팔꿈치에 반복 부하가 오는 날이 있어요. 그런 날은 퇴근 후 케어를 더 집중적으로 해요. 케어가 체력 유지의 일부가 됐어요.,749978c7c4b8,,980,프리미엄 엘보케어 팔꿈치 마사지기,149000,,기존리뷰,5,,0,0,1,"안녕하세요. 프리미엄 헬스테크 브랜드, 슬룸입니다.
정성스럽게 올려주신 소중한 후기 감사합니다. 💜

고객님의 목소리로 더 발전하는 슬룸이 되도록 노력하겠습니다.
감사합니다. 🙇‍♀️"
119407,2026-08-03 0:00,,,냄비 닦을 때 전완근에 힘이 들어가는 걸 케어 시작 후에야 알았어요. 그 부담이 팔꿈치까지 이어지더라고요. 저녁 주방 작업 끝나고 착용하는 게 자연스러운 마무리가 됐어요.,127c272baf3c,,980,프리미엄 엘보케어 팔꿈치 마사지기,149000,,기존리뷰,5,,0,0,1,"안녕하세요. 프리미엄 헬스테크 브랜드, 슬룸입니다.
시간 내어 소중한 후기를 작성해 주셔서 감사드립니다. :)

믿고 찾는 쇼핑몰이 되기 위해 더 좋은 상품과 서비스를 준비하겠습니다.
감사합니다. 💜"
119408,2026-08-03 0:00,,,어르신들 거동을 도와드리는 동작이 많다 보니 팔꿈치 케어가 필수가 됐어요. 부축하고 일으키는 동작이 반복될수록 전완근에 부담이 와요. 케어하면서 그 부담을 잘 해소하고 있어요.,0a47615904bf,,980,프리미엄 엘보케어 팔꿈치 마사지기,149000,,기존리뷰,4,,0,0,1,"안녕하세요. 프리미엄 헬스테크 브랜드, 슬룸입니다.
정성스럽게 올려주신 소중한 후기 감사합니다. 💜

고객님의 목소리로 더 발전하는 슬룸이 되도록 노력하겠습니다.
감사합니다. 🙇‍♀️"
119409,2026-08-04 0:00,,,바이올린 레슨 선생님인데 시범 연주를 많이 하다 보니 팔꿈치가 항상 피로해요. 활 쥐는 팔꿈치 각도가 독특해서 그 부위에 피로가 집중되거든요. 레슨 끝나고 케어하면 연주 컨디션이 유지돼요.,bf5c46b5a167,,980,프리미엄 엘보케어 팔꿈치 마사지기,149000,,기존리뷰,5,,0,0,1,"안녕하세요. 프리미엄 헬스테크 브랜드, 슬룸입니다.
시간 내어 소중한 후기를 작성해 주셔서 감사드립니다. :)

믿고 찾는 쇼핑몰이 되기 위해 더 좋은 상품과 서비스를 준비하겠습니다.
감사합니다. 💜"
119410,2026-08-13 0:00,,,무릎 케어 후 깊은 소파에서 일어서는 게 자연스러워졌어요. 손 짚지 않고도 무릎 힘으로 가볍게 일어나게 됐어요. 친구 집 방문이 편해졌어요.,bbab5ad21df6,,980,프리미엄 엘보케어 팔꿈치 마사지기,149000,,기존리뷰,5,,0,0,1,"안녕하세요. 프리미엄 헬스테크 브랜드, 슬룸입니다.
시간 내어 소중한 후기를 작성해 주셔서 감사드립니다. :)

믿고 찾는 쇼핑몰이 되기 위해 더 좋은 상품과 서비스를 준비하겠습니다.
감사합니다. 💜"
119411,2026-08-08 0:00,,,"무릎 케어하면서 트렁크 물건 꺼낼 때 허리와 무릎을 같이 쓰는 자세가 편해졌어요. 차 트렁크 높이에서 물건 드는 동작이 무릎에 영향을 줬는데, 이제는 수월해요.",0892a01fab77,,980,프리미엄 엘보케어 팔꿈치 마사지기,149000,,기존리뷰,4,,0,0,1,"안녕하세요. 프리미엄 헬스테크 브랜드, 슬룸입니다.
시간 내어 소중한 후기를 작성해 주셔서 감사드립니다. :)

믿고 찾는 쇼핑몰이 되기 위해 더 좋은 상품과 서비스를 준비하겠습니다.
감사합니다. 💜"
119412,2026-08-04 0:00,,,"보호대 착용과 이 제품 케어를 다 해봤는데 방향이 달라요. 보호대는 아픈 날 임시로 쓰고, 이 제품은 매일 꾸준히 쓰는 거예요. 두 가지 역할이 다르다는 걸 알고 나서 병행하고 있어요.",4d01abaf1b63,,980,프리미엄 엘보케어 팔꿈치 마사지기,149000,,기존리뷰,5,,0,0,1,"안녕하세요. 프리미엄 헬스테크 브랜드, 슬룸입니다.
시간 내어 소중한 후기를 작성해 주셔서 감사드립니다. :)

믿고 찾는 쇼핑몰이 되기 위해 더 좋은 상품과 서비스를 준비하겠습니다.
감사합니다. 💜"
119413,2026-08-15 0:00,,,"무릎 연장벨트 케어 후 지하철 출퇴근이 달라졌어요. 러시아워에 오래 서 있어도 무릎이 버텨주거든요. 예전엔 자리 나면 무조건 앉았는데, 이제는 굳이 앉지 않아도 돼요.",d79391c8917b,,980,프리미엄 엘보케어 팔꿈치 마사지기,149000,,기존리뷰,5,,0,0,1,"안녕하세요. 프리미엄 헬스테크 브랜드, 슬룸입니다.
진심 어린 소중한 후기 감사합니다. 💜

앞으로도 좋은 상품과 서비스로 고객님들을 찾아뵐 수 있도록 노력하겠습니다.
감사합니다. :)"
119414,2026-08-17 0:00,,,무릎 케어 후 캠핑에서 텐트 설치 작업이 편해졌어요. 무릎 꿇는 자세가 오래 이어져도 거뜬해요. 캠핑을 더 즐기게 됐어요.,667fd7687414,,980,프리미엄 엘보케어 팔꿈치 마사지기,149000,,기존리뷰,5,,0,0,1,"안녕하세요. 프리미엄 헬스테크 브랜드, 슬룸입니다.
시간 내어 소중한 후기를 작성해 주셔서 감사드립니다. :)

믿고 찾는 쇼핑몰이 되기 위해 더 좋은 상품과 서비스를 준비하겠습니다.
감사합니다. 💜"
119418,2026-08-08 0:00,,,화분 진열하고 꽃다발 작업을 매일 하다 보니 팔 관리가 중요해졌어요. 케어하면서 매일 활기차게 일을 이어가고 있어요. 케어 덕분에 몸 상태가 잘 유지돼요.,4ab963a4c03a,,980,프리미엄 엘보케어 팔꿈치 마사지기,149000,,기존리뷰,5,,0,0,1,"안녕하세요. 프리미엄 헬스테크 브랜드, 슬룸입니다.
진심 어린 소중한 후기 감사합니다. 💜

앞으로도 좋은 상품과 서비스로 고객님들을 찾아뵐 수 있도록 노력하겠습니다.
감사합니다. :)"
119419,2026-08-09 0:00,,,파스와 달리 이 제품은 착용해도 옷에 흔적이 없고 냄새도 없어요. 외출 전에 써도 깔끔하게 마무리돼요. 일상에 녹여 쓰기 편한 게 장점이에요.,403570452f4b,,980,프리미엄 엘보케어 팔꿈치 마사지기,149000,,기존리뷰,4,,0,0,1,"안녕하세요. 프리미엄 헬스테크 브랜드, 슬룸입니다.
진심 어린 소중한 후기 감사합니다. 💜

앞으로도 좋은 상품과 서비스로 고객님들을 찾아뵐 수 있도록 노력하겠습니다.
감사합니다. :)"
119420,2026-08-15 0:00,,,원고 납기 전날 편집 작업량이 몰리면 팔꿈치가 가장 먼저 반응해요. 마감 전후로 케어 빈도를 높이면서 업무 지속력이 생겼어요.,2271ac832c90,,980,프리미엄 엘보케어 팔꿈치 마사지기,149000,,기존리뷰,5,,0,0,1,"안녕하세요. 프리미엄 헬스테크 브랜드, 슬룸입니다.
시간 내어 소중한 후기를 작성해 주셔서 감사드립니다. :)

믿고 찾는 쇼핑몰이 되기 위해 더 좋은 상품과 서비스를 준비하겠습니다.
감사합니다. 💜"
119422,2026-08-16 0:00,,,스윙 시범을 하루 수십 번 보여주다 보니 팔꿈치 케어가 중요해졌어요. 케어하면서 시범 퀄리티를 안정적으로 유지하고 있어요. 케어가 일과 후 마무리 루틴이 됐어요.,fa0452efc4ca,,980,프리미엄 엘보케어 팔꿈치 마사지기,149000,,기존리뷰,4,,0,0,1,"안녕하세요. 프리미엄 헬스테크 브랜드, 슬룸입니다.
시간 내어 소중한 후기를 작성해 주셔서 감사드립니다. :)

믿고 찾는 쇼핑몰이 되기 위해 더 좋은 상품과 서비스를 준비하겠습니다.
감사합니다. 💜"
119423,2026-08-09 0:00,,,미용 일 10년 차인데 손님 많은 날도 케어하면서 팔꿈치 상태를 유지하고 있어요. 가위질 반복이 쌓여도 케어 후 다음 날 컨디션이 돌아와요. 일을 오래 이어가는 비결이 됐어요.,8732ea7a873f,,980,프리미엄 엘보케어 팔꿈치 마사지기,149000,,기존리뷰,5,,0,0,1,"안녕하세요. 프리미엄 헬스테크 브랜드, 슬룸입니다.
시간 내어 소중한 후기를 작성해 주셔서 감사드립니다. :)

믿고 찾는 쇼핑몰이 되기 위해 더 좋은 상품과 서비스를 준비하겠습니다.
감사합니다. 💜"
119424,2026-08-18 0:00,,,무거운 박스를 높은 선반에 올리는 작업이 많아요. 케어하면서 그 작업을 꾸준히 소화하고 있어요. 케어 덕분에 다음 날 컨디션이 잘 유지돼요.,77b69ce392ee,,980,프리미엄 엘보케어 팔꿈치 마사지기,149000,,기존리뷰,5,,0,0,1,"안녕하세요. 프리미엄 헬스테크 브랜드, 슬룸입니다.
정성스럽게 올려주신 소중한 후기 감사합니다. 💜

고객님의 목소리로 더 발전하는 슬룸이 되도록 노력하겠습니다.
감사합니다. 🙇‍♀️"
119425,2026-08-17 0:00,,,"소방 특성상 현장 복귀 전 체력 점검이 중요한데, 팔꿈치 상태가 그 일부예요. 케어하면서 현장 복귀 준비를 갖추고 있어요.",80c71e2f3e76,,980,프리미엄 엘보케어 팔꿈치 마사지기,149000,,기존리뷰,5,,0,0,1,"안녕하세요. 프리미엄 헬스테크 브랜드, 슬룸입니다.
진심 어린 소중한 후기 감사합니다. 💜

앞으로도 좋은 상품과 서비스로 고객님들을 찾아뵐 수 있도록 노력하겠습니다.
감사합니다. :)"
119426,2026-08-03 0:00,,,무릎 케어 후 좌식 식당 방문이 자유로워졌어요. 바닥 자리도 편하게 앉을 수 있어서 식당 선택폭이 넓어졌어요. 맛집 탐방이 더 즐거워졌어요.,c5ace9c038b8,,980,프리미엄 엘보케어 팔꿈치 마사지기,149000,,기존리뷰,4,,0,0,1,"안녕하세요. 프리미엄 헬스테크 브랜드, 슬룸입니다.
시간 내어 소중한 후기를 작성해 주셔서 감사드립니다. :)

믿고 찾는 쇼핑몰이 되기 위해 더 좋은 상품과 서비스를 준비하겠습니다.
감사합니다. 💜"
119431,2026-08-06 0:00,,,물류창고에서 바코드 스캔하고 물건 분류하는 동작이 반복되다 보니 팔꿈치 안쪽이 피로해졌어요. 작은 동작이지만 수천 번 반복되면 결국 신호가 오더라고요. 케어가 다음 교대 준비가 됐어요.,07db03d4dfe9,,980,프리미엄 엘보케어 팔꿈치 마사지기,149000,,기존리뷰,5,,0,0,1,"안녕하세요. 프리미엄 헬스테크 브랜드, 슬룸입니다.
정성스럽게 올려주신 소중한 후기 감사합니다. 💜

고객님의 목소리로 더 발전하는 슬룸이 되도록 노력하겠습니다.
감사합니다. 🙇‍♀️"
119435,2026-08-11 0:00,,,무거운 솥 다루고 대용량 국자로 배식하는 동작이 반복돼요. 케어하면서 그 작업을 잘 소화하고 있어요. 케어 덕분에 체력 관리가 잘 되고 있어요.,ae7d747b1501,,980,프리미엄 엘보케어 팔꿈치 마사지기,149000,,기존리뷰,5,,0,0,1,"안녕하세요. 프리미엄 헬스테크 브랜드, 슬룸입니다.
진심 어린 소중한 후기 감사합니다. 💜

앞으로도 좋은 상품과 서비스로 고객님들을 찾아뵐 수 있도록 노력하겠습니다.
감사합니다. :)"
119438,2026-08-16 0:00,,,칠판 앞에서 팔을 많이 쓰는 일을 하다 보니 팔꿈치 피로가 쌓였어요. 케어하면서 다음 날 일을 편하게 시작할 수 있어요. 케어가 하루 마무리 루틴이 됐어요.,5e07aa1c6eaa,,980,프리미엄 엘보케어 팔꿈치 마사지기,149000,,기존리뷰,5,,0,0,1,"안녕하세요. 프리미엄 헬스테크 브랜드, 슬룸입니다.
진심 어린 소중한 후기 감사합니다. 💜

앞으로도 좋은 상품과 서비스로 고객님들을 찾아뵐 수 있도록 노력하겠습니다.
감사합니다. :)"
119439,2026-08-16 0:00,,,무거운 장비 박스를 올리고 내리는 작업이 반복돼요. 케어하면서 그 작업을 꾸준히 유지하고 있어요. 케어 덕분에 일이 수월하게 이어지고 있어요.,fca33d0d8310,,980,프리미엄 엘보케어 팔꿈치 마사지기,149000,,기존리뷰,5,,0,0,1,"안녕하세요. 프리미엄 헬스테크 브랜드, 슬룸입니다.
시간 내어 소중한 후기를 작성해 주셔서 감사드립니다. :)

믿고 찾는 쇼핑몰이 되기 위해 더 좋은 상품과 서비스를 준비하겠습니다.
감사합니다. 💜"
119440,2026-08-18 0:00,,,"무릎 케어 후 지하 주차장 급경사 진입로 걷는 게 편해졌어요. 가파른 경사에서 내려올 때 무릎에 충격이 왔는데, 케어 후 안정적으로 걸어요.",0b5ea78c472d,,980,프리미엄 엘보케어 팔꿈치 마사지기,149000,,기존리뷰,5,,0,0,1,"안녕하세요. 프리미엄 헬스테크 브랜드, 슬룸입니다.
정성스럽게 올려주신 소중한 후기 감사합니다. 💜

고객님의 목소리로 더 발전하는 슬룸이 되도록 노력하겠습니다.
감사합니다. 🙇‍♀️"
119441,2026-08-15 0:00,,,약초 채취 작업에서 경사지 작업이 많아 팔꿈치 관리가 필요해졌어요. 케어하면서 채취 작업을 꾸준히 이어가고 있어요. 케어 후 다음 작업이 수월해요.,b28d9e50394b,,980,프리미엄 엘보케어 팔꿈치 마사지기,149000,,기존리뷰,4,,0,0,1,"안녕하세요. 프리미엄 헬스테크 브랜드, 슬룸입니다.
정성스럽게 올려주신 소중한 후기 감사합니다. 💜

고객님의 목소리로 더 발전하는 슬룸이 되도록 노력하겠습니다.
감사합니다. 🙇‍♀️"
119442,2026-08-15 0:00,,,정밀한 작업을 반복하다 보니 팔꿈치 케어의 중요성을 알게 됐어요. 케어하면서 작업 집중도를 유지하고 있어요. 케어 덕분에 작업 퀄리티가 안정적이에요.,55a67eb05d15,,980,프리미엄 엘보케어 팔꿈치 마사지기,149000,,기존리뷰,5,,0,0,1,"안녕하세요. 프리미엄 헬스테크 브랜드, 슬룸입니다.
시간 내어 소중한 후기를 작성해 주셔서 감사드립니다. :)

믿고 찾는 쇼핑몰이 되기 위해 더 좋은 상품과 서비스를 준비하겠습니다.
감사합니다. 💜"
119443,2026-08-07 0:00,,,무거운 수조와 상자를 다루는 작업이 많아요. 케어하면서 매장 운영을 활기차게 이어가고 있어요. 케어가 일상의 든든한 지원군이 됐어요.,b96ed975e121,,980,프리미엄 엘보케어 팔꿈치 마사지기,149000,,기존리뷰,5,,0,0,1,"안녕하세요. 프리미엄 헬스테크 브랜드, 슬룸입니다.
진심 어린 소중한 후기 감사합니다. 💜

앞으로도 좋은 상품과 서비스로 고객님들을 찾아뵐 수 있도록 노력하겠습니다.
감사합니다. :)"
119445,2026-08-02 0:00,,,"폼롤러 마사지랑 이 제품 케어를 비교해봤는데, 폼롤러는 직접 힘 써서 굴려야 하고 팔꿈치 부위엔 쓰기 애매해요. 이건 착용하면 저절로 되니까 피로할 때도 쓸 수 있어요.",c8749c4c0f51,,980,프리미엄 엘보케어 팔꿈치 마사지기,149000,,기존리뷰,5,,0,0,1,"안녕하세요. 프리미엄 헬스테크 브랜드, 슬룸입니다.
진심 어린 소중한 후기 감사합니다. 💜

앞으로도 좋은 상품과 서비스로 고객님들을 찾아뵐 수 있도록 노력하겠습니다.
감사합니다. :)"
119449,2026-08-11 0:00,,,하루 수백 번 반복되는 동작이 팔꿈치에 영향을 준다는 걸 케어하면서 알게 됐어요. 케어 덕분에 퇴근 후 팔 상태가 훨씬 가벼워요. 매일 쓰는 게 자연스러운 루틴이 됐어요.,68f2674e8eef,,980,프리미엄 엘보케어 팔꿈치 마사지기,149000,,기존리뷰,5,,0,0,1,"안녕하세요. 프리미엄 헬스테크 브랜드, 슬룸입니다.
시간 내어 소중한 후기를 작성해 주셔서 감사드립니다. :)

믿고 찾는 쇼핑몰이 되기 위해 더 좋은 상품과 서비스를 준비하겠습니다.
감사합니다. 💜"
119450,2026-08-03 0:00,,,사진관에서 무거운 장비를 다루는 작업이 많아요. 케어하면서 촬영 컨디션을 유지하고 있어요. 케어 덕분에 사진관을 활기차게 운영하고 있어요.,9d879f1621ee,,980,프리미엄 엘보케어 팔꿈치 마사지기,149000,,기존리뷰,5,,0,0,1,"안녕하세요. 프리미엄 헬스테크 브랜드, 슬룸입니다.
정성스럽게 올려주신 소중한 후기 감사합니다. 💜

고객님의 목소리로 더 발전하는 슬룸이 되도록 노력하겠습니다.
감사합니다. 🙇‍♀️"
119451,2026-08-10 0:00,,,무거운 장비를 들고 이동하는 작업이 많다 보니 팔꿈치 관리가 중요해졌어요. 케어하면서 작업을 안정적으로 이어가고 있어요. 케어 덕분에 체력 관리가 잘 돼요.,36ba392375cd,,980,프리미엄 엘보케어 팔꿈치 마사지기,149000,,기존리뷰,5,,0,0,1,"안녕하세요. 프리미엄 헬스테크 브랜드, 슬룸입니다.
시간 내어 소중한 후기를 작성해 주셔서 감사드립니다. :)

믿고 찾는 쇼핑몰이 되기 위해 더 좋은 상품과 서비스를 준비하겠습니다.
감사합니다. 💜"
119452,2026-08-10 0:00,,,축산 농장에서 사료통을 자주 들고 옮기는 작업을 해요. 케어하면서 농장 일을 꾸준히 유지하고 있어요. 케어 덕분에 체력 관리가 잘 되고 있어요.,64bf00bc8439,,980,프리미엄 엘보케어 팔꿈치 마사지기,149000,,기존리뷰,4,,0,0,1,"안녕하세요. 프리미엄 헬스테크 브랜드, 슬룸입니다.
정성스럽게 올려주신 소중한 후기 감사합니다. 💜

고객님의 목소리로 더 발전하는 슬룸이 되도록 노력하겠습니다.
감사합니다. 🙇‍♀️"
119453,2026-08-04 0:00,,,압력을 가해 반복하는 작업이 팔꿈치에 영향을 줬어요. 케어하면서 작업 컨디션을 잘 유지하고 있어요. 케어 덕분에 일을 오래 이어갈 수 있어요.,3d6c9a4ee0b9,,980,프리미엄 엘보케어 팔꿈치 마사지기,149000,,기존리뷰,5,,0,0,1,"안녕하세요. 프리미엄 헬스테크 브랜드, 슬룸입니다.
정성스럽게 올려주신 소중한 후기 감사합니다. 💜

고객님의 목소리로 더 발전하는 슬룸이 되도록 노력하겠습니다.
감사합니다. 🙇‍♀️"
119454,2026-08-15 0:00,,,소방 현장 복귀 후 체력 회복 루틴에 이 제품을 넣었어요. 팔꿈치 상태가 업무 복귀에 영향을 주거든요. 케어 루틴이 현장 복귀 준비의 일부가 됐어요.,2703ca65d6dd,,980,프리미엄 엘보케어 팔꿈치 마사지기,149000,,기존리뷰,5,,0,0,1,"안녕하세요. 프리미엄 헬스테크 브랜드, 슬룸입니다.
진심 어린 소중한 후기 감사합니다. 💜

앞으로도 좋은 상품과 서비스로 고객님들을 찾아뵐 수 있도록 노력하겠습니다.
감사합니다. :)"
119455,2026-08-10 0:00,,,차 트렁크에서 짐 내릴 때 허리 굽히면서 무릎도 쓰는 자세가 무릎 케어 후 편해졌어요. 마트 장보고 집에 오면 매번 실감해요.,e6e2b08285ab,,980,프리미엄 엘보케어 팔꿈치 마사지기,149000,,기존리뷰,4,,0,0,1,"안녕하세요. 프리미엄 헬스테크 브랜드, 슬룸입니다.
정성스럽게 올려주신 소중한 후기 감사합니다. 💜

고객님의 목소리로 더 발전하는 슬룸이 되도록 노력하겠습니다.
감사합니다. 🙇‍♀️"
119456,2026-08-11 0:00,,,교회 악기팀에서 드럼 치면서 팔꿈치 부담이 왔어요. 연습이랑 예배 합치면 주말마다 상당한 연주 시간이 돼요. 케어 후 다음 주 연주 컨디션이 유지돼요.,0a2490bd0543,,980,프리미엄 엘보케어 팔꿈치 마사지기,149000,,기존리뷰,5,,0,0,1,"안녕하세요. 프리미엄 헬스테크 브랜드, 슬룸입니다.
정성스럽게 올려주신 소중한 후기 감사합니다. 💜

고객님의 목소리로 더 발전하는 슬룸이 되도록 노력하겠습니다.
감사합니다. 🙇‍♀️"
119457,2026-08-02 0:00,,,"네이비 색상이 사진보다 실물이 훨씬 고급스러워요. 무광 계열이라 빛 반사 없이 차분하고, 거실이나 침실 어디 놔둬도 튀지 않아요. 케어 기기인데 인테리어 소품처럼 보여서 마음에 들어요.",3e6b2221718c,,980,프리미엄 엘보케어 팔꿈치 마사지기,149000,,기존리뷰,5,,0,0,1,"안녕하세요. 프리미엄 헬스테크 브랜드, 슬룸입니다.
시간 내어 소중한 후기를 작성해 주셔서 감사드립니다. :)

믿고 찾는 쇼핑몰이 되기 위해 더 좋은 상품과 서비스를 준비하겠습니다.
감사합니다. 💜"
119458,2026-08-02 0:00,,,출판물 납기 맞추면서 집중 작업하다 보면 팔꿈치가 제일 먼저 신호를 줘요. 케어하면서 마감 기간을 버틸 수 있게 됐어요. 마감과 케어를 병행하는 게 일하는 방식이 됐어요.,3b270e65fe85,,980,프리미엄 엘보케어 팔꿈치 마사지기,149000,,기존리뷰,5,,0,0,1,"안녕하세요. 프리미엄 헬스테크 브랜드, 슬룸입니다.
진심 어린 소중한 후기 감사합니다. 💜

앞으로도 좋은 상품과 서비스로 고객님들을 찾아뵐 수 있도록 노력하겠습니다.
감사합니다. :)"
119459,2026-08-16 0:00,,,서점에서 무거운 책 박스 진열 작업이 많아요. 케어하면서 서점 운영을 활기차게 이어가고 있어요. 케어가 서점 일의 든든한 파트너가 됐어요.,3efa4853d270,,980,프리미엄 엘보케어 팔꿈치 마사지기,149000,,기존리뷰,4,,0,0,1,"안녕하세요. 프리미엄 헬스테크 브랜드, 슬룸입니다.
시간 내어 소중한 후기를 작성해 주셔서 감사드립니다. :)

믿고 찾는 쇼핑몰이 되기 위해 더 좋은 상품과 서비스를 준비하겠습니다.
감사합니다. 💜"
119460,2026-08-02 0:00,,,빠른 속도로 상자 작업을 반복하다 보니 팔꿈치 케어가 필수가 됐어요. 케어하면서 다음 교대 준비를 잘 하고 있어요. 케어 덕분에 컨디션이 잘 유지돼요.,654b3755d8c3,,980,프리미엄 엘보케어 팔꿈치 마사지기,149000,,기존리뷰,5,,0,0,1,"안녕하세요. 프리미엄 헬스테크 브랜드, 슬룸입니다.
시간 내어 소중한 후기를 작성해 주셔서 감사드립니다. :)

믿고 찾는 쇼핑몰이 되기 위해 더 좋은 상품과 서비스를 준비하겠습니다.
감사합니다. 💜"
119461,2026-08-15 0:00,,,찜질팩이 필요 없어진 게 큰 변화예요. 전자레인지 돌리고 기다리고 식으면 다시 하고 하는 번거로움 없이 버튼 하나로 바로 시작돼요. 편의성이 달라요.,acaa192eea44,,980,프리미엄 엘보케어 팔꿈치 마사지기,149000,,기존리뷰,5,,0,0,1,"안녕하세요. 프리미엄 헬스테크 브랜드, 슬룸입니다.
진심 어린 소중한 후기 감사합니다. 💜

앞으로도 좋은 상품과 서비스로 고객님들을 찾아뵐 수 있도록 노력하겠습니다.
감사합니다. :)"
119462,2026-08-18 0:00,,,주차장 지하 경사로 걷는 게 무릎 케어 후 달라졌어요. 경사진 바닥에서 무릎에 집중되는 충격이 줄어든 것 같아요. 자연스럽게 걸어요.,c18fee8cff14,,980,프리미엄 엘보케어 팔꿈치 마사지기,149000,,기존리뷰,5,,0,0,1,"안녕하세요. 프리미엄 헬스테크 브랜드, 슬룸입니다.
정성스럽게 올려주신 소중한 후기 감사합니다. 💜

고객님의 목소리로 더 발전하는 슬룸이 되도록 노력하겠습니다.
감사합니다. 🙇‍♀️"
119463,2026-08-09 0:00,,,무거운 걸 자주 들다 보니 팔꿈치 관리가 중요해졌어요. 케어하면서 일상 작업을 잘 소화하고 있어요. 케어 덕분에 다음 날 컨디션이 좋아요.,652f0942dbf5,,980,프리미엄 엘보케어 팔꿈치 마사지기,149000,,기존리뷰,4,,0,0,1,"안녕하세요. 프리미엄 헬스테크 브랜드, 슬룸입니다.
시간 내어 소중한 후기를 작성해 주셔서 감사드립니다. :)

믿고 찾는 쇼핑몰이 되기 위해 더 좋은 상품과 서비스를 준비하겠습니다.
감사합니다. 💜"
119465,2026-08-18 0:00,,,무릎 케어 후 계단을 자연스럽게 선택하게 됐어요. 에스컬레이터보다 계단을 고르는 날도 생겼어요. 무릎 자신감이 일상 선택을 바꿔줬어요.,883ca7a92811,,980,프리미엄 엘보케어 팔꿈치 마사지기,149000,,기존리뷰,5,,0,0,1,"안녕하세요. 프리미엄 헬스테크 브랜드, 슬룸입니다.
정성스럽게 올려주신 소중한 후기 감사합니다. 💜

고객님의 목소리로 더 발전하는 슬룸이 되도록 노력하겠습니다.
감사합니다. 🙇‍♀️"
119466,2026-08-18 0:00,,,"폼롤러는 직접 체중 실어서 굴려야 해서 피곤할 때는 쓰기 어려운데, 이건 착용하면 알아서 되니까 어떤 컨디션이어도 쓸 수 있어요.",9e345fb2557f,,980,프리미엄 엘보케어 팔꿈치 마사지기,149000,,기존리뷰,4,,0,0,1,"안녕하세요. 프리미엄 헬스테크 브랜드, 슬룸입니다.
시간 내어 소중한 후기를 작성해 주셔서 감사드립니다. :)

믿고 찾는 쇼핑몰이 되기 위해 더 좋은 상품과 서비스를 준비하겠습니다.
감사합니다. 💜"
119469,2026-08-05 0:00,,,무릎 케어 후 저녁 산책 거리가 눈에 띄게 늘었어요. 지금은 40분 넘게 걸어도 가뿐해요. 산책이 진짜 운동이 되면서 전반적인 컨디션도 올라갔어요.,213da6ff6c7c,,980,프리미엄 엘보케어 팔꿈치 마사지기,149000,,기존리뷰,5,,0,0,1,"안녕하세요. 프리미엄 헬스테크 브랜드, 슬룸입니다.
시간 내어 소중한 후기를 작성해 주셔서 감사드립니다. :)

믿고 찾는 쇼핑몰이 되기 위해 더 좋은 상품과 서비스를 준비하겠습니다.
감사합니다. 💜"
119470,2026-08-11 0:00,,,인테리어 타일 시공에서 망치와 드릴 작업이 많아요. 케어하면서 시공 작업을 꾸준히 마무리하고 있어요. 케어 덕분에 현장 마감 속도가 잘 유지돼요.,1fe6044b32b5,,980,프리미엄 엘보케어 팔꿈치 마사지기,149000,,기존리뷰,4,,0,0,1,"안녕하세요. 프리미엄 헬스테크 브랜드, 슬룸입니다.
시간 내어 소중한 후기를 작성해 주셔서 감사드립니다. :)

믿고 찾는 쇼핑몰이 되기 위해 더 좋은 상품과 서비스를 준비하겠습니다.
감사합니다. 💜"
119471,2026-08-03 0:00,,,"퇴직하고 나서 텃밭 가꾸기 시작했는데 팔꿈치가 생각보다 많이 쓰이더라고요. 호미질, 물 주기, 수확까지 전부 팔꿈치 동작이었어요. 저녁에 케어하면서 다음 날 밭일 준비가 돼요.",8d2cddad1c33,,980,프리미엄 엘보케어 팔꿈치 마사지기,149000,,기존리뷰,5,,0,0,1,"안녕하세요. 프리미엄 헬스테크 브랜드, 슬룸입니다.
시간 내어 소중한 후기를 작성해 주셔서 감사드립니다. :)

믿고 찾는 쇼핑몰이 되기 위해 더 좋은 상품과 서비스를 준비하겠습니다.
감사합니다. 💜"
119472,2026-08-15 0:00,,,설명서가 생각보다 친절해요. 그림이 있고 단계별로 설명이 잘 돼 있어서 처음 써도 어렵지 않았어요. 주의사항도 빠짐없이 적혀 있어서 안전하게 시작할 수 있었어요. 제품만큼 설명서도 잘 만들었어요.,e2308997097d,,980,프리미엄 엘보케어 팔꿈치 마사지기,149000,,기존리뷰,5,,0,0,1,"안녕하세요. 프리미엄 헬스테크 브랜드, 슬룸입니다.
정성스럽게 올려주신 소중한 후기 감사합니다. 💜

고객님의 목소리로 더 발전하는 슬룸이 되도록 노력하겠습니다.
감사합니다. 🙇‍♀️"
119473,2026-08-03 0:00,,,유기농 수확 작업 마치고 무릎 케어하면 다음 날 작업 자세가 달라요. 쪼그리는 자세를 오래 해도 버텨주는 게 느껴져요. 농장 일과 케어를 병행하는 게 시즌 작업의 비결이에요.,96e2b7d79a3a,,980,프리미엄 엘보케어 팔꿈치 마사지기,149000,,기존리뷰,5,,0,0,1,"안녕하세요. 프리미엄 헬스테크 브랜드, 슬룸입니다.
시간 내어 소중한 후기를 작성해 주셔서 감사드립니다. :)

믿고 찾는 쇼핑몰이 되기 위해 더 좋은 상품과 서비스를 준비하겠습니다.
감사합니다. 💜"
119475,2026-08-06 0:00,,,무릎 케어 후 볼링이 다시 즐거워졌어요. 투구 자세가 자연스럽게 나오면서 점수도 올라갔어요. 케어가 취미 생활을 돌려준 셈이에요.,8471d035fce4,,980,프리미엄 엘보케어 팔꿈치 마사지기,149000,,기존리뷰,5,,0,0,1,"안녕하세요. 프리미엄 헬스테크 브랜드, 슬룸입니다.
정성스럽게 올려주신 소중한 후기 감사합니다. 💜

고객님의 목소리로 더 발전하는 슬룸이 되도록 노력하겠습니다.
감사합니다. 🙇‍♀️"
119476,2026-08-11 0:00,,,"인쇄 교정지 들고 왔다 갔다 하면서 팔꿈치가 누적 피로를 느끼기 시작했어요. 출판 일의 특성상 손 작업이 많은데, 케어 후 작업 지속력이 생겼어요.",f9c82934f511,,980,프리미엄 엘보케어 팔꿈치 마사지기,149000,,기존리뷰,5,,0,0,1,"안녕하세요. 프리미엄 헬스테크 브랜드, 슬룸입니다.
진심 어린 소중한 후기 감사합니다. 💜

앞으로도 좋은 상품과 서비스로 고객님들을 찾아뵐 수 있도록 노력하겠습니다.
감사합니다. :)"
119477,2026-08-18 0:00,,,재택근무 3년 차인데 팔꿈치 관리의 중요성을 알게 됐어요. 케어하면서 재택 업무를 효율적으로 소화하고 있어요. 케어 덕분에 재택 생활이 한결 편안해졌어요.,707d5edd64da,,980,프리미엄 엘보케어 팔꿈치 마사지기,149000,,기존리뷰,5,,0,0,1,"안녕하세요. 프리미엄 헬스테크 브랜드, 슬룸입니다.
정성스럽게 올려주신 소중한 후기 감사합니다. 💜

고객님의 목소리로 더 발전하는 슬룸이 되도록 노력하겠습니다.
감사합니다. 🙇‍♀️"
119478,2026-08-01 0:00,,,"무릎 케어 후 손주 유모차 밀면서 오래 걷는 게 가능해졌어요. 유모차 밀면서 공원 돌다 보면 꽤 걷게 되는데, 무릎이 버텨주니까 함께하는 시간이 늘었어요.",f1efd0f95981,,980,프리미엄 엘보케어 팔꿈치 마사지기,149000,,기존리뷰,5,,0,0,1,"안녕하세요. 프리미엄 헬스테크 브랜드, 슬룸입니다.
진심 어린 소중한 후기 감사합니다. 💜

앞으로도 좋은 상품과 서비스로 고객님들을 찾아뵐 수 있도록 노력하겠습니다.
감사합니다. :)"
119479,2026-08-06 0:00,,,다리미를 들고 밀고 당기는 동작이 반복돼요. 케어하면서 그 작업을 꾸준히 소화하고 있어요. 케어 덕분에 다음 날 작업이 수월해요.,b03bedbc398f,,980,프리미엄 엘보케어 팔꿈치 마사지기,149000,,기존리뷰,5,,0,0,1,"안녕하세요. 프리미엄 헬스테크 브랜드, 슬룸입니다.
정성스럽게 올려주신 소중한 후기 감사합니다. 💜

고객님의 목소리로 더 발전하는 슬룸이 되도록 노력하겠습니다.
감사합니다. 🙇‍♀️"
119480,2026-08-03 0:00,,,공장 포장 라인에서 제품 박스 조립하는 동작이 반복되다 보니 팔꿈치 안쪽이 뻐근해졌어요. 접고 붙이고 쌓는 동작이 수천 번 반복되면 신호가 와요. 케어 후 교대 근무가 버텨져요.,b625055e67b4,,980,프리미엄 엘보케어 팔꿈치 마사지기,149000,,기존리뷰,5,,0,0,1,"안녕하세요. 프리미엄 헬스테크 브랜드, 슬룸입니다.
시간 내어 소중한 후기를 작성해 주셔서 감사드립니다. :)

믿고 찾는 쇼핑몰이 되기 위해 더 좋은 상품과 서비스를 준비하겠습니다.
감사합니다. 💜"
119481,2026-08-16 0:00,,,공구로 조이고 푸는 동작이 반복되다 보니 팔꿈치 케어가 중요해졌어요. 강도 높은 작업 후 케어하면 다음 날 컨디션이 달라요. 케어가 작업 후 루틴이 됐어요.,35f31730fd93,,980,프리미엄 엘보케어 팔꿈치 마사지기,149000,,기존리뷰,4,,0,0,1,"안녕하세요. 프리미엄 헬스테크 브랜드, 슬룸입니다.
정성스럽게 올려주신 소중한 후기 감사합니다. 💜

고객님의 목소리로 더 발전하는 슬룸이 되도록 노력하겠습니다.
감사합니다. 🙇‍♀️"
119482,2026-08-11 0:00,,,"무릎 케어하면서 기차역 긴 플랫폼 걷는 게 편해졌어요. 출장 갈 때 플랫폼이 멀면 걱정이었는데, 케어 후 여유 있게 걸어요.",93f943bf3157,,980,프리미엄 엘보케어 팔꿈치 마사지기,149000,,기존리뷰,5,,0,0,1,"안녕하세요. 프리미엄 헬스테크 브랜드, 슬룸입니다.
정성스럽게 올려주신 소중한 후기 감사합니다. 💜

고객님의 목소리로 더 발전하는 슬룸이 되도록 노력하겠습니다.
감사합니다. 🙇‍♀️"
119483,2026-08-06 0:00,,,긴 장비를 들고 위치를 맞추는 동작이 반복돼요. 케어하면서 그 작업을 꾸준히 이어가고 있어요. 케어 덕분에 체력 관리가 잘 되고 있어요.,c1617503fd87,,980,프리미엄 엘보케어 팔꿈치 마사지기,149000,,기존리뷰,5,,0,0,1,"안녕하세요. 프리미엄 헬스테크 브랜드, 슬룸입니다.
진심 어린 소중한 후기 감사합니다. 💜

앞으로도 좋은 상품과 서비스로 고객님들을 찾아뵐 수 있도록 노력하겠습니다.
감사합니다. :)"
119486,2026-08-03 0:00,,,물건 싣고 내리는 동작이 많다 보니 팔꿈치 케어가 필수가 됐어요. 케어하면서 다음 날 출발 컨디션이 달라요. 케어가 하루 마무리 루틴이 됐어요.,37db4717876e,,980,프리미엄 엘보케어 팔꿈치 마사지기,149000,,기존리뷰,5,,0,0,1,"안녕하세요. 프리미엄 헬스테크 브랜드, 슬룸입니다.
정성스럽게 올려주신 소중한 후기 감사합니다. 💜

고객님의 목소리로 더 발전하는 슬룸이 되도록 노력하겠습니다.
감사합니다. 🙇‍♀️"
119487,2026-08-10 0:00,,,미세한 조작을 하루 종일 반복하다 보니 팔꿈치 케어가 중요해졌어요. 케어하면서 다음 근무 준비를 잘 하고 있어요. 케어 덕분에 컨디션이 잘 유지돼요.,0d92e3ac15c0,,980,프리미엄 엘보케어 팔꿈치 마사지기,149000,,기존리뷰,5,,0,0,1,"안녕하세요. 프리미엄 헬스테크 브랜드, 슬룸입니다.
시간 내어 소중한 후기를 작성해 주셔서 감사드립니다. :)

믿고 찾는 쇼핑몰이 되기 위해 더 좋은 상품과 서비스를 준비하겠습니다.
감사합니다. 💜"
119488,2026-08-15 0:00,,,USB 충전이라 멀티탭에 연결해두고 쓰기 편해요. 스마트폰 충전하는 아답터에 그냥 꽂으면 되니까 따로 챙길 게 없어요. 충전 중 사용은 안 되지만 충전이 빨라서 큰 불편은 없어요.,d3a2e3564c46,,980,프리미엄 엘보케어 팔꿈치 마사지기,149000,,기존리뷰,4,,0,0,1,"안녕하세요. 프리미엄 헬스테크 브랜드, 슬룸입니다.
정성스럽게 올려주신 소중한 후기 감사합니다. 💜

고객님의 목소리로 더 발전하는 슬룸이 되도록 노력하겠습니다.
감사합니다. 🙇‍♀️"
119489,2026-08-11 0:00,,,전기 패널 작업을 하면서 드라이버 조이고 케이블 연결하는 동작이 반복되다 보니 팔꿈치에 부담이 왔어요. 좁은 공간에서 팔 뻗어 작업하는 자세가 전완근에 직접 와요. 케어 후 다음 현장이 가능해요.,b2e9478a372f,,980,프리미엄 엘보케어 팔꿈치 마사지기,149000,,기존리뷰,5,,0,0,1,"안녕하세요. 프리미엄 헬스테크 브랜드, 슬룸입니다.
진심 어린 소중한 후기 감사합니다. 💜

앞으로도 좋은 상품과 서비스로 고객님들을 찾아뵐 수 있도록 노력하겠습니다.
감사합니다. :)"
119490,2026-08-19 22:50,2026-08-18 8:12,2026-08-19 19:01,마그네슘 시너지 크림 바른후 착용하여 작동하니 완전히 시원하고 통증이 완화 되는 느낌이 나네요 만족합니다.,1282a20a2795,,980,프리미엄 엘보케어 팔꿈치 마사지기,149000,수량선택: 팔꿈치 마사지기 1개 (마그네슘 시너지 크림 1개 증정),반응형(내리뷰),5,,4,0,1,"안녕하세요. 프리미엄 헬스테크 브랜드, 슬룸입니다.
시간 내어 소중한 후기를 작성해 주셔서 감사드립니다. :)

믿고 찾는 쇼핑몰이 되기 위해 더 좋은 상품과 서비스를 준비하겠습니다.
감사합니다. 💜"
119491,2026-08-20 1:18,2026-08-10 8:06,2026-08-11 16:13,"목이 아파 주문했는데......소음도 크고 시원하지도않고..
개봉해서 환불도안되네요",fc7827eaf364,,724,★최대할인 비밀링크★ 목베개 플러스 특가,69000,수량선택: 목베개 플러스 1개,모바일(상품리뷰),5,,0,0,1,"안녕하세요 고객님, 프리미엄 헬스테크 브랜드, 슬룸입니다.
고객님께 만족스러운 경험을 드리지 못해 대단히 죄송합니다.😥

슬룸의 모든 제품은 인체공학적으로 설계되어 편안한 사용이 가능하나 초기 사용 시 1~2주 이상의 적응 기간이 필요할 수 있습니다. 
다만 수령하신 날짜 기준으로 30일 동안 꾸준히 사용해보시고도 만족하지 못하셨을 경우에는, 슬룸에서 진행하는 <100%환불이벤트> 에 참여하여 왕복배송비 제외 전액 환불이 가능합니다.

※ 제품을 30일간 꾸준히 사용한 경우, 배송완료 후 40일이내 신청이 가능
※ 환불 서비스는 첫 구매 체험을 위한 서비스로 1회만 신청 가능

▶ <100% 환불 이벤트> 상세 환불 조건 : https://sleeplab.co.kr/notice/?page=1#13709226_notice 

슬룸을 믿고 편하게 사용 및 체험해보시고, 그럼에도 만족하시지 못하셨을 경우 슬룸 공식몰의 채널톡을 통해 이벤트 기간 내 문의 주시면 환불 접수 도움드리겠습니다."
119492,2026-08-20 1:40,2026-08-17 2:52,2026-08-19 16:15,"제가 허리 리스크 수술했는데 아직두 허리가 아파서 인터넷보고 구매했어요 배송 빠르고 사용해보니 짱 넘 좋은거같아요 허리도 시원하고 꾸준히 사용하면 너넘 좋아질거같아요 굿굿굿
다른 제품도 사서 엄마드려야겠어요",82926f7818b0,,636,허리편한케어 V2 허리 마사지기,129000,수량선택: 시그니처 세트 (허리편한케어 V2 + 목편한케어 플라잉),반응형(내리뷰),5,,1,0,1,"안녕하세요. 프리미엄 헬스테크 브랜드, 슬룸입니다.
진심 어린 소중한 후기 감사합니다. 💜

앞으로도 좋은 상품과 서비스로 고객님들을 찾아뵐 수 있도록 노력하겠습니다.
감사합니다. :)"
119493,2026-08-19 10:31,2026-08-04 13:27,2026-08-05 16:11,너무 높아서 목디스크 더 일어나요,,,724,★최대할인 비밀링크★ 목베개 플러스 특가,69000,수량선택: 목베개 플러스 1개,기존리뷰,1,,0,0,1,"안녕하세요 고객님, 프리미엄 헬스테크 브랜드, 슬룸입니다.
고객님께 만족스러운 경험을 드리지 못해 대단히 죄송합니다.😥

슬룸의 모든 제품은 인체공학적으로 설계되어 편안한 사용이 가능하나 초기 사용 시 1~2주 이상의 적응 기간이 필요할 수 있습니다. 
다만 수령하신 날짜 기준으로 30일 동안 꾸준히 사용해보시고도 만족하지 못하셨을 경우에는, 슬룸에서 진행하는 <100%환불이벤트> 에 참여하여 왕복배송비 제외 전액 환불이 가능합니다.

※ 제품을 30일간 꾸준히 사용한 경우, 배송완료 후 40일이내 신청이 가능
※ 환불 서비스는 첫 구매 체험을 위한 서비스로 1회만 신청 가능

▶ <100% 환불 이벤트> 상세 환불 조건 : https://sleeplab.co.kr/notice/?page=1#13709226_notice 

슬룸을 믿고 편하게 사용 및 체험해보시고, 그럼에도 만족하시지 못하셨을 경우 슬룸 공식몰의 채널톡을 통해 이벤트 기간 내 문의 주시면 환불 접수 도움드리겠습니다."
119494,2026-08-19 10:38,2026-08-13 21:41,2026-08-18 14:07,"목베개 상품 받자마자
사용해봤는데요~~
우와^^ 목이 따뜻하면서 지압효과
있어요~~목이 편안해지는 것 같습니다ㅎㅎ",,,724,★최대할인 비밀링크★ 목베개 플러스 특가,69000,수량선택: 목베개 플러스 1개,기존리뷰,5,,0,0,1,"안녕하세요. 프리미엄 헬스테크 브랜드, 슬룸입니다.
시간 내어 소중한 후기를 작성해 주셔서 감사드립니다. :)

믿고 찾는 쇼핑몰이 되기 위해 더 좋은 상품과 서비스를 준비하겠습니다.
감사합니다. 💜"
119495,2026-08-19 10:55,2026-08-13 12:07,2026-08-16 21:05,잘쓰겠습니다 번창하세요,,,874,발편한케어 프리미엄 고주파 발 마사지기,99000,"사이즈&세트선택: M (220-270mm), 수량선택: 발편한케어 1개 (마그네슘 시너지 크림 1개 증정)",기존리뷰,5,,0,0,1,"안녕하세요. 프리미엄 헬스테크 브랜드, 슬룸입니다.
정성스럽게 올려주신 소중한 후기 감사합니다. 💜

고객님의 목소리로 더 발전하는 슬룸이 되도록 노력하겠습니다.
감사합니다. 🙇‍♀️"
119496,2026-08-19 10:58,2026-08-07 8:57,2026-08-08 18:37,"제품 성능도 좋았고, 허리에 많은 도움이 되었습니다.",,,1045,[하알라x슬룸] ★2차★ 구독자 한정 최저가 비밀링크!,114900,수량선택: ★하알라SET★ 허리편한케어V2 1개 + 목마사지베개V2 1개 + (증정)마그네슘 시너지 크림 1개 + (증정) 중형 파우치 1개,기존리뷰,5,,0,0,1,"안녕하세요. 프리미엄 헬스테크 브랜드, 슬룸입니다.
정성스럽게 올려주신 소중한 후기 감사합니다. 💜

고객님의 목소리로 더 발전하는 슬룸이 되도록 노력하겠습니다.
감사합니다. 🙇‍♀️"
119497,2026-08-19 11:15,2026-07-14 0:05,2026-07-15 10:40,사이즈 선탁 잘 하셔야 할듯요. 너무 꽉 끼여요. 그리고 골반 비대칭에 도움이 되는지는 잘 모르겠어요. 그런데 조금 시원하기는 해요.,,,966,골반 케어 프리미엄 골반 마사지기,189000,수량선택: 골반 마사지기 1개,기존리뷰,4,,1,0,1,"안녕하세요 고객님, 프리미엄 헬스테크 브랜드, 슬룸입니다.
고객님께 만족스러운 경험을 드리지 못해 대단히 죄송합니다.😥

슬룸의 모든 제품은 인체공학적으로 설계되어 편안한 사용이 가능하나 초기 사용 시 1~2주 이상의 적응 기간이 필요할 수 있습니다. 
다만 수령하신 날짜 기준으로 30일 동안 꾸준히 사용해보시고도 만족하지 못하셨을 경우에는, 슬룸에서 진행하는 <100%환불이벤트> 에 참여하여 왕복배송비 제외 전액 환불이 가능합니다.

※ 제품을 30일간 꾸준히 사용한 경우, 배송완료 후 40일이내 신청이 가능
※ 환불 서비스는 첫 구매 체험을 위한 서비스로 1회만 신청 가능

▶ <100% 환불 이벤트> 상세 환불 조건 : https://sleeplab.co.kr/notice/?page=1#13709226_notice 

슬룸을 믿고 편하게 사용 및 체험해보시고, 그럼에도 만족하시지 못하셨을 경우 슬룸 공식몰의 채널톡을 통해 이벤트 기간 내 문의 주시면 환불 접수 도움드리겠습니다."
119498,2026-08-19 11:21,2026-08-14 10:19,2026-08-16 17:09,열심히 받고 있어요 시원하기도 하고 생각보다 편해서 좋네여,,,724,★최대할인 비밀링크★ 목베개 플러스 특가,69000,수량선택: 목베개 플러스 1개,기존리뷰,5,,0,0,1,"안녕하세요. 프리미엄 헬스테크 브랜드, 슬룸입니다.
정성스럽게 올려주신 소중한 후기 감사합니다. 💜

고객님의 목소리로 더 발전하는 슬룸이 되도록 노력하겠습니다.
감사합니다. 🙇‍♀️"
119499,2026-08-19 13:03,2026-06-23 12:55,2026-06-24 16:13,팔꿈치 아파서 지인추천으로 주문했어요 사용해보니 통증에 효과가 있어요,,,980,프리미엄 엘보케어 팔꿈치 마사지기,149000,수량선택: 팔꿈치 마사지기 1개,기존리뷰,5,,1,0,1,"안녕하세요. 프리미엄 헬스테크 브랜드, 슬룸입니다.
진심 어린 소중한 후기 감사합니다. 💜

앞으로도 좋은 상품과 서비스로 고객님들을 찾아뵐 수 있도록 노력하겠습니다.
감사합니다. :)"
119500,2026-08-19 16:11,2026-07-26 11:03,2026-07-28 18:46,빠른배송과 좋은 품질,,,909,목 마사지 베개 V2 경추 마사지기 베개,129000,수량선택: 목 마사지 베개 V2 1개 (마그네슘 시너지 크림 1개 증정),기존리뷰,5,,1,0,1,"안녕하세요. 프리미엄 헬스테크 브랜드, 슬룸입니다.
진심 어린 소중한 후기 감사합니다. 💜

앞으로도 좋은 상품과 서비스로 고객님들을 찾아뵐 수 있도록 노력하겠습니다.
감사합니다. :)"
119501,2026-08-19 16:29,2026-08-15 8:37,2026-08-19 13:46,일단 무선이라 좋고 가볍고 잠들기전 경추 마사지가 너무 편합니다,,,909,목 마사지 베개 V2 경추 마사지기 베개,129000,수량선택: 목 마사지 베개 V2 1개,기존리뷰,5,,1,0,1,"안녕하세요. 프리미엄 헬스테크 브랜드, 슬룸입니다.
진심 어린 소중한 후기 감사합니다. 💜

앞으로도 좋은 상품과 서비스로 고객님들을 찾아뵐 수 있도록 노력하겠습니다.
감사합니다. :)"
119502,2026-08-19 16:29,2026-07-24 11:19,2026-07-25 16:11,산거 겁나게 후회 중... 팔만 오지게 아프고....효과 없음 EMS벨트 있는데 이걸 왜 샀나 몰라....,,,1036,[은주언니X슬룸] ★뱃살 돌려깎기★ 바디풀고컷 경락 디바이스,79900,수량선택: [68%] 바디풀고컷 1개 + 시너지 젤 2개 증정,기존리뷰,1,,1,0,1,"안녕하세요 고객님, 프리미엄 헬스테크 브랜드, 슬룸입니다.
고객님께 만족스러운 경험을 드리지 못해 대단히 죄송합니다.😥

슬룸의 모든 제품은 인체공학적으로 설계되어 편안한 사용이 가능하나 초기 사용 시 1~2주 이상의 적응 기간이 필요할 수 있습니다. 
다만 수령하신 날짜 기준으로 30일 동안 꾸준히 사용해보시고도 만족하지 못하셨을 경우에는, 슬룸에서 진행하는 <100%환불이벤트> 에 참여하여 왕복배송비 제외 전액 환불이 가능합니다.

※ 제품을 30일간 꾸준히 사용한 경우, 배송완료 후 40일이내 신청이 가능
※ 환불 서비스는 첫 구매 체험을 위한 서비스로 1회만 신청 가능

▶ <100% 환불 이벤트> 상세 환불 조건 : https://sleeplab.co.kr/notice/?page=1#13709226_notice 

슬룸을 믿고 편하게 사용 및 체험해보시고, 그럼에도 만족하시지 못하셨을 경우 슬룸 공식몰의 채널톡을 통해 이벤트 기간 내 문의 주시면 환불 접수 도움드리겠습니다."
119503,2026-08-19 17:01,2026-08-14 20:20,2026-08-19 16:26,목 디스크가 있어서 근무할 때 편두통과 양쪽 어깨가 너무 아팠는데 퇴근 후 자기 전 마사지하고 바로 베개로 사용하여 자면 좋을 것 같아요.,,,909,목 마사지 베개 V2 경추 마사지기 베개,129000,수량선택: 목 마사지 베개 V2 1개,기존리뷰,4,,1,0,1,"안녕하세요. 프리미엄 헬스테크 브랜드, 슬룸입니다.
정성스럽게 올려주신 소중한 후기 감사합니다. 💜

고객님의 목소리로 더 발전하는 슬룸이 되도록 노력하겠습니다.
감사합니다. 🙇‍♀️"
119504,2026-08-19 18:06,2026-08-03 6:03,2026-08-04 23:05,목이 뻐근할때 쓰기 좋습니다,,,1038,[썸머 수퍼데이] 목베개 스트레칭 베개,11900,수량선택: 목베개 1개,기존리뷰,5,,1,0,1,"안녕하세요. 프리미엄 헬스테크 브랜드, 슬룸입니다.
시간 내어 소중한 후기를 작성해 주셔서 감사드립니다. :)

믿고 찾는 쇼핑몰이 되기 위해 더 좋은 상품과 서비스를 준비하겠습니다.
감사합니다. 💜"
119505,2026-08-19 19:03,2026-08-10 1:22,2026-08-11 13:49,마사지는 시원하네요. 꾸준히써서 거북목도 개선이 되기를 바랍니딘.,,,909,목 마사지 베개 V2 경추 마사지기 베개,129000,수량선택: 목 마사지 베개 V2 1개 (마그네슘 시너지 크림 1개 증정),기존리뷰,5,,1,0,1,"안녕하세요. 프리미엄 헬스테크 브랜드, 슬룸입니다.
시간 내어 소중한 후기를 작성해 주셔서 감사드립니다. :)

믿고 찾는 쇼핑몰이 되기 위해 더 좋은 상품과 서비스를 준비하겠습니다.
감사합니다. 💜"
119506,2026-08-19 19:47,2026-08-17 22:11,2026-08-19 18:52,제품좋네요 잘쓰겠습니다,,,981,목 마사지 베개 V2 계절베개 목 집중 케어,129000,수량선택: 목 마사지 베개 V2 1개,기존리뷰,5,,0,0,1,"안녕하세요. 프리미엄 헬스테크 브랜드, 슬룸입니다.
정성스럽게 올려주신 소중한 후기 감사합니다. 💜

고객님의 목소리로 더 발전하는 슬룸이 되도록 노력하겠습니다.
감사합니다. 🙇‍♀️"
119507,2026-08-19 20:12,2026-08-17 19:40,2026-08-19 18:44,충전기를 잊어버려서 구매 잘사용할게요,,,330,USB 충전 어댑터 멀티 충전기,5900,,기존리뷰,5,,0,0,1,"안녕하세요. 프리미엄 헬스테크 브랜드, 슬룸입니다.
정성스럽게 올려주신 소중한 후기 감사합니다. 💜

고객님의 목소리로 더 발전하는 슬룸이 되도록 노력하겠습니다.
감사합니다. 🙇‍♀️"
119508,2026-08-19 20:32,2026-08-10 13:18,2026-08-11 16:16,"목 마사지하려고 구입했어요,",,,1037,[썸머 수퍼데이] 목편한케어 목 마사지기,65000,수량선택: 목편한케어 1개 (목편한케어 커버 증정),기존리뷰,5,,0,0,1,"안녕하세요. 프리미엄 헬스테크 브랜드, 슬룸입니다.
정성스럽게 올려주신 소중한 후기 감사합니다. 💜

고객님의 목소리로 더 발전하는 슬룸이 되도록 노력하겠습니다.
감사합니다. 🙇‍♀️"
119509,2026-08-19 20:32,2026-08-10 13:18,2026-08-11 16:16,"생각보다 좋습니다,",,,909,목 마사지 베개 V2 경추 마사지기 베개,129000,수량선택: 목 마사지 베개 V2 1개 (마그네슘 시너지 크림 1개 증정),기존리뷰,5,,0,0,1,"안녕하세요. 프리미엄 헬스테크 브랜드, 슬룸입니다.
시간 내어 소중한 후기를 작성해 주셔서 감사드립니다. :)

믿고 찾는 쇼핑몰이 되기 위해 더 좋은 상품과 서비스를 준비하겠습니다.
감사합니다. 💜"
119510,2026-08-19 21:07,2026-08-13 16:19,2026-08-16 11:35,생각보다 기능이 좋아서 만족도가 높아요 다른 기기보다 더 쎈거같아요 좋습니다,,,636,허리편한케어 V2 허리 마사지기,129000,수량선택: 허리편한케어 V2 1개 (마그네슘 시너지 크림 1개 증정),기존리뷰,4,,1,0,1,"안녕하세요. 프리미엄 헬스테크 브랜드, 슬룸입니다.
정성스럽게 올려주신 소중한 후기 감사합니다. 💜

고객님의 목소리로 더 발전하는 슬룸이 되도록 노력하겠습니다.
감사합니다. 🙇‍♀️"
119511,2026-08-19 21:27,2026-08-06 19:57,2026-08-08 16:08,처음에 엥? 약한대.. 하다가 두번넘게쓰니깐 목이 풀리는게 너무 좋아았써요,,,724,★최대할인 비밀링크★ 목베개 플러스 특가,69000,수량선택: 목베개 플러스 1개,기존리뷰,5,,1,0,1,"안녕하세요. 프리미엄 헬스테크 브랜드, 슬룸입니다.
시간 내어 소중한 후기를 작성해 주셔서 감사드립니다. :)

믿고 찾는 쇼핑몰이 되기 위해 더 좋은 상품과 서비스를 준비하겠습니다.
감사합니다. 💜"
119512,2026-08-19 21:32,2026-08-11 19:45,2026-08-13 16:17,안마기도 있고 잘쓰고 있어요,,,724,★최대할인 비밀링크★ 목베개 플러스 특가,69000,수량선택: 목베개 플러스 1개,기존리뷰,4,,1,0,1,"안녕하세요. 프리미엄 헬스테크 브랜드, 슬룸입니다.
시간 내어 소중한 후기를 작성해 주셔서 감사드립니다. :)

믿고 찾는 쇼핑몰이 되기 위해 더 좋은 상품과 서비스를 준비하겠습니다.
감사합니다. 💜"
119513,2026-08-19 21:36,2026-08-17 8:46,2026-08-19 18:53,잘쓸께요~~as는어디서하나요??,,,724,★최대할인 비밀링크★ 목베개 플러스 특가,69000,수량선택: 목베개 플러스 1개,기존리뷰,3,,0,0,1,"안녕하세요. 프리미엄 헬스테크 브랜드, 슬룸입니다.

리뷰로는 상세한 안내가 어려워, 자세한 내용 알림톡(문자) 발송 도와드렸으니 확인 부탁드리겠습니다.
추가로 궁금하신 점이 있으시거나 문자 확인하신 후에도 해결되지 않는 경우
번거로우시겠지만 슬룸 채팅 상담을 통해 연락 주시면 빠르게 안내 도와드리겠습니다.

▶ 슬룸 채팅 상담 (※ 월-금 09:30-17:00, 주말 및 공휴일 휴무)
http://sloom.channel.io/

고객님의 목소리로 더 발전하는 슬룸이 되도록 노력하겠습니다. 감사합니다."
119514,2026-08-19 21:53,2026-08-15 17:02,2026-08-19 21:18,이번에는 목 베게 구입 전번에는 허리 베게구입해서 잘 사용중 입니다,,,63,목베개 스트레칭 베개,39900,수량선택: 목베개 2개,기존리뷰,4,,1,0,1,"안녕하세요. 프리미엄 헬스테크 브랜드, 슬룸입니다.
진심 어린 소중한 후기 감사합니다. 💜

앞으로도 좋은 상품과 서비스로 고객님들을 찾아뵐 수 있도록 노력하겠습니다.
감사합니다. :)"
119515,2026-08-19 22:47,2026-08-09 7:53,2026-08-11 16:21,맘에들어요 따뜻해요,,,966,골반 케어 프리미엄 골반 마사지기,189000,수량선택: 골반 마사지기 1개,기존리뷰,5,,1,0,1,"안녕하세요. 프리미엄 헬스테크 브랜드, 슬룸입니다.
진심 어린 소중한 후기 감사합니다. 💜

앞으로도 좋은 상품과 서비스로 고객님들을 찾아뵐 수 있도록 노력하겠습니다.
감사합니다. :)"
119516,2026-08-19 23:09,2026-08-17 19:02,2026-08-19 18:50,온열 기능도 있어 따뜻하고 목을 위로 견인해 줘서 목이 시원합니다.,,,909,목 마사지 베개 V2 경추 마사지기 베개,129000,수량선택: 목 마사지 베개 V2 1개,기존리뷰,5,,1,0,1,"안녕하세요. 프리미엄 헬스테크 브랜드, 슬룸입니다.
시간 내어 소중한 후기를 작성해 주셔서 감사드립니다. :)

믿고 찾는 쇼핑몰이 되기 위해 더 좋은 상품과 서비스를 준비하겠습니다.
감사합니다. 💜"
119517,2026-08-20 2:07,2026-08-18 7:59,2026-08-19 18:52,"배송 빨라서 좋았고
사용해보니 통증이 있는 팔부분인데
금방 좋아지는 것을 느낄수 있어
좋았습니다.",,,980,프리미엄 엘보케어 팔꿈치 마사지기,149000,수량선택: 팔꿈치 마사지기 1개 (마그네슘 시너지 크림 1개 증정),기존리뷰,5,,0,0,1,"안녕하세요. 프리미엄 헬스테크 브랜드, 슬룸입니다.
시간 내어 소중한 후기를 작성해 주셔서 감사드립니다. :)

믿고 찾는 쇼핑몰이 되기 위해 더 좋은 상품과 서비스를 준비하겠습니다.
감사합니다. 💜"
119518,2026-08-20 9:18,2026-08-18 11:05,2026-08-19 19:01,요즘 골프 엘보 테니스 엘보가 같이 와서 고생 중인데 안하는것보다 좋겠지하고 주문해봤는데 .. 도착하자마자 바로 사용했는데 너무 좋네요. 솔직히 장기 사용이 아니라 효과까지는 모르겠지만 마시지해주는 느낌과 물리치료 느낌이 다 있어서 너무 좋네요. 오래 사용하면 효과 있을것 같습니다.,45c5162eb487,,980,프리미엄 엘보케어 팔꿈치 마사지기,149000,수량선택: 팔꿈치 마사지기 1개 (마그네슘 시너지 크림 1개 증정),모바일,5,,0,0,1,"안녕하세요. 프리미엄 헬스테크 브랜드, 슬룸입니다.
정성스럽게 올려주신 소중한 후기 감사합니다. 💜

고객님의 목소리로 더 발전하는 슬룸이 되도록 노력하겠습니다.
감사합니다. 🙇‍♀️"
119519,2026-08-20 6:55,2026-08-16 11:51,2026-08-19 21:09,배송빠르고 상품도 좋습니다,,,1050,[로빈세끼 x 슬룸] 구독자 전용 ★최저가★ 비밀링크,99000,수량선택: ★로빈세끼 세트★ 목마사지베개V2 1개 + 발편한케어 M 1개 + (증정) 마그네슘 시너지 크림 1개 + (증정) 중형 파우치 1개,기존리뷰,5,,0,0,1,"안녕하세요. 프리미엄 헬스테크 브랜드, 슬룸입니다.
시간 내어 소중한 후기를 작성해 주셔서 감사드립니다. :)

믿고 찾는 쇼핑몰이 되기 위해 더 좋은 상품과 서비스를 준비하겠습니다.
감사합니다. 💜"
119520,2026-08-20 7:09,2026-08-10 11:22,2026-08-11 13:43,목 어깨가 너무 아팟는데 쓰고 나니 너무 좋네요,,,909,목 마사지 베개 V2 경추 마사지기 베개,129000,수량선택: 목 마사지 베개 V2 1개 (마그네슘 시너지 크림 1개 증정),기존리뷰,5,,1,0,1,"안녕하세요. 프리미엄 헬스테크 브랜드, 슬룸입니다.
진심 어린 소중한 후기 감사합니다. 💜

앞으로도 좋은 상품과 서비스로 고객님들을 찾아뵐 수 있도록 노력하겠습니다.
감사합니다. :)"
119521,2026-08-20 7:38,2026-07-30 13:16,2026-07-31 16:11,거북목이 돌아오길 바라며 꾸준히 써보겠습니당,,,909,목 마사지 베개 V2 경추 마사지기 베개,129000,수량선택: 목 마사지 베개 V2 1개 (마그네슘 시너지 크림 1개 증정),기존리뷰,5,,1,0,1,"안녕하세요. 프리미엄 헬스테크 브랜드, 슬룸입니다.
진심 어린 소중한 후기 감사합니다. 💜

앞으로도 좋은 상품과 서비스로 고객님들을 찾아뵐 수 있도록 노력하겠습니다.
감사합니다. :)"
119522,2026-08-20 7:38,2026-08-17 23:02,2026-08-19 16:11,"아직 사용전이지만 
허리 기계도 만족하게 쓰고있어서서 이것도 좋겠죠?",,,724,★최대할인 비밀링크★ 목베개 플러스 특가,69000,수량선택: 목베개 플러스 1개,기존리뷰,5,,0,0,1,"안녕하세요. 프리미엄 헬스테크 브랜드, 슬룸입니다.
진심 어린 소중한 후기 감사합니다. 💜

앞으로도 좋은 상품과 서비스로 고객님들을 찾아뵐 수 있도록 노력하겠습니다.
감사합니다. :)"
119523,2026-08-20 8:50,2026-08-16 16:46,2026-08-19 18:46,팔뚝은 아예 할수도 없는 제품인 거 같고요. 한 번 움직일 때마다 끽끽겨려서 시끄럽고 괄사하는게 더 나을듯합니다.. 그리고 10분정도 했는데 베터리 헤드?쪽 발열 너무 심해요,,,1008,★최대할인 비밀링크★ 바디 풀고컷 경락 마사지기,89900,수량선택: 바디 풀고컷 1개 (트리플 샷 시너지 젤 1개 증정),기존리뷰,1,,1,0,1,"안녕하세요 고객님, 프리미엄 헬스테크 브랜드, 슬룸입니다.
고객님께 만족스러운 경험을 드리지 못해 대단히 죄송합니다.😥

슬룸의 모든 제품은 인체공학적으로 설계되어 편안한 사용이 가능하나 초기 사용 시 1~2주 이상의 적응 기간이 필요할 수 있습니다. 
다만 수령하신 날짜 기준으로 30일 동안 꾸준히 사용해보시고도 만족하지 못하셨을 경우에는, 슬룸에서 진행하는 <100%환불이벤트> 에 참여하여 왕복배송비 제외 전액 환불이 가능합니다.

※ 제품을 30일간 꾸준히 사용한 경우, 배송완료 후 40일이내 신청이 가능
※ 환불 서비스는 첫 구매 체험을 위한 서비스로 1회만 신청 가능

▶ <100% 환불 이벤트> 상세 환불 조건 : https://sleeplab.co.kr/notice/?page=1#13709226_notice 

슬룸을 믿고 편하게 사용 및 체험해보시고, 그럼에도 만족하시지 못하셨을 경우 슬룸 공식몰의 채널톡을 통해 이벤트 기간 내 문의 주시면 환불 접수 도움드리겠습니다."
119524,2026-08-20 9:14,2026-08-17 21:39,2026-08-19 18:44,사용이 간편합니다. 효과는 아직 잘 모르겠지만 꾸준히 써 볼 예정입니다. 골프 엘보 때문에 샀어요.,,,980,프리미엄 엘보케어 팔꿈치 마사지기,149000,수량선택: 팔꿈치 마사지기 1개 (마그네슘 시너지 크림 1개 증정),기존리뷰,4,,0,0,1,"안녕하세요. 프리미엄 헬스테크 브랜드, 슬룸입니다.
시간 내어 소중한 후기를 작성해 주셔서 감사드립니다. :)

믿고 찾는 쇼핑몰이 되기 위해 더 좋은 상품과 서비스를 준비하겠습니다.
감사합니다. 💜"
119525,2026-08-20 10:11,2026-08-18 6:32,2026-08-19 18:42,아주 만족합니다.. 온열효과 적당한 마사지 강도와 목을 C커브로 올려주는 효과가 맘에 들어요. 꾸준히 해보겠습니다.,,,724,★최대할인 비밀링크★ 목베개 플러스 특가,69000,수량선택: 목베개 플러스 1개,기존리뷰,5,,1,0,1,"안녕하세요. 프리미엄 헬스테크 브랜드, 슬룸입니다.
진심 어린 소중한 후기 감사합니다. 💜

앞으로도 좋은 상품과 서비스로 고객님들을 찾아뵐 수 있도록 노력하겠습니다.
감사합니다. :)"
119526,2026-08-20 13:01,2026-08-17 1:29,2026-08-19 18:44,"아픈데 시원해요
담날 자고 일어나서 목 돌리면 아팠는데 베고자니 좋네요",,,909,목 마사지 베개 V2 경추 마사지기 베개,129000,수량선택: 목 마사지 베개 V2 1개,기존리뷰,5,,0,0,1,"안녕하세요. 프리미엄 헬스테크 브랜드, 슬룸입니다.
시간 내어 소중한 후기를 작성해 주셔서 감사드립니다. :)

믿고 찾는 쇼핑몰이 되기 위해 더 좋은 상품과 서비스를 준비하겠습니다.
감사합니다. 💜"
119527,2026-08-20 13:31,2026-08-02 11:41,2026-08-04 18:51,"바닥에 진동이 울려 아파트 생활하는 사람은 조금 눈치가 보일거 같아요
위로 목을 올려주는 기능은 정말 시원해요",,,724,★최대할인 비밀링크★ 목베개 플러스 특가,69000,수량선택: 목베개 플러스 1개,기존리뷰,5,,0,0,1,"안녕하세요. 프리미엄 헬스테크 브랜드, 슬룸입니다.
시간 내어 소중한 후기를 작성해 주셔서 감사드립니다. :)

믿고 찾는 쇼핑몰이 되기 위해 더 좋은 상품과 서비스를 준비하겠습니다.
감사합니다. 💜"
119528,2026-08-20 13:35,2026-08-18 12:37,2026-08-19 23:08,목이 따뜻하니 통증이 완화되고 안마가 되니 너무 시원하네요. 나도 모르게 잠들었네요,,,724,★최대할인 비밀링크★ 목베개 플러스 특가,69000,수량선택: 목베개 플러스 1개,기존리뷰,5,,0,0,1,"안녕하세요. 프리미엄 헬스테크 브랜드, 슬룸입니다.
정성스럽게 올려주신 소중한 후기 감사합니다. 💜

고객님의 목소리로 더 발전하는 슬룸이 되도록 노력하겠습니다.
감사합니다. 🙇‍♀️"
119529,2026-08-20 15:26,2026-08-16 19:43,2026-08-19 18:53,시간설정이 안돼나봐요. 자동으로 꺼지지 않아요. 보통 15분하면 자동으로 꺼지지않나요?,,,724,★최대할인 비밀링크★ 목베개 플러스 특가,69000,수량선택: 목베개 플러스 1개,기존리뷰,4,,1,0,1,"안녕하세요. 프리미엄 헬스테크 브랜드, 슬룸입니다.

리뷰로는 상세한 안내가 어려워, 자세한 내용 알림톡(문자) 발송 도와드렸으니 확인 부탁드리겠습니다.
추가로 궁금하신 점이 있으시거나 문자 확인하신 후에도 해결되지 않는 경우
번거로우시겠지만 슬룸 채팅 상담을 통해 연락 주시면 빠르게 안내 도와드리겠습니다.

▶ 슬룸 채팅 상담 (※ 월-금 09:30-17:00, 주말 및 공휴일 휴무)
http://sloom.channel.io/

고객님의 목소리로 더 발전하는 슬룸이 되도록 노력하겠습니다. 감사합니다."
119530,2026-08-20 17:03,2026-07-22 14:54,2026-07-23 13:38,테니스엘보로 주문했습니다 잘사용하고잏어요,,,980,프리미엄 엘보케어 팔꿈치 마사지기,149000,수량선택: 팔꿈치 마사지기 1개,기존리뷰,5,,0,0,1,"안녕하세요. 프리미엄 헬스테크 브랜드, 슬룸입니다.
정성스럽게 올려주신 소중한 후기 감사합니다. 💜

고객님의 목소리로 더 발전하는 슬룸이 되도록 노력하겠습니다.
감사합니다. 🙇‍♀️"
119531,2026-08-20 17:23,2026-08-18 11:03,2026-08-19 23:08,아직 사용전이긴한데 빨리 받았네요~,,,1050,[로빈세끼 x 슬룸] 구독자 전용 ★최저가★ 비밀링크,99000,수량선택: ★로빈세끼 세트★ 목마사지베개V2 1개 + 발편한케어 L 1개 + (증정) 마그네슘 시너지 크림 1개 + (증정) 중형 파우치 1개,기존리뷰,5,,0,0,1,"안녕하세요. 프리미엄 헬스테크 브랜드, 슬룸입니다.
시간 내어 소중한 후기를 작성해 주셔서 감사드립니다. :)

믿고 찾는 쇼핑몰이 되기 위해 더 좋은 상품과 서비스를 준비하겠습니다.
감사합니다. 💜"
119532,2026-08-20 17:39,2026-08-11 12:17,2026-08-12 16:12,As정책이 교환이면 괜히 샀어요,,,330,USB 충전 어댑터 멀티 충전기,5900,,기존리뷰,3,,1,0,1,"안녕하세요 고객님, 프리미엄 헬스테크 브랜드, 슬룸입니다.
고객님께 만족스러운 경험을 드리지 못해 대단히 죄송합니다.😥

슬룸 전자제품은 품질보증기간(총 1년)에 따라 무상 또는 유상 A/S를 제공해드리고 있습니다.

■ 삼품 수령일로부터 6개월 이내
• 제품 자체 고장 → 무상 A/S (무상 교환)
• 소비자 과실 → 유상 A/S (유상 교환)

■ 상품 수령일로부터 6개월 초과~1년
• 원인 불문 → 유상 A/S (유상 교환)

해당 내용은 슬룸 공지사항에서도 확인이 가능하신 점 다시 한번 양해 부탁드립니다.

고객님의 의견을 수렴하여 더 발전하는 슬룸이 되도록 노력하겠습니다. 감사합니다."
119533,2026-08-20 17:47,2026-08-15 15:44,2026-08-19 19:40,효과 좋을것 같아요 사용 후기는 한달 사용 후 적겠습니다 요추 코어 밸트는 열자마자 하고있어요,,,1042,★선착순 증정 비밀링크★ 허리편한케어 허리 마사지기 V2,159000,수량선택: 허리편한케어 V2 1개 (코어 요추벨트 증정),기존리뷰,5,,2,0,1,"안녕하세요. 프리미엄 헬스테크 브랜드, 슬룸입니다.
정성스럽게 올려주신 소중한 후기 감사합니다. 💜

고객님의 목소리로 더 발전하는 슬룸이 되도록 노력하겠습니다.
감사합니다. 🙇‍♀️"
119534,2026-08-20 18:30,2026-08-18 18:16,2026-08-20 16:12,로빈세끼님 믿고 구매했어요. 발마사지 시원하게 효과가 좋았음 합니다. 많이 파세요,,,1050,[로빈세끼 x 슬룸] 구독자 전용 ★최저가★ 비밀링크,99000,수량선택: 발편한케어 M 1개 + (증정) 마그네슘 시너지 크림 1개,기존리뷰,5,,0,0,1,"안녕하세요. 프리미엄 헬스테크 브랜드, 슬룸입니다.
진심 어린 소중한 후기 감사합니다. 💜

앞으로도 좋은 상품과 서비스로 고객님들을 찾아뵐 수 있도록 노력하겠습니다.
감사합니다. :)"
119535,2026-08-20 18:49,2026-08-18 7:53,2026-08-19 18:48,진동은 그닥대신견인 온열 좋아요,,,724,★최대할인 비밀링크★ 목베개 플러스 특가,69000,수량선택: 목베개 플러스 1개,기존리뷰,4,,1,0,1,"안녕하세요. 프리미엄 헬스테크 브랜드, 슬룸입니다.
진심 어린 소중한 후기 감사합니다. 💜

앞으로도 좋은 상품과 서비스로 고객님들을 찾아뵐 수 있도록 노력하겠습니다.
감사합니다. :)"
119536,2026-08-20 22:22,2026-08-17 0:58,2026-08-20 20:17,베개는 만족스러워요...발마사지는 간질간질 찌릿찌릿 호불호가 있네요,,,1050,[로빈세끼 x 슬룸] 구독자 전용 ★최저가★ 비밀링크,99000,수량선택: ★로빈세끼 세트★ 목마사지베개V2 1개 + 발편한케어 M 1개 + (증정) 마그네슘 시너지 크림 1개 + (증정) 중형 파우치 1개,기존리뷰,5,,1,0,1,"안녕하세요. 프리미엄 헬스테크 브랜드, 슬룸입니다.
시간 내어 소중한 후기를 작성해 주셔서 감사드립니다. :)

믿고 찾는 쇼핑몰이 되기 위해 더 좋은 상품과 서비스를 준비하겠습니다.
감사합니다. 💜"
119537,2026-08-20 23:00,2026-08-07 21:27,2026-08-11 18:41,목디스크있는사람 쓰기좋아요,,,724,★최대할인 비밀링크★ 목베개 플러스 특가,69000,수량선택: 목베개 플러스 1개,기존리뷰,4,,1,0,1,"안녕하세요. 프리미엄 헬스테크 브랜드, 슬룸입니다.
정성스럽게 올려주신 소중한 후기 감사합니다. 💜

고객님의 목소리로 더 발전하는 슬룸이 되도록 노력하겠습니다.
감사합니다. 🙇‍♀️"
119538,2026-08-20 23:36,2026-08-19 0:04,2026-08-20 21:07,평소 목이 많이 아파서 베개만 지금 침대에 7개를 놓고 돌아가며 쓰고 있어요 우선 목 지지는 괜찮은거 같아요,,,724,★최대할인 비밀링크★ 목베개 플러스 특가,69000,수량선택: 목베개 플러스 1개,기존리뷰,4,,1,0,1,"안녕하세요. 프리미엄 헬스테크 브랜드, 슬룸입니다.
진심 어린 소중한 후기 감사합니다. 💜

앞으로도 좋은 상품과 서비스로 고객님들을 찾아뵐 수 있도록 노력하겠습니다.
감사합니다. :)"
119539,2026-08-21 8:00,2026-08-17 1:21,2026-08-20 20:06,"의심 갖고 구매했었는데
아주 만족합니다
생각보다 효과가 월등하네요
집에서 물리치료 가능할 듯요
감사합니다
사업 번창하시길 바랍니다",ca65f5f88eb9,,980,프리미엄 엘보케어 팔꿈치 마사지기,149000,수량선택: 팔꿈치 마사지기 1개 (마그네슘 시너지 크림 1개 증정),모바일(팝업),5,,0,0,1,"안녕하세요. 프리미엄 헬스테크 브랜드, 슬룸입니다.
시간 내어 소중한 후기를 작성해 주셔서 감사드립니다. :)

믿고 찾는 쇼핑몰이 되기 위해 더 좋은 상품과 서비스를 준비하겠습니다.
감사합니다. 💜"
119540,2026-08-10 0:00,,,팔꿈치 케어 후 저녁 시간이 풍요로워졌어요. 25분을 온전히 나를 위해 쓰는 시간이거든요. 하루 마무리로 이보다 좋은 게 없어요.,f30bee2abc6c,,980,프리미엄 엘보케어 팔꿈치 마사지기,149000,,기존리뷰,5,,0,0,1,"안녕하세요. 프리미엄 헬스테크 브랜드, 슬룸입니다.
정성스럽게 올려주신 소중한 후기 감사합니다. 💜

고객님의 목소리로 더 발전하는 슬룸이 되도록 노력하겠습니다.
감사합니다. 🙇‍♀️"
119541,2026-08-16 0:00,,,"케어하면서 팔꿈치 해부학에 관심이 생겼어요. 전완근, 힘줄, 관절이 어떻게 연결되는지 알고 나서 케어할 때 집중도가 높아졌어요. 알고 하는 케어가 모르고 하는 것보다 효과적인 것 같아요.",8ca141496dfb,,980,프리미엄 엘보케어 팔꿈치 마사지기,149000,,기존리뷰,5,,0,0,1,"안녕하세요. 프리미엄 헬스테크 브랜드, 슬룸입니다.
정성스럽게 올려주신 소중한 후기 감사합니다. 💜

고객님의 목소리로 더 발전하는 슬룸이 되도록 노력하겠습니다.
감사합니다. 🙇‍♀️"
119542,2026-08-17 0:00,,,팔꿈치 케어를 시작하고 나서 잠 자는 자세가 달라졌어요. 예전엔 팔 위치 때문에 자꾸 뒤척였는데 케어 후 편하게 잘 수 있어요. 수면 패턴에까지 영향을 줬어요.,90efd9cb39fe,,980,프리미엄 엘보케어 팔꿈치 마사지기,149000,,기존리뷰,5,,0,0,1,"안녕하세요. 프리미엄 헬스테크 브랜드, 슬룸입니다.
시간 내어 소중한 후기를 작성해 주셔서 감사드립니다. :)

믿고 찾는 쇼핑몰이 되기 위해 더 좋은 상품과 서비스를 준비하겠습니다.
감사합니다. 💜"
119543,2026-08-11 0:00,,,"팔꿈치 전용으로 만들어진 게 착용하는 순간 느껴져요. 패드 위치, 에어백 범위 모두 팔꿈치 기준으로 설계됐어요. 전용 제품의 완성도가 달라요.",48df74af7e12,,980,프리미엄 엘보케어 팔꿈치 마사지기,149000,,기존리뷰,4,,0,0,1,"안녕하세요. 프리미엄 헬스테크 브랜드, 슬룸입니다.
진심 어린 소중한 후기 감사합니다. 💜

앞으로도 좋은 상품과 서비스로 고객님들을 찾아뵐 수 있도록 노력하겠습니다.
감사합니다. :)"
119544,2026-08-14 0:00,,,케어 전후로 팔꿈치를 직접 눌러보면 압통 차이가 느껴져요. 케어 후에 눌렀을 때 덜 아프거든요. 효과를 수치로 보진 못해도 이렇게 직접 확인할 수 있어요.,3ef9c2b35f8b,,980,프리미엄 엘보케어 팔꿈치 마사지기,149000,,기존리뷰,5,,0,0,1,"안녕하세요. 프리미엄 헬스테크 브랜드, 슬룸입니다.
진심 어린 소중한 후기 감사합니다. 💜

앞으로도 좋은 상품과 서비스로 고객님들을 찾아뵐 수 있도록 노력하겠습니다.
감사합니다. :)"
119545,2026-08-08 0:00,,,팔꿈치 케어를 시작하고 3주 차에 변화가 느껴지기 시작했어요. 2주까지는 적응 기간이었던 것 같아요. 조급해하지 말고 3주는 써봐야 안다는 걸 직접 경험했어요.,e461bd3295d9,,980,프리미엄 엘보케어 팔꿈치 마사지기,149000,,기존리뷰,5,,0,0,1,"안녕하세요. 프리미엄 헬스테크 브랜드, 슬룸입니다.
진심 어린 소중한 후기 감사합니다. 💜

앞으로도 좋은 상품과 서비스로 고객님들을 찾아뵐 수 있도록 노력하겠습니다.
감사합니다. :)"
119547,2026-08-16 0:00,,,네이비 색상이 생각보다 훨씬 세련돼요. 사진으로 볼 땐 평범해 보였는데 실물은 고급스러워요. 거실 소파 옆에 놔둬도 인테리어에 어울려요. 쓰기 편한 것도 중요하지만 보기 좋은 것도 중요하더라고요.,c64bb82f6f07,,980,프리미엄 엘보케어 팔꿈치 마사지기,149000,,기존리뷰,4,,0,0,1,"안녕하세요. 프리미엄 헬스테크 브랜드, 슬룸입니다.
진심 어린 소중한 후기 감사합니다. 💜

앞으로도 좋은 상품과 서비스로 고객님들을 찾아뵐 수 있도록 노력하겠습니다.
감사합니다. :)"
119548,2026-08-15 0:00,,,팔꿈치 케어가 어깨 긴장을 푸는 데도 도움이 됐어요. 팔꿈치가 편해지면서 자연스럽게 팔 전체 긴장이 풀리더라고요. 한 부위 케어가 연결된 부위까지 영향을 주는 게 신기해요.,fca9c4495855,,980,프리미엄 엘보케어 팔꿈치 마사지기,149000,,기존리뷰,5,,0,0,1,"안녕하세요. 프리미엄 헬스테크 브랜드, 슬룸입니다.
진심 어린 소중한 후기 감사합니다. 💜

앞으로도 좋은 상품과 서비스로 고객님들을 찾아뵐 수 있도록 노력하겠습니다.
감사합니다. :)"
119549,2026-08-16 0:00,,,무릎 케어를 저녁 루틴으로 자리 잡게 했어요. 팔꿈치 케어 후 연장벨트로 바꿔서 무릎 케어하면 하루 두 부위가 다 케어돼요. 하나로 두 부위 관리하는 효율이 좋아요.,0c9b8f45f9ef,,980,프리미엄 엘보케어 팔꿈치 마사지기,149000,,기존리뷰,5,,0,0,1,"안녕하세요. 프리미엄 헬스테크 브랜드, 슬룸입니다.
진심 어린 소중한 후기 감사합니다. 💜

앞으로도 좋은 상품과 서비스로 고객님들을 찾아뵐 수 있도록 노력하겠습니다.
감사합니다. :)"
119550,2026-08-11 0:00,,,선물 받은 제품인데 지금은 집에서 가장 자주 쓰는 물건이에요. 매일 쓰게 된다는 게 그 자체로 만족스러운 제품이라는 증거예요.,00a3e3f9e39b,,980,프리미엄 엘보케어 팔꿈치 마사지기,149000,,기존리뷰,4,,0,0,1,"안녕하세요. 프리미엄 헬스테크 브랜드, 슬룸입니다.
정성스럽게 올려주신 소중한 후기 감사합니다. 💜

고객님의 목소리로 더 발전하는 슬룸이 되도록 노력하겠습니다.
감사합니다. 🙇‍♀️"
119552,2026-08-17 0:00,,,받자마자 써보고 이렇게 효과 있는 줄 몰랐어요. 온열이 시작되면서 관절이 부드럽게 풀리는 느낌이 바로 왔거든요. 첫날부터 만족했어요.,954973811205,,980,프리미엄 엘보케어 팔꿈치 마사지기,149000,,기존리뷰,5,,0,0,1,"안녕하세요. 프리미엄 헬스테크 브랜드, 슬룸입니다.
시간 내어 소중한 후기를 작성해 주셔서 감사드립니다. :)

믿고 찾는 쇼핑몰이 되기 위해 더 좋은 상품과 서비스를 준비하겠습니다.
감사합니다. 💜"
119553,2026-08-02 0:00,,,케어를 꾸준히 하면서 좋아지는 속도가 달라지는 게 느껴져요. 초반엔 느리다가 한 달이 지나면서 눈에 띄게 빨라졌어요. 기반이 쌓이면서 회복이 가속되는 것 같아요.,f7dfc02325e0,,980,프리미엄 엘보케어 팔꿈치 마사지기,149000,,기존리뷰,5,,0,0,1,"안녕하세요. 프리미엄 헬스테크 브랜드, 슬룸입니다.
진심 어린 소중한 후기 감사합니다. 💜

앞으로도 좋은 상품과 서비스로 고객님들을 찾아뵐 수 있도록 노력하겠습니다.
감사합니다. :)"
119554,2026-08-06 0:00,,,"아침저녁으로 나눠 쓰면서 온도 설정을 달리해요. 아침엔 가볍게, 저녁엔 깊게. 같은 제품인데 설정에 따라 느낌이 달라지는 게 재미있어요.",21bf644c28fb,,980,프리미엄 엘보케어 팔꿈치 마사지기,149000,,기존리뷰,4,,0,0,1,"안녕하세요. 프리미엄 헬스테크 브랜드, 슬룸입니다.
진심 어린 소중한 후기 감사합니다. 💜

앞으로도 좋은 상품과 서비스로 고객님들을 찾아뵐 수 있도록 노력하겠습니다.
감사합니다. :)"
119555,2026-08-14 0:00,,,무릎 케어 후 사진 찍을 때 자세가 다양해졌어요. 무릎 구부리는 자세를 피했었는데 이제는 자유롭게 포즈를 잡아요. 사진 속 표정도 자연스러워졌어요.,4aa8c6b0260c,,980,프리미엄 엘보케어 팔꿈치 마사지기,149000,,기존리뷰,5,,0,0,1,"안녕하세요. 프리미엄 헬스테크 브랜드, 슬룸입니다.
시간 내어 소중한 후기를 작성해 주셔서 감사드립니다. :)

믿고 찾는 쇼핑몰이 되기 위해 더 좋은 상품과 서비스를 준비하겠습니다.
감사합니다. 💜"
119556,2026-08-09 0:00,,,팔꿈치 홈에 정확히 맞게 설계된 게 착용 순간 느껴져요. 흘러내리지 않고 고정되니까 케어 내내 편안해요. 착용감이 좋아야 매일 쓰게 된다는 걸 알았어요.,c676fadb45bc,,980,프리미엄 엘보케어 팔꿈치 마사지기,149000,,기존리뷰,5,,0,0,1,"안녕하세요. 프리미엄 헬스테크 브랜드, 슬룸입니다.
시간 내어 소중한 후기를 작성해 주셔서 감사드립니다. :)

믿고 찾는 쇼핑몰이 되기 위해 더 좋은 상품과 서비스를 준비하겠습니다.
감사합니다. 💜"
119557,2026-08-03 0:00,,,무릎 케어 후 골목길이나 좁은 계단도 자신 있게 다니게 됐어요. 예전엔 불안했던 공간들이 이제는 편안하게 느껴져요. 케어가 공간에 대한 자신감까지 바꿔줬어요.,e161b08ae959,,980,프리미엄 엘보케어 팔꿈치 마사지기,149000,,기존리뷰,5,,0,0,1,"안녕하세요. 프리미엄 헬스테크 브랜드, 슬룸입니다.
정성스럽게 올려주신 소중한 후기 감사합니다. 💜

고객님의 목소리로 더 발전하는 슬룸이 되도록 노력하겠습니다.
감사합니다. 🙇‍♀️"
119558,2026-08-03 0:00,,,거실에 두면 인테리어 소품처럼 보여요. 케어 기기인데 눈에 거슬리지 않아서 꺼내 쓰기 부담이 없어요. 보관 걱정 없이 눈에 보이는 곳에 두고 있어요.,4213e01e0c4a,,980,프리미엄 엘보케어 팔꿈치 마사지기,149000,,기존리뷰,4,,0,0,1,"안녕하세요. 프리미엄 헬스테크 브랜드, 슬룸입니다.
정성스럽게 올려주신 소중한 후기 감사합니다. 💜

고객님의 목소리로 더 발전하는 슬룸이 되도록 노력하겠습니다.
감사합니다. 🙇‍♀️"
119559,2026-08-04 0:00,,,구매 전에 여러 리뷰를 꼼꼼히 봤어요. 공통적으로 전완근 에어백 언급이 많았어요. 실제로 써보니 그게 핵심이더라고요. 팔꿈치 힘줄과 연결된 전완근이 풀리면서 팔 전체가 개운해지는 게 느껴졌어요.,772dfc028d0d,,980,프리미엄 엘보케어 팔꿈치 마사지기,149000,,기존리뷰,5,,0,0,1,"안녕하세요. 프리미엄 헬스테크 브랜드, 슬룸입니다.
진심 어린 소중한 후기 감사합니다. 💜

앞으로도 좋은 상품과 서비스로 고객님들을 찾아뵐 수 있도록 노력하겠습니다.
감사합니다. :)"
119560,2026-08-13 0:00,,,"케어 시간을 따로 내지 않아도 되는 게 최고예요. TV 보면서, 책 읽으면서, 음악 들으면서 착용하면 되거든요. 25분이 언제 지나가는지 모를 만큼 자연스러워요. 케어가 일상에 녹아든 느낌이에요.",5579c0a5ca08,,980,프리미엄 엘보케어 팔꿈치 마사지기,149000,,기존리뷰,5,,0,0,1,"안녕하세요. 프리미엄 헬스테크 브랜드, 슬룸입니다.
시간 내어 소중한 후기를 작성해 주셔서 감사드립니다. :)

믿고 찾는 쇼핑몰이 되기 위해 더 좋은 상품과 서비스를 준비하겠습니다.
감사합니다. 💜"
119561,2026-08-21 0:00,,,근육이 저주파에 반응하는 게 신기해요. 처음엔 이상했는데 그게 시원하게 느껴지기 시작하면 중독이 돼요. 지금은 그 자극이 없으면 허전해요.,a9f17e37fa3e,,980,프리미엄 엘보케어 팔꿈치 마사지기,149000,,기존리뷰,4,,0,0,1,"안녕하세요. 프리미엄 헬스테크 브랜드, 슬룸입니다.
진심 어린 소중한 후기 감사합니다. 💜

앞으로도 좋은 상품과 서비스로 고객님들을 찾아뵐 수 있도록 노력하겠습니다.
감사합니다. :)"
119562,2026-08-04 0:00,,,다른 걸 하면서 착용하면 25분이 정말 금방이에요. 케어만을 위한 시간을 별도로 낼 필요가 없어서 매일 쓰기 편해요.,3d906f338713,,980,프리미엄 엘보케어 팔꿈치 마사지기,149000,,기존리뷰,5,,0,0,1,"안녕하세요. 프리미엄 헬스테크 브랜드, 슬룸입니다.
시간 내어 소중한 후기를 작성해 주셔서 감사드립니다. :)

믿고 찾는 쇼핑몰이 되기 위해 더 좋은 상품과 서비스를 준비하겠습니다.
감사합니다. 💜"
119563,2026-08-15 0:00,,,한 손으로 리모컨 조작하면서 반대쪽 팔꿈치 케어하는 게 편해요. 자세 흐트러지지 않고 원하는 설정으로 바꿀 수 있어요.,ce9c02674e11,,980,프리미엄 엘보케어 팔꿈치 마사지기,149000,,기존리뷰,5,,0,0,1,"안녕하세요. 프리미엄 헬스테크 브랜드, 슬룸입니다.
정성스럽게 올려주신 소중한 후기 감사합니다. 💜

고객님의 목소리로 더 발전하는 슬룸이 되도록 노력하겠습니다.
감사합니다. 🙇‍♀️"
119564,2026-08-17 0:00,,,처음 한 달은 강도 5 이하로 유지했다가 지금은 10으로 고정했어요. 몸이 자연스럽게 적응하면서 올라간 거예요. 강도 올리는 과정이 케어의 일부예요.,8e70cb67b8dc,,980,프리미엄 엘보케어 팔꿈치 마사지기,149000,,기존리뷰,5,,0,0,1,"안녕하세요. 프리미엄 헬스테크 브랜드, 슬룸입니다.
정성스럽게 올려주신 소중한 후기 감사합니다. 💜

고객님의 목소리로 더 발전하는 슬룸이 되도록 노력하겠습니다.
감사합니다. 🙇‍♀️"
119568,2026-08-08 0:00,,,눌러줬다 풀어줬다 하는 에어백 리듬이 마음을 안정시켜요. 팔꿈치 케어인데 명상 효과도 있어요. 25분이 고요하게 흘러가요.,b184185db071,,980,프리미엄 엘보케어 팔꿈치 마사지기,149000,,기존리뷰,5,,0,0,1,"안녕하세요. 프리미엄 헬스테크 브랜드, 슬룸입니다.
정성스럽게 올려주신 소중한 후기 감사합니다. 💜

고객님의 목소리로 더 발전하는 슬룸이 되도록 노력하겠습니다.
감사합니다. 🙇‍♀️"
119569,2026-08-09 0:00,,,"무릎 연장벨트 착용하고 케어하면서 무릎에 대한 자신감이 생겼어요. 예전엔 무릎 쓰는 활동을 피했는데, 이제는 적극적으로 움직이게 됐어요. 활동 반경이 자연스럽게 넓어졌어요.",03aa8a354ee0,,980,프리미엄 엘보케어 팔꿈치 마사지기,149000,,기존리뷰,4,,0,0,1,"안녕하세요. 프리미엄 헬스테크 브랜드, 슬룸입니다.
진심 어린 소중한 후기 감사합니다. 💜

앞으로도 좋은 상품과 서비스로 고객님들을 찾아뵐 수 있도록 노력하겠습니다.
감사합니다. :)"
119570,2026-08-15 0:00,,,아프면 대응하는 게 아니라 편안할 때 미리 케어하는 방식으로 바뀌었어요. 예방적 케어의 효과를 직접 느끼고 있어요.,f97a0fe6cc1e,,980,프리미엄 엘보케어 팔꿈치 마사지기,149000,,기존리뷰,5,,0,0,1,"안녕하세요. 프리미엄 헬스테크 브랜드, 슬룸입니다.
시간 내어 소중한 후기를 작성해 주셔서 감사드립니다. :)

믿고 찾는 쇼핑몰이 되기 위해 더 좋은 상품과 서비스를 준비하겠습니다.
감사합니다. 💜"
119572,2026-08-16 0:00,,,케어 강도를 올려가는 과정이 재미있어요. 처음엔 5단계도 강하더니 지금은 10단계가 딱 시원해요. 몸이 적응하면서 올라가는 게 성장하는 느낌이에요.,0ce4d0781046,,980,프리미엄 엘보케어 팔꿈치 마사지기,149000,,기존리뷰,4,,0,0,1,"안녕하세요. 프리미엄 헬스테크 브랜드, 슬룸입니다.
시간 내어 소중한 후기를 작성해 주셔서 감사드립니다. :)

믿고 찾는 쇼핑몰이 되기 위해 더 좋은 상품과 서비스를 준비하겠습니다.
감사합니다. 💜"
119573,2026-08-09 0:00,,,이 제품 쓰면서 몸 관리에 대한 시각이 바뀌었어요. 아프면 대응하는 게 아니라 미리 케어하는 방식으로요. 뻐근한 느낌이 오기 전에 먼저 착용하는 게 훨씬 효과적이에요.,90ffe14d744a,,980,프리미엄 엘보케어 팔꿈치 마사지기,149000,,기존리뷰,5,,0,0,1,"안녕하세요. 프리미엄 헬스테크 브랜드, 슬룸입니다.
진심 어린 소중한 후기 감사합니다. 💜

앞으로도 좋은 상품과 서비스로 고객님들을 찾아뵐 수 있도록 노력하겠습니다.
감사합니다. :)"
119574,2026-08-18 0:00,,,"이 제품 하나로 팔꿈치 전용 EMS, TENS, 온열, 에어백 마사지가 전부 돼요. 각각 따로 구매하면 비용이 훨씬 많이 들어요. 올인원의 효율이에요.",a841dbceb554,,980,프리미엄 엘보케어 팔꿈치 마사지기,149000,,기존리뷰,5,,0,0,1,"안녕하세요. 프리미엄 헬스테크 브랜드, 슬룸입니다.
진심 어린 소중한 후기 감사합니다. 💜

앞으로도 좋은 상품과 서비스로 고객님들을 찾아뵐 수 있도록 노력하겠습니다.
감사합니다. :)"
119575,2026-08-17 0:00,,,M1부터 M5까지 모드별 느낌을 직접 비교해봤어요. 각 모드가 자극 패턴이 달라서 단계별로 써보면 차이가 확실히 느껴져요. 지금은 M3 힐링모드를 저녁 기본으로 쓰고 있어요.,131cbeec408e,,980,프리미엄 엘보케어 팔꿈치 마사지기,149000,,기존리뷰,5,,0,0,1,"안녕하세요. 프리미엄 헬스테크 브랜드, 슬룸입니다.
정성스럽게 올려주신 소중한 후기 감사합니다. 💜

고객님의 목소리로 더 발전하는 슬룸이 되도록 노력하겠습니다.
감사합니다. 🙇‍♀️"
119576,2026-08-03 0:00,,,"가족 중 여러 명이 번갈아 써요. 각자 좋아하는 모드가 달라서 공유하는 재미도 있어요. 온열 좋아하는 분, 에어백 좋아하는 분, 강한 EMS 좋아하는 분으로 나뉘어요.",1ed62062effe,,980,프리미엄 엘보케어 팔꿈치 마사지기,149000,,기존리뷰,4,,0,0,1,"안녕하세요. 프리미엄 헬스테크 브랜드, 슬룸입니다.
진심 어린 소중한 후기 감사합니다. 💜

앞으로도 좋은 상품과 서비스로 고객님들을 찾아뵐 수 있도록 노력하겠습니다.
감사합니다. :)"
119580,2026-08-21 0:00,,,전완근 에어백이 팔꿈치 힘줄 주변까지 이완시켜줘요. 이 범위 차이가 다른 제품이랑 결정적으로 달라요.,08210d7fc073,,980,프리미엄 엘보케어 팔꿈치 마사지기,149000,,기존리뷰,4,,0,0,1,"안녕하세요. 프리미엄 헬스테크 브랜드, 슬룸입니다.
시간 내어 소중한 후기를 작성해 주셔서 감사드립니다. :)

믿고 찾는 쇼핑몰이 되기 위해 더 좋은 상품과 서비스를 준비하겠습니다.
감사합니다. 💜"
119581,2026-08-06 0:00,,,일주일에 한 번 완충하면 여유 있게 매일 쓸 수 있어요. 무선이라 충전 케이블 연결 걱정 없이 편하게 사용해요.,186dd9632b72,,980,프리미엄 엘보케어 팔꿈치 마사지기,149000,,기존리뷰,5,,0,0,1,"안녕하세요. 프리미엄 헬스테크 브랜드, 슬룸입니다.
정성스럽게 올려주신 소중한 후기 감사합니다. 💜

고객님의 목소리로 더 발전하는 슬룸이 되도록 노력하겠습니다.
감사합니다. 🙇‍♀️"
119585,2026-08-11 0:00,,,"무릎 케어 후 오래 서 있는 게 편해졌어요. 30분 이상 서 있으면 무릎이 묵직해졌는데, 케어 후 그 느낌이 줄었어요. 장시간 서 있는 자리에서도 여유가 생겼어요.",1c8688b30a7f,,980,프리미엄 엘보케어 팔꿈치 마사지기,149000,,기존리뷰,5,,0,0,1,"안녕하세요. 프리미엄 헬스테크 브랜드, 슬룸입니다.
진심 어린 소중한 후기 감사합니다. 💜

앞으로도 좋은 상품과 서비스로 고객님들을 찾아뵐 수 있도록 노력하겠습니다.
감사합니다. :)"
119588,2026-08-16 0:00,,,전완근이 손 기능과 연결된다는 걸 케어로 직접 확인했어요. 전완근이 풀리고 나서 손 동작이 훨씬 유연해졌거든요.,e29377c5e2dd,,980,프리미엄 엘보케어 팔꿈치 마사지기,149000,,기존리뷰,5,,0,0,1,"안녕하세요. 프리미엄 헬스테크 브랜드, 슬룸입니다.
진심 어린 소중한 후기 감사합니다. 💜

앞으로도 좋은 상품과 서비스로 고객님들을 찾아뵐 수 있도록 노력하겠습니다.
감사합니다. :)"
119589,2026-08-16 0:00,,,기상 직후 팔 상태로 케어 효과를 가늠해요. 어제 케어했다면 오늘 아침이 달라요. 이 차이가 매일 케어하게 만드는 이유예요.,9356f303508f,,980,프리미엄 엘보케어 팔꿈치 마사지기,149000,,기존리뷰,5,,0,0,1,"안녕하세요. 프리미엄 헬스테크 브랜드, 슬룸입니다.
진심 어린 소중한 후기 감사합니다. 💜

앞으로도 좋은 상품과 서비스로 고객님들을 찾아뵐 수 있도록 노력하겠습니다.
감사합니다. :)"
119590,2026-08-18 0:00,,,"온열 단계마다 다른 느낌이에요. 1단계 미지근함, 2단계 따뜻함, 3단계 뜨거움. 저는 2단계가 가장 편안해요.",469c62becdf4,,980,프리미엄 엘보케어 팔꿈치 마사지기,149000,,기존리뷰,5,,0,0,1,"안녕하세요. 프리미엄 헬스테크 브랜드, 슬룸입니다.
정성스럽게 올려주신 소중한 후기 감사합니다. 💜

고객님의 목소리로 더 발전하는 슬룸이 되도록 노력하겠습니다.
감사합니다. 🙇‍♀️"
119591,2026-08-15 0:00,,,무릎 케어 후 아이와 공원에서 뛰어놀 수 있게 됐어요. 무릎 때문에 조심스러웠는데 이제는 함께 뛰어요. 아이와의 시간이 더 풍부해졌어요.,d2ebf07f9904,,980,프리미엄 엘보케어 팔꿈치 마사지기,149000,,기존리뷰,4,,0,0,1,"안녕하세요. 프리미엄 헬스테크 브랜드, 슬룸입니다.
정성스럽게 올려주신 소중한 후기 감사합니다. 💜

고객님의 목소리로 더 발전하는 슬룸이 되도록 노력하겠습니다.
감사합니다. 🙇‍♀️"
119592,2026-08-15 0:00,,,무릎 연장벨트로 케어한 후 이동이 가벼워졌어요. 예전엔 의식했던 동작들이 이제는 자연스러워요.,0c2f4d14e631,,980,프리미엄 엘보케어 팔꿈치 마사지기,149000,,기존리뷰,5,,0,0,1,"안녕하세요. 프리미엄 헬스테크 브랜드, 슬룸입니다.
정성스럽게 올려주신 소중한 후기 감사합니다. 💜

고객님의 목소리로 더 발전하는 슬룸이 되도록 노력하겠습니다.
감사합니다. 🙇‍♀️"
119593,2026-08-07 0:00,,,"케어 일지 쓰면서 컨디션 패턴을 파악하게 됐어요. 어떤 날 더 효과적인지, 어떤 설정이 맞는지 데이터로 보여요.",1b406a440017,,980,프리미엄 엘보케어 팔꿈치 마사지기,149000,,기존리뷰,5,,0,0,1,"안녕하세요. 프리미엄 헬스테크 브랜드, 슬룸입니다.
정성스럽게 올려주신 소중한 후기 감사합니다. 💜

고객님의 목소리로 더 발전하는 슬룸이 되도록 노력하겠습니다.
감사합니다. 🙇‍♀️"
119595,2026-08-02 0:00,,,팔꿈치 케어를 시작한 이후 팔 전체 컨디션이 안정됐어요. 예전엔 들쭉날쭉했는데 지금은 꾸준히 좋은 상태가 유지돼요. 매일 케어의 누적 효과예요.,ddd30a9b66a9,,980,프리미엄 엘보케어 팔꿈치 마사지기,149000,,기존리뷰,5,,0,0,1,"안녕하세요. 프리미엄 헬스테크 브랜드, 슬룸입니다.
시간 내어 소중한 후기를 작성해 주셔서 감사드립니다. :)

믿고 찾는 쇼핑몰이 되기 위해 더 좋은 상품과 서비스를 준비하겠습니다.
감사합니다. 💜"
119599,2026-08-11 0:00,,,무릎 연장벨트 온열 단계를 차근차근 올리면서 쓰고 있어요. 1단계로 예열하고 나서 2단계로 올리면 온기가 더 깊이 스며드는 것 같아요. 단계적으로 올리는 게 맞는 방식이에요.,904abe28134a,,980,프리미엄 엘보케어 팔꿈치 마사지기,149000,,기존리뷰,5,,0,0,1,"안녕하세요. 프리미엄 헬스테크 브랜드, 슬룸입니다.
정성스럽게 올려주신 소중한 후기 감사합니다. 💜

고객님의 목소리로 더 발전하는 슬룸이 되도록 노력하겠습니다.
감사합니다. 🙇‍♀️"
119600,2026-08-03 0:00,,,케어하고 있다는 사실만으로 팔꿈치에 대한 불안감이 없어졌어요. 관리하는 안도감이 심리적으로도 좋아요.,fffca9ded92b,,980,프리미엄 엘보케어 팔꿈치 마사지기,149000,,기존리뷰,5,,0,0,1,"안녕하세요. 프리미엄 헬스테크 브랜드, 슬룸입니다.
진심 어린 소중한 후기 감사합니다. 💜

앞으로도 좋은 상품과 서비스로 고객님들을 찾아뵐 수 있도록 노력하겠습니다.
감사합니다. :)"
119601,2026-08-10 0:00,,,각 모드를 순서대로 써봤어요. 모드마다 자극 패턴이 달라서 하나씩 경험해보는 게 재미있었어요. 지금은 저녁엔 M3 위주로 써요.,9b53635cf7eb,,980,프리미엄 엘보케어 팔꿈치 마사지기,149000,,기존리뷰,5,,0,0,1,"안녕하세요. 프리미엄 헬스테크 브랜드, 슬룸입니다.
진심 어린 소중한 후기 감사합니다. 💜

앞으로도 좋은 상품과 서비스로 고객님들을 찾아뵐 수 있도록 노력하겠습니다.
감사합니다. :)"
119602,2026-08-19 0:00,,,"이 제품 덕분에 팔꿈치에 관심을 갖게 됐어요. 전완근 해부학도 찾아보고, 스트레칭도 챙기게 됐어요. 케어 하나가 건강 관리 전반으로 이어진 거예요.",2120e2f4c2b6,,980,프리미엄 엘보케어 팔꿈치 마사지기,149000,,기존리뷰,4,,0,0,1,"안녕하세요. 프리미엄 헬스테크 브랜드, 슬룸입니다.
진심 어린 소중한 후기 감사합니다. 💜

앞으로도 좋은 상품과 서비스로 고객님들을 찾아뵐 수 있도록 노력하겠습니다.
감사합니다. :)"
119603,2026-08-04 0:00,,,팔꿈치 케어 후 어깨 긴장이 같이 풀리는 게 느껴져요. 팔 전체가 연결돼 있어서 한 부위 케어가 주변까지 영향을 줘요.,a7913a1de1af,,980,프리미엄 엘보케어 팔꿈치 마사지기,149000,,기존리뷰,5,,0,0,1,"안녕하세요. 프리미엄 헬스테크 브랜드, 슬룸입니다.
진심 어린 소중한 후기 감사합니다. 💜

앞으로도 좋은 상품과 서비스로 고객님들을 찾아뵐 수 있도록 노력하겠습니다.
감사합니다. :)"
119604,2026-08-15 0:00,,,"케어 중에 온열 단계를 바꿔가면서 쓰고 있어요. 처음 10분은 낮은 온도로 예열하고, 나머지는 높은 온도로 마무리해요. 이 방식이 온열 효과를 극대화하는 것 같아요.",032bef5dd7a1,,980,프리미엄 엘보케어 팔꿈치 마사지기,149000,,기존리뷰,5,,0,0,1,"안녕하세요. 프리미엄 헬스테크 브랜드, 슬룸입니다.
시간 내어 소중한 후기를 작성해 주셔서 감사드립니다. :)

믿고 찾는 쇼핑몰이 되기 위해 더 좋은 상품과 서비스를 준비하겠습니다.
감사합니다. 💜"
119605,2026-08-21 0:00,,,케어 후 온기가 남아있는 상태에서 샤워하면 시너지가 나요. 이완된 상태에서 따뜻한 물을 맞으면 더 개운해요.,3102b453277c,,980,프리미엄 엘보케어 팔꿈치 마사지기,149000,,기존리뷰,4,,0,0,1,"안녕하세요. 프리미엄 헬스테크 브랜드, 슬룸입니다.
정성스럽게 올려주신 소중한 후기 감사합니다. 💜

고객님의 목소리로 더 발전하는 슬룸이 되도록 노력하겠습니다.
감사합니다. 🙇‍♀️"
119606,2026-08-11 0:00,,,이 제품 구매하고 파스를 사지 않게 됐어요. 팔꿈치 불편할 때 파스 대신 이걸 꺼내거든요. 근본적인 케어로 전환한 거예요.,543f59a7753b,,980,프리미엄 엘보케어 팔꿈치 마사지기,149000,,기존리뷰,5,,0,0,1,"안녕하세요. 프리미엄 헬스테크 브랜드, 슬룸입니다.
시간 내어 소중한 후기를 작성해 주셔서 감사드립니다. :)

믿고 찾는 쇼핑몰이 되기 위해 더 좋은 상품과 서비스를 준비하겠습니다.
감사합니다. 💜"
119607,2026-08-21 0:00,,,팔꿈치 케어가 취미 활동에 날개를 달아줬어요. 팔을 쓰는 취미를 즐기면서 동시에 케어가 되니까 포기하지 않아도 되거든요. 케어가 일상의 활동 반경을 넓혀줬어요.,48843fd18f0c,,980,프리미엄 엘보케어 팔꿈치 마사지기,149000,,기존리뷰,5,,0,0,1,"안녕하세요. 프리미엄 헬스테크 브랜드, 슬룸입니다.
정성스럽게 올려주신 소중한 후기 감사합니다. 💜

고객님의 목소리로 더 발전하는 슬룸이 되도록 노력하겠습니다.
감사합니다. 🙇‍♀️"
119608,2026-08-02 0:00,,,아이 재우고 나서 혼자 케어하는 시간이 하루 중 제일 여유로운 순간이에요. 조용히 앉아서 온열에 몸 맡기는 25분이 하루 마무리로 완벽해요.,f282eeaf6713,,980,프리미엄 엘보케어 팔꿈치 마사지기,149000,,기존리뷰,5,,0,0,1,"안녕하세요. 프리미엄 헬스테크 브랜드, 슬룸입니다.
정성스럽게 올려주신 소중한 후기 감사합니다. 💜

고객님의 목소리로 더 발전하는 슬룸이 되도록 노력하겠습니다.
감사합니다. 🙇‍♀️"
119609,2026-08-16 0:00,,,3주 차에 변화를 처음 인식했어요. 처음 2주는 적응 기간이었던 것 같아요. 3주를 기준으로 보는 게 맞는 것 같아요.,0bb39f126931,,980,프리미엄 엘보케어 팔꿈치 마사지기,149000,,기존리뷰,4,,0,0,1,"안녕하세요. 프리미엄 헬스테크 브랜드, 슬룸입니다.
정성스럽게 올려주신 소중한 후기 감사합니다. 💜

고객님의 목소리로 더 발전하는 슬룸이 되도록 노력하겠습니다.
감사합니다. 🙇‍♀️"
119610,2026-08-02 0:00,,,"이 제품 없었을 때랑 비교하면 팔꿈치 상태가 완전히 달라요. 예전엔 하루에도 몇 번씩 신경 쓰였는데, 지금은 거의 잊고 지내요. 케어가 만들어낸 변화예요.",fd6575f36b36,,980,프리미엄 엘보케어 팔꿈치 마사지기,149000,,기존리뷰,5,,0,0,1,"안녕하세요. 프리미엄 헬스테크 브랜드, 슬룸입니다.
시간 내어 소중한 후기를 작성해 주셔서 감사드립니다. :)

믿고 찾는 쇼핑몰이 되기 위해 더 좋은 상품과 서비스를 준비하겠습니다.
감사합니다. 💜"
119611,2026-08-15 0:00,,,출장 갈 때도 챙겨가요. 가방에 넣어도 215g이라 부담 없어요. USB 충전이라 어디서든 충전 가능하고요. 여행지에서도 케어 루틴을 유지할 수 있어요.,928afc30c3b0,,980,프리미엄 엘보케어 팔꿈치 마사지기,149000,,기존리뷰,5,,0,0,1,"안녕하세요. 프리미엄 헬스테크 브랜드, 슬룸입니다.
시간 내어 소중한 후기를 작성해 주셔서 감사드립니다. :)

믿고 찾는 쇼핑몰이 되기 위해 더 좋은 상품과 서비스를 준비하겠습니다.
감사합니다. 💜"
119612,2026-08-18 0:00,,,팔꿈치 케어와 스트레칭을 조합하면서 효과가 배가됐어요. 케어 직후 따뜻하게 이완된 상태에서 스트레칭하면 훨씬 부드럽게 늘어나요. 이 조합이 최고예요.,f443975785df,,980,프리미엄 엘보케어 팔꿈치 마사지기,149000,,기존리뷰,5,,0,0,1,"안녕하세요. 프리미엄 헬스테크 브랜드, 슬룸입니다.
시간 내어 소중한 후기를 작성해 주셔서 감사드립니다. :)

믿고 찾는 쇼핑몰이 되기 위해 더 좋은 상품과 서비스를 준비하겠습니다.
감사합니다. 💜"
119613,2026-08-09 0:00,,,무릎 케어 후 가족 나들이를 더 자주 가게 됐어요. 무릎 때문에 망설이던 야외 활동들을 이제는 적극적으로 계획해요. 케어가 가족과의 시간을 늘려줬어요.,e920f7faa886,,980,프리미엄 엘보케어 팔꿈치 마사지기,149000,,기존리뷰,4,,0,0,1,"안녕하세요. 프리미엄 헬스테크 브랜드, 슬룸입니다.
진심 어린 소중한 후기 감사합니다. 💜

앞으로도 좋은 상품과 서비스로 고객님들을 찾아뵐 수 있도록 노력하겠습니다.
감사합니다. :)"
119615,2026-08-18 0:00,,,무릎 케어 후 쭈그려 앉아서 작업하는 게 편해졌어요. 낮은 위치에서 하는 작업들이 자연스러워졌거든요. 예전엔 피하던 자세를 이제는 편하게 해요.,85e91869c4b7,,980,프리미엄 엘보케어 팔꿈치 마사지기,149000,,기존리뷰,5,,0,0,1,"안녕하세요. 프리미엄 헬스테크 브랜드, 슬룸입니다.
진심 어린 소중한 후기 감사합니다. 💜

앞으로도 좋은 상품과 서비스로 고객님들을 찾아뵐 수 있도록 노력하겠습니다.
감사합니다. :)"
119616,2026-08-18 0:00,,,무선이라 방 안 어디서나 쓸 수 있어요. 침대에 누워서도 소파에서도 자유롭게요. 충전해두면 며칠은 걱정 없으니까 쓰는 데 전혀 불편함이 없어요.,1686c7446b5b,,980,프리미엄 엘보케어 팔꿈치 마사지기,149000,,기존리뷰,4,,0,0,1,"안녕하세요. 프리미엄 헬스테크 브랜드, 슬룸입니다.
진심 어린 소중한 후기 감사합니다. 💜

앞으로도 좋은 상품과 서비스로 고객님들을 찾아뵐 수 있도록 노력하겠습니다.
감사합니다. :)"
119619,2026-08-05 0:00,,,팔꿈치 주변 피부가 케어 시작 후 부드러워졌어요. 매일 크림 바르는 게 보습 루틴도 됐거든요.,4477ed7d444b,,980,프리미엄 엘보케어 팔꿈치 마사지기,149000,,기존리뷰,5,,0,0,1,"안녕하세요. 프리미엄 헬스테크 브랜드, 슬룸입니다.
시간 내어 소중한 후기를 작성해 주셔서 감사드립니다. :)

믿고 찾는 쇼핑몰이 되기 위해 더 좋은 상품과 서비스를 준비하겠습니다.
감사합니다. 💜"
119620,2026-08-11 0:00,,,M4 주무름모드가 제 케어의 기준이에요. 깊이 자극되는 게 확실해서 메인 모드로 쓰고 있어요.,19e3e67513b4,,980,프리미엄 엘보케어 팔꿈치 마사지기,149000,,기존리뷰,4,,0,0,1,"안녕하세요. 프리미엄 헬스테크 브랜드, 슬룸입니다.
시간 내어 소중한 후기를 작성해 주셔서 감사드립니다. :)

믿고 찾는 쇼핑몰이 되기 위해 더 좋은 상품과 서비스를 준비하겠습니다.
감사합니다. 💜"
119621,2026-08-03 0:00,,,타이머가 자동으로 꺼지니까 과하게 쓸 걱정이 없어요. 편하게 착용하고 기다리면 돼요.,d08f4cba490b,,980,프리미엄 엘보케어 팔꿈치 마사지기,149000,,기존리뷰,5,,0,0,1,"안녕하세요. 프리미엄 헬스테크 브랜드, 슬룸입니다.
진심 어린 소중한 후기 감사합니다. 💜

앞으로도 좋은 상품과 서비스로 고객님들을 찾아뵐 수 있도록 노력하겠습니다.
감사합니다. :)"
119622,2026-08-15 0:00,,,무릎 케어 후 경사진 곳 걷기가 편해졌어요. 오르막이나 내리막에서 무릎에 집중되는 부담이 줄었어요. 산이나 언덕 있는 산책로도 이제 자신 있게 걸어요.,518c1929e41c,,980,프리미엄 엘보케어 팔꿈치 마사지기,149000,,기존리뷰,5,,0,0,1,"안녕하세요. 프리미엄 헬스테크 브랜드, 슬룸입니다.
정성스럽게 올려주신 소중한 후기 감사합니다. 💜

고객님의 목소리로 더 발전하는 슬룸이 되도록 노력하겠습니다.
감사합니다. 🙇‍♀️"
119623,2026-08-03 0:00,,,"팔꿈치가 편해지면서 작은 일상들이 다시 즐거워졌어요. 마트에서 카트 밀기, 물컵 들기, 서랍 열기 같은 것들이 자연스러워졌거든요. 일상이 가벼워진 느낌이에요.",fb2d61c87769,,980,프리미엄 엘보케어 팔꿈치 마사지기,149000,,기존리뷰,5,,0,0,1,"안녕하세요. 프리미엄 헬스테크 브랜드, 슬룸입니다.
진심 어린 소중한 후기 감사합니다. 💜

앞으로도 좋은 상품과 서비스로 고객님들을 찾아뵐 수 있도록 노력하겠습니다.
감사합니다. :)"
119624,2026-08-21 0:00,,,매일 케어가 쌓이면서 팔 전체 컨디션이 고르게 유지돼요. 들쭉날쭉하지 않고 안정적으로 좋아요.,6bca8d0ff063,,980,프리미엄 엘보케어 팔꿈치 마사지기,149000,,기존리뷰,4,,0,0,1,"안녕하세요. 프리미엄 헬스테크 브랜드, 슬룸입니다.
진심 어린 소중한 후기 감사합니다. 💜

앞으로도 좋은 상품과 서비스로 고객님들을 찾아뵐 수 있도록 노력하겠습니다.
감사합니다. :)"
119625,2026-08-06 0:00,,,방 안 어디서나 쓸 수 있어서 케어 장소가 따로 없어요. 침대든 소파든 바닥이든 무선이라 자유로워요.,1b7915822c14,,980,프리미엄 엘보케어 팔꿈치 마사지기,149000,,기존리뷰,5,,0,0,1,"안녕하세요. 프리미엄 헬스테크 브랜드, 슬룸입니다.
시간 내어 소중한 후기를 작성해 주셔서 감사드립니다. :)

믿고 찾는 쇼핑몰이 되기 위해 더 좋은 상품과 서비스를 준비하겠습니다.
감사합니다. 💜"
119626,2026-08-11 0:00,,,무릎 연장벨트 케어하면서 일상의 작은 것들이 편해지는 게 쌓여요. 하나하나는 작은 변화인데 모아보면 삶의 질이 달라진 거예요. 케어가 만든 변화의 합산이에요.,8e8bfbd7b2f0,,980,프리미엄 엘보케어 팔꿈치 마사지기,149000,,기존리뷰,5,,0,0,1,"안녕하세요. 프리미엄 헬스테크 브랜드, 슬룸입니다.
시간 내어 소중한 후기를 작성해 주셔서 감사드립니다. :)

믿고 찾는 쇼핑몰이 되기 위해 더 좋은 상품과 서비스를 준비하겠습니다.
감사합니다. 💜"
119627,2026-08-18 0:00,,,"무릎 케어 후 빨리 걷기가 가능해졌어요. 예전엔 속도 내면 무릎이 반응했는데, 케어 후 보폭도 속도도 자유로워졌어요. 걷기 운동의 강도를 올릴 수 있게 됐어요.",532dea12a85b,,980,프리미엄 엘보케어 팔꿈치 마사지기,149000,,기존리뷰,5,,0,0,1,"안녕하세요. 프리미엄 헬스테크 브랜드, 슬룸입니다.
정성스럽게 올려주신 소중한 후기 감사합니다. 💜

고객님의 목소리로 더 발전하는 슬룸이 되도록 노력하겠습니다.
감사합니다. 🙇‍♀️"
119628,2026-08-01 0:00,,,무릎 케어 후 무거운 짐 들고 걷는 게 편해졌어요. 무게 실리면서 걸을 때 무릎이 버텨주는 게 느껴져요. 장바구니 들고 걸어도 이제는 부담 없어요.,b3f8db761785,,980,프리미엄 엘보케어 팔꿈치 마사지기,149000,,기존리뷰,5,,0,0,1,"안녕하세요. 프리미엄 헬스테크 브랜드, 슬룸입니다.
정성스럽게 올려주신 소중한 후기 감사합니다. 💜

고객님의 목소리로 더 발전하는 슬룸이 되도록 노력하겠습니다.
감사합니다. 🙇‍♀️"
119629,2026-08-06 0:00,,,펜 쥐는 힘이 케어 후 더 자연스러워졌어요. 전완근 회복이 손 기능으로 이어진 거예요.,5277c3abd194,,980,프리미엄 엘보케어 팔꿈치 마사지기,149000,,기존리뷰,5,,0,0,1,"안녕하세요. 프리미엄 헬스테크 브랜드, 슬룸입니다.
정성스럽게 올려주신 소중한 후기 감사합니다. 💜

고객님의 목소리로 더 발전하는 슬룸이 되도록 노력하겠습니다.
감사합니다. 🙇‍♀️"
119630,2026-08-19 0:00,,,손가락 힘이 살아났어요. 전완근이 손가락 움직임에 관여한다는 걸 케어하면서 몸으로 알게 됐어요. 손 관련 작업들이 전보다 수월해진 게 예상 밖의 수확이에요.,2ee4b41465a9,,980,프리미엄 엘보케어 팔꿈치 마사지기,149000,,기존리뷰,5,,0,0,1,"안녕하세요. 프리미엄 헬스테크 브랜드, 슬룸입니다.
정성스럽게 올려주신 소중한 후기 감사합니다. 💜

고객님의 목소리로 더 발전하는 슬룸이 되도록 노력하겠습니다.
감사합니다. 🙇‍♀️"
119631,2026-08-20 0:00,,,무릎 케어 후 장시간 서 있어도 예전만큼 피로감이 오지 않아요. 케어 효과가 일상에서 확인되는 순간이에요.,8ebe6836c0a0,,980,프리미엄 엘보케어 팔꿈치 마사지기,149000,,기존리뷰,4,,0,0,1,"안녕하세요. 프리미엄 헬스테크 브랜드, 슬룸입니다.
시간 내어 소중한 후기를 작성해 주셔서 감사드립니다. :)

믿고 찾는 쇼핑몰이 되기 위해 더 좋은 상품과 서비스를 준비하겠습니다.
감사합니다. 💜"
119632,2026-08-11 0:00,,,눈 감고 호흡하면서 케어하면 명상 효과도 나요. 온열과 리듬 있는 자극에 집중하면 깊이 이완돼요.,c2e48ccf652f,,980,프리미엄 엘보케어 팔꿈치 마사지기,149000,,기존리뷰,5,,0,0,1,"안녕하세요. 프리미엄 헬스테크 브랜드, 슬룸입니다.
정성스럽게 올려주신 소중한 후기 감사합니다. 💜

고객님의 목소리로 더 발전하는 슬룸이 되도록 노력하겠습니다.
감사합니다. 🙇‍♀️"
119633,2026-08-06 0:00,,,"가족들이 쓰겠다고 자꾸 가져가요. 어머니는 온열 기능이 좋다고 하시고, 남편은 에어백이 시원하다고 해요. 각자 좋아하는 기능이 달라서 웃기기도 한데, 그만큼 여러 기능이 다 만족스럽다는 거겠죠.",8fea22e9e777,,980,프리미엄 엘보케어 팔꿈치 마사지기,149000,,기존리뷰,5,,0,0,1,"안녕하세요. 프리미엄 헬스테크 브랜드, 슬룸입니다.
정성스럽게 올려주신 소중한 후기 감사합니다. 💜

고객님의 목소리로 더 발전하는 슬룸이 되도록 노력하겠습니다.
감사합니다. 🙇‍♀️"
119636,2026-08-21 0:00,,,팔꿈치 케어 후 악수할 때 힘이 살아났어요. 전완근이 살아나면서 손 쥐는 힘도 같이 회복된 거예요. 이런 연결을 직접 경험하면서 케어의 의미가 넓어졌어요.,1cbd258f3d5a,,980,프리미엄 엘보케어 팔꿈치 마사지기,149000,,기존리뷰,5,,0,0,1,"안녕하세요. 프리미엄 헬스테크 브랜드, 슬룸입니다.
정성스럽게 올려주신 소중한 후기 감사합니다. 💜

고객님의 목소리로 더 발전하는 슬룸이 되도록 노력하겠습니다.
감사합니다. 🙇‍♀️"
119637,2026-08-20 0:00,,,아이 재운 후 혼자만의 케어 시간이 하루 중 제일 좋아요. 조용히 앉아서 온열에 맡기는 25분이 힐링이에요.,8686bc8584a9,,980,프리미엄 엘보케어 팔꿈치 마사지기,149000,,기존리뷰,5,,0,0,1,"안녕하세요. 프리미엄 헬스테크 브랜드, 슬룸입니다.
시간 내어 소중한 후기를 작성해 주셔서 감사드립니다. :)

믿고 찾는 쇼핑몰이 되기 위해 더 좋은 상품과 서비스를 준비하겠습니다.
감사합니다. 💜"
119638,2026-08-15 0:00,,,자다가 팔 위치 바꾸는 일이 줄었어요. 케어 후 편하게 자게 돼서 수면 질이 올라갔어요.,1a949abff00e,,980,프리미엄 엘보케어 팔꿈치 마사지기,149000,,기존리뷰,4,,0,0,1,"안녕하세요. 프리미엄 헬스테크 브랜드, 슬룸입니다.
시간 내어 소중한 후기를 작성해 주셔서 감사드립니다. :)

믿고 찾는 쇼핑몰이 되기 위해 더 좋은 상품과 서비스를 준비하겠습니다.
감사합니다. 💜"
119639,2026-08-11 0:00,,,무릎 케어하면서 계단이 편해졌어요. 오르내릴 때 손잡이에 덜 의존하게 됐거든요. 자연스럽게 다리 힘으로 움직여요.,4ba8a870ae74,,980,프리미엄 엘보케어 팔꿈치 마사지기,149000,,기존리뷰,5,,0,0,1,"안녕하세요. 프리미엄 헬스테크 브랜드, 슬룸입니다.
시간 내어 소중한 후기를 작성해 주셔서 감사드립니다. :)

믿고 찾는 쇼핑몰이 되기 위해 더 좋은 상품과 서비스를 준비하겠습니다.
감사합니다. 💜"
119640,2026-08-10 0:00,,,주문하고 이틀 만에 받았는데 바로 써봤어요. 에어백이 목을 감싸주면서 서서히 부푸는 느낌이 신기해서 처음엔 웃었는데 시원해서 바로 진지해졌어요ㅋㅋ 온열 켜면 찜질하는 느낌이라 근육이 빠르게 풀리고요. 무선이라 충전해두면 어디서든 쓸 수 있어서 진짜 편해요.,def6264f1f2f,,909,목 마사지 베개 V2 경추 마사지기 베개,129000,,기존리뷰,5,,0,0,1,"안녕하세요. 프리미엄 헬스테크 브랜드, 슬룸입니다.
정성스럽게 올려주신 소중한 후기 감사합니다. 💜

고객님의 목소리로 더 발전하는 슬룸이 되도록 노력하겠습니다.
감사합니다. 🙇‍♀️"
119641,2026-08-16 0:00,,,남편이 목 안 좋다고 사줬는데 지금은 남편이 못 쓸 정도로 제가 독점하고 있어요ㅋㅋ 에어백이 경추를 잡아줄 때 그 느낌이 중독적이거든요. 결국 하나 더 샀는데 잘한 것 같아요. 온열이랑 진동 같이 쓰면 마사지샵이 따로 없어요.,ba5b44043daa,,909,목 마사지 베개 V2 경추 마사지기 베개,129000,,기존리뷰,5,,0,0,1,"안녕하세요. 프리미엄 헬스테크 브랜드, 슬룸입니다.
진심 어린 소중한 후기 감사합니다. 💜

앞으로도 좋은 상품과 서비스로 고객님들을 찾아뵐 수 있도록 노력하겠습니다.
감사합니다. :)"
119642,2026-08-17 0:00,,,PT 선생님이 집에서도 목 관리 꼭 하라고 해서 샀어요. 운동 효과가 배가 되는 것 같아요. 에어백이 경추 정렬을 잡아줘서 운동 자세도 좋아지는 것 같더라고요. 온열이랑 집중 진동 조합이 운동 후에 특히 효과적이에요.,82017dd345f0,,909,목 마사지 베개 V2 경추 마사지기 베개,129000,,기존리뷰,5,,0,0,1,"안녕하세요. 프리미엄 헬스테크 브랜드, 슬룸입니다.
진심 어린 소중한 후기 감사합니다. 💜

앞으로도 좋은 상품과 서비스로 고객님들을 찾아뵐 수 있도록 노력하겠습니다.
감사합니다. :)"
119643,2026-08-11 0:00,,,와 이게 이렇게 시원할 줄 몰랐어요. 에어백이 목을 늘려줄 때 그 순간이 너무 좋아서 계속 켜고 싶은 느낌이에요. 온열까지 켜면 뭔가 녹는 것 같은 느낌? 타이머 있어서 잠들어도 자동으로 꺼지는 것도 좋고요.,781bfd7c27e2,,909,목 마사지 베개 V2 경추 마사지기 베개,129000,,기존리뷰,5,,0,0,1,"안녕하세요. 프리미엄 헬스테크 브랜드, 슬룸입니다.
진심 어린 소중한 후기 감사합니다. 💜

앞으로도 좋은 상품과 서비스로 고객님들을 찾아뵐 수 있도록 노력하겠습니다.
감사합니다. :)"
119644,2026-08-14 0:00,,,솔직히 이 정도일 줄 몰랐어요. 단순 진동 마사지기인 줄 알았는데 에어백으로 실제로 목이 늘어나는 게 느껴지거든요. 전혀 다른 방식이에요. 온열이 더해지면 근육이 부드러워지는 게 확실히 느껴지고요. 꾸준히 쓰면 달라져요.,d0e85c7a464c,,909,목 마사지 베개 V2 경추 마사지기 베개,129000,,기존리뷰,5,,0,0,1,"안녕하세요. 프리미엄 헬스테크 브랜드, 슬룸입니다.
진심 어린 소중한 후기 감사합니다. 💜

앞으로도 좋은 상품과 서비스로 고객님들을 찾아뵐 수 있도록 노력하겠습니다.
감사합니다. :)"
119645,2026-08-08 0:00,,,50대인데 요즘 목이 자주 뻐근해서 샀어요. 나이 들수록 이런 관리가 필요한 것 같더라고요. 에어백이 굳은 근육을 천천히 이완시켜줘서 처음엔 오래 걸렸는데 꾸준히 쓰니까 효과가 느껴져요. 온열이 따뜻하게 감싸줘서 특히 겨울에 좋아요.,f79f292c6bc2,,909,목 마사지 베개 V2 경추 마사지기 베개,129000,,기존리뷰,5,,0,0,1,"안녕하세요. 프리미엄 헬스테크 브랜드, 슬룸입니다.
시간 내어 소중한 후기를 작성해 주셔서 감사드립니다. :)

믿고 찾는 쇼핑몰이 되기 위해 더 좋은 상품과 서비스를 준비하겠습니다.
감사합니다. 💜"
119647,2026-08-16 0:00,,,운동 후 회복용으로 샀는데 일상에서도 자주 쓰게 됐어요. 에어백이 운동으로 뭉친 근육을 빠르게 이완시켜줘서 회복이 훨씬 빨라요. 온열이 따뜻하게 감싸줘서 혈액순환도 잘 되는 것 같고요. 베개 형태라 누워서 편하게 쓸 수 있어서 좋아요.,f9e3ad58cede,,909,목 마사지 베개 V2 경추 마사지기 베개,129000,,기존리뷰,5,,0,0,1,"안녕하세요. 프리미엄 헬스테크 브랜드, 슬룸입니다.
정성스럽게 올려주신 소중한 후기 감사합니다. 💜

고객님의 목소리로 더 발전하는 슬룸이 되도록 노력하겠습니다.
감사합니다. 🙇‍♀️"
119648,2026-08-15 0:00,,,디자인 보고 홀린 듯이 샀는데 기능이 더 마음에 들어요. 네이비 색이 침실 인테리어랑 딱 맞고요. 에어백이 목을 잡아줄 때 그 시원함이 진짜예요. 온열이랑 진동 같이 켜면 힐링 그 자체예요. 타이머 있어서 자도 걱정 없어요.,26d5ff28ba5c,,909,목 마사지 베개 V2 경추 마사지기 베개,129000,,기존리뷰,5,,0,0,1,"안녕하세요. 프리미엄 헬스테크 브랜드, 슬룸입니다.
진심 어린 소중한 후기 감사합니다. 💜

앞으로도 좋은 상품과 서비스로 고객님들을 찾아뵐 수 있도록 노력하겠습니다.
감사합니다. :)"
119649,2026-08-16 0:00,,,책상에 오래 앉아있는 직업인데 쉬는 시간마다 꺼내 써요. 점심시간에 15분만 써도 오후가 확실히 달라요. 에어백이 목을 이완시켜줄 때 머리도 맑아지는 것 같거든요. 온열이랑 진동 조합이 짧은 시간에도 효과적이에요.,73ef18b07086,,909,목 마사지 베개 V2 경추 마사지기 베개,129000,,기존리뷰,5,,0,0,1,"안녕하세요. 프리미엄 헬스테크 브랜드, 슬룸입니다.
시간 내어 소중한 후기를 작성해 주셔서 감사드립니다. :)

믿고 찾는 쇼핑몰이 되기 위해 더 좋은 상품과 서비스를 준비하겠습니다.
감사합니다. 💜"
119650,2026-08-11 0:00,,,처음엔 에어백 강도가 좀 세게 느껴졌는데 기본 모드로 시작하니까 괜찮더라고요. 지금은 릴렉스 모드로 쓰는데 딱 맞아요. 온열은 2단계가 제 피부에 맞고요. 이 조합으로 자기 전에 쓰면 잠도 잘 와요.,d3fa4e1bd60d,,909,목 마사지 베개 V2 경추 마사지기 베개,129000,,기존리뷰,5,,0,0,1,"안녕하세요. 프리미엄 헬스테크 브랜드, 슬룸입니다.
정성스럽게 올려주신 소중한 후기 감사합니다. 💜

고객님의 목소리로 더 발전하는 슬룸이 되도록 노력하겠습니다.
감사합니다. 🙇‍♀️"
119652,2026-08-17 0:00,,,목이 뭉치면 두통이 같이 오는 편인데 이거 쓰면서 두통 빈도가 줄었어요. 에어백이 목을 이완시켜줄 때 머리까지 시원해지는 느낌이에요. 온열이 혈액순환을 도와줘서 그런 것 같아요. 꾸준히 쓰다 보니 두통 오는 날 자체가 줄었어요.,1f886805e719,,909,목 마사지 베개 V2 경추 마사지기 베개,129000,,기존리뷰,5,,0,0,1,"안녕하세요. 프리미엄 헬스테크 브랜드, 슬룸입니다.
시간 내어 소중한 후기를 작성해 주셔서 감사드립니다. :)

믿고 찾는 쇼핑몰이 되기 위해 더 좋은 상품과 서비스를 준비하겠습니다.
감사합니다. 💜"
119653,2026-08-02 0:00,,,여행할 때마다 꼭 챙겨요. 호텔에서도 쓸 수 있어서 장거리 이동 후 목을 빠르게 풀 수 있거든요. 무선이라 어디서든 꺼내 쓸 수 있어서 진짜 좋아요. 에어백이 이동으로 굳은 목을 빠르게 이완시켜줘요. 온열이랑 진동 같이 쓰면 피로 회복이 훨씬 빨라요.,48d3151e0a65,,909,목 마사지 베개 V2 경추 마사지기 베개,129000,,기존리뷰,5,,0,0,1,"안녕하세요. 프리미엄 헬스테크 브랜드, 슬룸입니다.
정성스럽게 올려주신 소중한 후기 감사합니다. 💜

고객님의 목소리로 더 발전하는 슬룸이 되도록 노력하겠습니다.
감사합니다. 🙇‍♀️"
119654,2026-08-06 0:00,,,자기 전 루틴이 생겼어요. 세안하고 스킨케어하고 이거 켜고 누우면 됩니다. 에어백이 목을 이완시켜줄 때 하루의 긴장이 풀리는 느낌이에요. 온열이랑 릴렉스 진동 켜면 잠이 솔솔 와요. 타이머가 알아서 꺼줘서 그대로 잠들어도 돼요.,a1feb445d7a5,,909,목 마사지 베개 V2 경추 마사지기 베개,129000,,기존리뷰,3,,0,0,1,"안녕하세요. 프리미엄 헬스테크 브랜드, 슬룸입니다.
시간 내어 소중한 후기를 작성해 주셔서 감사드립니다. :)

믿고 찾는 쇼핑몰이 되기 위해 더 좋은 상품과 서비스를 준비하겠습니다.
감사합니다. 💜"
119655,2026-08-14 0:00,,,리뷰 보고 샀는데 리뷰 이상이에요. 에어백이 경추를 실제로 늘려주는 방식이 다른 제품이랑 달라요. 써보면 바로 느껴지거든요. 온열이 더해지면 근육이 이완되는 속도가 확실히 달라지고요. 타이머 있어서 자도 안심이에요.,6d1b304e32e4,,909,목 마사지 베개 V2 경추 마사지기 베개,129000,,기존리뷰,4,,0,0,1,"안녕하세요. 프리미엄 헬스테크 브랜드, 슬룸입니다.
정성스럽게 올려주신 소중한 후기 감사합니다. 💜

고객님의 목소리로 더 발전하는 슬룸이 되도록 노력하겠습니다.
감사합니다. 🙇‍♀️"
119656,2026-08-09 0:00,,,이사 준비하면서 짐 들다가 목이 삐끗해서 이거 샀어요. 에어백 강도 낮게 해서 회복하면서 관리했는데 효과가 있더라고요. 온열이 따뜻하게 감싸줘서 근육 회복이 빠른 것 같아요. 릴렉스 진동 모드로만 써서 안전하게 회복했어요.,840ecd2dd0b8,,909,목 마사지 베개 V2 경추 마사지기 베개,129000,,기존리뷰,5,,0,0,1,"안녕하세요. 프리미엄 헬스테크 브랜드, 슬룸입니다.
정성스럽게 올려주신 소중한 후기 감사합니다. 💜

고객님의 목소리로 더 발전하는 슬룸이 되도록 노력하겠습니다.
감사합니다. 🙇‍♀️"
119657,2026-08-03 0:00,,,할머니 선물로 사드렸는데 너무 좋아하세요. 처음엔 사용법 알려드리는 게 좀 걸렸는데 이제 알아서 잘 쓰세요. 에어백 기본 모드로만 쓰시는데도 시원하다고 하시고요. 온열이 특히 따뜻해서 좋으신가봐요.,cb059bb444ff,,909,목 마사지 베개 V2 경추 마사지기 베개,129000,,기존리뷰,5,,0,0,1,"안녕하세요. 프리미엄 헬스테크 브랜드, 슬룸입니다.
시간 내어 소중한 후기를 작성해 주셔서 감사드립니다. :)

믿고 찾는 쇼핑몰이 되기 위해 더 좋은 상품과 서비스를 준비하겠습니다.
감사합니다. 💜"
119658,2026-08-03 0:00,,,명절에 어른들 선물로 샀는데 반응이 좋아서 추가 구매했어요. 연세 드신 분들 목 관리에 딱인 것 같아요. 에어백 강도 조절이 쉬워서 쓰기 편하고요. 온열이 따뜻하게 감싸줘서 특히 좋아하세요.,7b050006d33a,,909,목 마사지 베개 V2 경추 마사지기 베개,129000,,기존리뷰,5,,0,0,1,"안녕하세요. 프리미엄 헬스테크 브랜드, 슬룸입니다.
시간 내어 소중한 후기를 작성해 주셔서 감사드립니다. :)

믿고 찾는 쇼핑몰이 되기 위해 더 좋은 상품과 서비스를 준비하겠습니다.
감사합니다. 💜"
119659,2026-08-04 0:00,,,재택근무 3년차인데 목 상태가 점점 안 좋아지더라고요. 이거 쓰면서 그나마 관리하고 있어요. 에어백이 굳은 목을 천천히 이완시켜줘서 효과가 있어요. 온열이랑 진동 조합으로 매일 15분씩 쓰는 게 루틴이 됐어요.,2c384b3adba7,,909,목 마사지 베개 V2 경추 마사지기 베개,129000,,기존리뷰,5,,0,0,1,"안녕하세요. 프리미엄 헬스테크 브랜드, 슬룸입니다.
시간 내어 소중한 후기를 작성해 주셔서 감사드립니다. :)

믿고 찾는 쇼핑몰이 되기 위해 더 좋은 상품과 서비스를 준비하겠습니다.
감사합니다. 💜"
119660,2026-08-13 0:00,,,처음 받았을 때 생각보다 크기가 작아서 놀랐는데 쓰다 보니 이 크기가 딱이더라고요. 목에 자연스럽게 맞게 설계된 것 같아요. 에어백이 목을 감싸주면서 이완시켜줄 때 딱 맞는 느낌이에요. 온열이랑 진동까지 켜면 완벽한 케어예요.,07dbd5032e44,,909,목 마사지 베개 V2 경추 마사지기 베개,129000,,기존리뷰,5,,0,0,1,"안녕하세요. 프리미엄 헬스테크 브랜드, 슬룸입니다.
시간 내어 소중한 후기를 작성해 주셔서 감사드립니다. :)

믿고 찾는 쇼핑몰이 되기 위해 더 좋은 상품과 서비스를 준비하겠습니다.
감사합니다. 💜"
119661,2026-08-21 0:00,,,만성 목 뭉침으로 고생한 지 5년이 넘었는데 이거 쓰면서 관리가 되고 있어요. 오래된 뭉침이라 처음엔 효과가 천천히 나왔는데 꾸준히 쓰다 보니 달라지더라고요. 에어백이 굳은 근육을 조금씩 이완시켜줘서 인내심이 필요하지만 효과는 확실해요.,c447def944d8,,909,목 마사지 베개 V2 경추 마사지기 베개,129000,,기존리뷰,5,,0,0,1,"안녕하세요. 프리미엄 헬스테크 브랜드, 슬룸입니다.
시간 내어 소중한 후기를 작성해 주셔서 감사드립니다. :)

믿고 찾는 쇼핑몰이 되기 위해 더 좋은 상품과 서비스를 준비하겠습니다.
감사합니다. 💜"
119662,2026-08-04 0:00,,,겨울에 이불 속에서 쓸 수 있어서 특히 좋아요. 무선이라 코드 걱정 없이 이불 안에서 편하게 쓸 수 있거든요. 에어백이 추위로 굳은 목을 따뜻하게 이완시켜줘서 온열 기능이랑 시너지가 좋아요. 진동 릴렉스 모드로 켜두면 잠도 솔솔 와요.,0324798181b7,,909,목 마사지 베개 V2 경추 마사지기 베개,129000,,기존리뷰,4,,0,0,1,"안녕하세요. 프리미엄 헬스테크 브랜드, 슬룸입니다.
진심 어린 소중한 후기 감사합니다. 💜

앞으로도 좋은 상품과 서비스로 고객님들을 찾아뵐 수 있도록 노력하겠습니다.
감사합니다. :)"
119663,2026-08-15 0:00,,,처음 사용할 때 설명서 안 읽고 썼다가 나중에 읽고 나서 제대로 활용하게 됐어요ㅋㅋ 에어백 모드 세 가지랑 진동 모드 세 가지 다 써봤는데 저는 에어백 릴렉스에 진동 집중 모드 조합이 제일 좋더라고요. 온열 2단계랑 같이 쓰는 게 제 취향이에요.,69f35ddd61af,,909,목 마사지 베개 V2 경추 마사지기 베개,129000,,기존리뷰,5,,0,0,1,"안녕하세요. 프리미엄 헬스테크 브랜드, 슬룸입니다.
진심 어린 소중한 후기 감사합니다. 💜

앞으로도 좋은 상품과 서비스로 고객님들을 찾아뵐 수 있도록 노력하겠습니다.
감사합니다. :)"
119664,2026-08-17 0:00,,,쇼핑하다가 발견하고 즉흥적으로 샀는데 진짜 잘 샀어요. 에어백이 목을 잡아당겨줄 때 그 시원함이 중독성 있거든요. 온열이랑 진동 같이 켜면 마사지받는 기분이에요. 무선이라 어디서든 쓸 수 있어서 실용적이에요.,bb7ba0bca850,,909,목 마사지 베개 V2 경추 마사지기 베개,129000,,기존리뷰,4,,0,0,1,"안녕하세요. 프리미엄 헬스테크 브랜드, 슬룸입니다.
진심 어린 소중한 후기 감사합니다. 💜

앞으로도 좋은 상품과 서비스로 고객님들을 찾아뵐 수 있도록 노력하겠습니다.
감사합니다. :)"
119668,2026-08-08 0:00,,,회사에서 컴퓨터만 보다가 퇴근하면 목이 진짜 심하게 굳어있는데 이거 켜는 순간부터 풀리기 시작해요. 에어백이 하루치 긴장을 빠르게 해소해줘서 다음 날 컨디션이 달라요. 온열이랑 진동 조합이 퇴근 후 필수 루틴이 됐어요.,b3a07366911c,,909,목 마사지 베개 V2 경추 마사지기 베개,129000,,기존리뷰,3,,0,0,1,"안녕하세요. 프리미엄 헬스테크 브랜드, 슬룸입니다.
시간 내어 소중한 후기를 작성해 주셔서 감사드립니다. :)

믿고 찾는 쇼핑몰이 되기 위해 더 좋은 상품과 서비스를 준비하겠습니다.
감사합니다. 💜"
119669,2026-08-09 0:00,,,요즘 웰니스에 관심이 많아서 이거저거 챙기는데 이거 가성비 최고예요. 마사지샵 한 번 가는 비용으로 매일 집에서 쓸 수 있으니까요. 에어백이 목을 잡아당겨줄 때 전문적인 케어를 받는 느낌이에요. 온열이랑 진동 조합이 특히 좋아요.,adc273cb5421,,909,목 마사지 베개 V2 경추 마사지기 베개,129000,,기존리뷰,4,,0,0,1,"안녕하세요. 프리미엄 헬스테크 브랜드, 슬룸입니다.
정성스럽게 올려주신 소중한 후기 감사합니다. 💜

고객님의 목소리로 더 발전하는 슬룸이 되도록 노력하겠습니다.
감사합니다. 🙇‍♀️"
119670,2026-08-15 0:00,,,친구가 이거 쓰는 거 보고 바로 주문했어요. 에어백이 목을 늘려줄 때 그 느낌이 진짜 다르더라고요. 단순 진동이랑은 차원이 달라요. 온열이 더해지면 근육이 이완되는 속도도 빠르고요. 지금은 친구보다 제가 더 열심히 써요ㅋㅋ,8bd5b164383b,,909,목 마사지 베개 V2 경추 마사지기 베개,129000,,기존리뷰,5,,0,0,1,"안녕하세요. 프리미엄 헬스테크 브랜드, 슬룸입니다.
진심 어린 소중한 후기 감사합니다. 💜

앞으로도 좋은 상품과 서비스로 고객님들을 찾아뵐 수 있도록 노력하겠습니다.
감사합니다. :)"
119672,2026-08-16 0:00,,,아 이거 완전 인생템ㅠㅠ 에어백이 목을 잡아당겨줄 때 그 시원함이 진짜 필요했던 케어예요. 온열이랑 진동 같이 켜면 마사지샵이 따로 없어요. 타이머 있어서 자도 걱정 없고 무선이라 어디서든 쓸 수 있어서 최고예요.,941a68ed5d80,,909,목 마사지 베개 V2 경추 마사지기 베개,129000,,기존리뷰,4,,0,0,1,"안녕하세요. 프리미엄 헬스테크 브랜드, 슬룸입니다.
시간 내어 소중한 후기를 작성해 주셔서 감사드립니다. :)

믿고 찾는 쇼핑몰이 되기 위해 더 좋은 상품과 서비스를 준비하겠습니다.
감사합니다. 💜"
119673,2026-08-09 0:00,,,수면이 안 좋아서 이것저것 시도해봤는데 이거 쓰면서 효과를 봤어요. 자기 전에 에어백 마사지 하고 잠들면 자는 동안 목이 편안하게 유지되는 것 같아요. 온열이랑 릴렉스 진동 조합이 수면 유도에 정말 좋아요. 타이머가 알아서 꺼줘서 걱정 없어요.,f901233405cf,,909,목 마사지 베개 V2 경추 마사지기 베개,129000,,기존리뷰,5,,0,0,1,"안녕하세요. 프리미엄 헬스테크 브랜드, 슬룸입니다.
정성스럽게 올려주신 소중한 후기 감사합니다. 💜

고객님의 목소리로 더 발전하는 슬룸이 되도록 노력하겠습니다.
감사합니다. 🙇‍♀️"
119674,2026-08-18 0:00,,,처음 써봤을 때 에어백이 부풀면서 목이 올라가는 느낌이 너무 신기해서 가족들한테 보여줬어요ㅋㅋ 외부에서 보면 신기한가봐요. 근데 그 느낌이 진짜 시원해서 이제 매일 써요. 온열이랑 진동까지 켜면 완전 힐링이에요.,af7532ad0db6,,909,목 마사지 베개 V2 경추 마사지기 베개,129000,,기존리뷰,5,,0,0,1,"안녕하세요. 프리미엄 헬스테크 브랜드, 슬룸입니다.
진심 어린 소중한 후기 감사합니다. 💜

앞으로도 좋은 상품과 서비스로 고객님들을 찾아뵐 수 있도록 노력하겠습니다.
감사합니다. :)"
119675,2026-08-17 0:00,,,수험생 딸한테 선물했는데 너무 좋아해요. 공부하면서 목이 자주 뭉쳤는데 이거 쓰면서 관리되고 있다고 해요. 에어백이 공부로 굳은 목을 빠르게 이완시켜줘서 좋다고 하고요. 타이머 있어서 자다가 꺼져도 괜찮다고 좋아해요.,61baf27fef40,,909,목 마사지 베개 V2 경추 마사지기 베개,129000,,기존리뷰,5,,0,0,1,"안녕하세요. 프리미엄 헬스테크 브랜드, 슬룸입니다.
진심 어린 소중한 후기 감사합니다. 💜

앞으로도 좋은 상품과 서비스로 고객님들을 찾아뵐 수 있도록 노력하겠습니다.
감사합니다. :)"
119676,2026-08-03 0:00,,,병원 다니면서 집에서도 관리 필요하다고 해서 샀는데 병원 치료랑 병행하니까 회복이 더 빠른 것 같아요. 에어백이 견인 치료랑 비슷한 원리인 것 같아서 효과가 있어요. 강도 조절이 자유로워서 상태에 맞게 쓸 수 있는 게 좋아요.,24152cd57ce3,,909,목 마사지 베개 V2 경추 마사지기 베개,129000,,기존리뷰,5,,0,0,1,"안녕하세요. 프리미엄 헬스테크 브랜드, 슬룸입니다.
정성스럽게 올려주신 소중한 후기 감사합니다. 💜

고객님의 목소리로 더 발전하는 슬룸이 되도록 노력하겠습니다.
감사합니다. 🙇‍♀️"
119680,2026-08-21 0:00,,,임신 중에 약 못 먹으니까 이걸로 관리하고 있어요. 에어백 강도 낮게 해서 쓰는데도 충분히 시원해요. 온열은 1단계만 쓰는데 적당히 따뜻해서 좋고요. 무선이라 자세 바꾸면서 쓰기 편한 것도 좋아요.,71c47de145c5,,909,목 마사지 베개 V2 경추 마사지기 베개,129000,,기존리뷰,5,,0,0,1,"안녕하세요. 프리미엄 헬스테크 브랜드, 슬룸입니다.
정성스럽게 올려주신 소중한 후기 감사합니다. 💜

고객님의 목소리로 더 발전하는 슬룸이 되도록 노력하겠습니다.
감사합니다. 🙇‍♀️"
119681,2026-08-06 0:00,,,"운동 시작하면서 목 관리가 중요하다는 걸 알게 됐어요. 이거 운동 전후로 쓰는데 전에 쓰면 워밍업 효과, 후에 쓰면 회복이 빨라요. 에어백이 목 정렬을 잡아줘서 운동 자세도 좋아지는 것 같아요.",2d2b79f00505,,909,목 마사지 베개 V2 경추 마사지기 베개,129000,,기존리뷰,5,,0,0,1,"안녕하세요. 프리미엄 헬스테크 브랜드, 슬룸입니다.
정성스럽게 올려주신 소중한 후기 감사합니다. 💜

고객님의 목소리로 더 발전하는 슬룸이 되도록 노력하겠습니다.
감사합니다. 🙇‍♀️"
119685,2026-08-11 0:00,,,사무직 10년차인데 올해 드디어 목 관리를 시작했어요. 에어백이 굳은 목을 부드럽게 이완시켜줘서 퇴근 후 필수 루틴이 됐어요. 온열이랑 진동 조합으로 15분만 써도 충분히 효과가 느껴져요.,7e08327cca15,,909,목 마사지 베개 V2 경추 마사지기 베개,129000,,기존리뷰,4,,0,0,1,"안녕하세요. 프리미엄 헬스테크 브랜드, 슬룸입니다.
시간 내어 소중한 후기를 작성해 주셔서 감사드립니다. :)

믿고 찾는 쇼핑몰이 되기 위해 더 좋은 상품과 서비스를 준비하겠습니다.
감사합니다. 💜"
119688,2026-08-16 0:00,,,오랫동안 관리 안 하다가 통증이 심해져서 샀는데 꾸준히 쓰니까 효과가 확실해요. 에어백이 굳어있던 근육을 조금씩 이완시켜줘서 처음엔 천천히 효과가 났는데 지금은 확실히 달라졌어요. 온열이랑 진동 조합이 효과적이에요.,b1e435d53b65,,909,목 마사지 베개 V2 경추 마사지기 베개,129000,,기존리뷰,5,,0,0,1,"안녕하세요. 프리미엄 헬스테크 브랜드, 슬룸입니다.
진심 어린 소중한 후기 감사합니다. 💜

앞으로도 좋은 상품과 서비스로 고객님들을 찾아뵐 수 있도록 노력하겠습니다.
감사합니다. :)"
119689,2026-08-16 0:00,,,"처음에 모드가 많아서 복잡해 보였는데 써보면서 하나씩 파악했어요. 저는 에어백 릴렉스 모드에 온열 2단계, 진동 집중 모드 조합이 딱 맞더라고요. 이 조합으로 매일 쓰는 게 루틴이 됐어요.",9e9c06dd5eae,,909,목 마사지 베개 V2 경추 마사지기 베개,129000,,기존리뷰,5,,0,0,1,"안녕하세요. 프리미엄 헬스테크 브랜드, 슬룸입니다.
진심 어린 소중한 후기 감사합니다. 💜

앞으로도 좋은 상품과 서비스로 고객님들을 찾아뵐 수 있도록 노력하겠습니다.
감사합니다. :)"
119690,2026-08-18 0:00,,,회식 후에 노래방 가면 목이 특히 더 뭉치는데 집에 오면 바로 이거 켜요. 에어백이 뭉친 목을 빠르게 이완시켜줘서 다음 날 아침이 달라요. 온열이랑 집중 진동 조합이 특히 좋아요.,b5957c909609,,909,목 마사지 베개 V2 경추 마사지기 베개,129000,,기존리뷰,5,,0,0,1,"안녕하세요. 프리미엄 헬스테크 브랜드, 슬룸입니다.
진심 어린 소중한 후기 감사합니다. 💜

앞으로도 좋은 상품과 서비스로 고객님들을 찾아뵐 수 있도록 노력하겠습니다.
감사합니다. :)"
119691,2026-08-15 0:00,,,스트레스받는 날이면 목이 제일 먼저 뭉치는데 이거 쓰면 목이랑 스트레스가 같이 풀려요. 에어백이 목을 이완시켜줄 때 긴장이 자연스럽게 해소되는 것 같아요. 온열이랑 릴렉스 진동 조합이 심신 안정에 최고예요.,ca55910aad20,,909,목 마사지 베개 V2 경추 마사지기 베개,129000,,기존리뷰,5,,0,0,1,"안녕하세요. 프리미엄 헬스테크 브랜드, 슬룸입니다.
진심 어린 소중한 후기 감사합니다. 💜

앞으로도 좋은 상품과 서비스로 고객님들을 찾아뵐 수 있도록 노력하겠습니다.
감사합니다. :)"
119692,2026-08-15 0:00,,,가격 고민하다가 마사지샵 한 번 가는 비용이라 생각하고 질렀어요. 에어백이 목을 잡아당겨줄 때 마사지사 손이랑 비슷한 느낌이에요. 온열이랑 진동 같이 켜면 집에서 마사지샵 케어가 가능해요. 잘 질렀어요ㅋㅋ,a20f517c949b,,909,목 마사지 베개 V2 경추 마사지기 베개,129000,,기존리뷰,5,,0,0,1,"안녕하세요. 프리미엄 헬스테크 브랜드, 슬룸입니다.
정성스럽게 올려주신 소중한 후기 감사합니다. 💜

고객님의 목소리로 더 발전하는 슬룸이 되도록 노력하겠습니다.
감사합니다. 🙇‍♀️"
119693,2026-08-07 0:00,,,두 번째 구매예요. 처음 거 너무 좋아서 가족 선물로 하나 더 샀어요. 에어백이 목을 케어하는 방식이 다른 제품이랑 달라서 써보면 바로 알아요. 온열이랑 진동 같이 켜면 마사지샵이 따로 없고요.,6b35ab0cb137,,909,목 마사지 베개 V2 경추 마사지기 베개,129000,,기존리뷰,5,,0,0,1,"안녕하세요. 프리미엄 헬스테크 브랜드, 슬룸입니다.
정성스럽게 올려주신 소중한 후기 감사합니다. 💜

고객님의 목소리로 더 발전하는 슬룸이 되도록 노력하겠습니다.
감사합니다. 🙇‍♀️"
119695,2026-08-02 0:00,,,출산 후 목이 심하게 안 좋아졌는데 이거 쓰면서 조금씩 나아지고 있어요. 에어백 강도 낮게 해서 천천히 쓰는데도 효과가 있어요. 온열이 따뜻하게 감싸줘서 몸 전체가 이완되는 기분이에요.,53e107bc09ae,,909,목 마사지 베개 V2 경추 마사지기 베개,129000,,기존리뷰,4,,0,0,1,"안녕하세요. 프리미엄 헬스테크 브랜드, 슬룸입니다.
시간 내어 소중한 후기를 작성해 주셔서 감사드립니다. :)

믿고 찾는 쇼핑몰이 되기 위해 더 좋은 상품과 서비스를 준비하겠습니다.
감사합니다. 💜"
119699,2026-08-11 0:00,,,한의원이랑 병행하고 있는데 회복이 훨씬 빠른 것 같아요. 에어백이 한의원에서 받는 것이랑 비슷한 효과가 있는 것 같아요. 온열이 뜸 뜨는 느낌이랑 비슷하기도 하고요ㅋㅋ 집에서 매일 관리할 수 있어서 좋아요.,073258a7029f,,909,목 마사지 베개 V2 경추 마사지기 베개,129000,,기존리뷰,5,,0,0,1,"안녕하세요. 프리미엄 헬스테크 브랜드, 슬룸입니다.
정성스럽게 올려주신 소중한 후기 감사합니다. 💜

고객님의 목소리로 더 발전하는 슬룸이 되도록 노력하겠습니다.
감사합니다. 🙇‍♀️"
119700,2026-08-03 0:00,,,처음 구매하고 일주일 만에 인정했어요. 에어백으로 목이 실제로 늘어나는 게 느껴지거든요. 단순 진동이랑 비교하면 차원이 달라요. 온열이 더해지면 근육이 녹는 것 같은 느낌이에요. 지금은 매일 쓰는 필수 아이템이에요.,4d382610bf90,,909,목 마사지 베개 V2 경추 마사지기 베개,129000,,기존리뷰,5,,0,0,1,"안녕하세요. 프리미엄 헬스테크 브랜드, 슬룸입니다.
진심 어린 소중한 후기 감사합니다. 💜

앞으로도 좋은 상품과 서비스로 고객님들을 찾아뵐 수 있도록 노력하겠습니다.
감사합니다. :)"
119701,2026-08-10 0:00,,,처음엔 비싸다 싶었는데 한 달 쓰고 나서는 오히려 더 일찍 살걸 하는 생각이 들어요. 에어백이 목을 잡아당겨줄 때 그 시원함이 진짜 필요했던 케어예요. 온열이랑 진동 조합으로 매일 쓰는 루틴이 생겼어요.,c11b8ca42cbe,,909,목 마사지 베개 V2 경추 마사지기 베개,129000,,기존리뷰,5,,0,0,1,"안녕하세요. 프리미엄 헬스테크 브랜드, 슬룸입니다.
진심 어린 소중한 후기 감사합니다. 💜

앞으로도 좋은 상품과 서비스로 고객님들을 찾아뵐 수 있도록 노력하겠습니다.
감사합니다. :)"
119702,2026-08-19 0:00,,,자기 전에 쓰는 게 일과가 됐는데 안 쓰고 자면 뭔가 찜찜해요ㅋㅋ 에어백이 하루 동안 굳은 목을 풀어줘서 자는 동안 편안한 자세가 유지되는 것 같아요. 온열이랑 릴렉스 진동 켜면 10분 안에 잠들어요.,7d07d54e5b42,,909,목 마사지 베개 V2 경추 마사지기 베개,129000,,기존리뷰,3,,0,0,1,"안녕하세요. 프리미엄 헬스테크 브랜드, 슬룸입니다.
진심 어린 소중한 후기 감사합니다. 💜

앞으로도 좋은 상품과 서비스로 고객님들을 찾아뵐 수 있도록 노력하겠습니다.
감사합니다. :)"
119703,2026-08-04 0:00,,,결혼 3주년 선물로 받았는데 이렇게 실용적인 선물은 처음이에요. 에어백이 목을 이완시켜줄 때 처음엔 어색했는데 이제는 없으면 허전해요. 온열이랑 진동 같이 켜면 마사지샵 수준이에요.,68bde1dcba86,,909,목 마사지 베개 V2 경추 마사지기 베개,129000,,기존리뷰,5,,0,0,1,"안녕하세요. 프리미엄 헬스테크 브랜드, 슬룸입니다.
진심 어린 소중한 후기 감사합니다. 💜

앞으로도 좋은 상품과 서비스로 고객님들을 찾아뵐 수 있도록 노력하겠습니다.
감사합니다. :)"
119704,2026-08-15 0:00,,,60대 부모님 선물로 사드렸는데 두 분 다 너무 좋아하세요. 어머니는 온열 기능이 좋다고 하시고 아버지는 에어백 모드가 마음에 든다고 하세요. 이제 두 분이서 사이좋게 쓰세요.,3ba4c9d66109,,909,목 마사지 베개 V2 경추 마사지기 베개,129000,,기존리뷰,3,,0,0,1,"안녕하세요. 프리미엄 헬스테크 브랜드, 슬룸입니다.
시간 내어 소중한 후기를 작성해 주셔서 감사드립니다. :)

믿고 찾는 쇼핑몰이 되기 위해 더 좋은 상품과 서비스를 준비하겠습니다.
감사합니다. 💜"
119705,2026-08-21 0:00,,,"처음에 타이머가 15분밖에 안 된다고 생각했는데 써보니까 딱 적당해요. 15분이면 충분히 이완이 되거든요. 에어백이랑 온열, 진동 조합으로 15분 쓰면 목이 개운해지는 게 확실히 느껴져요.",54a44042b573,,909,목 마사지 베개 V2 경추 마사지기 베개,129000,,기존리뷰,4,,0,0,1,"안녕하세요. 프리미엄 헬스테크 브랜드, 슬룸입니다.
시간 내어 소중한 후기를 작성해 주셔서 감사드립니다. :)

믿고 찾는 쇼핑몰이 되기 위해 더 좋은 상품과 서비스를 준비하겠습니다.
감사합니다. 💜"
119706,2026-08-11 0:00,,,워킹맘이라 시간이 없는데 15분이면 되니까 자투리 시간에 쓸 수 있어서 좋아요. 에어백이 짧은 시간에도 효과적으로 케어해줘서 바쁜 일상에 딱이에요. 온열이랑 진동 조합으로 아이 재운 후에 쓰는 게 루틴이 됐어요.,defef425fc96,,909,목 마사지 베개 V2 경추 마사지기 베개,129000,,기존리뷰,5,,0,0,1,"안녕하세요. 프리미엄 헬스테크 브랜드, 슬룸입니다.
시간 내어 소중한 후기를 작성해 주셔서 감사드립니다. :)

믿고 찾는 쇼핑몰이 되기 위해 더 좋은 상품과 서비스를 준비하겠습니다.
감사합니다. 💜"
119707,2026-08-21 0:00,,,새벽 배송 알바하면서 목이 너무 힘든데 퇴근하고 이거 쓰면 살아나는 느낌이에요. 에어백이 힘든 작업으로 굳은 목을 빠르게 풀어줘서 다음 날 또 버틸 수 있어요. 온열이랑 집중 진동 조합이 특히 효과적이에요.,4584e6cfd78e,,909,목 마사지 베개 V2 경추 마사지기 베개,129000,,기존리뷰,5,,0,0,1,"안녕하세요. 프리미엄 헬스테크 브랜드, 슬룸입니다.
시간 내어 소중한 후기를 작성해 주셔서 감사드립니다. :)

믿고 찾는 쇼핑몰이 되기 위해 더 좋은 상품과 서비스를 준비하겠습니다.
감사합니다. 💜"
119708,2026-08-02 0:00,,,처음엔 설명서 안 읽고 쓰다가 나중에 제대로 읽고 나서 훨씬 효과적으로 쓰게 됐어요. 에어백 모드별로 다른 효과가 있더라고요. 저는 릴렉스 모드가 제일 맞아요. 온열이랑 진동 조합으로 매일 루틴 만들었어요.,634e25e268f5,,909,목 마사지 베개 V2 경추 마사지기 베개,129000,,기존리뷰,5,,0,0,1,"안녕하세요. 프리미엄 헬스테크 브랜드, 슬룸입니다.
시간 내어 소중한 후기를 작성해 주셔서 감사드립니다. :)

믿고 찾는 쇼핑몰이 되기 위해 더 좋은 상품과 서비스를 준비하겠습니다.
감사합니다. 💜"
119709,2026-08-16 0:00,,,아파트 엘리베이터에서 이웃분이 쓰는 거 보고 바로 주문했어요ㅋㅋ 에어백이 목을 이완시켜줄 때 그 시원함이 말로 표현이 안 된다고 하셨는데 딱 그 느낌이에요. 온열이랑 진동 같이 켜면 마사지받는 것 같아요.,28fb88e4d8d9,,909,목 마사지 베개 V2 경추 마사지기 베개,129000,,기존리뷰,5,,0,0,1,"안녕하세요. 프리미엄 헬스테크 브랜드, 슬룸입니다.
진심 어린 소중한 후기 감사합니다. 💜

앞으로도 좋은 상품과 서비스로 고객님들을 찾아뵐 수 있도록 노력하겠습니다.
감사합니다. :)"
119710,2026-08-02 0:00,,,이거 안 쓰는 날이 없어요. 아침에 일어나서 목 뻐근하면 쓰고 저녁에 퇴근하고 쓰고. 에어백이 그때그때 굳은 목을 빠르게 풀어줘서 하루 두 번 쓰는 날도 있어요. 온열이랑 진동 조합이 제 필수품이 됐어요.,8aa5f68b1097,,909,목 마사지 베개 V2 경추 마사지기 베개,129000,,기존리뷰,5,,0,0,1,"안녕하세요. 프리미엄 헬스테크 브랜드, 슬룸입니다.
정성스럽게 올려주신 소중한 후기 감사합니다. 💜

고객님의 목소리로 더 발전하는 슬룸이 되도록 노력하겠습니다.
감사합니다. 🙇‍♀️"
119711,2026-08-15 0:00,,,"처음엔 에어백이 강하게 느껴져서 걱정했는데 기본 모드에서 시작하면 괜찮아요. 천천히 강도를 올리면서 지금은 릴렉스 모드가 딱 맞아요. 온열은 2단계, 진동은 릴렉스 모드가 제 조합이에요.",9bfeeb6e6aa6,,909,목 마사지 베개 V2 경추 마사지기 베개,129000,,기존리뷰,5,,0,0,1,"안녕하세요. 프리미엄 헬스테크 브랜드, 슬룸입니다.
진심 어린 소중한 후기 감사합니다. 💜

앞으로도 좋은 상품과 서비스로 고객님들을 찾아뵐 수 있도록 노력하겠습니다.
감사합니다. :)"
119712,2026-08-18 0:00,,,공부하다가 목이 굳으면 집중력이 바닥나는데 이거 쓰면 금방 살아나요. 에어백이 목을 이완시켜줄 때 머리도 맑아지는 것 같거든요. 15분이면 충분하고 타이머 있어서 자도 괜찮아요.,9d3da33f87d9,,909,목 마사지 베개 V2 경추 마사지기 베개,129000,,기존리뷰,5,,0,0,1,"안녕하세요. 프리미엄 헬스테크 브랜드, 슬룸입니다.
시간 내어 소중한 후기를 작성해 주셔서 감사드립니다. :)

믿고 찾는 쇼핑몰이 되기 위해 더 좋은 상품과 서비스를 준비하겠습니다.
감사합니다. 💜"
119713,2026-08-09 0:00,,,처음 구매했을 때부터 지금까지 후회한 적이 없어요. 에어백이 목을 잡아당겨줄 때 그 시원함이 중독성 있어요. 온열이랑 진동 조합으로 매일 쓰는 루틴이 생겼고 목 상태가 달라진 게 느껴져요.,4a8d7385df75,,909,목 마사지 베개 V2 경추 마사지기 베개,129000,,기존리뷰,5,,0,0,1,"안녕하세요. 프리미엄 헬스테크 브랜드, 슬룸입니다.
정성스럽게 올려주신 소중한 후기 감사합니다. 💜

고객님의 목소리로 더 발전하는 슬룸이 되도록 노력하겠습니다.
감사합니다. 🙇‍♀️"
119715,2026-08-18 0:00,,,새해 선물로 받았는데 올해 목 관리는 이걸로 결정했어요. 에어백이 목을 이완시켜줄 때 처음엔 어색했는데 이제는 이 느낌 없으면 허전해요. 온열이랑 진동 같이 켜면 마사지샵 수준이에요.,517d925dd185,,909,목 마사지 베개 V2 경추 마사지기 베개,129000,,기존리뷰,5,,0,0,1,"안녕하세요. 프리미엄 헬스테크 브랜드, 슬룸입니다.
시간 내어 소중한 후기를 작성해 주셔서 감사드립니다. :)

믿고 찾는 쇼핑몰이 되기 위해 더 좋은 상품과 서비스를 준비하겠습니다.
감사합니다. 💜"
119716,2026-08-18 0:00,,,에어백 모드 중에 복합 모드가 진짜 제 취향이에요. 목이 다양하게 자극받는 느낌이 일반 모드랑 확실히 달라요. 온열이랑 같이 쓰면 10분 안에 뭉침이 풀리는 게 느껴져요. 매일 쓰는 게 루틴이 됐어요.,f9d803096f27,,909,목 마사지 베개 V2 경추 마사지기 베개,129000,,기존리뷰,5,,0,0,1,"안녕하세요. 프리미엄 헬스테크 브랜드, 슬룸입니다.
진심 어린 소중한 후기 감사합니다. 💜

앞으로도 좋은 상품과 서비스로 고객님들을 찾아뵐 수 있도록 노력하겠습니다.
감사합니다. :)"
119719,2026-08-05 0:00,,,오래 써본 소감이에요. 처음이랑 지금이랑 목 상태가 달라진 게 느껴져요. 꾸준히 쓰는 게 정말 중요한 것 같아요. 에어백이 굳어있던 근육을 조금씩 이완시켜줘서 유연해지는 게 느껴지거든요.,5bcd9164faf8,,909,목 마사지 베개 V2 경추 마사지기 베개,129000,,기존리뷰,5,,0,0,1,"안녕하세요. 프리미엄 헬스테크 브랜드, 슬룸입니다.
정성스럽게 올려주신 소중한 후기 감사합니다. 💜

고객님의 목소리로 더 발전하는 슬룸이 되도록 노력하겠습니다.
감사합니다. 🙇‍♀️"
119720,2026-08-11 0:00,,,거북목이 심해서 선생님이 관리하라고 해서 샀어요. 에어백이 경추를 자연스럽게 뒤로 당겨줘서 거북목이 개선되는 것 같아요. 온열이랑 진동 같이 켜면 마사지받는 기분이에요. 꾸준히 쓰다 보니 자세가 조금씩 좋아지는 것 같아요.,02131a355a6b,,909,목 마사지 베개 V2 경추 마사지기 베개,129000,,기존리뷰,5,,0,0,1,"안녕하세요. 프리미엄 헬스테크 브랜드, 슬룸입니다.
시간 내어 소중한 후기를 작성해 주셔서 감사드립니다. :)

믿고 찾는 쇼핑몰이 되기 위해 더 좋은 상품과 서비스를 준비하겠습니다.
감사합니다. 💜"
119721,2026-08-03 0:00,,,처음엔 비싸다 싶었는데 마사지샵 두 번 가는 비용이라 생각하니 바로 샀어요. 에어백이 목을 잡아당겨줄 때 마사지사 손이랑 비슷한 느낌이에요. 집에서 매일 쓸 수 있으니 가성비 최고예요.,b5833f3192b3,,909,목 마사지 베개 V2 경추 마사지기 베개,129000,,기존리뷰,3,,0,0,1,"안녕하세요. 프리미엄 헬스테크 브랜드, 슬룸입니다.
진심 어린 소중한 후기 감사합니다. 💜

앞으로도 좋은 상품과 서비스로 고객님들을 찾아뵐 수 있도록 노력하겠습니다.
감사합니다. :)"
119722,2026-08-15 0:00,,,회사 동료가 쓰는 거 보고 바로 주문했어요. 입소문엔 역시 이유가 있더라고요. 에어백이 목을 케어하는 방식이 다른 제품이랑 달라요. 온열이랑 진동 같이 켜면 마사지받는 것 같고요. 강력 추천해요.,03a75c1f7867,,909,목 마사지 베개 V2 경추 마사지기 베개,129000,,기존리뷰,5,,0,0,1,"안녕하세요. 프리미엄 헬스테크 브랜드, 슬룸입니다.
시간 내어 소중한 후기를 작성해 주셔서 감사드립니다. :)

믿고 찾는 쇼핑몰이 되기 위해 더 좋은 상품과 서비스를 준비하겠습니다.
감사합니다. 💜"
119723,2026-08-03 0:00,,,처음 쓸 때 가족들이 다 신기해했어요. 에어백이 목을 들어 올릴 때 외부에서 보면 신기한가봐요. 근데 그 느낌이 진짜 시원해서 이제 매일 써요. 온열이랑 진동까지 켜면 완전 힐링이에요.,fbc5a2dc8971,,909,목 마사지 베개 V2 경추 마사지기 베개,129000,,기존리뷰,5,,0,0,1,"안녕하세요. 프리미엄 헬스테크 브랜드, 슬룸입니다.
진심 어린 소중한 후기 감사합니다. 💜

앞으로도 좋은 상품과 서비스로 고객님들을 찾아뵐 수 있도록 노력하겠습니다.
감사합니다. :)"
119724,2026-08-21 0:00,,,이거 없었으면 어쩔 뻔 했을까 싶어요. 에어백이 목을 이완시켜줄 때 그 시원함이 말로 표현이 안 돼요. 온열이랑 진동 같이 켜면 마사지샵 수준이에요. 타이머 있어서 자도 안심이고 무선이라 어디서든 쓸 수 있어서 최고예요.,884a7eb2bb50,,909,목 마사지 베개 V2 경추 마사지기 베개,129000,,기존리뷰,5,,0,0,1,"안녕하세요. 프리미엄 헬스테크 브랜드, 슬룸입니다.
진심 어린 소중한 후기 감사합니다. 💜

앞으로도 좋은 상품과 서비스로 고객님들을 찾아뵐 수 있도록 노력하겠습니다.
감사합니다. :)"
119725,2026-08-06 0:00,,,처음 받았을 때 포장이 꼼꼼해서 좋았어요. 네이비 색이 예상보다 훨씬 예쁘더라고요. 에어백이 목을 이완시켜줄 때 그 시원함이 진짜예요. 온열이랑 진동 같이 켜면 힐링 그 자체예요.,d8e873d46210,,909,목 마사지 베개 V2 경추 마사지기 베개,129000,,기존리뷰,5,,0,0,1,"안녕하세요. 프리미엄 헬스테크 브랜드, 슬룸입니다.
시간 내어 소중한 후기를 작성해 주셔서 감사드립니다. :)

믿고 찾는 쇼핑몰이 되기 위해 더 좋은 상품과 서비스를 준비하겠습니다.
감사합니다. 💜"
119726,2026-08-11 0:00,,,한 달 장기 사용 후기 남겨요. 처음이랑 비교하면 목 상태가 확실히 달라졌어요. 에어백이 굳은 근육을 조금씩 이완시켜줘서 꾸준히 쓰면 달라지더라고요. 온열이랑 진동 조합으로 매일 15분씩 쓰는 게 루틴이 됐어요.,150b42452530,,909,목 마사지 베개 V2 경추 마사지기 베개,129000,,기존리뷰,4,,0,0,1,"안녕하세요. 프리미엄 헬스테크 브랜드, 슬룸입니다.
시간 내어 소중한 후기를 작성해 주셔서 감사드립니다. :)

믿고 찾는 쇼핑몰이 되기 위해 더 좋은 상품과 서비스를 준비하겠습니다.
감사합니다. 💜"
119727,2026-08-18 0:00,,,이거 쓰기 전이랑 후가 너무 달라서 주변 다섯 명한테 추천했어요. 에어백이 목을 잡아당겨줄 때 그 시원함이 진짜 필요했던 케어예요. 온열이랑 진동 같이 켜면 마사지샵 수준이에요. 타이머 있어서 자도 걱정 없어요.,0a2f85f63bed,,909,목 마사지 베개 V2 경추 마사지기 베개,129000,,기존리뷰,5,,0,0,1,"안녕하세요. 프리미엄 헬스테크 브랜드, 슬룸입니다.
시간 내어 소중한 후기를 작성해 주셔서 감사드립니다. :)

믿고 찾는 쇼핑몰이 되기 위해 더 좋은 상품과 서비스를 준비하겠습니다.
감사합니다. 💜"
119728,2026-08-01 0:00,,,선물 받고 처음엔 이게 뭔가 싶었는데 써보니까 없으면 안 될 것 같아요. 에어백이 목을 이완시켜줄 때 그 느낌이 중독성 있어요. 온열이랑 진동 같이 켜면 힐링이에요. 무선이라 어디서든 쓸 수 있어서 실용적이에요.,3ccbaaf0f590,,909,목 마사지 베개 V2 경추 마사지기 베개,129000,,기존리뷰,5,,0,0,1,"안녕하세요. 프리미엄 헬스테크 브랜드, 슬룸입니다.
진심 어린 소중한 후기 감사합니다. 💜

앞으로도 좋은 상품과 서비스로 고객님들을 찾아뵐 수 있도록 노력하겠습니다.
감사합니다. :)"
119729,2026-08-06 0:00,,,처음 구매한 거 너무 좋아서 지인 선물로 하나 더 샀어요. 받는 사람마다 다들 좋아해요. 에어백이 목을 케어하는 방식이 특별해서 써보면 바로 알거든요. 온열이랑 진동 같이 켜면 마사지받는 것 같아요.,b791c16eb580,,909,목 마사지 베개 V2 경추 마사지기 베개,129000,,기존리뷰,3,,0,0,1,"안녕하세요. 프리미엄 헬스테크 브랜드, 슬룸입니다.
정성스럽게 올려주신 소중한 후기 감사합니다. 💜

고객님의 목소리로 더 발전하는 슬룸이 되도록 노력하겠습니다.
감사합니다. 🙇‍♀️"
119730,2026-08-19 0:00,,,유튜브에서 광고 보고 구매했는데 광고 이상이에요. 에어백이 목을 늘려줄 때 그 시원함이 진짜 달라요. 단순 진동이랑은 차원이 달라요. 온열이 더해지면 근육이 이완되는 것도 확실하고요.,a46b942d0bfa,,909,목 마사지 베개 V2 경추 마사지기 베개,129000,,기존리뷰,5,,0,0,1,"안녕하세요. 프리미엄 헬스테크 브랜드, 슬룸입니다.
시간 내어 소중한 후기를 작성해 주셔서 감사드립니다. :)

믿고 찾는 쇼핑몰이 되기 위해 더 좋은 상품과 서비스를 준비하겠습니다.
감사합니다. 💜"
119731,2026-08-20 0:00,,,10년 지기 친구한테 추천받아서 샀어요. 역시 믿을 수 있는 추천이었어요. 에어백이 목을 잡아당겨줄 때 그 느낌이 중독성 있거든요. 온열이랑 진동 같이 켜면 힐링 그 자체예요.,97cdc24347eb,,909,목 마사지 베개 V2 경추 마사지기 베개,129000,,기존리뷰,4,,0,0,1,"안녕하세요. 프리미엄 헬스테크 브랜드, 슬룸입니다.
진심 어린 소중한 후기 감사합니다. 💜

앞으로도 좋은 상품과 서비스로 고객님들을 찾아뵐 수 있도록 노력하겠습니다.
감사합니다. :)"
119732,2026-08-11 0:00,,,처음 쓸 때 온 가족이 신기해서 다들 써봤어요ㅋㅋ 에어백이 목을 들어 올릴 때 외부에서 보면 신기한가봐요. 이제는 온 가족이 서로 쓰려고 해서 추가 구매 고민 중이에요.,da764bebff79,,909,목 마사지 베개 V2 경추 마사지기 베개,129000,,기존리뷰,5,,0,0,1,"안녕하세요. 프리미엄 헬스테크 브랜드, 슬룸입니다.
정성스럽게 올려주신 소중한 후기 감사합니다. 💜

고객님의 목소리로 더 발전하는 슬룸이 되도록 노력하겠습니다.
감사합니다. 🙇‍♀️"
119733,2026-08-06 0:00,,,밤에 자기 전에 이거 켜는 게 하루 마무리가 됐어요. 에어백이 하루 동안 쌓인 긴장을 풀어줘서 자는 동안 편안하게 유지되는 것 같아요. 온열이랑 릴렉스 진동 켜면 금방 잠들어요.,c0f0fb0e982a,,909,목 마사지 베개 V2 경추 마사지기 베개,129000,,기존리뷰,4,,0,0,1,"안녕하세요. 프리미엄 헬스테크 브랜드, 슬룸입니다.
시간 내어 소중한 후기를 작성해 주셔서 감사드립니다. :)

믿고 찾는 쇼핑몰이 되기 위해 더 좋은 상품과 서비스를 준비하겠습니다.
감사합니다. 💜"
119736,2026-08-21 0:00,,,명절에 형제들 선물로 샀는데 다들 반응이 좋아요. 처음엔 이게 뭔가 싶었다고 하더니 써보고 나서 엄청 좋아한대요. 에어백이 목을 케어하는 방식이 특별하거든요.,75579f62a18e,,909,목 마사지 베개 V2 경추 마사지기 베개,129000,,기존리뷰,5,,0,0,1,"안녕하세요. 프리미엄 헬스테크 브랜드, 슬룸입니다.
시간 내어 소중한 후기를 작성해 주셔서 감사드립니다. :)

믿고 찾는 쇼핑몰이 되기 위해 더 좋은 상품과 서비스를 준비하겠습니다.
감사합니다. 💜"
119737,2026-08-20 0:00,,,이거 쓰면서 목 관리가 이렇게 쉬운 거였나 싶었어요. 에어백 켜고 누우면 되니까요. 온열이랑 진동까지 켜면 완전 케어가 되고 타이머가 알아서 꺼줘서 자도 걱정 없어요.,09302ccc316c,,909,목 마사지 베개 V2 경추 마사지기 베개,129000,,기존리뷰,5,,0,0,1,"안녕하세요. 프리미엄 헬스테크 브랜드, 슬룸입니다.
진심 어린 소중한 후기 감사합니다. 💜

앞으로도 좋은 상품과 서비스로 고객님들을 찾아뵐 수 있도록 노력하겠습니다.
감사합니다. :)"
119738,2026-08-15 0:00,,,꾸준히 쓰면 달라진다는 거 알면서도 작심삼일이 많았는데 이거는 쓰는 게 즐거워서 매일 하게 돼요. 에어백이 목을 이완시켜줄 때 그 시원함이 있으니까요. 온열이랑 진동 조합으로 매일 15분이 루틴이 됐어요.,8b18e08d9c50,,909,목 마사지 베개 V2 경추 마사지기 베개,129000,,기존리뷰,4,,0,0,1,"안녕하세요. 프리미엄 헬스테크 브랜드, 슬룸입니다.
시간 내어 소중한 후기를 작성해 주셔서 감사드립니다. :)

믿고 찾는 쇼핑몰이 되기 위해 더 좋은 상품과 서비스를 준비하겠습니다.
감사합니다. 💜"
119739,2026-08-11 0:00,,,sns에서 자꾸 보여서 구매했는데 역시 자꾸 보이는 데는 이유가 있더라고요. 에어백이 목을 잡아당겨줄 때 그 시원함이 진짜예요. 온열이랑 진동 같이 켜면 힐링이에요. 강추해요.,77c4a1cac8ba,,909,목 마사지 베개 V2 경추 마사지기 베개,129000,,기존리뷰,5,,0,0,1,"안녕하세요. 프리미엄 헬스테크 브랜드, 슬룸입니다.
진심 어린 소중한 후기 감사합니다. 💜

앞으로도 좋은 상품과 서비스로 고객님들을 찾아뵐 수 있도록 노력하겠습니다.
감사합니다. :)"
119740,2026-08-21 20:05,2026-08-16 11:27,2026-08-19 13:51,"목베개 상품 수령 후 사용 후기 입니다 
첫째 목베개 충전단자가 외피천재질과 분리되어 안쪽에  따로 움직여서 충전단자 끼워 맞추어 충전하기 불편합니다~

둘째, 안마기능 선택 버튼이 머리 우측 베개아래쪽에
있어서 네개버튼 중 동작을 선택해서 누를수가 없습니다.
일어나서 기능버튼을 누르고 다시 머리를 눕고 
엄청 불편합니다 ㅜㅜ(기능선택 리모컨 없음)

세째, 목베개 커버를 분리할수 없어 머리밑에 손수건 등을 깔아놓고 사용 해야 합니다 ~

아무튼 제발 상품 내놓기전에 먼저 사용해보고
 사용하기 편리한 제품을 만들어 주세요~",8af208f96e23,,1050,[로빈세끼 x 슬룸] 구독자 전용 ★최저가★ 비밀링크,99000,수량선택: 목마사지베개V2 1개 + (증정) 마그네슘 시너지 크림 1개,반응형(내리뷰),1,,2,0,1,"안녕하세요. 프리미엄 헬스테크 브랜드, 슬룸입니다.
고객님께 만족스러운 경험을 드리지 못해 대단히 죄송합니다. 😥

리뷰로는 상세한 안내가 어려워, 자세한 내용 알림톡(문자) 발송 도와드렸으니 확인 부탁드리겠습니다.
추가로 궁금하신 점이 있으시거나 문자 확인하신 후에도 해결되지 않는 경우
번거로우시겠지만 슬룸 채팅 상담을 통해 연락 주시면 빠르게 안내 도와드리겠습니다.

▶ 슬룸 채팅 상담 (※ 월-금 09:30-17:00, 주말 및 공휴일 휴무)
http://sloom.channel.io/

고객님의 목소리로 더 발전하는 슬룸이 되도록 노력하겠습니다. 감사합니다."
119741,2026-08-21 3:15,2026-07-20 13:25,2026-07-22 16:18,한번씩 하는데 효과는 아직 잘 모르겠네요,,,1035,[애진X슬룸] ★단독 최대혜택★ 바디풀고컷 경락 마사지기,79900,수량선택: [68%] 바디풀고컷 1개 + 시너지 젤 2개 증정,기존리뷰,3,,1,0,1,"안녕하세요 고객님, 프리미엄 헬스테크 브랜드, 슬룸입니다.
고객님께 만족스러운 경험을 드리지 못해 대단히 죄송합니다.😥

슬룸의 모든 제품은 인체공학적으로 설계되어 편안한 사용이 가능하나 초기 사용 시 1~2주 이상의 적응 기간이 필요할 수 있습니다. 
다만 수령하신 날짜 기준으로 30일 동안 꾸준히 사용해보시고도 만족하지 못하셨을 경우에는, 슬룸에서 진행하는 <100%환불이벤트> 에 참여하여 왕복배송비 제외 전액 환불이 가능합니다.

※ 제품을 30일간 꾸준히 사용한 경우, 배송완료 후 40일이내 신청이 가능
※ 환불 서비스는 첫 구매 체험을 위한 서비스로 1회만 신청 가능

▶ <100% 환불 이벤트> 상세 환불 조건 : https://sleeplab.co.kr/notice/?page=1#13709226_notice 

슬룸을 믿고 편하게 사용 및 체험해보시고, 그럼에도 만족하시지 못하셨을 경우 슬룸 공식몰의 채널톡을 통해 이벤트 기간 내 문의 주시면 환불 접수 도움드리겠습니다."
119742,2026-08-21 8:56,2026-08-19 6:57,2026-08-20 18:43,누워서 버튼 누르기 좀 불편 합니다.,,,909,목 마사지 베개 V2 경추 마사지기 베개,129000,수량선택: 목 마사지 베개 V2 1개 (목베개 1개 & 크림 1개 증정),기존리뷰,4,,0,0,1,"안녕하세요 고객님, 프리미엄 헬스테크 브랜드, 슬룸입니다.
고객님께 만족스러운 경험을 드리지 못해 대단히 죄송합니다.😥

슬룸의 모든 제품은 인체공학적으로 설계되어 편안한 사용이 가능하나 초기 사용 시 1~2주 이상의 적응 기간이 필요할 수 있습니다. 
다만 수령하신 날짜 기준으로 30일 동안 꾸준히 사용해보시고도 만족하지 못하셨을 경우에는, 슬룸에서 진행하는 <100%환불이벤트> 에 참여하여 왕복배송비 제외 전액 환불이 가능합니다.

※ 제품을 30일간 꾸준히 사용한 경우, 배송완료 후 40일이내 신청이 가능
※ 환불 서비스는 첫 구매 체험을 위한 서비스로 1회만 신청 가능

▶ <100% 환불 이벤트> 상세 환불 조건 : https://sleeplab.co.kr/notice/?page=1#13709226_notice 

슬룸을 믿고 편하게 사용 및 체험해보시고, 그럼에도 만족하시지 못하셨을 경우 슬룸 공식몰의 채널톡을 통해 이벤트 기간 내 문의 주시면 환불 접수 도움드리겠습니다."
119743,2026-08-21 9:35,2026-08-16 10:31,2026-08-19 21:20,따뜻하고 하면 시원하고 좋은거같아요 후기가 좋아서샀는데 효과가 있었음좋겠네요,,,724,★최대할인 비밀링크★ 목베개 플러스 특가,69000,수량선택: 목베개 플러스 1개,기존리뷰,5,,1,0,1,"안녕하세요. 프리미엄 헬스테크 브랜드, 슬룸입니다.
정성스럽게 올려주신 소중한 후기 감사합니다. 💜

고객님의 목소리로 더 발전하는 슬룸이 되도록 노력하겠습니다.
감사합니다. 🙇‍♀️"
119744,2026-08-21 9:46,2026-08-12 10:29,2026-08-13 18:38,사용 초반이지만 아주 만족스러워요 한달 후기에 다시 남길게쇼,,,724,★최대할인 비밀링크★ 목베개 플러스 특가,69000,수량선택: 목베개 플러스 1개,기존리뷰,5,,1,0,1,"안녕하세요. 프리미엄 헬스테크 브랜드, 슬룸입니다.
진심 어린 소중한 후기 감사합니다. 💜

앞으로도 좋은 상품과 서비스로 고객님들을 찾아뵐 수 있도록 노력하겠습니다.
감사합니다. :)"
119745,2026-08-21 9:59,2026-08-07 21:58,2026-08-11 15:24,누워서 누르기만하면 되니 편하네요 꾸준히 사용해봐야 알꺼같긴한데 좋아요 온열도 되고..,,,909,목 마사지 베개 V2 경추 마사지기 베개,129000,수량선택: 목 마사지 베개 V2 1개 (마그네슘 시너지 크림 1개 증정),기존리뷰,5,,1,0,1,"안녕하세요. 프리미엄 헬스테크 브랜드, 슬룸입니다.
정성스럽게 올려주신 소중한 후기 감사합니다. 💜

고객님의 목소리로 더 발전하는 슬룸이 되도록 노력하겠습니다.
감사합니다. 🙇‍♀️"
119746,2026-08-21 10:01,2026-07-10 3:25,2026-07-11 16:15,경추 펴주고 릴렉스 하기에 적당함. 마사지 효과를 바라시는 분은 다른거 사셔야함,,,291,목베개 플러스 경추 목 마사지기 베개,99000,수량선택: 목베개 플러스 2개,기존리뷰,5,,0,0,1,"안녕하세요. 프리미엄 헬스테크 브랜드, 슬룸입니다.
정성스럽게 올려주신 소중한 후기 감사합니다. 💜

고객님의 목소리로 더 발전하는 슬룸이 되도록 노력하겠습니다.
감사합니다. 🙇‍♀️"
119747,2026-08-21 10:23,2026-08-04 13:24,2026-08-05 16:14,엘보우 와서 고생하셨는데 이거 쓰고 시원해 하시더라구여,,,980,프리미엄 엘보케어 팔꿈치 마사지기,149000,수량선택: 팔꿈치 마사지기 1개 (시너지 크림 1개 증정),기존리뷰,5,,0,0,1,"안녕하세요. 프리미엄 헬스테크 브랜드, 슬룸입니다.
시간 내어 소중한 후기를 작성해 주셔서 감사드립니다. :)

믿고 찾는 쇼핑몰이 되기 위해 더 좋은 상품과 서비스를 준비하겠습니다.
감사합니다. 💜"
119748,2026-08-21 11:23,2026-08-06 8:04,2026-08-07 13:41,배송 가격 맛 다좋네요~ㅎ ㅎ ㅎ ㅎ ㅎ,,,1045,[하알라x슬룸] ★2차★ 구독자 한정 최저가 비밀링크!,114900,수량선택: 허리편한케어V2 1개 + (증정)마그네슘 시너지 크림 1개,기존리뷰,4,,0,0,1,"안녕하세요. 프리미엄 헬스테크 브랜드, 슬룸입니다.
시간 내어 소중한 후기를 작성해 주셔서 감사드립니다. :)

믿고 찾는 쇼핑몰이 되기 위해 더 좋은 상품과 서비스를 준비하겠습니다.
감사합니다. 💜"
119749,2026-08-21 11:49,2026-07-28 10:02,2026-07-29 13:38,온열 마사지 목디스크인데 점점 좋아지고 있습니다.,,,724,★최대할인 비밀링크★ 목베개 플러스 특가,69000,수량선택: 목베개 플러스 1개,기존리뷰,5,,0,0,1,"안녕하세요. 프리미엄 헬스테크 브랜드, 슬룸입니다.
정성스럽게 올려주신 소중한 후기 감사합니다. 💜

고객님의 목소리로 더 발전하는 슬룸이 되도록 노력하겠습니다.
감사합니다. 🙇‍♀️"
119750,2026-08-21 11:52,2026-08-09 0:30,2026-08-11 16:14,"소리가 너무 커요 진짜... 커도 너~~~~~무 커요!
그렇다고 안마 기능이 좋은 것도 아니고 그냥 진동 조금 오는데....
베고 자려다가 소리때무네 깜짝깜짝 놀라고 잠 다 깹니다. 총쏘는 거 같아요.
심지어 침대 매트리스에서 사용하려면 더 크게 울려서 혼자 자야돼요. 옆사람에게 완전 민폐입니다. 그냥 온열 기능만 사용하고 있어요. 목 견인 기능은 꽤 괜찮은데 그게 온열이랑 같이 사용하고 싶지만 안돼사 아쉽네요.",,,724,★최대할인 비밀링크★ 목베개 플러스 특가,69000,수량선택: 목베개 플러스 1개,기존리뷰,2,,0,0,1,"안녕하세요 고객님, 프리미엄 헬스테크 브랜드, 슬룸입니다.
고객님께 만족스러운 경험을 드리지 못해 대단히 죄송합니다.😥

슬룸의 모든 제품은 인체공학적으로 설계되어 편안한 사용이 가능하나 초기 사용 시 1~2주 이상의 적응 기간이 필요할 수 있습니다. 
다만 수령하신 날짜 기준으로 30일 동안 꾸준히 사용해보시고도 만족하지 못하셨을 경우에는, 슬룸에서 진행하는 <100%환불이벤트> 에 참여하여 왕복배송비 제외 전액 환불이 가능합니다.

※ 제품을 30일간 꾸준히 사용한 경우, 배송완료 후 40일이내 신청이 가능
※ 환불 서비스는 첫 구매 체험을 위한 서비스로 1회만 신청 가능

▶ <100% 환불 이벤트> 상세 환불 조건 : https://sleeplab.co.kr/notice/?page=1#13709226_notice 

슬룸을 믿고 편하게 사용 및 체험해보시고, 그럼에도 만족하시지 못하셨을 경우 슬룸 공식몰의 채널톡을 통해 이벤트 기간 내 문의 주시면 환불 접수 도움드리겠습니다."
119751,2026-08-21 13:38,2026-08-18 13:54,2026-08-19 18:46,배송도 빠르고 좋아요,,,980,프리미엄 엘보케어 팔꿈치 마사지기,149000,수량선택: 팔꿈치 마사지기 + 연장벨트 (시너지 크림 & 파우치 중형 1개 증정),기존리뷰,5,,1,0,1,"안녕하세요. 프리미엄 헬스테크 브랜드, 슬룸입니다.
진심 어린 소중한 후기 감사합니다. 💜

앞으로도 좋은 상품과 서비스로 고객님들을 찾아뵐 수 있도록 노력하겠습니다.
감사합니다. :)"
119752,2026-08-21 18:31,2026-08-18 10:29,2026-08-20 17:07,생각보다 마사지 받는 느낌이 안 나요.,,,909,목 마사지 베개 V2 경추 마사지기 베개,129000,수량선택: 목 마사지 베개 V2 1개,기존리뷰,2,,0,0,1,"안녕하세요 고객님, 프리미엄 헬스테크 브랜드, 슬룸입니다.
고객님께 만족스러운 경험을 드리지 못해 대단히 죄송합니다.😥

슬룸의 모든 제품은 인체공학적으로 설계되어 편안한 사용이 가능하나 초기 사용 시 1~2주 이상의 적응 기간이 필요할 수 있습니다. 
다만 수령하신 날짜 기준으로 30일 동안 꾸준히 사용해보시고도 만족하지 못하셨을 경우에는, 슬룸에서 진행하는 <100%환불이벤트> 에 참여하여 왕복배송비 제외 전액 환불이 가능합니다.

※ 제품을 30일간 꾸준히 사용한 경우, 배송완료 후 40일이내 신청이 가능
※ 환불 서비스는 첫 구매 체험을 위한 서비스로 1회만 신청 가능

▶ <100% 환불 이벤트> 상세 환불 조건 : https://sleeplab.co.kr/notice/?page=1#13709226_notice 

슬룸을 믿고 편하게 사용 및 체험해보시고, 그럼에도 만족하시지 못하셨을 경우 슬룸 공식몰의 채널톡을 통해 이벤트 기간 내 문의 주시면 환불 접수 도움드리겠습니다."
119753,2026-08-21 18:51,2026-08-20 14:24,2026-08-21 16:12,오자마자 가게에서 1번 사용했는데 괜찮은거 같아용 집에가서 제대로 사용해야죠~ 목디스크 인생 30년 입니다 효과가 있있으면 합니다,,,724,★최대할인 비밀링크★ 목베개 플러스 특가,69000,수량선택: 목베개 플러스 1개,기존리뷰,4,,1,0,1,"안녕하세요. 프리미엄 헬스테크 브랜드, 슬룸입니다.
정성스럽게 올려주신 소중한 후기 감사합니다. 💜

고객님의 목소리로 더 발전하는 슬룸이 되도록 노력하겠습니다.
감사합니다. 🙇‍♀️"
119754,2026-08-21 19:25,2026-08-15 13:15,2026-08-19 18:57,발이 너무 안좋았는데 이 제품땜에 병원 두번갈꺼 한번씩만 가도 될거 같아요,,,924,발편한케어 프리미엄 EMS 발 마사지기,89000,"사이즈&세트선택: M (220-270mm), 수량선택: 발편한케어 1개",기존리뷰,5,,1,0,1,"안녕하세요. 프리미엄 헬스테크 브랜드, 슬룸입니다.
진심 어린 소중한 후기 감사합니다. 💜

앞으로도 좋은 상품과 서비스로 고객님들을 찾아뵐 수 있도록 노력하겠습니다.
감사합니다. :)"
119755,2026-08-21 19:25,2026-07-31 15:11,2026-08-06 21:05,"이거뭐죠,,?사용한지 일주일밖에안됬는데 무슨 불량인가요,???박스도 버렸는데 환불도 못하고 뭔가요 광고만 엄청하고",,,1008,★최대할인 비밀링크★ 바디 풀고컷 경락 마사지기,89900,수량선택: 바디 풀고컷 1개 (트리플 샷 시너지 젤 1개 증정),기존리뷰,1,,3,0,1,"안녕하세요. 프리미엄 헬스테크 브랜드, 슬룸입니다.
고객님께 만족스러운 경험을 드리지 못해 대단히 죄송합니다. 😥

리뷰로는 상세한 안내가 어려워, 자세한 내용 알림톡(문자) 발송 도와드렸으니 확인 부탁드리겠습니다.
추가로 궁금하신 점이 있으시거나 문자 확인하신 후에도 해결되지 않는 경우
번거로우시겠지만 슬룸 채팅 상담을 통해 연락 주시면 빠르게 안내 도와드리겠습니다.

▶ 슬룸 채팅 상담 (※ 월-금 09:30-17:00, 주말 및 공휴일 휴무)
http://sloom.channel.io/

고객님의 목소리로 더 발전하는 슬룸이 되도록 노력하겠습니다. 감사합니다."
119756,2026-08-21 21:02,2026-07-22 13:07,2026-07-23 16:18,누워서 편안히 목 풀기에는 최고예요~~,,,909,목 마사지 베개 V2 경추 마사지기 베개,129000,수량선택: 목 마사지 베개 V2 1개 (마그네슘 시너지 크림 1개 증정),기존리뷰,4,,1,0,1,"안녕하세요. 프리미엄 헬스테크 브랜드, 슬룸입니다.
시간 내어 소중한 후기를 작성해 주셔서 감사드립니다. :)

믿고 찾는 쇼핑몰이 되기 위해 더 좋은 상품과 서비스를 준비하겠습니다.
감사합니다. 💜"
119757,2026-08-21 21:23,2026-08-17 1:46,2026-08-19 18:48,보관백 주는줄알았네요 ㅠ,,,1050,[로빈세끼 x 슬룸] 구독자 전용 ★최저가★ 비밀링크,99000,수량선택: 목마사지베개V2 1개 + (증정) 마그네슘 시너지 크림 1개,기존리뷰,4,,0,0,1,"안녕하세요. 프리미엄 헬스테크 브랜드, 슬룸입니다.
정성스럽게 올려주신 소중한 후기 감사합니다. 💜

고객님의 목소리로 더 발전하는 슬룸이 되도록 노력하겠습니다.
감사합니다. 🙇‍♀️"
119758,2026-08-21 21:36,2026-08-19 17:03,2026-08-21 21:05,목베게도 좋네요 마사지 강도가 조금 강했으면 좋겠네요,,,909,목 마사지 베개 V2 경추 마사지기 베개,129000,수량선택: 목 마사지 베개 V2 1개 (목베개 1개 & 크림 1개 증정),기존리뷰,5,,1,0,1,"안녕하세요. 프리미엄 헬스테크 브랜드, 슬룸입니다.
정성스럽게 올려주신 소중한 후기 감사합니다. 💜

고객님의 목소리로 더 발전하는 슬룸이 되도록 노력하겠습니다.
감사합니다. 🙇‍♀️"
119759,2026-08-21 21:45,2026-07-20 13:32,2026-07-22 16:18,굳이에용 시원해요 젤이랑같이써야 찌릿찌ㅣㅅ,,,1035,[애진X슬룸] ★단독 최대혜택★ 바디풀고컷 경락 마사지기,79900,수량선택: [68%] 바디풀고컷 1개 + 시너지 젤 2개 증정,기존리뷰,5,,1,0,1,"안녕하세요. 프리미엄 헬스테크 브랜드, 슬룸입니다.
시간 내어 소중한 후기를 작성해 주셔서 감사드립니다. :)

믿고 찾는 쇼핑몰이 되기 위해 더 좋은 상품과 서비스를 준비하겠습니다.
감사합니다. 💜"
119760,2026-08-21 22:03,2026-07-20 20:04,2026-07-22 10:40,목어깨는 조금 따끔한 감이 없지 않아서 다른 바디용으로 더 잘 사용 중이에요!,,,1035,[애진X슬룸] ★단독 최대혜택★ 바디풀고컷 경락 마사지기,79900,수량선택: [68%] 바디풀고컷 1개 + 시너지 젤 2개 증정,기존리뷰,4,,1,0,1,"안녕하세요. 프리미엄 헬스테크 브랜드, 슬룸입니다.
시간 내어 소중한 후기를 작성해 주셔서 감사드립니다. :)

믿고 찾는 쇼핑몰이 되기 위해 더 좋은 상품과 서비스를 준비하겠습니다.
감사합니다. 💜"
119761,2026-08-21 23:34,2026-07-23 23:18,2026-07-25 13:44,광고처럼 막 엄청 시원한건 모르겠어요 그래도 뒷골부분을 눌러줘서 타사 마사지기보다 나은거같긴해요,,,909,목 마사지 베개 V2 경추 마사지기 베개,129000,수량선택: 목 마사지 베개 V2 1개 (마그네슘 시너지 크림 1개 증정),기존리뷰,3,,1,0,1,"안녕하세요. 프리미엄 헬스테크 브랜드, 슬룸입니다.
진심 어린 소중한 후기 감사합니다. 💜

앞으로도 좋은 상품과 서비스로 고객님들을 찾아뵐 수 있도록 노력하겠습니다.
감사합니다. :)"
119762,2026-08-22 0:22,2026-08-17 12:09,2026-08-19 13:46,생각보다  효과가  훨신  좋아요,,,909,목 마사지 베개 V2 경추 마사지기 베개,129000,수량선택: 목 마사지 베개 V2 1개,기존리뷰,3,,0,0,1,"안녕하세요. 프리미엄 헬스테크 브랜드, 슬룸입니다.
진심 어린 소중한 후기 감사합니다. 💜

앞으로도 좋은 상품과 서비스로 고객님들을 찾아뵐 수 있도록 노력하겠습니다.
감사합니다. :)"
119763,2026-08-22 0:45,2026-08-01 16:13,2026-08-04 16:18,자기전에 한타임 쓰고자면 잠이잘오네요,,,1043,[슬룸 4차 진행!] 코이티비 구독자 전용 ★최저가★ 비밀링크,99000,수량선택: 목 마사지 베개 V2 1개,기존리뷰,5,,1,0,1,"안녕하세요. 프리미엄 헬스테크 브랜드, 슬룸입니다.
시간 내어 소중한 후기를 작성해 주셔서 감사드립니다. :)

믿고 찾는 쇼핑몰이 되기 위해 더 좋은 상품과 서비스를 준비하겠습니다.
감사합니다. 💜"
119764,2026-08-22 4:54,2026-08-17 17:33,2026-08-19 21:13,뱐신반의 하면서 구매했는데 웬걸 너무 좋아요 병원가서 물리치료 받을 시간도 모자라 산건데 만족도100%입니다 ,7caa70bc0181,,980,프리미엄 엘보케어 팔꿈치 마사지기,149000,수량선택: 팔꿈치 마사지기 1개 (마그네슘 시너지 크림 1개 증정),반응형(내리뷰),5,,0,0,1,"안녕하세요. 프리미엄 헬스테크 브랜드, 슬룸입니다.
시간 내어 소중한 후기를 작성해 주셔서 감사드립니다. :)

믿고 찾는 쇼핑몰이 되기 위해 더 좋은 상품과 서비스를 준비하겠습니다.
감사합니다. 💜"
119765,2026-08-22 8:11,2026-08-20 12:43,2026-08-21 16:13,"경추 통증으로 수많은 베개를 바꾸며 수면의 질이 나아지지 않았는데 지인 추천으로 알게된 술룸 목 마사지 베개에 해답이 있었네요. 현재는 엘보.무릎 마사지 상품 구매 예정이며 아침이 달라지는 신세계를 선물 받은 기분이예요. 감사합니다~얏.호""",15e29f17a779,,909,목 마사지 베개 V2 경추 마사지기 베개,129000,수량선택: 목 마사지 베개 V2 1개 (목베개 1개 & 크림 1개 증정),모바일(상품리뷰),5,,1,0,1,"안녕하세요. 프리미엄 헬스테크 브랜드, 슬룸입니다.
시간 내어 소중한 후기를 작성해 주셔서 감사드립니다. :)

믿고 찾는 쇼핑몰이 되기 위해 더 좋은 상품과 서비스를 준비하겠습니다.
감사합니다. 💜"
119766,2026-08-22 8:13,2026-08-20 7:20,2026-08-21 16:07,"사용감 허리가 아주편하고 좋아요 강력 추천 합니다. 타사제품과 달리 작동시 부드러운 느낌이 확연히 다르게 나타남니다.
",8705a12ab648,,636,허리편한케어 V2 허리 마사지기,129000,수량선택: 허리편한케어 V2 1개 (요추벨트 1개 & 크림 1개 증정),반응형(내리뷰),5,,2,0,1,"안녕하세요. 프리미엄 헬스테크 브랜드, 슬룸입니다.
정성스럽게 올려주신 소중한 후기 감사합니다. 💜

고객님의 목소리로 더 발전하는 슬룸이 되도록 노력하겠습니다.
감사합니다. 🙇‍♀️"
119767,2026-08-22 11:59,2026-08-19 15:12,2026-08-21 16:09,"테니스엘보가 심해서 상품평 보고 구매했는데,
큰 기대는 안 했는데 써보니 시원하고 좋아요
무릎에도 쓸 수 있게 연장선도 구매했는데 잘 한거 같아요
만족해요~",899d71966c42,,980,프리미엄 엘보케어 팔꿈치 마사지기,149000,수량선택: 팔꿈치 마사지기 + 연장벨트 (시너지 크림 & 파우치 중형 1개 증정),반응형(내리뷰),5,,1,0,1,"안녕하세요. 프리미엄 헬스테크 브랜드, 슬룸입니다.
진심 어린 소중한 후기 감사합니다. 💜

앞으로도 좋은 상품과 서비스로 고객님들을 찾아뵐 수 있도록 노력하겠습니다.
감사합니다. :)"
119768,2026-08-22 6:08,2026-08-15 17:12,2026-08-20 20:17,잘 받았습니다 잘 사용 하겠습니다,,,909,목 마사지 베개 V2 경추 마사지기 베개,129000,수량선택: 목 마사지 베개 V2 1개,기존리뷰,4,,1,0,1,"안녕하세요. 프리미엄 헬스테크 브랜드, 슬룸입니다.
정성스럽게 올려주신 소중한 후기 감사합니다. 💜

고객님의 목소리로 더 발전하는 슬룸이 되도록 노력하겠습니다.
감사합니다. 🙇‍♀️"
119769,2026-08-22 11:14,2026-08-07 15:42,2026-08-11 18:48,허리가 아파서 사용해봤는데.. ㅡ,,,1045,[하알라x슬룸] ★2차★ 구독자 한정 최저가 비밀링크!,114900,수량선택: 허리편한케어V2 1개 + (증정)마그네슘 시너지 크림 1개,기존리뷰,3,,0,0,1,"안녕하세요. 프리미엄 헬스테크 브랜드, 슬룸입니다.
시간 내어 소중한 후기를 작성해 주셔서 감사드립니다. :)

믿고 찾는 쇼핑몰이 되기 위해 더 좋은 상품과 서비스를 준비하겠습니다.
감사합니다. 💜"
119770,2026-08-22 11:18,2026-08-14 16:13,2026-08-19 21:16,"평소 목디스크로 고생하는 동생에게 선물해 줬어요.
적응이 좀 필요하겠지만 싱뎐하고 좋다고 하네요.",,,909,목 마사지 베개 V2 경추 마사지기 베개,129000,수량선택: 목 마사지 베개 V2 1개,기존리뷰,5,,0,0,1,"안녕하세요. 프리미엄 헬스테크 브랜드, 슬룸입니다.
정성스럽게 올려주신 소중한 후기 감사합니다. 💜

고객님의 목소리로 더 발전하는 슬룸이 되도록 노력하겠습니다.
감사합니다. 🙇‍♀️"
119771,2026-08-22 11:29,2026-07-23 15:17,2026-07-25 16:08,귀찮아서 아직 안써봄...,,,1035,[애진X슬룸] ★단독 최대혜택★ 바디풀고컷 경락 마사지기,79900,수량선택: [68%] 바디풀고컷 1개 + 시너지 젤 2개 증정,기존리뷰,5,,0,0,1,"안녕하세요. 프리미엄 헬스테크 브랜드, 슬룸입니다.
시간 내어 소중한 후기를 작성해 주셔서 감사드립니다. :)

믿고 찾는 쇼핑몰이 되기 위해 더 좋은 상품과 서비스를 준비하겠습니다.
감사합니다. 💜"
119772,2026-08-22 11:45,2026-08-07 13:42,2026-08-08 16:11,목 늘어나는 느낌이라 좋았어요 침대서 계속 베고있어요,,,909,목 마사지 베개 V2 경추 마사지기 베개,129000,수량선택: 목 마사지 베개 V2 1개 (마그네슘 시너지 크림 1개 증정),기존리뷰,5,,1,0,1,"안녕하세요. 프리미엄 헬스테크 브랜드, 슬룸입니다.
진심 어린 소중한 후기 감사합니다. 💜

앞으로도 좋은 상품과 서비스로 고객님들을 찾아뵐 수 있도록 노력하겠습니다.
감사합니다. :)"
119773,2026-08-22 12:21,2026-08-17 13:19,2026-08-19 19:03,다좋은데 일부러 감는 줄을 짧게 했나요?,,,980,프리미엄 엘보케어 팔꿈치 마사지기,149000,수량선택: 팔꿈치 마사지기 1개 (마그네슘 시너지 크림 1개 증정),기존리뷰,5,,0,0,1,"안녕하세요. 프리미엄 헬스테크 브랜드, 슬룸입니다.
고객님께 만족스러운 경험을 드리지 못해 대단히 죄송합니다. 😥

리뷰로는 상세한 안내가 어려워, 자세한 내용 알림톡(문자) 발송 도와드렸으니 확인 부탁드리겠습니다.
추가로 궁금하신 점이 있으시거나 문자 확인하신 후에도 해결되지 않는 경우
번거로우시겠지만 슬룸 채팅 상담을 통해 연락 주시면 빠르게 안내 도와드리겠습니다.

▶ 슬룸 채팅 상담 (※ 월-금 09:30-17:00, 주말 및 공휴일 휴무)
http://sloom.channel.io/

고객님의 목소리로 더 발전하는 슬룸이 되도록 노력하겠습니다. 감사합니다."
119774,2026-08-22 12:53,2026-08-16 20:49,2026-08-19 18:56,다른 경추베개 쓸땐 결국 숨꺼져서 효과를 멋봤는데 이건 확실이 ㅁ목은 받쳐주긴 하네요 좋아용,,,909,목 마사지 베개 V2 경추 마사지기 베개,129000,수량선택: 목 마사지 베개 V2 1개,기존리뷰,5,,0,0,1,"안녕하세요. 프리미엄 헬스테크 브랜드, 슬룸입니다.
진심 어린 소중한 후기 감사합니다. 💜

앞으로도 좋은 상품과 서비스로 고객님들을 찾아뵐 수 있도록 노력하겠습니다.
감사합니다. :)"
119775,2026-08-22 13:21,2026-08-17 6:22,2026-08-19 21:11,높지않고 가벽대비 맛사지 기능이좋으네요,,,981,목 마사지 베개 V2 계절베개 목 집중 케어,129000,수량선택: 목 마사지 베개 V2 1개,기존리뷰,5,,0,0,1,"안녕하세요. 프리미엄 헬스테크 브랜드, 슬룸입니다.
정성스럽게 올려주신 소중한 후기 감사합니다. 💜

고객님의 목소리로 더 발전하는 슬룸이 되도록 노력하겠습니다.
감사합니다. 🙇‍♀️"
119776,2026-08-22 15:36,2026-08-17 18:04,2026-08-19 13:47,슬롬 제품은 두번째 구매인데 좋은거 같아요 거북목이라 교정이 필요해서 구매했어요잘때 베게로 사용해도 좋아요,,,909,목 마사지 베개 V2 경추 마사지기 베개,129000,수량선택: 목 마사지 베개 V2 2개,기존리뷰,5,,1,0,1,"안녕하세요. 프리미엄 헬스테크 브랜드, 슬룸입니다.
정성스럽게 올려주신 소중한 후기 감사합니다. 💜

고객님의 목소리로 더 발전하는 슬룸이 되도록 노력하겠습니다.
감사합니다. 🙇‍♀️"
119777,2026-08-22 16:02,2026-08-07 1:26,2026-08-08 16:10,5856465465484654654564,,,909,목 마사지 베개 V2 경추 마사지기 베개,129000,수량선택: 목 마사지 베개 V2 1개 (마그네슘 시너지 크림 1개 증정),기존리뷰,5,,0,0,1,"안녕하세요. 프리미엄 헬스테크 브랜드, 슬룸입니다.
시간 내어 소중한 후기를 작성해 주셔서 감사드립니다. :)

믿고 찾는 쇼핑몰이 되기 위해 더 좋은 상품과 서비스를 준비하겠습니다.
감사합니다. 💜"
119778,2026-08-22 16:03,2026-08-18 7:33,2026-08-19 13:50,큰 효과는 없네요 ㅜㅜ,,,909,목 마사지 베개 V2 경추 마사지기 베개,129000,수량선택: 목 마사지 베개 V2 1개,기존리뷰,3,,0,0,1,"안녕하세요 고객님, 프리미엄 헬스테크 브랜드, 슬룸입니다.
고객님께 만족스러운 경험을 드리지 못해 대단히 죄송합니다.😥

슬룸의 모든 제품은 인체공학적으로 설계되어 편안한 사용이 가능하나 초기 사용 시 1~2주 이상의 적응 기간이 필요할 수 있습니다. 
다만 수령하신 날짜 기준으로 30일 동안 꾸준히 사용해보시고도 만족하지 못하셨을 경우에는, 슬룸에서 진행하는 <100%환불이벤트> 에 참여하여 왕복배송비 제외 전액 환불이 가능합니다.

※ 제품을 30일간 꾸준히 사용한 경우, 배송완료 후 40일이내 신청이 가능
※ 환불 서비스는 첫 구매 체험을 위한 서비스로 1회만 신청 가능

▶ <100% 환불 이벤트> 상세 환불 조건 : https://sleeplab.co.kr/notice/?page=1#13709226_notice 

슬룸을 믿고 편하게 사용 및 체험해보시고, 그럼에도 만족하시지 못하셨을 경우 슬룸 공식몰의 채널톡을 통해 이벤트 기간 내 문의 주시면 환불 접수 도움드리겠습니다."
119779,2026-08-22 17:45,2026-08-20 20:14,2026-08-22 16:15,허리 아파서 샀는데 매우 만족합니다,,,1042,★선착순 증정 비밀링크★ 허리편한케어 허리 마사지기 V2,159000,수량선택: 허리편한케어 V2 1개 (코어 요추벨트 증정),기존리뷰,5,,0,0,1,"안녕하세요. 프리미엄 헬스테크 브랜드, 슬룸입니다.
시간 내어 소중한 후기를 작성해 주셔서 감사드립니다. :)

믿고 찾는 쇼핑몰이 되기 위해 더 좋은 상품과 서비스를 준비하겠습니다.
감사합니다. 💜"
119780,2026-08-22 18:30,2026-08-17 14:15,2026-08-19 17:30,충전기 안꽃으면 사용할수가없어요 휴대용으로 여기저기서 할수도없어요 광고에서 처럼 그런거 하나도없어요 완전 사기제품입니다,,,724,★최대할인 비밀링크★ 목베개 플러스 특가,69000,수량선택: 목베개 플러스 1개,기존리뷰,2,,1,0,1,"안녕하세요 고객님, 프리미엄 헬스테크 브랜드, 슬룸입니다.
고객님께 만족스러운 경험을 드리지 못해 대단히 죄송합니다.😥

슬룸의 모든 제품은 인체공학적으로 설계되어 편안한 사용이 가능하나 초기 사용 시 1~2주 이상의 적응 기간이 필요할 수 있습니다. 
다만 수령하신 날짜 기준으로 30일 동안 꾸준히 사용해보시고도 만족하지 못하셨을 경우에는, 슬룸에서 진행하는 <100%환불이벤트> 에 참여하여 왕복배송비 제외 전액 환불이 가능합니다.

※ 제품을 30일간 꾸준히 사용한 경우, 배송완료 후 40일이내 신청이 가능
※ 환불 서비스는 첫 구매 체험을 위한 서비스로 1회만 신청 가능

▶ <100% 환불 이벤트> 상세 환불 조건 : https://sleeplab.co.kr/notice/?page=1#13709226_notice 

슬룸을 믿고 편하게 사용 및 체험해보시고, 그럼에도 만족하시지 못하셨을 경우 슬룸 공식몰의 채널톡을 통해 이벤트 기간 내 문의 주시면 환불 접수 도움드리겠습니다."
119781,2026-08-22 19:19,2026-07-09 18:53,2026-07-11 16:11,편하게 잘쓰고있습니다.,,,909,목 마사지 베개 V2 경추 마사지기 베개,129000,수량선택: 목 마사지 베개 V2 1개,기존리뷰,5,,0,0,1,"안녕하세요. 프리미엄 헬스테크 브랜드, 슬룸입니다.
정성스럽게 올려주신 소중한 후기 감사합니다. 💜

고객님의 목소리로 더 발전하는 슬룸이 되도록 노력하겠습니다.
감사합니다. 🙇‍♀️"
119782,2026-08-22 23:07,2026-08-15 13:33,2026-08-19 16:13,아주 맘에들어요 크기가 조금 컸으면 하는 바램입니다!!,,,724,★최대할인 비밀링크★ 목베개 플러스 특가,69000,수량선택: 목베개 플러스 1개,기존리뷰,4,,0,0,1,"안녕하세요. 프리미엄 헬스테크 브랜드, 슬룸입니다.
진심 어린 소중한 후기 감사합니다. 💜

앞으로도 좋은 상품과 서비스로 고객님들을 찾아뵐 수 있도록 노력하겠습니다.
감사합니다. :)"
119783,2026-08-23 23:00,2026-08-11 21:26,2026-08-13 13:37,"잘쓰고있습니다~!  헬스 대충하다가 팔꿈치 얼얼했는데 일주일쉬면서 써보니까 확실히통증이 나아지는것같네요

개인적으로 팔꿈치 위에 감기는 찍찍이가 조금 잘떨어지는경향이 있는데 그것말고는 다좋습니다!",c3d21eb128e6,,980,프리미엄 엘보케어 팔꿈치 마사지기,149000,수량선택: 팔꿈치 마사지기 1개 (마그네슘 시너지 크림 1개 증정),모바일,5,,0,0,1,"안녕하세요. 프리미엄 헬스테크 브랜드, 슬룸입니다.
정성스럽게 올려주신 소중한 후기 감사합니다. 💜

고객님의 목소리로 더 발전하는 슬룸이 되도록 노력하겠습니다.
감사합니다. 🙇‍♀️"
119784,2026-08-23 7:22,2026-08-15 13:41,2026-08-21 5:45,"좀덮써봐야지 알겠지만 
우선 사용한 결과로는 
시원하고 유용합니다",,,724,★최대할인 비밀링크★ 목베개 플러스 특가,69000,수량선택: 목베개 플러스 1개,기존리뷰,4,,0,0,1,"안녕하세요. 프리미엄 헬스테크 브랜드, 슬룸입니다.
시간 내어 소중한 후기를 작성해 주셔서 감사드립니다. :)

믿고 찾는 쇼핑몰이 되기 위해 더 좋은 상품과 서비스를 준비하겠습니다.
감사합니다. 💜"
119785,2026-08-23 8:20,2026-08-15 20:55,2026-08-19 21:21,거북목에 좋을거 같아요. 편해요.,,,724,★최대할인 비밀링크★ 목베개 플러스 특가,69000,수량선택: 목베개 플러스 1개,기존리뷰,5,,0,0,1,"안녕하세요. 프리미엄 헬스테크 브랜드, 슬룸입니다.
정성스럽게 올려주신 소중한 후기 감사합니다. 💜

고객님의 목소리로 더 발전하는 슬룸이 되도록 노력하겠습니다.
감사합니다. 🙇‍♀️"
119786,2026-08-23 9:40,2026-07-24 20:28,2026-07-28 16:14,Ems가 특히 좋아요,,,746,[코어 강화 세트] 허리편한케어 V2 + 코어 요추벨트,188900,수량선택: 코어 강화 세트 (허리편한케어 V2 + 코어 요추벨트),기존리뷰,5,,0,0,1,"안녕하세요. 프리미엄 헬스테크 브랜드, 슬룸입니다.
정성스럽게 올려주신 소중한 후기 감사합니다. 💜

고객님의 목소리로 더 발전하는 슬룸이 되도록 노력하겠습니다.
감사합니다. 🙇‍♀️"
119787,2026-08-23 10:13,2026-08-14 20:07,2026-08-19 13:52,그다지 시원하다거나 좋다는 느낌은 못받았으나 온열이 되니 핫팩 한다는 기분으로 잠자기 전에 매일 하고 있어요,,,724,★최대할인 비밀링크★ 목베개 플러스 특가,69000,수량선택: 목베개 플러스 1개,기존리뷰,5,,1,0,1,"안녕하세요. 프리미엄 헬스테크 브랜드, 슬룸입니다.
시간 내어 소중한 후기를 작성해 주셔서 감사드립니다. :)

믿고 찾는 쇼핑몰이 되기 위해 더 좋은 상품과 서비스를 준비하겠습니다.
감사합니다. 💜"
119788,2026-08-23 10:34,2026-07-24 13:59,2026-07-25 18:36,목 마사기 너무 좋네요,,,1043,[슬룸 4차 진행!] 코이티비 구독자 전용 ★최저가★ 비밀링크,99000,수량선택: 목 마사지 베개 V2 1개,기존리뷰,5,,0,0,1,"안녕하세요. 프리미엄 헬스테크 브랜드, 슬룸입니다.
진심 어린 소중한 후기 감사합니다. 💜

앞으로도 좋은 상품과 서비스로 고객님들을 찾아뵐 수 있도록 노력하겠습니다.
감사합니다. :)"
119789,2026-08-23 11:14,2026-08-21 7:27,2026-08-22 18:38,남편이 허리 디스크 있어서 구매했는데 너무 좋아해요 저도 써봤는데. 너무 시원하고. 사용도 편리합니다. 강추!!,,,636,허리편한케어 V2 허리 마사지기,129000,수량선택: 허리편한케어 V2 1개 (시너지 크림 1개 증정),기존리뷰,5,,1,0,1,"안녕하세요. 프리미엄 헬스테크 브랜드, 슬룸입니다.
시간 내어 소중한 후기를 작성해 주셔서 감사드립니다. :)

믿고 찾는 쇼핑몰이 되기 위해 더 좋은 상품과 서비스를 준비하겠습니다.
감사합니다. 💜"
119790,2026-08-23 11:40,2026-08-18 20:38,2026-08-20 18:39,이전 버전이긴 해도 온열기능은 기본으로 적용되고 마시지와 에어가 번갈아 작동되어 기능상 만족해요. 따뜻하게 30분 하고 나면 개운해기도 합니다. 리모콘이 하나 있으면 좋을것도 같아요. 경추 부분은 에어 때문에 사그락 거리는 소리가 나 계속 배고 잘순 없는 것 같아요.,,,724,★최대할인 비밀링크★ 목베개 플러스 특가,69000,수량선택: 목베개 플러스 1개,기존리뷰,5,,1,0,1,"안녕하세요. 프리미엄 헬스테크 브랜드, 슬룸입니다.
정성스럽게 올려주신 소중한 후기 감사합니다. 💜

고객님의 목소리로 더 발전하는 슬룸이 되도록 노력하겠습니다.
감사합니다. 🙇‍♀️"
119791,2026-08-23 11:56,2026-08-20 20:08,2026-08-22 18:39,너무 시원하고 좋아요 자주 쓸거 같아요,,,1050,[로빈세끼 x 슬룸] 구독자 전용 ★최저가★ 비밀링크,99000,수량선택: ★로빈세끼 세트★ 목마사지베개V2 1개 + 발편한케어 L 1개 + (증정) 마그네슘 시너지 크림 1개 + (증정) 중형 파우치 1개,기존리뷰,5,,0,0,1,"안녕하세요. 프리미엄 헬스테크 브랜드, 슬룸입니다.
진심 어린 소중한 후기 감사합니다. 💜

앞으로도 좋은 상품과 서비스로 고객님들을 찾아뵐 수 있도록 노력하겠습니다.
감사합니다. :)"
119792,2026-08-23 12:39,2026-08-19 0:04,2026-08-20 18:40,"부모님이 목디스크 증상이 있는데
사용해보시더니 만족해하시네요^^",,,724,★최대할인 비밀링크★ 목베개 플러스 특가,69000,수량선택: 목베개 플러스 1개,기존리뷰,5,,0,0,1,"안녕하세요. 프리미엄 헬스테크 브랜드, 슬룸입니다.
정성스럽게 올려주신 소중한 후기 감사합니다. 💜

고객님의 목소리로 더 발전하는 슬룸이 되도록 노력하겠습니다.
감사합니다. 🙇‍♀️"
119793,2026-08-23 12:52,2026-08-20 9:08,2026-08-21 18:37,"찌릿찌릿~~전기 자극? 좋았습니다
온열도 되고 에어백도 되고 좋습니다
언니랑 같이 쓰려고 2개 샀어요
함께 잘 쓰고 있어요",,,980,프리미엄 엘보케어 팔꿈치 마사지기,149000,수량선택: 팔꿈치 마사지기 2개 (시너지 크림 & 파우치 중형 1개 증정),기존리뷰,5,,0,0,1,"안녕하세요. 프리미엄 헬스테크 브랜드, 슬룸입니다.
시간 내어 소중한 후기를 작성해 주셔서 감사드립니다. :)

믿고 찾는 쇼핑몰이 되기 위해 더 좋은 상품과 서비스를 준비하겠습니다.
감사합니다. 💜"
119794,2026-08-23 13:35,2026-08-18 14:47,2026-08-20 17:13,진동모드는 머리도 불편하고 귀에 시끄러워서 서용 못 하겠어요 ㅠㅠ 목 늘리는 모드는 괜찮긴힌데 약한 옆으로 당기는 느낌? 개개인 차이 있나 봐요.,,,909,목 마사지 베개 V2 경추 마사지기 베개,129000,수량선택: 목 마사지 베개 V2 1개 (목베개 1개 & 크림 1개 증정),기존리뷰,4,,1,0,1,"안녕하세요 고객님, 프리미엄 헬스테크 브랜드, 슬룸입니다.
고객님께 만족스러운 경험을 드리지 못해 대단히 죄송합니다.😥

슬룸의 모든 제품은 인체공학적으로 설계되어 편안한 사용이 가능하나 초기 사용 시 1~2주 이상의 적응 기간이 필요할 수 있습니다. 
다만 수령하신 날짜 기준으로 30일 동안 꾸준히 사용해보시고도 만족하지 못하셨을 경우에는, 슬룸에서 진행하는 <100%환불이벤트> 에 참여하여 왕복배송비 제외 전액 환불이 가능합니다.

※ 제품을 30일간 꾸준히 사용한 경우, 배송완료 후 40일이내 신청이 가능
※ 환불 서비스는 첫 구매 체험을 위한 서비스로 1회만 신청 가능

▶ <100% 환불 이벤트> 상세 환불 조건 : https://sleeplab.co.kr/notice/?page=1#13709226_notice 

슬룸을 믿고 편하게 사용 및 체험해보시고, 그럼에도 만족하시지 못하셨을 경우 슬룸 공식몰의 채널톡을 통해 이벤트 기간 내 문의 주시면 환불 접수 도움드리겠습니다."
119795,2026-08-23 17:04,2026-08-14 18:49,2026-08-20 20:16,잘 모르겠어요…..꾸준히 사용해보려구요,,,966,골반 케어 프리미엄 골반 마사지기,189000,수량선택: 골반 마사지기 1개,기존리뷰,3,,0,0,1,"안녕하세요 고객님, 프리미엄 헬스테크 브랜드, 슬룸입니다.
고객님께 만족스러운 경험을 드리지 못해 대단히 죄송합니다.😥

슬룸의 모든 제품은 인체공학적으로 설계되어 편안한 사용이 가능하나 초기 사용 시 1~2주 이상의 적응 기간이 필요할 수 있습니다. 
다만 수령하신 날짜 기준으로 30일 동안 꾸준히 사용해보시고도 만족하지 못하셨을 경우에는, 슬룸에서 진행하는 <100%환불이벤트> 에 참여하여 왕복배송비 제외 전액 환불이 가능합니다.

※ 제품을 30일간 꾸준히 사용한 경우, 배송완료 후 40일이내 신청이 가능
※ 환불 서비스는 첫 구매 체험을 위한 서비스로 1회만 신청 가능

▶ <100% 환불 이벤트> 상세 환불 조건 : https://sleeplab.co.kr/notice/?page=1#13709226_notice 

슬룸을 믿고 편하게 사용 및 체험해보시고, 그럼에도 만족하시지 못하셨을 경우 슬룸 공식몰의 채널톡을 통해 이벤트 기간 내 문의 주시면 환불 접수 도움드리겠습니다."
119796,2026-08-23 20:27,2026-08-20 6:16,2026-08-21 18:37,생각보단 별로네요!!,,,724,★최대할인 비밀링크★ 목베개 플러스 특가,69000,수량선택: 목베개 플러스 1개,기존리뷰,2,,0,0,1,"안녕하세요 고객님, 프리미엄 헬스테크 브랜드, 슬룸입니다.
고객님께 만족스러운 경험을 드리지 못해 대단히 죄송합니다.😥

슬룸의 모든 제품은 인체공학적으로 설계되어 편안한 사용이 가능하나 초기 사용 시 1~2주 이상의 적응 기간이 필요할 수 있습니다. 
다만 수령하신 날짜 기준으로 30일 동안 꾸준히 사용해보시고도 만족하지 못하셨을 경우에는, 슬룸에서 진행하는 <100%환불이벤트> 에 참여하여 왕복배송비 제외 전액 환불이 가능합니다.

※ 제품을 30일간 꾸준히 사용한 경우, 배송완료 후 40일이내 신청이 가능
※ 환불 서비스는 첫 구매 체험을 위한 서비스로 1회만 신청 가능

▶ <100% 환불 이벤트> 상세 환불 조건 : https://sleeplab.co.kr/notice/?page=1#13709226_notice 

슬룸을 믿고 편하게 사용 및 체험해보시고, 그럼에도 만족하시지 못하셨을 경우 슬룸 공식몰의 채널톡을 통해 이벤트 기간 내 문의 주시면 환불 접수 도움드리겠습니다."
119797,2026-08-23 21:17,2026-08-06 17:13,2026-08-08 16:12,배송이 빠르고 제품은 만족또 걍 평범한,,,1045,[하알라x슬룸] ★2차★ 구독자 한정 최저가 비밀링크!,114900,수량선택: ★하알라SET★ 허리편한케어V2 1개 + 목마사지베개V2 1개 + (증정)마그네슘 시너지 크림 1개 + (증정) 중형 파우치 1개,기존리뷰,5,,0,0,1,"안녕하세요. 프리미엄 헬스테크 브랜드, 슬룸입니다.
시간 내어 소중한 후기를 작성해 주셔서 감사드립니다. :)

믿고 찾는 쇼핑몰이 되기 위해 더 좋은 상품과 서비스를 준비하겠습니다.
감사합니다. 💜"
119798,2026-08-23 21:33,2026-08-20 11:32,2026-08-21 21:05,이틀사용하고 고장 판란불이 들어오고있는데 작동은멈추고 끄려고해도 꺼지지않고 있어요. 페이북에 올려서 구매하지말것을 올려야 겠군요.,,,909,목 마사지 베개 V2 경추 마사지기 베개,129000,수량선택: 목 마사지 베개 V2 1개 (목베개 1개 & 크림 1개 증정),기존리뷰,1,,0,0,1,"안녕하세요. 프리미엄 헬스테크 브랜드, 슬룸입니다.
고객님께 만족스러운 경험을 드리지 못해 대단히 죄송합니다. 😥

리뷰로는 상세한 안내가 어려워, 자세한 내용 알림톡(문자) 발송 도와드렸으니 확인 부탁드리겠습니다.
추가로 궁금하신 점이 있으시거나 문자 확인하신 후에도 해결되지 않는 경우
번거로우시겠지만 슬룸 채팅 상담을 통해 연락 주시면 빠르게 안내 도와드리겠습니다.

▶ 슬룸 채팅 상담 (※ 월-금 09:30-17:00, 주말 및 공휴일 휴무)
http://sloom.channel.io/

고객님의 목소리로 더 발전하는 슬룸이 되도록 노력하겠습니다. 감사합니다."
119799,2026-08-23 22:44,2026-08-17 23:15,2026-08-19 21:11,발 마사지가 생각보다 시원합니다 슬리퍼형이라 납작해서 휴대해서 여행가서도 써야겠어요,,,1050,[로빈세끼 x 슬룸] 구독자 전용 ★최저가★ 비밀링크,99000,수량선택: 발편한케어 L 1개 + (증정) 마그네슘 시너지 크림 1개,기존리뷰,5,,1,0,1,"안녕하세요. 프리미엄 헬스테크 브랜드, 슬룸입니다.
진심 어린 소중한 후기 감사합니다. 💜

앞으로도 좋은 상품과 서비스로 고객님들을 찾아뵐 수 있도록 노력하겠습니다.
감사합니다. :)"
119800,2026-08-23 23:05,2026-08-17 21:49,2026-08-19 19:00,누워서 할수있어서 편하네요,,,909,목 마사지 베개 V2 경추 마사지기 베개,129000,수량선택: 목 마사지 베개 V2 1개,기존리뷰,5,,1,0,1,"안녕하세요. 프리미엄 헬스테크 브랜드, 슬룸입니다.
진심 어린 소중한 후기 감사합니다. 💜

앞으로도 좋은 상품과 서비스로 고객님들을 찾아뵐 수 있도록 노력하겠습니다.
감사합니다. :)"
119801,2026-08-24 0:06,2026-08-21 9:48,2026-08-22 18:37,온열뜨근하고 마사지도좋아요~~~하나 좀아쉬운건 안마세기가 좀 약하다는거빼곤요,,,724,★최대할인 비밀링크★ 목베개 플러스 특가,69000,수량선택: 목베개 플러스 1개,기존리뷰,5,,0,0,1,"안녕하세요. 프리미엄 헬스테크 브랜드, 슬룸입니다.
정성스럽게 올려주신 소중한 후기 감사합니다. 💜

고객님의 목소리로 더 발전하는 슬룸이 되도록 노력하겠습니다.
감사합니다. 🙇‍♀️"
119802,2026-08-21 0:00,,,솔직히 말하면 처음엔 이게 뭔 베개야 싶었어요. 근데 에어백 켜는 순간 아 이거구나 했어요. 목이 살짝 들리면서 늘어나는 그 느낌이 진짜 신기한데 시원해요. 온열 기능이랑 같이 쓰면 더 깊이 풀리고요. 지금은 없으면 못 자요 진짜로.,a14a0dc8f4b4,,909,목 마사지 베개 V2 경추 마사지기 베개,129000,,기존리뷰,5,,0,0,1,"안녕하세요. 프리미엄 헬스테크 브랜드, 슬룸입니다.
시간 내어 소중한 후기를 작성해 주셔서 감사드립니다. :)

믿고 찾는 쇼핑몰이 되기 위해 더 좋은 상품과 서비스를 준비하겠습니다.
감사합니다. 💜"
119803,2026-08-16 0:00,,,퇴근하고 소파에 눕자마자 이거 켜는 게 일상이 됐어요. 직장인 특성상 하루 종일 모니터 보다 오면 목이 진짜 굳어있거든요. 에어백이 서서히 부풀면서 목을 잡아줄 때 그 순간이 하루 중 제일 시원한 것 같아요.,b04d152013c6,,909,목 마사지 베개 V2 경추 마사지기 베개,129000,,기존리뷰,5,,0,0,1,"안녕하세요. 프리미엄 헬스테크 브랜드, 슬룸입니다.
정성스럽게 올려주신 소중한 후기 감사합니다. 💜

고객님의 목소리로 더 발전하는 슬룸이 되도록 노력하겠습니다.
감사합니다. 🙇‍♀️"
119804,2026-08-17 0:00,,,생일 선물로 받았는데 이게 이렇게 실용적인 선물일 줄 몰랐어요. 받은 날 바로 써봤다가 그날부터 매일 쓰게 됐어요. 에어백이 목을 늘려줄 때 뭔가 내가 필요로 했던 케어다 싶었어요. 온열까지 켜면 완전 힐링.,1d59cf565a8d,,909,목 마사지 베개 V2 경추 마사지기 베개,129000,,기존리뷰,5,,0,0,1,"안녕하세요. 프리미엄 헬스테크 브랜드, 슬룸입니다.
진심 어린 소중한 후기 감사합니다. 💜

앞으로도 좋은 상품과 서비스로 고객님들을 찾아뵐 수 있도록 노력하겠습니다.
감사합니다. :)"
119805,2026-08-11 0:00,,,목 뭉침 때문에 두통이 자주 와서 고생했는데 이거 쓰면서 두통 오는 날이 줄었어요. 에어백이 목을 이완시켜줄 때 머리까지 시원해지는 느낌이에요. 온열이 혈액순환을 도와줘서 그런 것 같고요. 진짜 효과 있어요.,ab53dcc715b2,,909,목 마사지 베개 V2 경추 마사지기 베개,129000,,기존리뷰,5,,0,0,1,"안녕하세요. 프리미엄 헬스테크 브랜드, 슬룸입니다.
시간 내어 소중한 후기를 작성해 주셔서 감사드립니다. :)

믿고 찾는 쇼핑몰이 되기 위해 더 좋은 상품과 서비스를 준비하겠습니다.
감사합니다. 💜"
119806,2026-08-14 0:00,,,남자친구한테 추천받아서 샀는데 지금은 제가 더 애용하고 있어요ㅋㅋ 에어백 복합 모드로 쓰면 목이 여러 방향으로 자극받는 느낌이라 일반 모드랑 확실히 달라요. 온열 2단계가 딱 제 취향이에요.,6e2a35c7c7c5,,909,목 마사지 베개 V2 경추 마사지기 베개,129000,,기존리뷰,5,,0,0,1,"안녕하세요. 프리미엄 헬스테크 브랜드, 슬룸입니다.
정성스럽게 올려주신 소중한 후기 감사합니다. 💜

고객님의 목소리로 더 발전하는 슬룸이 되도록 노력하겠습니다.
감사합니다. 🙇‍♀️"
119807,2026-08-08 0:00,,,이거 처음 받았을 때 네이비 색이 너무 예뻐서 놀랐어요. 사진으로 봤을 때랑 실제로 봤을 때 느낌이 달라요. 기능도 디자인만큼 좋아요. 에어백이 목을 잡아줄 때 그 시원함이 진짜고요. 방에 두면 인테리어 소품 같기도 해요.,6fd78c3a2b20,,909,목 마사지 베개 V2 경추 마사지기 베개,129000,,기존리뷰,5,,0,0,1,"안녕하세요. 프리미엄 헬스테크 브랜드, 슬룸입니다.
진심 어린 소중한 후기 감사합니다. 💜

앞으로도 좋은 상품과 서비스로 고객님들을 찾아뵐 수 있도록 노력하겠습니다.
감사합니다. :)"
119809,2026-08-16 0:00,,,잠을 자도 개운하지 않은 날이 많았는데 이거 쓰기 시작하면서 달라졌어요. 자기 전에 에어백 마사지 하고 잠들면 자는 동안 자세가 안정되는 것 같아요. 아침에 일어날 때 목이 가벼운 게 확실히 달라요.,1294149f7a3e,,909,목 마사지 베개 V2 경추 마사지기 베개,129000,,기존리뷰,5,,0,0,1,"안녕하세요. 프리미엄 헬스테크 브랜드, 슬룸입니다.
진심 어린 소중한 후기 감사합니다. 💜

앞으로도 좋은 상품과 서비스로 고객님들을 찾아뵐 수 있도록 노력하겠습니다.
감사합니다. :)"
119810,2026-08-15 0:00,,,와 이거 진짜 대박이에요. 에어백이 목을 늘려줄 때 그 순간을 위해 매일 켜는 것 같아요ㅋㅋ 온열이랑 집중 진동 조합이 특히 시원하고요. 타이머 있어서 잠들어도 자동으로 꺼지는 것도 완벽해요.,dda5f1f84b48,,909,목 마사지 베개 V2 경추 마사지기 베개,129000,,기존리뷰,5,,0,0,1,"안녕하세요. 프리미엄 헬스테크 브랜드, 슬룸입니다.
정성스럽게 올려주신 소중한 후기 감사합니다. 💜

고객님의 목소리로 더 발전하는 슬룸이 되도록 노력하겠습니다.
감사합니다. 🙇‍♀️"
119811,2026-08-16 0:00,,,책상 앞에서 일하다 보면 목이 한쪽으로 기울어지는 버릇이 생겼는데 이거 쓰면서 교정이 되는 것 같아요. 에어백이 목 전체를 균형 있게 케어해줘서 한쪽으로 치우친 긴장이 풀려요. 온열이랑 진동 조합으로 매일 쓰고 있어요.,34b9714bcb88,,909,목 마사지 베개 V2 경추 마사지기 베개,129000,,기존리뷰,5,,0,0,1,"안녕하세요. 프리미엄 헬스테크 브랜드, 슬룸입니다.
시간 내어 소중한 후기를 작성해 주셔서 감사드립니다. :)

믿고 찾는 쇼핑몰이 되기 위해 더 좋은 상품과 서비스를 준비하겠습니다.
감사합니다. 💜"
119812,2026-08-24 0:00,,,임신 8개월인데 목이 너무 뻐근해서 이거 샀어요. 약을 못 먹으니까 이런 제품이 진짜 필요했거든요. 에어백 제일 약한 강도로 쓰는데도 충분히 시원해요. 온열은 1단계만 써요. 릴렉스 진동으로 자기 전에 쓰면 잠도 잘 와요.,f34ed9f0f425,,909,목 마사지 베개 V2 경추 마사지기 베개,129000,,기존리뷰,5,,0,0,1,"안녕하세요. 프리미엄 헬스테크 브랜드, 슬룸입니다.
시간 내어 소중한 후기를 작성해 주셔서 감사드립니다. :)

믿고 찾는 쇼핑몰이 되기 위해 더 좋은 상품과 서비스를 준비하겠습니다.
감사합니다. 💜"
119813,2026-08-21 0:00,,,드디어 장문 후기 남겨요. 구매한 지 두 달 됐어요. 처음엔 에어백 느낌이 어색해서 계속 쓸 수 있을까 걱정했는데 일주일 만에 적응됐어요. 지금은 이 느낌 없으면 허전해요. 온열이랑 진동 조합으로 매일 쓰는 중이에요.,b293a6ef2d02,,909,목 마사지 베개 V2 경추 마사지기 베개,129000,,기존리뷰,5,,0,0,1,"안녕하세요. 프리미엄 헬스테크 브랜드, 슬룸입니다.
진심 어린 소중한 후기 감사합니다. 💜

앞으로도 좋은 상품과 서비스로 고객님들을 찾아뵐 수 있도록 노력하겠습니다.
감사합니다. :)"
119814,2026-08-17 0:00,,,목이 잘 뭉치는 체질인지 이거 매일 쓰는데도 계속 효과가 있어요. 에어백이 그날그날 굳은 목을 풀어줘서 누적이 안 되는 것 같아요. 온열이랑 진동 같이 켜면 짧은 시간에도 확실히 이완돼요.,1fe523c5e1ec,,909,목 마사지 베개 V2 경추 마사지기 베개,129000,,기존리뷰,5,,0,0,1,"안녕하세요. 프리미엄 헬스테크 브랜드, 슬룸입니다.
정성스럽게 올려주신 소중한 후기 감사합니다. 💜

고객님의 목소리로 더 발전하는 슬룸이 되도록 노력하겠습니다.
감사합니다. 🙇‍♀️"
119815,2026-08-02 0:00,,,이거 처음 써봤을 때 옆에 있던 남편이 신기해서 자기도 해보겠다고 했는데 지금은 남편이 더 자주 써요ㅋㅋ 그래서 하나 더 샀어요. 에어백 느낌이 중독성 있다고 하더라고요.,e6b7ed0e4829,,909,목 마사지 베개 V2 경추 마사지기 베개,129000,,기존리뷰,5,,0,0,1,"안녕하세요. 프리미엄 헬스테크 브랜드, 슬룸입니다.
진심 어린 소중한 후기 감사합니다. 💜

앞으로도 좋은 상품과 서비스로 고객님들을 찾아뵐 수 있도록 노력하겠습니다.
감사합니다. :)"
119816,2026-08-06 0:00,,,공황장애가 있는데 긴장하면 목이 제일 먼저 굳어요. 이거 쓰면 목이랑 마음이 같이 이완되는 느낌이에요. 에어백이 목을 천천히 늘려줄 때 심호흡이랑 같이 하면 더 효과적인 것 같아요. 릴렉스 진동 모드가 특히 좋아요.,fd2f62c48808,,909,목 마사지 베개 V2 경추 마사지기 베개,129000,,기존리뷰,3,,0,0,1,"안녕하세요. 프리미엄 헬스테크 브랜드, 슬룸입니다.
정성스럽게 올려주신 소중한 후기 감사합니다. 💜

고객님의 목소리로 더 발전하는 슬룸이 되도록 노력하겠습니다.
감사합니다. 🙇‍♀️"
119817,2026-08-14 0:00,,,어깨 수술 후 재활 중인데 목까지 연결되어 아팠는데 이거 쓰면서 관리하고 있어요. 에어백 제일 약한 강도로 시작해서 조금씩 올리고 있어요. 온열이 따뜻하게 감싸줘서 회복에 도움이 되는 것 같아요.,19e3b54f98c5,,909,목 마사지 베개 V2 경추 마사지기 베개,129000,,기존리뷰,4,,0,0,1,"안녕하세요. 프리미엄 헬스테크 브랜드, 슬룸입니다.
진심 어린 소중한 후기 감사합니다. 💜

앞으로도 좋은 상품과 서비스로 고객님들을 찾아뵐 수 있도록 노력하겠습니다.
감사합니다. :)"
119818,2026-08-09 0:00,,,이거 쓰기 전이랑 후가 너무 달라서 주변 사람들한테 막 추천하고 다녔어요. 처음 두 명 추천했는데 둘 다 좋다고 해서 지금은 다섯 명한테 추천했어요. 에어백이 목을 이완시켜줄 때 그 시원함이 말로 표현이 안 돼요.,84a287c97650,,909,목 마사지 베개 V2 경추 마사지기 베개,129000,,기존리뷰,5,,0,0,1,"안녕하세요. 프리미엄 헬스테크 브랜드, 슬룸입니다.
진심 어린 소중한 후기 감사합니다. 💜

앞으로도 좋은 상품과 서비스로 고객님들을 찾아뵐 수 있도록 노력하겠습니다.
감사합니다. :)"
119819,2026-08-03 0:00,,,웹툰 그리면서 목이 너무 안 좋아졌는데 마감 때마다 이거 덕분에 버티고 있어요. 에어백이 그림 작업으로 굳은 목을 빠르게 풀어줘서 다시 작업할 에너지가 생겨요. 온열이랑 진동 조합이 짧은 시간에도 효과적이에요.,cc7ef5048085,,909,목 마사지 베개 V2 경추 마사지기 베개,129000,,기존리뷰,5,,0,0,1,"안녕하세요. 프리미엄 헬스테크 브랜드, 슬룸입니다.
시간 내어 소중한 후기를 작성해 주셔서 감사드립니다. :)

믿고 찾는 쇼핑몰이 되기 위해 더 좋은 상품과 서비스를 준비하겠습니다.
감사합니다. 💜"
119820,2026-08-03 0:00,,,PT 받으면서 트레이너가 목 관리도 같이 하면 좋겠다고 해서 샀는데 운동 효과가 달라진 것 같아요. 에어백이 목 정렬을 잡아줘서 운동할 때 자세가 좋아지는 것 같고요. 꾸준히 병행하고 있어요.,044fc1a1736e,,909,목 마사지 베개 V2 경추 마사지기 베개,129000,,기존리뷰,5,,0,0,1,"안녕하세요. 프리미엄 헬스테크 브랜드, 슬룸입니다.
진심 어린 소중한 후기 감사합니다. 💜

앞으로도 좋은 상품과 서비스로 고객님들을 찾아뵐 수 있도록 노력하겠습니다.
감사합니다. :)"
119821,2026-08-04 0:00,,,"이거 받고 나서 일주일 동안 매일 다른 모드 조합으로 테스트해봤어요ㅋㅋ 에어백 복합 모드에 온열 2단계, 진동 집중 모드 조합이 제일 시원하더라고요. 이제 이 조합으로 고정해서 쓰고 있어요.",1c033004710d,,909,목 마사지 베개 V2 경추 마사지기 베개,129000,,기존리뷰,5,,0,0,1,"안녕하세요. 프리미엄 헬스테크 브랜드, 슬룸입니다.
시간 내어 소중한 후기를 작성해 주셔서 감사드립니다. :)

믿고 찾는 쇼핑몰이 되기 위해 더 좋은 상품과 서비스를 준비하겠습니다.
감사합니다. 💜"
119822,2026-08-13 0:00,,,수능 준비하는 아이한테 사줬는데 너무 좋아해요. 공부하면서 목이 자주 뭉쳤는데 이거 쓰면서 관리된다고 해요. 에어백이 공부로 굳은 목을 빠르게 풀어줘서 좋다고 하더라고요. 타이머 있어서 자다 꺼져도 괜찮다고 해요.,3f46f5ec9b98,,909,목 마사지 베개 V2 경추 마사지기 베개,129000,,기존리뷰,5,,0,0,1,"안녕하세요. 프리미엄 헬스테크 브랜드, 슬룸입니다.
정성스럽게 올려주신 소중한 후기 감사합니다. 💜

고객님의 목소리로 더 발전하는 슬룸이 되도록 노력하겠습니다.
감사합니다. 🙇‍♀️"
119823,2026-08-21 0:00,,,"처음엔 타이머가 15분뿐이라 짧다 싶었는데 써보니까 딱 적당해요. 15분이면 충분히 이완이 되거든요. 에어백이랑 온열, 진동 조합으로 15분 쓰면 목이 개운해지는 게 확실히 느껴져요.",98efa598aedf,,909,목 마사지 베개 V2 경추 마사지기 베개,129000,,기존리뷰,5,,0,0,1,"안녕하세요. 프리미엄 헬스테크 브랜드, 슬룸입니다.
정성스럽게 올려주신 소중한 후기 감사합니다. 💜

고객님의 목소리로 더 발전하는 슬룸이 되도록 노력하겠습니다.
감사합니다. 🙇‍♀️"
119824,2026-08-04 0:00,,,주변에서 다들 좋다고 해서 궁금했는데 직접 써보니 왜 그런지 알겠어요. 에어백이 목을 늘려줄 때 그 느낌이 단순 진동이랑 완전히 달라요. 온열이 더해지면 근육이 이완되는 속도도 달라지고요. 꾸준히 쓸 것 같아요.,021e7e87aa5c,,909,목 마사지 베개 V2 경추 마사지기 베개,129000,,기존리뷰,4,,0,0,1,"안녕하세요. 프리미엄 헬스테크 브랜드, 슬룸입니다.
정성스럽게 올려주신 소중한 후기 감사합니다. 💜

고객님의 목소리로 더 발전하는 슬룸이 되도록 노력하겠습니다.
감사합니다. 🙇‍♀️"
119825,2026-08-15 0:00,,,결혼 10주년 선물로 받았는데 이렇게 센스 있는 선물은 처음이에요. 에어백이 목을 이완시켜줄 때 처음엔 어색했는데 이제는 없으면 허전해요. 온열이랑 진동 같이 켜면 마사지샵 수준이에요.,45337e620293,,909,목 마사지 베개 V2 경추 마사지기 베개,129000,,기존리뷰,5,,0,0,1,"안녕하세요. 프리미엄 헬스테크 브랜드, 슬룸입니다.
시간 내어 소중한 후기를 작성해 주셔서 감사드립니다. :)

믿고 찾는 쇼핑몰이 되기 위해 더 좋은 상품과 서비스를 준비하겠습니다.
감사합니다. 💜"
119826,2026-08-17 0:00,,,이거 sns에서 자꾸 뜨길래 궁금해서 샀는데 역시 자꾸 뜨는 데는 이유가 있더라고요. 에어백이 목을 잡아당겨줄 때 그 시원함이 진짜예요. 온열이랑 진동 조합으로 매일 쓰는 루틴이 생겼어요.,3781f434b212,,909,목 마사지 베개 V2 경추 마사지기 베개,129000,,기존리뷰,4,,0,0,1,"안녕하세요. 프리미엄 헬스테크 브랜드, 슬룸입니다.
정성스럽게 올려주신 소중한 후기 감사합니다. 💜

고객님의 목소리로 더 발전하는 슬룸이 되도록 노력하겠습니다.
감사합니다. 🙇‍♀️"
119828,2026-08-24 0:00,,,헬스 트레이너인데 하루 종일 운동 지도하면서 목에 부담이 많이 가요. 이거 퇴근 후에 쓰면 살아나는 느낌이에요. 에어백이 직업적으로 굳은 목을 빠르게 이완시켜줘서 다음 날 또 버틸 수 있어요.,76f4fc3c3f0a,,909,목 마사지 베개 V2 경추 마사지기 베개,129000,,기존리뷰,5,,0,0,1,"안녕하세요. 프리미엄 헬스테크 브랜드, 슬룸입니다.
정성스럽게 올려주신 소중한 후기 감사합니다. 💜

고객님의 목소리로 더 발전하는 슬룸이 되도록 노력하겠습니다.
감사합니다. 🙇‍♀️"
119829,2026-08-21 0:00,,,목이 안 좋아진 지 5년이 넘었는데 이거 쓰면서 처음으로 제대로 관리하게 됐어요. 에어백이 오래된 뭉침을 조금씩 이완시켜줘서 꾸준히 쓰면 달라지더라고요. 온열이랑 진동 조합으로 매일 쓰고 있어요.,d04875128ef2,,909,목 마사지 베개 V2 경추 마사지기 베개,129000,,기존리뷰,4,,0,0,1,"안녕하세요. 프리미엄 헬스테크 브랜드, 슬룸입니다.
정성스럽게 올려주신 소중한 후기 감사합니다. 💜

고객님의 목소리로 더 발전하는 슬룸이 되도록 노력하겠습니다.
감사합니다. 🙇‍♀️"
119830,2026-08-08 0:00,,,"온라인 쇼핑몰 운영하면서 사진 편집, 디자인 하다 보면 목이 진짜 심하게 굳어요. 마감 시즌에 특히 더 심한데 이거 없었으면 어쩔 뻔 했을까 싶어요. 에어백이 작업으로 굳은 목을 빠르게 풀어줘서 도움이 많이 돼요.",1d70ddcc6f83,,909,목 마사지 베개 V2 경추 마사지기 베개,129000,,기존리뷰,3,,0,0,1,"안녕하세요. 프리미엄 헬스테크 브랜드, 슬룸입니다.
정성스럽게 올려주신 소중한 후기 감사합니다. 💜

고객님의 목소리로 더 발전하는 슬룸이 되도록 노력하겠습니다.
감사합니다. 🙇‍♀️"
119831,2026-08-09 0:00,,,동생이 먼저 쓰던 걸 빌려 써봤다가 바로 주문했어요. 에어백이 목을 늘려줄 때 그 느낌에 빠졌거든요. 온열이랑 진동 같이 켜면 힐링 그 자체예요. 동생이 돌려달라고 하는데 제 거 먼저 와야 드릴 것 같아요ㅋㅋ,ebcbdbb1aba3,,909,목 마사지 베개 V2 경추 마사지기 베개,129000,,기존리뷰,4,,0,0,1,"안녕하세요. 프리미엄 헬스테크 브랜드, 슬룸입니다.
진심 어린 소중한 후기 감사합니다. 💜

앞으로도 좋은 상품과 서비스로 고객님들을 찾아뵐 수 있도록 노력하겠습니다.
감사합니다. :)"
119832,2026-08-15 0:00,,,"이거 쓰다가 잠들어서 타이머 덕분에 자동으로 꺼진 걸 아침에 알았는데 처음엔 놀랐다가 나중엔 이 기능이 너무 고마운 거예요ㅋㅋ 에어백이랑 온열, 진동 조합으로 15분 쓰면 목이 충분히 이완돼요.",43d596685069,,909,목 마사지 베개 V2 경추 마사지기 베개,129000,,기존리뷰,5,,0,0,1,"안녕하세요. 프리미엄 헬스테크 브랜드, 슬룸입니다.
정성스럽게 올려주신 소중한 후기 감사합니다. 💜

고객님의 목소리로 더 발전하는 슬룸이 되도록 노력하겠습니다.
감사합니다. 🙇‍♀️"
119834,2026-08-16 0:00,,,직업이 간호사라 12시간 근무하면서 목이 진짜 힘든데 퇴근하고 이거 쓰면 살아나는 느낌이에요. 에어백이 하루 동안 쌓인 긴장을 빠르게 풀어줘서 내일 또 버틸 수 있는 것 같아요.,4fc869946d52,,909,목 마사지 베개 V2 경추 마사지기 베개,129000,,기존리뷰,4,,0,0,1,"안녕하세요. 프리미엄 헬스테크 브랜드, 슬룸입니다.
시간 내어 소중한 후기를 작성해 주셔서 감사드립니다. :)

믿고 찾는 쇼핑몰이 되기 위해 더 좋은 상품과 서비스를 준비하겠습니다.
감사합니다. 💜"
119835,2026-08-09 0:00,,,이거 처음 썼을 때 가족들 다 불러서 보여줬어요ㅋㅋ 에어백이 목을 들어 올릴 때 외부에서 보면 신기한가봐요. 근데 그 느낌이 진짜 시원해서 이제 매일 써요. 온열이랑 진동까지 켜면 완전 힐링이에요.,be34efec29c5,,909,목 마사지 베개 V2 경추 마사지기 베개,129000,,기존리뷰,5,,0,0,1,"안녕하세요. 프리미엄 헬스테크 브랜드, 슬룸입니다.
시간 내어 소중한 후기를 작성해 주셔서 감사드립니다. :)

믿고 찾는 쇼핑몰이 되기 위해 더 좋은 상품과 서비스를 준비하겠습니다.
감사합니다. 💜"
119836,2026-08-18 0:00,,,이거 쓰기 시작하면서 파스 붙이는 날이 확 줄었어요. 에어백이 목을 직접 케어해줘서 파스보다 훨씬 효과적인 것 같아요. 온열이 찜질 역할도 해줘서 피부 자극 없이 케어할 수 있어서 좋아요.,d3af65606d34,,909,목 마사지 베개 V2 경추 마사지기 베개,129000,,기존리뷰,5,,0,0,1,"안녕하세요. 프리미엄 헬스테크 브랜드, 슬룸입니다.
정성스럽게 올려주신 소중한 후기 감사합니다. 💜

고객님의 목소리로 더 발전하는 슬룸이 되도록 노력하겠습니다.
감사합니다. 🙇‍♀️"
119837,2026-08-17 0:00,,,마라톤 동호회 다니는데 장거리 달리기 후에 목이 뻐근한 게 고민이었는데 이거 쓰면서 해결됐어요. 에어백이 운동 후 뭉친 목을 빠르게 이완시켜줘서 회복이 달라요. 온열이랑 집중 진동 조합이 특히 좋아요.,8e489a94f4e8,,909,목 마사지 베개 V2 경추 마사지기 베개,129000,,기존리뷰,5,,0,0,1,"안녕하세요. 프리미엄 헬스테크 브랜드, 슬룸입니다.
진심 어린 소중한 후기 감사합니다. 💜

앞으로도 좋은 상품과 서비스로 고객님들을 찾아뵐 수 있도록 노력하겠습니다.
감사합니다. :)"
119838,2026-08-03 0:00,,,회사에서 프레젠테이션 많이 하는 편인데 발표 끝나고 긴장 풀릴 때 목이 제일 뻐근해요. 집에 오면 바로 이거 켜는 게 루틴이 됐어요. 에어백이 긴장으로 굳은 목을 빠르게 이완시켜줘요.,24ffd184b2bc,,909,목 마사지 베개 V2 경추 마사지기 베개,129000,,기존리뷰,5,,0,0,1,"안녕하세요. 프리미엄 헬스테크 브랜드, 슬룸입니다.
진심 어린 소중한 후기 감사합니다. 💜

앞으로도 좋은 상품과 서비스로 고객님들을 찾아뵐 수 있도록 노력하겠습니다.
감사합니다. :)"
119842,2026-08-21 0:00,,,처음에 에어백 강도가 약하다 싶었는데 릴렉스 모드에서 복합 모드로 올리니까 딱이더라고요. 온열은 항상 2단계로 고정하고 진동은 그날 컨디션에 맞게 바꿔요. 이렇게 커스텀할 수 있는 게 좋아요.,8f7a9294949c,,909,목 마사지 베개 V2 경추 마사지기 베개,129000,,기존리뷰,5,,0,0,1,"안녕하세요. 프리미엄 헬스테크 브랜드, 슬룸입니다.
정성스럽게 올려주신 소중한 후기 감사합니다. 💜

고객님의 목소리로 더 발전하는 슬룸이 되도록 노력하겠습니다.
감사합니다. 🙇‍♀️"
119843,2026-08-06 0:00,,,목 디스크 초기 진단 받고 집에서 케어하라고 해서 샀어요. 에어백이 견인 치료랑 비슷한 느낌이라 병행하기 좋더라고요. 강도 조절 가능한 게 특히 좋고요. 꾸준히 쓰면서 관리하고 있어요.,59fde11bf710,,909,목 마사지 베개 V2 경추 마사지기 베개,129000,,기존리뷰,5,,0,0,1,"안녕하세요. 프리미엄 헬스테크 브랜드, 슬룸입니다.
시간 내어 소중한 후기를 작성해 주셔서 감사드립니다. :)

믿고 찾는 쇼핑몰이 되기 위해 더 좋은 상품과 서비스를 준비하겠습니다.
감사합니다. 💜"
119845,2026-08-21 0:00,,,40대 후반인데 목 주름이 생기기 싫어서 관리 시작했어요. 에어백이 목을 자연스럽게 늘려줘서 피부 탄력에도 좋을 것 같아요. 온열이 따뜻하게 감싸줘서 혈액순환도 되는 것 같고요. 일석이조예요.,647dc526f807,,909,목 마사지 베개 V2 경추 마사지기 베개,129000,,기존리뷰,5,,0,0,1,"안녕하세요. 프리미엄 헬스테크 브랜드, 슬룸입니다.
진심 어린 소중한 후기 감사합니다. 💜

앞으로도 좋은 상품과 서비스로 고객님들을 찾아뵐 수 있도록 노력하겠습니다.
감사합니다. :)"
119846,2026-08-22 0:00,,,"처음 사용하는 분들께 팁 드리자면 처음엔 기본 모드로 시작하는 게 좋아요. 에어백 느낌에 익숙해지고 나서 릴렉스, 복합 모드 순으로 올리면 무리 없이 쓸 수 있어요. 저도 그렇게 해서 지금은 복합 모드로 잘 쓰고 있어요.",232152f4f1b4,,909,목 마사지 베개 V2 경추 마사지기 베개,129000,,기존리뷰,3,,0,0,1,"안녕하세요. 프리미엄 헬스테크 브랜드, 슬룸입니다.
정성스럽게 올려주신 소중한 후기 감사합니다. 💜

고객님의 목소리로 더 발전하는 슬룸이 되도록 노력하겠습니다.
감사합니다. 🙇‍♀️"
119847,2026-08-11 0:00,,,드디어 목 관리 시작했어요. 계속 미루다가 통증이 심해져서 이거 샀는데 왜 진작에 안 했을까 싶어요. 에어백이 목을 이완시켜줄 때 아 이게 필요했던 케어구나 싶었어요. 온열이랑 진동 조합으로 매일 쓰고 있어요.,60a0a7d8d81e,,909,목 마사지 베개 V2 경추 마사지기 베개,129000,,기존리뷰,4,,0,0,1,"안녕하세요. 프리미엄 헬스테크 브랜드, 슬룸입니다.
진심 어린 소중한 후기 감사합니다. 💜

앞으로도 좋은 상품과 서비스로 고객님들을 찾아뵐 수 있도록 노력하겠습니다.
감사합니다. :)"
119848,2026-08-24 0:00,,,남편이랑 같이 쓰려고 샀는데 사실상 제 것이 됐어요ㅋㅋ 에어백이 목을 잡아당겨줄 때 그 느낌에 빠져서 매일 쓰게 됐거든요. 결국 하나 더 사줬어요. 온열이랑 진동 조합이 특히 좋아요.,6be600303019,,909,목 마사지 베개 V2 경추 마사지기 베개,129000,,기존리뷰,4,,0,0,1,"안녕하세요. 프리미엄 헬스테크 브랜드, 슬룸입니다.
시간 내어 소중한 후기를 작성해 주셔서 감사드립니다. :)

믿고 찾는 쇼핑몰이 되기 위해 더 좋은 상품과 서비스를 준비하겠습니다.
감사합니다. 💜"
119850,2026-08-16 0:00,,,목 뭉침이 어깨까지 내려오는 편인데 이거 쓰면 목이랑 어깨가 같이 풀리는 느낌이에요. 에어백이 목을 이완시켜줄 때 연결된 어깨 긴장도 해소되는 것 같아요. 온열이랑 진동 조합이 짧은 시간에도 효과적이에요.,221191493cae,,909,목 마사지 베개 V2 경추 마사지기 베개,129000,,기존리뷰,5,,0,0,1,"안녕하세요. 프리미엄 헬스테크 브랜드, 슬룸입니다.
진심 어린 소중한 후기 감사합니다. 💜

앞으로도 좋은 상품과 서비스로 고객님들을 찾아뵐 수 있도록 노력하겠습니다.
감사합니다. :)"
119851,2026-08-16 0:00,,,처음엔 비싸다 싶었는데 두 달 쓰고 나서는 오히려 더 일찍 살걸 하는 생각이 들어요. 마사지샵 두 번 가는 비용으로 매일 집에서 쓸 수 있으니까요. 에어백이 목을 케어하는 방식이 진짜 달라요.,b2c3dba858da,,909,목 마사지 베개 V2 경추 마사지기 베개,129000,,기존리뷰,5,,0,0,1,"안녕하세요. 프리미엄 헬스테크 브랜드, 슬룸입니다.
시간 내어 소중한 후기를 작성해 주셔서 감사드립니다. :)

믿고 찾는 쇼핑몰이 되기 위해 더 좋은 상품과 서비스를 준비하겠습니다.
감사합니다. 💜"
119852,2026-08-22 0:00,,,밤에 자기 전에 이거 켜고 유튜브 보다가 잠드는 게 일상이에요. 타이머가 알아서 꺼줘서 전혀 걱정 없어요. 에어백이 목을 이완시켜줄 때 하루의 긴장이 풀리는 느낌이에요. 온열이랑 릴렉스 진동 조합이 수면 유도에 최고예요.,eaebc14bcbf3,,909,목 마사지 베개 V2 경추 마사지기 베개,129000,,기존리뷰,5,,0,0,1,"안녕하세요. 프리미엄 헬스테크 브랜드, 슬룸입니다.
진심 어린 소중한 후기 감사합니다. 💜

앞으로도 좋은 상품과 서비스로 고객님들을 찾아뵐 수 있도록 노력하겠습니다.
감사합니다. :)"
119853,2026-08-15 0:00,,,"처음에 모드 조절이 복잡해 보였는데 써보면서 금방 파악했어요. 에어백, 온열, 진동 각각 독립적으로 조절할 수 있어서 다양한 조합을 써볼 수 있어요. 저는 에어백 릴렉스에 온열 2단계, 진동 집중 조합이 제 취향이에요.",b9558aee8536,,909,목 마사지 베개 V2 경추 마사지기 베개,129000,,기존리뷰,5,,0,0,1,"안녕하세요. 프리미엄 헬스테크 브랜드, 슬룸입니다.
시간 내어 소중한 후기를 작성해 주셔서 감사드립니다. :)

믿고 찾는 쇼핑몰이 되기 위해 더 좋은 상품과 서비스를 준비하겠습니다.
감사합니다. 💜"
119854,2026-08-15 0:00,,,스트레스받으면 목이 제일 먼저 반응하는 체질인데 이거 쓰면 스트레스랑 목 뭉침이 같이 풀려요. 에어백이 목을 천천히 이완시켜줄 때 긴장이 해소되는 느낌이에요. 온열이랑 릴렉스 진동 조합이 심신 안정에 최고예요.,0eae8bdf14b7,,909,목 마사지 베개 V2 경추 마사지기 베개,129000,,기존리뷰,5,,0,0,1,"안녕하세요. 프리미엄 헬스테크 브랜드, 슬룸입니다.
정성스럽게 올려주신 소중한 후기 감사합니다. 💜

고객님의 목소리로 더 발전하는 슬룸이 되도록 노력하겠습니다.
감사합니다. 🙇‍♀️"
119855,2026-08-07 0:00,,,"이거 선물로 주면 무조건 좋아해요. 부모님, 친구, 직장 동료 선물로 여러 번 샀는데 다들 극찬이에요. 에어백이 목을 케어하는 방식이 특별해서 써보면 바로 알거든요. 온열이랑 진동 조합도 좋고요.",24e2fd3891a4,,909,목 마사지 베개 V2 경추 마사지기 베개,129000,,기존리뷰,5,,0,0,1,"안녕하세요. 프리미엄 헬스테크 브랜드, 슬룸입니다.
정성스럽게 올려주신 소중한 후기 감사합니다. 💜

고객님의 목소리로 더 발전하는 슬룸이 되도록 노력하겠습니다.
감사합니다. 🙇‍♀️"
119856,2026-08-22 0:00,,,무릎 수술 후 재활하면서 목까지 케어가 필요해서 샀어요. 에어백 강도 낮게 해서 부드럽게 쓰는데도 효과가 있어요. 온열이 따뜻하게 감싸줘서 근육 회복에 도움이 되는 것 같아요. 릴렉스 진동 모드로 안전하게 쓰고 있어요.,c781c2d5f09b,,909,목 마사지 베개 V2 경추 마사지기 베개,129000,,기존리뷰,5,,0,0,1,"안녕하세요. 프리미엄 헬스테크 브랜드, 슬룸입니다.
정성스럽게 올려주신 소중한 후기 감사합니다. 💜

고객님의 목소리로 더 발전하는 슬룸이 되도록 노력하겠습니다.
감사합니다. 🙇‍♀️"
119857,2026-08-02 0:00,,,이거 사기 전에 유사 제품이랑 한참 비교했는데 에어백 기능 때문에 이걸로 결정했어요. 실제로 목이 늘어나는 게 느껴지는 제품은 이게 처음이에요. 단순 진동이랑은 차원이 달라요. 꾸준히 쓸 것 같아요.,9a0ae8e2837c,,909,목 마사지 베개 V2 경추 마사지기 베개,129000,,기존리뷰,4,,0,0,1,"안녕하세요. 프리미엄 헬스테크 브랜드, 슬룸입니다.
정성스럽게 올려주신 소중한 후기 감사합니다. 💜

고객님의 목소리로 더 발전하는 슬룸이 되도록 노력하겠습니다.
감사합니다. 🙇‍♀️"
119858,2026-08-23 0:00,,,원예 작업 하다 보면 허리랑 목이 같이 뻐근한데 이거 쓰면 목 부분이 시원하게 풀려요. 에어백이 야외 작업 후 굳은 목을 빠르게 이완시켜줘요. 온열이 따뜻하게 감싸줘서 야외에서 굳은 근육도 빨리 풀려요.,71b43a14d943,,909,목 마사지 베개 V2 경추 마사지기 베개,129000,,기존리뷰,5,,0,0,1,"안녕하세요. 프리미엄 헬스테크 브랜드, 슬룸입니다.
시간 내어 소중한 후기를 작성해 주셔서 감사드립니다. :)

믿고 찾는 쇼핑몰이 되기 위해 더 좋은 상품과 서비스를 준비하겠습니다.
감사합니다. 💜"
119860,2026-08-24 0:00,,,이거 안 썼으면 진짜 어땠을까 싶을 정도로 없으면 허전해요. 에어백이 목을 이완시켜줄 때 그 시원함에 빠진 지 오래됐어요. 온열이랑 진동 조합으로 매일 쓰는 게 루틴이 됐고 목 상태가 달라진 게 느껴져요.,38bc9b89898f,,909,목 마사지 베개 V2 경추 마사지기 베개,129000,,기존리뷰,5,,0,0,1,"안녕하세요. 프리미엄 헬스테크 브랜드, 슬룸입니다.
진심 어린 소중한 후기 감사합니다. 💜

앞으로도 좋은 상품과 서비스로 고객님들을 찾아뵐 수 있도록 노력하겠습니다.
감사합니다. :)"
119861,2026-08-11 0:00,,,가족 중에 제일 먼저 샀는데 지금은 온 가족이 쓰고 싶어해서 추가 구매 고민 중이에요ㅋㅋ 에어백이 목을 늘려줄 때 그 느낌이 중독성 있어서 다들 쓰고 싶어해요. 온열이랑 진동 조합도 다들 좋아하고요.,c996c5c20ee4,,909,목 마사지 베개 V2 경추 마사지기 베개,129000,,기존리뷰,5,,0,0,1,"안녕하세요. 프리미엄 헬스테크 브랜드, 슬룸입니다.
진심 어린 소중한 후기 감사합니다. 💜

앞으로도 좋은 상품과 서비스로 고객님들을 찾아뵐 수 있도록 노력하겠습니다.
감사합니다. :)"
119862,2026-08-03 0:00,,,요즘 유행하는 웰니스 제품 중에 이게 제일 실용적인 것 같아요. 에어백이 목을 직접 케어해줘서 전문적인 관리가 집에서 가능해요. 온열이랑 진동 조합으로 매일 쓰는 루틴이 생겼고 달라지는 게 느껴져요.,8b18e08d9c50,,909,목 마사지 베개 V2 경추 마사지기 베개,129000,,기존리뷰,5,,0,0,1,"안녕하세요. 프리미엄 헬스테크 브랜드, 슬룸입니다.
진심 어린 소중한 후기 감사합니다. 💜

앞으로도 좋은 상품과 서비스로 고객님들을 찾아뵐 수 있도록 노력하겠습니다.
감사합니다. :)"
119863,2026-08-10 0:00,,,처음 써본 날 에어백이 부풀면서 목이 올라가는 느낌에 소리를 질렀어요ㅋㅋㅋ 너무 신기해서요. 근데 그게 시원한 거더라고요. 지금은 매일 이 느낌을 기다리게 됐어요. 온열이랑 진동까지 켜면 완전 힐링이에요.,77c4a1cac8ba,,909,목 마사지 베개 V2 경추 마사지기 베개,129000,,기존리뷰,5,,0,0,1,"안녕하세요. 프리미엄 헬스테크 브랜드, 슬룸입니다.
진심 어린 소중한 후기 감사합니다. 💜

앞으로도 좋은 상품과 서비스로 고객님들을 찾아뵐 수 있도록 노력하겠습니다.
감사합니다. :)"
119864,2026-08-19 0:00,,,업무 특성상 한쪽으로 전화하는 시간이 길어서 목 한쪽이 더 뭉치는 편인데 이거 쓰면 균형 있게 풀려요. 에어백이 목 전체를 고르게 케어해줘서 한쪽으로 쏠린 긴장이 이완돼요. 온열이랑 진동 조합이 효과적이에요.,31ad9e7d6bd5,,909,목 마사지 베개 V2 경추 마사지기 베개,129000,,기존리뷰,3,,0,0,1,"안녕하세요. 프리미엄 헬스테크 브랜드, 슬룸입니다.
정성스럽게 올려주신 소중한 후기 감사합니다. 💜

고객님의 목소리로 더 발전하는 슬룸이 되도록 노력하겠습니다.
감사합니다. 🙇‍♀️"
119865,2026-08-04 0:00,,,어머니 칠순 선물로 사드렸는데 너무 좋아하세요. 매일 챙겨 쓰신다고 해요. 에어백이 목을 늘려줄 때 시원하다고 하시고 온열이 따뜻해서 특히 좋으신가봐요. 타이머 있어서 자다 꺼져도 안심된다고 하세요.,4557c5090133,,909,목 마사지 베개 V2 경추 마사지기 베개,129000,,기존리뷰,5,,0,0,1,"안녕하세요. 프리미엄 헬스테크 브랜드, 슬룸입니다.
정성스럽게 올려주신 소중한 후기 감사합니다. 💜

고객님의 목소리로 더 발전하는 슬룸이 되도록 노력하겠습니다.
감사합니다. 🙇‍♀️"
119866,2026-08-15 0:00,,,이거 사고 나서 찜질방 가는 횟수가 줄었어요. 온열이 찜질방 느낌을 내줘서 집에서 해결되거든요. 에어백이 목을 직접 케어해주는 게 더해지면 찜질방보다 오히려 더 효과적인 것 같아요.,448d5e743664,,909,목 마사지 베개 V2 경추 마사지기 베개,129000,,기존리뷰,3,,0,0,1,"안녕하세요. 프리미엄 헬스테크 브랜드, 슬룸입니다.
시간 내어 소중한 후기를 작성해 주셔서 감사드립니다. :)

믿고 찾는 쇼핑몰이 되기 위해 더 좋은 상품과 서비스를 준비하겠습니다.
감사합니다. 💜"
119867,2026-08-21 0:00,,,처음엔 이게 베개야 마사지기야 싶었는데 둘 다예요ㅋㅋ 마사지 받고 그대로 잠들면 자세가 유지되는 게 포인트예요. 에어백이 목을 이완시켜준 상태로 잠들면 자는 동안도 편안해요. C커브가 목을 자연스럽게 받쳐줘서 좋아요.,0ce4d2292828,,909,목 마사지 베개 V2 경추 마사지기 베개,129000,,기존리뷰,4,,0,0,1,"안녕하세요. 프리미엄 헬스테크 브랜드, 슬룸입니다.
시간 내어 소중한 후기를 작성해 주셔서 감사드립니다. :)

믿고 찾는 쇼핑몰이 되기 위해 더 좋은 상품과 서비스를 준비하겠습니다.
감사합니다. 💜"
119868,2026-08-22 0:00,,,피부과 레이저 시술 후 목 쪽 피부가 예민해져서 파스 못 붙이는 상황에서 이거로 케어했어요. 피부 자극 없이 관리할 수 있어서 딱 필요했어요. 에어백이 직접 목을 케어해줘서 파스보다 효과적이기도 해요.,7e5faba98855,,909,목 마사지 베개 V2 경추 마사지기 베개,129000,,기존리뷰,5,,0,0,1,"안녕하세요. 프리미엄 헬스테크 브랜드, 슬룸입니다.
시간 내어 소중한 후기를 작성해 주셔서 감사드립니다. :)

믿고 찾는 쇼핑몰이 되기 위해 더 좋은 상품과 서비스를 준비하겠습니다.
감사합니다. 💜"
119869,2026-08-21 0:00,,,퇴직하고 나서 시간이 많아졌는데 건강 관리 시작하면서 이거 샀어요. 에어백이 목을 이완시켜줄 때 그 시원함이 진짜 필요했던 케어예요. 온열이랑 진동 조합으로 매일 쓰는 루틴이 생겼고 몸이 달라지는 게 느껴져요.,fc33b62ba13a,,909,목 마사지 베개 V2 경추 마사지기 베개,129000,,기존리뷰,5,,0,0,1,"안녕하세요. 프리미엄 헬스테크 브랜드, 슬룸입니다.
진심 어린 소중한 후기 감사합니다. 💜

앞으로도 좋은 상품과 서비스로 고객님들을 찾아뵐 수 있도록 노력하겠습니다.
감사합니다. :)"
119870,2026-08-02 0:00,,,남편 생일 선물로 사줬는데 처음엔 이게 뭐야 했다가 지금은 매일 먼저 챙겨 쓰더라고요ㅋㅋ 에어백 느낌이 중독성 있다고 해요. 온열이랑 진동 조합도 좋다고 하고요.,c11f8ab745c0,,909,목 마사지 베개 V2 경추 마사지기 베개,129000,,기존리뷰,5,,0,0,1,"안녕하세요. 프리미엄 헬스테크 브랜드, 슬룸입니다.
시간 내어 소중한 후기를 작성해 주셔서 감사드립니다. :)

믿고 찾는 쇼핑몰이 되기 위해 더 좋은 상품과 서비스를 준비하겠습니다.
감사합니다. 💜"
119871,2026-08-16 0:00,,,이거 쓰면서 목 관리가 이렇게 쉬운 거였나 싶었어요. 에어백 켜고 누우면 되니까요. 온열이랑 진동까지 켜면 완전 케어가 되고 타이머가 알아서 꺼줘서 자도 걱정 없어요.,a38e71aeda79,,909,목 마사지 베개 V2 경추 마사지기 베개,129000,,기존리뷰,5,,0,0,1,"안녕하세요. 프리미엄 헬스테크 브랜드, 슬룸입니다.
시간 내어 소중한 후기를 작성해 주셔서 감사드립니다. :)

믿고 찾는 쇼핑몰이 되기 위해 더 좋은 상품과 서비스를 준비하겠습니다.
감사합니다. 💜"
119872,2026-08-02 0:00,,,등산 자주 가는데 무거운 배낭 메다 보면 목이 뻐근한데 하산하고 이거 쓰면 빠르게 풀려요. 에어백이 배낭 무게로 굳은 목을 부드럽게 이완시켜줘요. 온열이랑 진동 같이 쓰면 피로 회복이 달라요.,a22eece85009,,909,목 마사지 베개 V2 경추 마사지기 베개,129000,,기존리뷰,5,,0,0,1,"안녕하세요. 프리미엄 헬스테크 브랜드, 슬룸입니다.
시간 내어 소중한 후기를 작성해 주셔서 감사드립니다. :)

믿고 찾는 쇼핑몰이 되기 위해 더 좋은 상품과 서비스를 준비하겠습니다.
감사합니다. 💜"
119873,2026-08-15 0:00,,,"이거 쓰다가 잠든 적이 여러 번인데 타이머 덕분에 항상 꺼져있어요. 처음엔 잠드는 게 미안했는데ㅋㅋ 지금은 이 기능이 진짜 고마워요. 에어백이랑 온열, 진동 조합으로 15분 쓰면 충분하고요.",6c8927a1306c,,909,목 마사지 베개 V2 경추 마사지기 베개,129000,,기존리뷰,5,,0,0,1,"안녕하세요. 프리미엄 헬스테크 브랜드, 슬룸입니다.
시간 내어 소중한 후기를 작성해 주셔서 감사드립니다. :)

믿고 찾는 쇼핑몰이 되기 위해 더 좋은 상품과 서비스를 준비하겠습니다.
감사합니다. 💜"
119874,2026-08-18 0:00,,,처음 써본 날 바로 리뷰 쓰고 싶었는데 더 써보고 남기자 싶어서 한 달 기다렸어요. 한 달 쓰고 나서 말씀드리는데 진짜 효과 있어요. 에어백이 굳어있던 근육을 조금씩 이완시켜줘서 유연해지는 게 느껴져요.,e24615581a10,,909,목 마사지 베개 V2 경추 마사지기 베개,129000,,기존리뷰,5,,0,0,1,"안녕하세요. 프리미엄 헬스테크 브랜드, 슬룸입니다.
정성스럽게 올려주신 소중한 후기 감사합니다. 💜

고객님의 목소리로 더 발전하는 슬룸이 되도록 노력하겠습니다.
감사합니다. 🙇‍♀️"
119875,2026-08-09 0:00,,,자주 비행기 타는 편인데 장거리 비행 후 목이 뻐근한 게 고민이었는데 이거 챙겨 다니면서 해결했어요. 무선이라 호텔에서도 꺼내 쓸 수 있어서 좋아요. 에어백이 이동으로 굳은 목을 빠르게 풀어줘요.,bb1546c5cd0c,,909,목 마사지 베개 V2 경추 마사지기 베개,129000,,기존리뷰,5,,0,0,1,"안녕하세요. 프리미엄 헬스테크 브랜드, 슬룸입니다.
진심 어린 소중한 후기 감사합니다. 💜

앞으로도 좋은 상품과 서비스로 고객님들을 찾아뵐 수 있도록 노력하겠습니다.
감사합니다. :)"
119876,2026-08-23 0:00,,,의자 자세가 안 좋아서 목에 부담이 많이 갔는데 이거 쓰면서 교정이 되는 것 같아요. 에어백이 목을 자연스럽게 정렬해줘서 자세가 조금씩 좋아지는 것 같아요. 온열이랑 진동 조합으로 매일 쓰고 있어요.,d0d59f45fc4b,,909,목 마사지 베개 V2 경추 마사지기 베개,129000,,기존리뷰,5,,0,0,1,"안녕하세요. 프리미엄 헬스테크 브랜드, 슬룸입니다.
시간 내어 소중한 후기를 작성해 주셔서 감사드립니다. :)

믿고 찾는 쇼핑몰이 되기 위해 더 좋은 상품과 서비스를 준비하겠습니다.
감사합니다. 💜"
119877,2026-08-18 0:00,,,작가 지망생인데 글 쓰다 보면 목이 진짜 심하게 굳어요. 이거 없었으면 어쩔 뻔 했을까 싶어요. 에어백이 글 작업으로 굳은 목을 빠르게 이완시켜줘서 다시 글 쓸 에너지가 생겨요. 온열이랑 진동 조합이 짧은 시간에도 효과적이에요.,d061e500392b,,909,목 마사지 베개 V2 경추 마사지기 베개,129000,,기존리뷰,5,,0,0,1,"안녕하세요. 프리미엄 헬스테크 브랜드, 슬룸입니다.
진심 어린 소중한 후기 감사합니다. 💜

앞으로도 좋은 상품과 서비스로 고객님들을 찾아뵐 수 있도록 노력하겠습니다.
감사합니다. :)"
119878,2026-08-18 0:00,,,이거 처음 받았을 때 포장이 예쁘게 돼 있어서 선물 받는 기분이었어요. 네이비 색도 예상보다 훨씬 고급스럽고요. 에어백이 목을 이완시켜줄 때 처음엔 어색했는데 이제는 이 느낌 없으면 허전해요.,22adea2601d5,,909,목 마사지 베개 V2 경추 마사지기 베개,129000,,기존리뷰,5,,0,0,1,"안녕하세요. 프리미엄 헬스테크 브랜드, 슬룸입니다.
시간 내어 소중한 후기를 작성해 주셔서 감사드립니다. :)

믿고 찾는 쇼핑몰이 되기 위해 더 좋은 상품과 서비스를 준비하겠습니다.
감사합니다. 💜"
119880,2026-08-23 0:00,,,이거 처음 써본 날 남편한테 강추했고 다음 날 친구한테 강추했어요. 에어백이 목을 이완시켜줄 때 그 시원함이 말로 표현이 안 될 정도예요. 온열이랑 진동 같이 켜면 마사지샵 수준이에요.,f0577bc89bc9,,909,목 마사지 베개 V2 경추 마사지기 베개,129000,,기존리뷰,5,,0,0,1,"안녕하세요. 프리미엄 헬스테크 브랜드, 슬룸입니다.
진심 어린 소중한 후기 감사합니다. 💜

앞으로도 좋은 상품과 서비스로 고객님들을 찾아뵐 수 있도록 노력하겠습니다.
감사합니다. :)"
119881,2026-08-05 0:00,,,낚시 자주 가는데 오래 앉아 같은 자세로 있다 보면 목이 굳어버려요. 이거 낚시 후에 쓰면 빠르게 풀려요. 에어백이 목을 부드럽게 이완시켜줘서 효과가 바로 느껴져요. 무선이라 캠핑장에서도 꺼내 쓸 수 있어서 좋아요.,3f6f467cac7b,,909,목 마사지 베개 V2 경추 마사지기 베개,129000,,기존리뷰,5,,0,0,1,"안녕하세요. 프리미엄 헬스테크 브랜드, 슬룸입니다.
정성스럽게 올려주신 소중한 후기 감사합니다. 💜

고객님의 목소리로 더 발전하는 슬룸이 되도록 노력하겠습니다.
감사합니다. 🙇‍♀️"
119882,2026-08-11 0:00,,,"처음엔 에어백 강도가 강하게 느껴져서 기본 모드로만 쓰다가 지금은 복합 모드로 편하게 써요. 익숙해지면서 강도를 올렸는데 지금이 딱 맞아요. 온열 2단계, 진동 집중 모드 조합이 제 취향이에요.",0df50aeb790a,,909,목 마사지 베개 V2 경추 마사지기 베개,129000,,기존리뷰,5,,0,0,1,"안녕하세요. 프리미엄 헬스테크 브랜드, 슬룸입니다.
진심 어린 소중한 후기 감사합니다. 💜

앞으로도 좋은 상품과 서비스로 고객님들을 찾아뵐 수 있도록 노력하겠습니다.
감사합니다. :)"
119883,2026-08-03 0:00,,,이거 쓰기 시작하면서 아침에 일어날 때가 달라졌어요. 예전엔 목이 뻐근해서 개운하지 않았는데 지금은 훨씬 가벼워요. 자기 전에 에어백 마사지 하고 잠들면 자는 동안 자세가 유지되는 것 같아요.,cbe1bc96f422,,909,목 마사지 베개 V2 경추 마사지기 베개,129000,,기존리뷰,3,,0,0,1,"안녕하세요. 프리미엄 헬스테크 브랜드, 슬룸입니다.
정성스럽게 올려주신 소중한 후기 감사합니다. 💜

고객님의 목소리로 더 발전하는 슬룸이 되도록 노력하겠습니다.
감사합니다. 🙇‍♀️"
119884,2026-08-15 0:00,,,회식 자리에서 이거 얘기했다가 다들 관심 가져서 5명이 같이 구매했어요ㅋㅋ 에어백이 목을 케어하는 방식이 독특해서 써보면 바로 알거든요. 온열이랑 진동 조합도 다들 좋아했어요.,98682771d7dc,,909,목 마사지 베개 V2 경추 마사지기 베개,129000,,기존리뷰,5,,0,0,1,"안녕하세요. 프리미엄 헬스테크 브랜드, 슬룸입니다.
시간 내어 소중한 후기를 작성해 주셔서 감사드립니다. :)

믿고 찾는 쇼핑몰이 되기 위해 더 좋은 상품과 서비스를 준비하겠습니다.
감사합니다. 💜"
119885,2026-08-03 0:00,,,수면 부족이 심한 편인데 이거 쓰면서 수면 질이 좋아진 것 같아요. 자기 전에 에어백 마사지 하고 잠들면 숙면을 취하는 날이 늘었어요. 온열이랑 릴렉스 진동 조합이 수면 유도에 진짜 효과적이에요.,baff8091081e,,909,목 마사지 베개 V2 경추 마사지기 베개,129000,,기존리뷰,5,,0,0,1,"안녕하세요. 프리미엄 헬스테크 브랜드, 슬룸입니다.
진심 어린 소중한 후기 감사합니다. 💜

앞으로도 좋은 상품과 서비스로 고객님들을 찾아뵐 수 있도록 노력하겠습니다.
감사합니다. :)"
119886,2026-08-21 0:00,,,이거 써보고 나서 왜 이렇게 인기 있는지 완전히 이해했어요. 에어백이 목을 실제로 늘려주는 게 느껴지는 제품은 이게 처음이거든요. 단순 진동이랑은 차원이 달라요. 온열이 더해지면 근육 이완 속도도 달라지고요.,eca9d225654c,,909,목 마사지 베개 V2 경추 마사지기 베개,129000,,기존리뷰,5,,0,0,1,"안녕하세요. 프리미엄 헬스테크 브랜드, 슬룸입니다.
시간 내어 소중한 후기를 작성해 주셔서 감사드립니다. :)

믿고 찾는 쇼핑몰이 되기 위해 더 좋은 상품과 서비스를 준비하겠습니다.
감사합니다. 💜"
119887,2026-08-06 0:00,,,처음에 이게 베개인지 마사지기인지 헷갈렸는데 써보니까 둘 다예요ㅋㅋ 에어백 마사지 받고 그대로 잠들면 C커브가 목을 받쳐줘서 자세가 유지돼요. 온열이랑 릴렉스 진동 켜면 잠드는 것도 빨라지고요.,ce980ebdf7f0,,909,목 마사지 베개 V2 경추 마사지기 베개,129000,,기존리뷰,5,,0,0,1,"안녕하세요. 프리미엄 헬스테크 브랜드, 슬룸입니다.
정성스럽게 올려주신 소중한 후기 감사합니다. 💜

고객님의 목소리로 더 발전하는 슬룸이 되도록 노력하겠습니다.
감사합니다. 🙇‍♀️"
119888,2026-08-11 0:00,,,이거 진짜 추천해요. 말로는 표현이 안 되는데 에어백이 목을 늘려줄 때 그 느낌이 진짜 달라요. 온열이랑 진동 같이 켜면 더 효과적이에요. 타이머 있어서 자도 걱정 없고 무선이라 어디서든 쓸 수 있어서 최고예요.,90e095a8dfa5,,909,목 마사지 베개 V2 경추 마사지기 베개,129000,,기존리뷰,4,,0,0,1,"안녕하세요. 프리미엄 헬스테크 브랜드, 슬룸입니다.
시간 내어 소중한 후기를 작성해 주셔서 감사드립니다. :)

믿고 찾는 쇼핑몰이 되기 위해 더 좋은 상품과 서비스를 준비하겠습니다.
감사합니다. 💜"
119889,2026-08-18 0:00,,,사용한 지 넉 달이 됐는데 이제 없으면 정말 못 살 것 같아요. 에어백이 목을 잡아당겨줄 때 그 시원함에 완전히 빠졌거든요. 온열이랑 진동 조합으로 매일 쓰는 게 루틴이 됐고 목 상태가 달라진 게 확실히 느껴져요.,d906e57c27b2,,909,목 마사지 베개 V2 경추 마사지기 베개,129000,,기존리뷰,5,,0,0,1,"안녕하세요. 프리미엄 헬스테크 브랜드, 슬룸입니다.
진심 어린 소중한 후기 감사합니다. 💜

앞으로도 좋은 상품과 서비스로 고객님들을 찾아뵐 수 있도록 노력하겠습니다.
감사합니다. :)"
119890,2026-08-01 0:00,,,이거 받은 날 바로 언박싱하면서 써봤어요. 에어백이 처음 부풀 때 목이 자연스럽게 들리는 느낌이 신기했어요. 온열 켜니까 따뜻하게 감싸지고 진동까지 켜면 완전 힐링이에요. 타이머 있어서 잠들어도 자동으로 꺼지는 것도 완벽해요.,def6264f1f2f,,909,목 마사지 베개 V2 경추 마사지기 베개,129000,,기존리뷰,5,,0,0,1,"안녕하세요. 프리미엄 헬스테크 브랜드, 슬룸입니다.
진심 어린 소중한 후기 감사합니다. 💜

앞으로도 좋은 상품과 서비스로 고객님들을 찾아뵐 수 있도록 노력하겠습니다.
감사합니다. :)"
119891,2026-08-06 0:00,,,유튜브 추천으로 알게 됐는데 바로 주문했어요. 에어백이 목을 늘려줄 때 단순 진동이랑은 차원이 다른 느낌이에요. 온열이랑 집중 진동 조합이 특히 시원하고요. 꾸준히 쓰면 달라지는 게 느껴져요.,ba5b44043daa,,909,목 마사지 베개 V2 경추 마사지기 베개,129000,,기존리뷰,3,,0,0,1,"안녕하세요. 프리미엄 헬스테크 브랜드, 슬룸입니다.
진심 어린 소중한 후기 감사합니다. 💜

앞으로도 좋은 상품과 서비스로 고객님들을 찾아뵐 수 있도록 노력하겠습니다.
감사합니다. :)"
119892,2026-08-19 0:00,,,처음 써봤을 때 이게 뭐지 싶었다가 시원해서 눈이 커졌어요ㅋㅋ 에어백이 목을 잡아당겨줄 때 그 느낌이 중독성 있어요. 온열이랑 진동 같이 켜면 마사지받는 기분이에요. 타이머 있어서 자도 안심이에요.,82017dd345f0,,909,목 마사지 베개 V2 경추 마사지기 베개,129000,,기존리뷰,5,,0,0,1,"안녕하세요. 프리미엄 헬스테크 브랜드, 슬룸입니다.
시간 내어 소중한 후기를 작성해 주셔서 감사드립니다. :)

믿고 찾는 쇼핑몰이 되기 위해 더 좋은 상품과 서비스를 준비하겠습니다.
감사합니다. 💜"
119893,2026-08-20 0:00,,,직장 동료 추천으로 샀는데 역시 믿을 수 있는 추천이었어요. 에어백이 목을 이완시켜줄 때 그 시원함이 말로 표현이 안 돼요. 온열이랑 진동 조합으로 매일 쓰는 루틴이 생겼어요.,781bfd7c27e2,,909,목 마사지 베개 V2 경추 마사지기 베개,129000,,기존리뷰,4,,0,0,1,"안녕하세요. 프리미엄 헬스테크 브랜드, 슬룸입니다.
진심 어린 소중한 후기 감사합니다. 💜

앞으로도 좋은 상품과 서비스로 고객님들을 찾아뵐 수 있도록 노력하겠습니다.
감사합니다. :)"
119894,2026-08-11 0:00,,,처음엔 베개 모양이 특이하다 싶었는데 이 모양이 있어야 하는 이유가 있더라고요. 에어백이 목을 들어 올릴 때 C커브가 목을 자연스럽게 받쳐줘서 시원함이 배가 돼요. 온열이랑 진동까지 켜면 완벽한 케어예요.,d0e85c7a464c,,909,목 마사지 베개 V2 경추 마사지기 베개,129000,,기존리뷰,5,,0,0,1,"안녕하세요. 프리미엄 헬스테크 브랜드, 슬룸입니다.
정성스럽게 올려주신 소중한 후기 감사합니다. 💜

고객님의 목소리로 더 발전하는 슬룸이 되도록 노력하겠습니다.
감사합니다. 🙇‍♀️"
119895,2026-08-06 0:00,,,이거 쓰면서 목 관리가 이렇게 쉬웠나 싶었어요. 에어백 켜고 누우면 되니까요. 온열이랑 진동까지 켜면 완전 풀코스 케어가 되고 타이머가 알아서 꺼줘서 자도 걱정 없어요.,611b0dd2fd5d,,909,목 마사지 베개 V2 경추 마사지기 베개,129000,,기존리뷰,4,,0,0,1,"안녕하세요. 프리미엄 헬스테크 브랜드, 슬룸입니다.
시간 내어 소중한 후기를 작성해 주셔서 감사드립니다. :)

믿고 찾는 쇼핑몰이 되기 위해 더 좋은 상품과 서비스를 준비하겠습니다.
감사합니다. 💜"
119896,2026-08-23 0:00,,,두 달 장기 사용 후기예요. 처음이랑 지금이랑 목 상태가 달라진 게 확실히 느껴져요. 에어백이 굳어있던 근육을 조금씩 이완시켜줘서 꾸준히 쓰면 달라지더라고요. 온열이랑 진동 조합으로 매일 15분씩 쓰는 게 루틴이 됐어요.,ba5a97ebb8a2,,909,목 마사지 베개 V2 경추 마사지기 베개,129000,,기존리뷰,3,,0,0,1,"안녕하세요. 프리미엄 헬스테크 브랜드, 슬룸입니다.
진심 어린 소중한 후기 감사합니다. 💜

앞으로도 좋은 상품과 서비스로 고객님들을 찾아뵐 수 있도록 노력하겠습니다.
감사합니다. :)"
119897,2026-08-22 0:00,,,이거 쓰기 전이랑 후가 달라서 주변 다섯 명한테 추천했어요. 에어백이 목을 잡아당겨줄 때 그 시원함이 진짜 필요했던 케어예요. 온열이랑 진동 같이 켜면 마사지샵 수준이에요.,f9e3ad58cede,,909,목 마사지 베개 V2 경추 마사지기 베개,129000,,기존리뷰,4,,0,0,1,"안녕하세요. 프리미엄 헬스테크 브랜드, 슬룸입니다.
진심 어린 소중한 후기 감사합니다. 💜

앞으로도 좋은 상품과 서비스로 고객님들을 찾아뵐 수 있도록 노력하겠습니다.
감사합니다. :)"
119898,2026-08-21 0:00,,,처음 받았을 때 네이비 색이 너무 예뻐서 놀랐어요. 기능도 디자인만큼 좋아요. 에어백이 목을 이완시켜줄 때 그 시원함이 진짜예요. 온열이랑 진동 같이 켜면 힐링 그 자체예요.,26d5ff28ba5c,,909,목 마사지 베개 V2 경추 마사지기 베개,129000,,기존리뷰,5,,0,0,1,"안녕하세요. 프리미엄 헬스테크 브랜드, 슬룸입니다.
진심 어린 소중한 후기 감사합니다. 💜

앞으로도 좋은 상품과 서비스로 고객님들을 찾아뵐 수 있도록 노력하겠습니다.
감사합니다. :)"
119899,2026-08-20 0:00,,,사용한 지 세 달이 됐는데 이제 없으면 정말 못 살 것 같아요. 에어백이 목을 잡아당겨줄 때 그 시원함에 완전히 빠졌거든요. 온열이랑 진동 조합으로 매일 쓰는 게 루틴이 됐고 목 상태가 달라진 게 확실히 느껴져요.,73ef18b07086,,909,목 마사지 베개 V2 경추 마사지기 베개,129000,,기존리뷰,5,,0,0,1,"안녕하세요. 프리미엄 헬스테크 브랜드, 슬룸입니다.
진심 어린 소중한 후기 감사합니다. 💜

앞으로도 좋은 상품과 서비스로 고객님들을 찾아뵐 수 있도록 노력하겠습니다.
감사합니다. :)"
119900,2026-08-15 0:00,,,"처음엔 타이머가 짧다 싶었는데 15분이 딱 적당해요. 에어백이랑 온열, 진동 조합으로 15분 쓰면 목이 충분히 이완돼요. 자동으로 꺼지니까 자도 걱정 없고요.",422e4a45a7c4,,909,목 마사지 베개 V2 경추 마사지기 베개,129000,,기존리뷰,4,,0,0,1,"안녕하세요. 프리미엄 헬스테크 브랜드, 슬룸입니다.
진심 어린 소중한 후기 감사합니다. 💜

앞으로도 좋은 상품과 서비스로 고객님들을 찾아뵐 수 있도록 노력하겠습니다.
감사합니다. :)"
119901,2026-08-22 0:00,,,이거 진짜 추천해요. 에어백이 목을 늘려줄 때 그 느낌이 단순 진동이랑은 완전히 달라요. 온열이 더해지면 근육이 이완되는 것도 확실하고요. 타이머 있어서 자도 안심이에요.,52bf2895c258,,909,목 마사지 베개 V2 경추 마사지기 베개,129000,,기존리뷰,5,,0,0,1,"안녕하세요. 프리미엄 헬스테크 브랜드, 슬룸입니다.
시간 내어 소중한 후기를 작성해 주셔서 감사드립니다. :)

믿고 찾는 쇼핑몰이 되기 위해 더 좋은 상품과 서비스를 준비하겠습니다.
감사합니다. 💜"
119902,2026-08-24 23:15,2026-08-18 11:26,2026-08-19 10:47,밧데리 사용시간이 짧은데 ?????  최대사용시간 50분밖에  안됨????  제품의 하자인가???  답변 부탁드립니다.,d26691a09734,,980,프리미엄 엘보케어 팔꿈치 마사지기,149000,수량선택: 팔꿈치 마사지기 1개 (마그네슘 시너지 크림 1개 증정),모바일(팝업),5,,0,0,1,"안녕하세요. 프리미엄 헬스테크 브랜드, 슬룸입니다.
고객님께 만족스러운 경험을 드리지 못해 대단히 죄송합니다. 😥

리뷰로는 상세한 안내가 어려워, 자세한 내용 알림톡(문자) 발송 도와드렸으니 확인 부탁드리겠습니다.
추가로 궁금하신 점이 있으시거나 문자 확인하신 후에도 해결되지 않는 경우
번거로우시겠지만 슬룸 채팅 상담을 통해 연락 주시면 빠르게 안내 도와드리겠습니다.

▶ 슬룸 채팅 상담 (※ 월-금 09:30-17:00, 주말 및 공휴일 휴무)
http://sloom.channel.io/

고객님의 목소리로 더 발전하는 슬룸이 되도록 노력하겠습니다. 감사합니다."
119903,2026-08-24 2:57,2026-08-20 12:14,2026-08-23 10:34,마사지 압력이 오우야 깜짝 놀랐어요,,,980,프리미엄 엘보케어 팔꿈치 마사지기,149000,수량선택: 팔꿈치 마사지기 + 연장벨트 (시너지 크림 & 파우치 중형 1개 증정),기존리뷰,5,,1,0,1,"안녕하세요. 프리미엄 헬스테크 브랜드, 슬룸입니다.
시간 내어 소중한 후기를 작성해 주셔서 감사드립니다. :)

믿고 찾는 쇼핑몰이 되기 위해 더 좋은 상품과 서비스를 준비하겠습니다.
감사합니다. 💜"
119904,2026-08-24 8:32,2026-08-16 23:07,2026-08-19 18:41,빠른 배송 감사드립니다.,,,980,프리미엄 엘보케어 팔꿈치 마사지기,149000,수량선택: 팔꿈치 마사지기 1개 (마그네슘 시너지 크림 1개 증정),기존리뷰,5,,0,0,1,"안녕하세요. 프리미엄 헬스테크 브랜드, 슬룸입니다.
진심 어린 소중한 후기 감사합니다. 💜

앞으로도 좋은 상품과 서비스로 고객님들을 찾아뵐 수 있도록 노력하겠습니다.
감사합니다. :)"
119905,2026-08-24 11:05,2026-08-19 17:07,2026-08-21 16:07,어머니께서 허리에 효과좋을것 같다셔서 사드렸는데 다행히 만족해하십니다 ^^,,,100,허리편한케어 V1 허리 마사지기,129000,수량선택: 허리편한케어 V1 1개,기존리뷰,5,,1,0,1,"안녕하세요. 프리미엄 헬스테크 브랜드, 슬룸입니다.
시간 내어 소중한 후기를 작성해 주셔서 감사드립니다. :)

믿고 찾는 쇼핑몰이 되기 위해 더 좋은 상품과 서비스를 준비하겠습니다.
감사합니다. 💜"
119906,2026-08-24 11:43,2026-07-24 12:49,2026-07-25 16:08,코이티비 추천은 항상 강추,,,1043,[슬룸 4차 진행!] 코이티비 구독자 전용 ★최저가★ 비밀링크,99000,수량선택: 목 마사지 베개 V2 1개,기존리뷰,5,,0,0,1,"안녕하세요. 프리미엄 헬스테크 브랜드, 슬룸입니다.
정성스럽게 올려주신 소중한 후기 감사합니다. 💜

고객님의 목소리로 더 발전하는 슬룸이 되도록 노력하겠습니다.
감사합니다. 🙇‍♀️"
119907,2026-08-24 12:51,2026-08-20 11:17,2026-08-21 16:12,아주 좋아~ 아주 좋아~,,,724,★최대할인 비밀링크★ 목베개 플러스 특가,69000,수량선택: 목베개 플러스 1개,기존리뷰,5,,0,0,1,"안녕하세요. 프리미엄 헬스테크 브랜드, 슬룸입니다.
시간 내어 소중한 후기를 작성해 주셔서 감사드립니다. :)

믿고 찾는 쇼핑몰이 되기 위해 더 좋은 상품과 서비스를 준비하겠습니다.
감사합니다. 💜"
119908,2026-08-24 14:20,2026-08-04 0:03,2026-08-05 16:17,계속 팔이 뭉친것 처럼 불편하고 조금 쓰면 아파서 힘들었는데 광고보고 도움이 될까해서 구입했는데 첫날 쓰고 바로 효과가 있더라구요 하고나면 훨씬 부드러워져서 활동하기 좋아요 꾸준히 잘 쓰겠습니다,,,980,프리미엄 엘보케어 팔꿈치 마사지기,149000,수량선택: 팔꿈치 마사지기 1개 (시너지 크림 1개 증정),기존리뷰,5,,1,0,1,"안녕하세요. 프리미엄 헬스테크 브랜드, 슬룸입니다.
정성스럽게 올려주신 소중한 후기 감사합니다. 💜

고객님의 목소리로 더 발전하는 슬룸이 되도록 노력하겠습니다.
감사합니다. 🙇‍♀️"
119909,2026-08-24 14:40,2026-08-13 0:04,2026-08-16 15:36,처음에 반신반의했는데 하고나면 목이 편해져요,,,909,목 마사지 베개 V2 경추 마사지기 베개,129000,수량선택: 목 마사지 베개 V2 1개 (마그네슘 시너지 크림 1개 증정),기존리뷰,5,,0,0,1,"안녕하세요. 프리미엄 헬스테크 브랜드, 슬룸입니다.
정성스럽게 올려주신 소중한 후기 감사합니다. 💜

고객님의 목소리로 더 발전하는 슬룸이 되도록 노력하겠습니다.
감사합니다. 🙇‍♀️"
119910,2026-08-24 16:01,2026-08-17 19:40,2026-08-19 18:44,충전기 분실로 사용못했는데 빠른 배송 감사합니다.,,,376,허리편한케어 V1 전용 케이블,5000,,기존리뷰,5,,0,0,1,"안녕하세요. 프리미엄 헬스테크 브랜드, 슬룸입니다.
진심 어린 소중한 후기 감사합니다. 💜

앞으로도 좋은 상품과 서비스로 고객님들을 찾아뵐 수 있도록 노력하겠습니다.
감사합니다. :)"
119911,2026-08-24 17:22,2026-07-24 20:51,2026-07-28 13:53,"매우 만족합니다 
병원 서 물리치료 받은것처럼  좋습니다",,,1042,★선착순 증정 비밀링크★ 허리편한케어 허리 마사지기 V2,159000,수량선택: 허리편한케어 V2 1개 (코어 요추벨트 증정),기존리뷰,5,,0,0,1,"안녕하세요. 프리미엄 헬스테크 브랜드, 슬룸입니다.
정성스럽게 올려주신 소중한 후기 감사합니다. 💜

고객님의 목소리로 더 발전하는 슬룸이 되도록 노력하겠습니다.
감사합니다. 🙇‍♀️"
119912,2026-08-24 22:15,2026-08-17 20:50,2026-08-19 23:09,"일주일? 매일하고 있어요
가끔 목에 찜질하고 싶다 생각을 했었는데 그 생각에 만족을 주는 제품입니다 뒷골이 가끔 땡기는데 딱 올려주는 마사지 기능까지  ㅎㅎ 지금까지는 광고의 20%정도 만족입니다",,,909,목 마사지 베개 V2 경추 마사지기 베개,129000,수량선택: 목 마사지 베개 V2 1개,기존리뷰,4,,0,0,1,"안녕하세요. 프리미엄 헬스테크 브랜드, 슬룸입니다.
정성스럽게 올려주신 소중한 후기 감사합니다. 💜

고객님의 목소리로 더 발전하는 슬룸이 되도록 노력하겠습니다.
감사합니다. 🙇‍♀️"
119913,2026-08-24 22:22,2026-08-15 21:31,2026-08-19 21:12,운동하고 다리 풀어줄때 쓰면 좋은데 손목에 힘들어가서 걍 자동마사지기가 나은것같기도하고..,,,1008,★최대할인 비밀링크★ 바디 풀고컷 경락 마사지기,89900,수량선택: 바디 풀고컷 1개 (트리플 샷 시너지 젤 1개 증정),기존리뷰,3,,0,0,1,"안녕하세요 고객님, 프리미엄 헬스테크 브랜드, 슬룸입니다.
고객님께 만족스러운 경험을 드리지 못해 대단히 죄송합니다.😥

슬룸의 모든 제품은 인체공학적으로 설계되어 편안한 사용이 가능하나 초기 사용 시 1~2주 이상의 적응 기간이 필요할 수 있습니다. 
다만 수령하신 날짜 기준으로 30일 동안 꾸준히 사용해보시고도 만족하지 못하셨을 경우에는, 슬룸에서 진행하는 <100%환불이벤트> 에 참여하여 왕복배송비 제외 전액 환불이 가능합니다.

※ 제품을 30일간 꾸준히 사용한 경우, 배송완료 후 40일이내 신청이 가능
※ 환불 서비스는 첫 구매 체험을 위한 서비스로 1회만 신청 가능

▶ <100% 환불 이벤트> 상세 환불 조건 : https://sleeplab.co.kr/notice/?page=1#13709226_notice 

슬룸을 믿고 편하게 사용 및 체험해보시고, 그럼에도 만족하시지 못하셨을 경우 슬룸 공식몰의 채널톡을 통해 이벤트 기간 내 문의 주시면 환불 접수 도움드리겠습니다."
119914,2026-08-21 0:00,,,"구매 버튼 누르기까지 한 달 걸렸어요. 비슷한 제품 여러 개 비교하다가 결국 이걸로 정했는데, 착용 첫날에 결정이 맞았다는 걸 알았어요. 선택하는 데 시간이 오래 걸린 게 아깝지 않았어요.",a8f84a74f2c6,,980,프리미엄 엘보케어 팔꿈치 마사지기,149000,,기존리뷰,5,,0,0,1,"안녕하세요. 프리미엄 헬스테크 브랜드, 슬룸입니다.
진심 어린 소중한 후기 감사합니다. 💜

앞으로도 좋은 상품과 서비스로 고객님들을 찾아뵐 수 있도록 노력하겠습니다.
감사합니다. :)"
119915,2026-08-16 0:00,,,"설명서 읽고 시작하는 게 중요해요. 감으로 쓸 때랑 설명서대로 할 때 효과가 완전히 달라요. 크림 양이랑 착용 위치, 강도 순서를 지키면 처음부터 제대로 느낄 수 있어요.",cbab5d39e264,,980,프리미엄 엘보케어 팔꿈치 마사지기,149000,,기존리뷰,5,,0,0,1,"안녕하세요. 프리미엄 헬스테크 브랜드, 슬룸입니다.
시간 내어 소중한 후기를 작성해 주셔서 감사드립니다. :)

믿고 찾는 쇼핑몰이 되기 위해 더 좋은 상품과 서비스를 준비하겠습니다.
감사합니다. 💜"
119916,2026-08-17 0:00,,,무릎 연장벨트 케어 후 의자에서 일어설 때 손 짚지 않고 자연스럽게 일어나게 됐어요. 일상에서 제일 먼저 느끼는 변화예요.,0bd28d56b91d,,980,프리미엄 엘보케어 팔꿈치 마사지기,149000,,기존리뷰,5,,0,0,1,"안녕하세요. 프리미엄 헬스테크 브랜드, 슬룸입니다.
정성스럽게 올려주신 소중한 후기 감사합니다. 💜

고객님의 목소리로 더 발전하는 슬룸이 되도록 노력하겠습니다.
감사합니다. 🙇‍♀️"
119917,2026-08-11 0:00,,,한 달 고민 끝에 구매했는데 첫날 착용하자마자 후회가 없어졌어요. 홈에 팔꿈치가 딱 맞게 들어가는 순간 이게 맞다 싶었어요.,e533453c9b97,,980,프리미엄 엘보케어 팔꿈치 마사지기,149000,,기존리뷰,4,,0,0,1,"안녕하세요. 프리미엄 헬스테크 브랜드, 슬룸입니다.
진심 어린 소중한 후기 감사합니다. 💜

앞으로도 좋은 상품과 서비스로 고객님들을 찾아뵐 수 있도록 노력하겠습니다.
감사합니다. :)"
119918,2026-08-14 0:00,,,아침엔 두드림모드로 깨워주고 저녁엔 힐링모드로 마무리해요. 시간대별로 모드를 나누니까 같은 제품인데 다르게 느껴져요. 모드 조합 찾는 재미가 있어요.,064aebba50f0,,980,프리미엄 엘보케어 팔꿈치 마사지기,149000,,기존리뷰,5,,0,0,1,"안녕하세요. 프리미엄 헬스테크 브랜드, 슬룸입니다.
정성스럽게 올려주신 소중한 후기 감사합니다. 💜

고객님의 목소리로 더 발전하는 슬룸이 되도록 노력하겠습니다.
감사합니다. 🙇‍♀️"
119919,2026-08-08 0:00,,,마사지샵 대신 이 제품으로 집에서 매일 케어해요. 더 자주 할 수 있고 비용도 줄어요.,99806bafab77,,980,프리미엄 엘보케어 팔꿈치 마사지기,149000,,기존리뷰,5,,0,0,1,"안녕하세요. 프리미엄 헬스테크 브랜드, 슬룸입니다.
진심 어린 소중한 후기 감사합니다. 💜

앞으로도 좋은 상품과 서비스로 고객님들을 찾아뵐 수 있도록 노력하겠습니다.
감사합니다. :)"
119921,2026-08-16 0:00,,,부모님께 드렸더니 너무 좋다고 하셔서 저도 샀어요. 같은 제품 두 번 사는 게 최고의 리뷰예요.,7ae5416597bc,,980,프리미엄 엘보케어 팔꿈치 마사지기,149000,,기존리뷰,4,,0,0,1,"안녕하세요. 프리미엄 헬스테크 브랜드, 슬룸입니다.
시간 내어 소중한 후기를 작성해 주셔서 감사드립니다. :)

믿고 찾는 쇼핑몰이 되기 위해 더 좋은 상품과 서비스를 준비하겠습니다.
감사합니다. 💜"
119922,2026-08-15 0:00,,,제품 받자마자 착용해봤는데 팔꿈치 홈이 정확히 맞아서 기분 좋게 시작했어요.,3daff3047903,,980,프리미엄 엘보케어 팔꿈치 마사지기,149000,,기존리뷰,5,,0,0,1,"안녕하세요. 프리미엄 헬스테크 브랜드, 슬룸입니다.
시간 내어 소중한 후기를 작성해 주셔서 감사드립니다. :)

믿고 찾는 쇼핑몰이 되기 위해 더 좋은 상품과 서비스를 준비하겠습니다.
감사합니다. 💜"
119923,2026-08-16 0:00,,,케어 중에 음악 틀어놓으면 25분이 정말 빨리 가요. 좋아하는 것과 케어를 연결하면 꾸준하게 하게 돼요. 습관 만드는 방법이에요.,c97f9ca46fee,,980,프리미엄 엘보케어 팔꿈치 마사지기,149000,,기존리뷰,5,,0,0,1,"안녕하세요. 프리미엄 헬스테크 브랜드, 슬룸입니다.
정성스럽게 올려주신 소중한 후기 감사합니다. 💜

고객님의 목소리로 더 발전하는 슬룸이 되도록 노력하겠습니다.
감사합니다. 🙇‍♀️"
119924,2026-08-24 0:00,,,케어를 빠뜨린 날 보충하려고 다음 날 길게 하는 것보다 짧아도 매일 하는 게 낫더라고요. 꾸준함이 강도보다 중요한 것 같아요.,47da3a42d96c,,980,프리미엄 엘보케어 팔꿈치 마사지기,149000,,기존리뷰,4,,0,0,1,"안녕하세요. 프리미엄 헬스테크 브랜드, 슬룸입니다.
진심 어린 소중한 후기 감사합니다. 💜

앞으로도 좋은 상품과 서비스로 고객님들을 찾아뵐 수 있도록 노력하겠습니다.
감사합니다. :)"
119925,2026-08-21 0:00,,,자기 전 케어하면 수면 중 팔 위치 때문에 깨는 일이 줄었어요. 팔꿈치가 편해지면 자는 자세도 자연스러워지더라고요. 케어가 수면 질에도 영향을 줘요.,0c552534fbae,,980,프리미엄 엘보케어 팔꿈치 마사지기,149000,,기존리뷰,5,,0,0,1,"안녕하세요. 프리미엄 헬스테크 브랜드, 슬룸입니다.
진심 어린 소중한 후기 감사합니다. 💜

앞으로도 좋은 상품과 서비스로 고객님들을 찾아뵐 수 있도록 노력하겠습니다.
감사합니다. :)"
119926,2026-08-17 0:00,,,짐에 넣어다녀도 부담 없는 무게예요. 출장지에서도 케어 루틴을 빠뜨리지 않아요.,4383a9e8ca3b,,980,프리미엄 엘보케어 팔꿈치 마사지기,149000,,기존리뷰,5,,0,0,1,"안녕하세요. 프리미엄 헬스테크 브랜드, 슬룸입니다.
진심 어린 소중한 후기 감사합니다. 💜

앞으로도 좋은 상품과 서비스로 고객님들을 찾아뵐 수 있도록 노력하겠습니다.
감사합니다. :)"
119927,2026-08-02 0:00,,,집에서 매일 케어하면서 마사지샵 가는 간격이 자연스럽게 줄었어요.,9c2399f2f00e,,980,프리미엄 엘보케어 팔꿈치 마사지기,149000,,기존리뷰,5,,0,0,1,"안녕하세요. 프리미엄 헬스테크 브랜드, 슬룸입니다.
정성스럽게 올려주신 소중한 후기 감사합니다. 💜

고객님의 목소리로 더 발전하는 슬룸이 되도록 노력하겠습니다.
감사합니다. 🙇‍♀️"
119928,2026-08-06 0:00,,,박스 열면 바로 쓸 수 있게 구성이 완비돼 있어요. 별도로 사야 할 게 없어요.,02b3f11aa963,,980,프리미엄 엘보케어 팔꿈치 마사지기,149000,,기존리뷰,4,,0,0,1,"안녕하세요. 프리미엄 헬스테크 브랜드, 슬룸입니다.
시간 내어 소중한 후기를 작성해 주셔서 감사드립니다. :)

믿고 찾는 쇼핑몰이 되기 위해 더 좋은 상품과 서비스를 준비하겠습니다.
감사합니다. 💜"
119929,2026-08-14 0:00,,,팔꿈치 케어 3개월이 지나면서 회복 속도가 달라졌어요. 같은 활동을 해도 예전보다 훨씬 빨리 회복돼요. 케어의 누적 효과가 이렇게 나타나는 거예요.,ef0a0dc80f71,,980,프리미엄 엘보케어 팔꿈치 마사지기,149000,,기존리뷰,5,,0,0,1,"안녕하세요. 프리미엄 헬스테크 브랜드, 슬룸입니다.
진심 어린 소중한 후기 감사합니다. 💜

앞으로도 좋은 상품과 서비스로 고객님들을 찾아뵐 수 있도록 노력하겠습니다.
감사합니다. :)"
119930,2026-08-09 0:00,,,무릎 케어 두 달이 지나면서 날씨 변화에 덜 민감해졌어요. 비 오는 날 무릎이 반응하던 게 많이 줄었어요.,06f92a739438,,980,프리미엄 엘보케어 팔꿈치 마사지기,149000,,기존리뷰,5,,0,0,1,"안녕하세요. 프리미엄 헬스테크 브랜드, 슬룸입니다.
정성스럽게 올려주신 소중한 후기 감사합니다. 💜

고객님의 목소리로 더 발전하는 슬룸이 되도록 노력하겠습니다.
감사합니다. 🙇‍♀️"
119931,2026-08-03 0:00,,,무릎 연장벨트와 팔꿈치 마사지기를 번갈아 쓰면서 두 부위 케어가 루틴이 됐어요. 하나로 팔꿈치와 무릎을 다 관리하는 게 생각보다 훨씬 효율적이에요.,1a514fd7f47e,,980,프리미엄 엘보케어 팔꿈치 마사지기,149000,,기존리뷰,5,,0,0,1,"안녕하세요. 프리미엄 헬스테크 브랜드, 슬룸입니다.
진심 어린 소중한 후기 감사합니다. 💜

앞으로도 좋은 상품과 서비스로 고객님들을 찾아뵐 수 있도록 노력하겠습니다.
감사합니다. :)"
119932,2026-08-03 0:00,,,이 제품 때문에 팔꿈치 통증이 있으면 무조건 쉬라는 인식이 바뀌었어요. 쉬는 것도 방법이지만 적극적으로 케어하는 게 회복을 빠르게 한다는 걸 느꼈어요.,319bb6d7697c,,980,프리미엄 엘보케어 팔꿈치 마사지기,149000,,기존리뷰,4,,0,0,1,"안녕하세요. 프리미엄 헬스테크 브랜드, 슬룸입니다.
정성스럽게 올려주신 소중한 후기 감사합니다. 💜

고객님의 목소리로 더 발전하는 슬룸이 되도록 노력하겠습니다.
감사합니다. 🙇‍♀️"
119933,2026-08-04 0:00,,,한 번 사고 효과 확인해서 가족 선물로 또 주문했어요.,a0926dd4618a,,980,프리미엄 엘보케어 팔꿈치 마사지기,149000,,기존리뷰,5,,0,0,1,"안녕하세요. 프리미엄 헬스테크 브랜드, 슬룸입니다.
진심 어린 소중한 후기 감사합니다. 💜

앞으로도 좋은 상품과 서비스로 고객님들을 찾아뵐 수 있도록 노력하겠습니다.
감사합니다. :)"
119934,2026-08-13 0:00,,,처음 2주는 낮은 강도로 천천히 적응했어요. 서두르지 않고 올린 강도가 지금 딱 맞는 자극이에요.,0794f56e060f,,980,프리미엄 엘보케어 팔꿈치 마사지기,149000,,기존리뷰,5,,0,0,1,"안녕하세요. 프리미엄 헬스테크 브랜드, 슬룸입니다.
시간 내어 소중한 후기를 작성해 주셔서 감사드립니다. :)

믿고 찾는 쇼핑몰이 되기 위해 더 좋은 상품과 서비스를 준비하겠습니다.
감사합니다. 💜"
119935,2026-08-21 0:00,,,리모컨이 한 손에 딱 들어와요. 착용 중에 조작해도 팔 비틀 필요 없어서 편해요.,fb3b20144d1f,,980,프리미엄 엘보케어 팔꿈치 마사지기,149000,,기존리뷰,4,,0,0,1,"안녕하세요. 프리미엄 헬스테크 브랜드, 슬룸입니다.
시간 내어 소중한 후기를 작성해 주셔서 감사드립니다. :)

믿고 찾는 쇼핑몰이 되기 위해 더 좋은 상품과 서비스를 준비하겠습니다.
감사합니다. 💜"
119936,2026-08-04 0:00,,,집에서 팔꿈치 케어를 이렇게 제대로 할 수 있는 방법이 있는 줄 몰랐어요. 마사지샵 가는 대신 매일 집에서 관리하니까 상태가 훨씬 안정적으로 유지돼요. 비용이랑 시간 모두 절약이에요.,42dadb823bef,,980,프리미엄 엘보케어 팔꿈치 마사지기,149000,,기존리뷰,5,,0,0,1,"안녕하세요. 프리미엄 헬스테크 브랜드, 슬룸입니다.
시간 내어 소중한 후기를 작성해 주셔서 감사드립니다. :)

믿고 찾는 쇼핑몰이 되기 위해 더 좋은 상품과 서비스를 준비하겠습니다.
감사합니다. 💜"
119937,2026-08-15 0:00,,,무릎 케어 후 장을 볼 때 카트 없이 장바구니 들고 다녀도 무릎이 버텨줘요. 예전엔 오래 걷는 게 부담이었는데 지금은 여유 있게 둘러봐요.,424fe6b15516,,980,프리미엄 엘보케어 팔꿈치 마사지기,149000,,기존리뷰,5,,0,0,1,"안녕하세요. 프리미엄 헬스테크 브랜드, 슬룸입니다.
진심 어린 소중한 후기 감사합니다. 💜

앞으로도 좋은 상품과 서비스로 고객님들을 찾아뵐 수 있도록 노력하겠습니다.
감사합니다. :)"
119938,2026-08-17 0:00,,,무릎 연장벨트 저주파 자극이 무릎 주변 근육을 깨워주는 느낌이에요. 단순 온열이랑은 케어 범위가 달라요.,218dcb23ece6,,980,프리미엄 엘보케어 팔꿈치 마사지기,149000,,기존리뷰,5,,0,0,1,"안녕하세요. 프리미엄 헬스테크 브랜드, 슬룸입니다.
정성스럽게 올려주신 소중한 후기 감사합니다. 💜

고객님의 목소리로 더 발전하는 슬룸이 되도록 노력하겠습니다.
감사합니다. 🙇‍♀️"
119940,2026-08-24 0:00,,,무릎 연장벨트 케어 후 오래 앉아있다 일어설 때 한결 수월해요. 긴 회의나 공연 관람 후에도 자연스럽게 일어나요.,b044f5cf5907,,980,프리미엄 엘보케어 팔꿈치 마사지기,149000,,기존리뷰,5,,0,0,1,"안녕하세요. 프리미엄 헬스테크 브랜드, 슬룸입니다.
진심 어린 소중한 후기 감사합니다. 💜

앞으로도 좋은 상품과 서비스로 고객님들을 찾아뵐 수 있도록 노력하겠습니다.
감사합니다. :)"
119941,2026-08-21 0:00,,,이 제품 쓰면서 물을 더 챙겨 마시게 됐어요. 피부 수분 상태가 EMS 전달에 영향을 준다는 걸 알고 나서예요. 케어가 수분 섭취 습관까지 바꿔줬어요.,61bcc66578a5,,980,프리미엄 엘보케어 팔꿈치 마사지기,149000,,기존리뷰,5,,0,0,1,"안녕하세요. 프리미엄 헬스테크 브랜드, 슬룸입니다.
정성스럽게 올려주신 소중한 후기 감사합니다. 💜

고객님의 목소리로 더 발전하는 슬룸이 되도록 노력하겠습니다.
감사합니다. 🙇‍♀️"
119942,2026-08-08 0:00,,,USB 충전이라 전용 어댑터 없이 쓸 수 있어요. 완충 후 5일 이상 매일 써도 걱정 없어요.,58d98a8dba9b,,980,프리미엄 엘보케어 팔꿈치 마사지기,149000,,기존리뷰,5,,0,0,1,"안녕하세요. 프리미엄 헬스테크 브랜드, 슬룸입니다.
정성스럽게 올려주신 소중한 후기 감사합니다. 💜

고객님의 목소리로 더 발전하는 슬룸이 되도록 노력하겠습니다.
감사합니다. 🙇‍♀️"
119943,2026-08-09 0:00,,,무릎 케어하면서 외출이 더 자주 늘었어요. 무릎 걱정 없이 나갈 수 있으니까 나들이 계획을 적극적으로 잡게 됐어요.,5d1d8dacbce9,,980,프리미엄 엘보케어 팔꿈치 마사지기,149000,,기존리뷰,4,,0,0,1,"안녕하세요. 프리미엄 헬스테크 브랜드, 슬룸입니다.
정성스럽게 올려주신 소중한 후기 감사합니다. 💜

고객님의 목소리로 더 발전하는 슬룸이 되도록 노력하겠습니다.
감사합니다. 🙇‍♀️"
119944,2026-08-15 0:00,,,무릎 케어 후 계단 내려올 때 무릎 충격이 줄어든 느낌이에요. 착지할 때 자신감이 생겼어요.,bb84c3caf737,,980,프리미엄 엘보케어 팔꿈치 마사지기,149000,,기존리뷰,5,,0,0,1,"안녕하세요. 프리미엄 헬스테크 브랜드, 슬룸입니다.
정성스럽게 올려주신 소중한 후기 감사합니다. 💜

고객님의 목소리로 더 발전하는 슬룸이 되도록 노력하겠습니다.
감사합니다. 🙇‍♀️"
119946,2026-08-16 0:00,,,팔꿈치 케어를 오래 하다 보니 요일별로 다른 설정이 자리 잡혔어요. 컨디션에 따라 자연스럽게 조절하게 돼요. 완전히 개인화된 케어가 됐어요.,e4e47f92113e,,980,프리미엄 엘보케어 팔꿈치 마사지기,149000,,기존리뷰,4,,0,0,1,"안녕하세요. 프리미엄 헬스테크 브랜드, 슬룸입니다.
시간 내어 소중한 후기를 작성해 주셔서 감사드립니다. :)

믿고 찾는 쇼핑몰이 되기 위해 더 좋은 상품과 서비스를 준비하겠습니다.
감사합니다. 💜"
119947,2026-08-09 0:00,,,케어 후 스트레칭하면 이완된 상태라 더 잘 늘어나요. 이 조합이 루틴으로 자리 잡혔어요.,63fbbdd79b65,,980,프리미엄 엘보케어 팔꿈치 마사지기,149000,,기존리뷰,5,,0,0,1,"안녕하세요. 프리미엄 헬스테크 브랜드, 슬룸입니다.
정성스럽게 올려주신 소중한 후기 감사합니다. 💜

고객님의 목소리로 더 발전하는 슬룸이 되도록 노력하겠습니다.
감사합니다. 🙇‍♀️"
119948,2026-08-18 0:00,,,전완근이 팔꿈치 힘줄에 붙어있다는 걸 알고 나서 에어백 역할이 이해됐어요. 알고 케어하면 집중도가 달라요.,ecbc2220f1d5,,980,프리미엄 엘보케어 팔꿈치 마사지기,149000,,기존리뷰,5,,0,0,1,"안녕하세요. 프리미엄 헬스테크 브랜드, 슬룸입니다.
시간 내어 소중한 후기를 작성해 주셔서 감사드립니다. :)

믿고 찾는 쇼핑몰이 되기 위해 더 좋은 상품과 서비스를 준비하겠습니다.
감사합니다. 💜"
119949,2026-08-17 0:00,,,무릎 연장벨트 착용하면 관절이 정확히 감싸지는 안정감이 팔꿈치 쓸 때랑 비슷해요. 착용감이 좋아서 케어하는 25분이 편안해요.,3c54eda053bf,,980,프리미엄 엘보케어 팔꿈치 마사지기,149000,,기존리뷰,5,,0,0,1,"안녕하세요. 프리미엄 헬스테크 브랜드, 슬룸입니다.
진심 어린 소중한 후기 감사합니다. 💜

앞으로도 좋은 상품과 서비스로 고객님들을 찾아뵐 수 있도록 노력하겠습니다.
감사합니다. :)"
119950,2026-08-03 0:00,,,EMS 전달이 수분 상태랑 연관된다는 걸 알고 나서 물 챙겨 마시는 습관이 생겼어요.,8b163d51b3da,,980,프리미엄 엘보케어 팔꿈치 마사지기,149000,,기존리뷰,4,,0,0,1,"안녕하세요. 프리미엄 헬스테크 브랜드, 슬룸입니다.
진심 어린 소중한 후기 감사합니다. 💜

앞으로도 좋은 상품과 서비스로 고객님들을 찾아뵐 수 있도록 노력하겠습니다.
감사합니다. :)"
119954,2026-08-21 0:00,,,다섯 가지 모드가 각각 자극 패턴이 달라요. 직접 다 써보면서 내 몸에 맞는 모드를 찾는 과정이에요.,826b5e6fd323,,980,프리미엄 엘보케어 팔꿈치 마사지기,149000,,기존리뷰,4,,0,0,1,"안녕하세요. 프리미엄 헬스테크 브랜드, 슬룸입니다.
진심 어린 소중한 후기 감사합니다. 💜

앞으로도 좋은 상품과 서비스로 고객님들을 찾아뵐 수 있도록 노력하겠습니다.
감사합니다. :)"
119955,2026-08-06 0:00,,,아침엔 두드림모드로 시작하고 저녁엔 힐링모드로 마무리해요. 시간대별 모드 구분이 효과적이에요.,68888701ea34,,980,프리미엄 엘보케어 팔꿈치 마사지기,149000,,기존리뷰,5,,0,0,1,"안녕하세요. 프리미엄 헬스테크 브랜드, 슬룸입니다.
정성스럽게 올려주신 소중한 후기 감사합니다. 💜

고객님의 목소리로 더 발전하는 슬룸이 되도록 노력하겠습니다.
감사합니다. 🙇‍♀️"
119957,2026-08-21 0:00,,,"팔꿈치 케어가 어깨 결림에도 영향을 줬어요. 팔이 편해지면서 자세가 자연스러워지고, 어깨로 전달되던 긴장이 같이 풀렸어요. 연결된 부위가 같이 좋아지는 경험이에요.",2cd018884c74,,980,프리미엄 엘보케어 팔꿈치 마사지기,149000,,기존리뷰,4,,0,0,1,"안녕하세요. 프리미엄 헬스테크 브랜드, 슬룸입니다.
시간 내어 소중한 후기를 작성해 주셔서 감사드립니다. :)

믿고 찾는 쇼핑몰이 되기 위해 더 좋은 상품과 서비스를 준비하겠습니다.
감사합니다. 💜"
119958,2026-08-22 0:00,,,EMS 자극에 적응하고 나면 그게 없으면 케어한 느낌이 안 나요. 몸이 그 자극을 정상 케어로 인식하게 된 거예요. 없으면 허전한 시원함이에요.,0b0d33b2f5df,,980,프리미엄 엘보케어 팔꿈치 마사지기,149000,,기존리뷰,5,,0,0,1,"안녕하세요. 프리미엄 헬스테크 브랜드, 슬룸입니다.
진심 어린 소중한 후기 감사합니다. 💜

앞으로도 좋은 상품과 서비스로 고객님들을 찾아뵐 수 있도록 노력하겠습니다.
감사합니다. :)"
119959,2026-08-11 0:00,,,전완근이 풀리면서 손 쥐는 힘도 같이 돌아와요. 케어 후 악수하면 그 차이가 느껴져요.,72195ec86296,,980,프리미엄 엘보케어 팔꿈치 마사지기,149000,,기존리뷰,5,,0,0,1,"안녕하세요. 프리미엄 헬스테크 브랜드, 슬룸입니다.
시간 내어 소중한 후기를 작성해 주셔서 감사드립니다. :)

믿고 찾는 쇼핑몰이 되기 위해 더 좋은 상품과 서비스를 준비하겠습니다.
감사합니다. 💜"
119960,2026-08-24 0:00,,,자기 전 케어하면 수면 중 팔 위치 때문에 깨는 일이 줄어요. 숙면으로 이어지더라고요.,1f6fd3d3f34d,,980,프리미엄 엘보케어 팔꿈치 마사지기,149000,,기존리뷰,5,,0,0,1,"안녕하세요. 프리미엄 헬스테크 브랜드, 슬룸입니다.
시간 내어 소중한 후기를 작성해 주셔서 감사드립니다. :)

믿고 찾는 쇼핑몰이 되기 위해 더 좋은 상품과 서비스를 준비하겠습니다.
감사합니다. 💜"
119962,2026-08-16 0:00,,,완충 후 매일 25분씩 5일 이상 써도 배터리 여유 있어요. 충전 패턴 잡으면 걱정 없어요.,336070e1ee79,,980,프리미엄 엘보케어 팔꿈치 마사지기,149000,,기존리뷰,5,,0,0,1,"안녕하세요. 프리미엄 헬스테크 브랜드, 슬룸입니다.
진심 어린 소중한 후기 감사합니다. 💜

앞으로도 좋은 상품과 서비스로 고객님들을 찾아뵐 수 있도록 노력하겠습니다.
감사합니다. :)"
119963,2026-08-16 0:00,,,케어 후 패드를 부드러운 천으로 닦으면 자극 전달이 오래 유지돼요. 작은 관리가 성능을 지켜줘요.,ae1e54b0eda4,,980,프리미엄 엘보케어 팔꿈치 마사지기,149000,,기존리뷰,5,,0,0,1,"안녕하세요. 프리미엄 헬스테크 브랜드, 슬룸입니다.
시간 내어 소중한 후기를 작성해 주셔서 감사드립니다. :)

믿고 찾는 쇼핑몰이 되기 위해 더 좋은 상품과 서비스를 준비하겠습니다.
감사합니다. 💜"
119964,2026-08-22 0:00,,,무릎 연장벨트로 케어하고 나서 계단 오를 때 손잡이 의존이 줄었어요. 다리 힘으로 자연스럽게 오르게 됐어요.,eeaa0517ec38,,980,프리미엄 엘보케어 팔꿈치 마사지기,149000,,기존리뷰,5,,0,0,1,"안녕하세요. 프리미엄 헬스테크 브랜드, 슬룸입니다.
진심 어린 소중한 후기 감사합니다. 💜

앞으로도 좋은 상품과 서비스로 고객님들을 찾아뵐 수 있도록 노력하겠습니다.
감사합니다. :)"
119965,2026-08-15 0:00,,,온열 2단계가 제 기준이에요. 뜨겁지 않고 관절 깊이까지 온기가 전달되는 온도예요.,1678f7acccf1,,980,프리미엄 엘보케어 팔꿈치 마사지기,149000,,기존리뷰,4,,0,0,1,"안녕하세요. 프리미엄 헬스테크 브랜드, 슬룸입니다.
진심 어린 소중한 후기 감사합니다. 💜

앞으로도 좋은 상품과 서비스로 고객님들을 찾아뵐 수 있도록 노력하겠습니다.
감사합니다. :)"
119966,2026-08-15 0:00,,,팔꿈치 케어 덕분에 좋아하는 취미를 유지하고 있어요. 활동과 케어를 병행하는 리듬이 자리 잡혀서 포기하지 않아도 돼요.,eba6c29a79c2,,980,프리미엄 엘보케어 팔꿈치 마사지기,149000,,기존리뷰,5,,0,0,1,"안녕하세요. 프리미엄 헬스테크 브랜드, 슬룸입니다.
시간 내어 소중한 후기를 작성해 주셔서 감사드립니다. :)

믿고 찾는 쇼핑몰이 되기 위해 더 좋은 상품과 서비스를 준비하겠습니다.
감사합니다. 💜"
119967,2026-08-07 0:00,,,케어 전후 팔꿈치 부위를 손가락으로 눌러보면 압통이 줄어든 게 느껴져요. 눈에 안 보여도 이렇게 손으로 확인할 수 있어요.,60e66925fc6f,,980,프리미엄 엘보케어 팔꿈치 마사지기,149000,,기존리뷰,5,,0,0,1,"안녕하세요. 프리미엄 헬스테크 브랜드, 슬룸입니다.
시간 내어 소중한 후기를 작성해 주셔서 감사드립니다. :)

믿고 찾는 쇼핑몰이 되기 위해 더 좋은 상품과 서비스를 준비하겠습니다.
감사합니다. 💜"
119968,2026-08-22 0:00,,,무릎 케어 후 무릎 소리가 줄었어요. 구부릴 때 나던 소리가 케어 2달 만에 거의 사라졌어요. 관절 상태가 좋아지는 신호예요.,89b435478ecd,,980,프리미엄 엘보케어 팔꿈치 마사지기,149000,,기존리뷰,4,,0,0,1,"안녕하세요. 프리미엄 헬스테크 브랜드, 슬룸입니다.
진심 어린 소중한 후기 감사합니다. 💜

앞으로도 좋은 상품과 서비스로 고객님들을 찾아뵐 수 있도록 노력하겠습니다.
감사합니다. :)"
119969,2026-08-02 0:00,,,무릎 케어 후 쪼그려 앉는 자세가 편해졌어요. 낮은 곳에서 작업하거나 물건 꺼낼 때 자연스럽게 할 수 있어요.,bf51779a388f,,980,프리미엄 엘보케어 팔꿈치 마사지기,149000,,기존리뷰,5,,0,0,1,"안녕하세요. 프리미엄 헬스테크 브랜드, 슬룸입니다.
시간 내어 소중한 후기를 작성해 주셔서 감사드립니다. :)

믿고 찾는 쇼핑몰이 되기 위해 더 좋은 상품과 서비스를 준비하겠습니다.
감사합니다. 💜"
119970,2026-08-23 0:00,,,전용 설계가 착용 순간 느껴져요. 팔꿈치 홈에 딱 들어가는 느낌이 달라요.,17e534b9fdce,,980,프리미엄 엘보케어 팔꿈치 마사지기,149000,,기존리뷰,5,,0,0,1,"안녕하세요. 프리미엄 헬스테크 브랜드, 슬룸입니다.
시간 내어 소중한 후기를 작성해 주셔서 감사드립니다. :)

믿고 찾는 쇼핑몰이 되기 위해 더 좋은 상품과 서비스를 준비하겠습니다.
감사합니다. 💜"
119972,2026-08-24 0:00,,,팔꿈치 케어 후 운동할 때 집중도가 올라갔어요. 팔꿈치 신경 안 쓰고 운동 자체에 집중할 수 있게 됐거든요. 케어가 운동 퍼포먼스까지 영향을 줘요.,f9740e45feed,,980,프리미엄 엘보케어 팔꿈치 마사지기,149000,,기존리뷰,4,,0,0,1,"안녕하세요. 프리미엄 헬스테크 브랜드, 슬룸입니다.
시간 내어 소중한 후기를 작성해 주셔서 감사드립니다. :)

믿고 찾는 쇼핑몰이 되기 위해 더 좋은 상품과 서비스를 준비하겠습니다.
감사합니다. 💜"
119973,2026-08-11 0:00,,,한 번 완충하면 매일 25분씩 써도 5일은 너무 걱정 없이 써요. 충전 패턴이 자리 잡히면 배터리 걱정할 일이 없어요. 무선이라 케어하는 장소도 자유로워요.,a45ba3193748,,980,프리미엄 엘보케어 팔꿈치 마사지기,149000,,기존리뷰,5,,0,0,1,"안녕하세요. 프리미엄 헬스테크 브랜드, 슬룸입니다.
시간 내어 소중한 후기를 작성해 주셔서 감사드립니다. :)

믿고 찾는 쇼핑몰이 되기 위해 더 좋은 상품과 서비스를 준비하겠습니다.
감사합니다. 💜"
119974,2026-08-03 0:00,,,케어 중에 좋아하는 드라마 보면 25분이 어떻게 가는지 몰라요. 케어만을 위한 별도 시간을 내지 않아도 되니까 매일 하게 돼요. 일상에 자연스럽게 녹아든 거예요.,c252a74ff475,,980,프리미엄 엘보케어 팔꿈치 마사지기,149000,,기존리뷰,5,,0,0,1,"안녕하세요. 프리미엄 헬스테크 브랜드, 슬룸입니다.
정성스럽게 올려주신 소중한 후기 감사합니다. 💜

고객님의 목소리로 더 발전하는 슬룸이 되도록 노력하겠습니다.
감사합니다. 🙇‍♀️"
119975,2026-08-10 0:00,,,오늘 컨디션이 어떤지 팔꿈치 상태로 파악하고 강도를 조절해요. 몸에 맞게 유연하게 쓰는 게 됐어요.,09ea51644536,,980,프리미엄 엘보케어 팔꿈치 마사지기,149000,,기존리뷰,5,,0,0,1,"안녕하세요. 프리미엄 헬스테크 브랜드, 슬룸입니다.
시간 내어 소중한 후기를 작성해 주셔서 감사드립니다. :)

믿고 찾는 쇼핑몰이 되기 위해 더 좋은 상품과 서비스를 준비하겠습니다.
감사합니다. 💜"
119976,2026-08-19 0:00,,,이 제품 덕에 팔꿈치 통증이 생활에서 차지하는 비중이 줄었어요. 예전엔 무의식중에 자꾸 신경 쓰였는데 지금은 잊고 지내는 날이 더 많아요.,36cc26b6c30d,,980,프리미엄 엘보케어 팔꿈치 마사지기,149000,,기존리뷰,4,,0,0,1,"안녕하세요. 프리미엄 헬스테크 브랜드, 슬룸입니다.
정성스럽게 올려주신 소중한 후기 감사합니다. 💜

고객님의 목소리로 더 발전하는 슬룸이 되도록 노력하겠습니다.
감사합니다. 🙇‍♀️"
119977,2026-08-04 0:00,,,팔꿈치 통증이 의식에서 사라진 게 케어가 잘 되고 있다는 증거예요. 신경 안 쓰이는 게 목표였어요.,b48b04b3e7b5,,980,프리미엄 엘보케어 팔꿈치 마사지기,149000,,기존리뷰,5,,0,0,1,"안녕하세요. 프리미엄 헬스테크 브랜드, 슬룸입니다.
시간 내어 소중한 후기를 작성해 주셔서 감사드립니다. :)

믿고 찾는 쇼핑몰이 되기 위해 더 좋은 상품과 서비스를 준비하겠습니다.
감사합니다. 💜"
119978,2026-08-15 0:00,,,전완근이 풀리면서 펜 잡는 힘 조절이 자연스러워졌어요. 이런 연결이 있는 줄 몰랐어요.,20b29dcf26d1,,980,프리미엄 엘보케어 팔꿈치 마사지기,149000,,기존리뷰,5,,0,0,1,"안녕하세요. 프리미엄 헬스테크 브랜드, 슬룸입니다.
시간 내어 소중한 후기를 작성해 주셔서 감사드립니다. :)

믿고 찾는 쇼핑몰이 되기 위해 더 좋은 상품과 서비스를 준비하겠습니다.
감사합니다. 💜"
119979,2026-08-21 0:00,,,마사지샵 방문 간격이 자연스럽게 줄었어요. 집에서 더 자주 관리할 수 있으니까요.,e322d46d5f29,,980,프리미엄 엘보케어 팔꿈치 마사지기,149000,,기존리뷰,4,,0,0,1,"안녕하세요. 프리미엄 헬스테크 브랜드, 슬룸입니다.
진심 어린 소중한 후기 감사합니다. 💜

앞으로도 좋은 상품과 서비스로 고객님들을 찾아뵐 수 있도록 노력하겠습니다.
감사합니다. :)"
119980,2026-08-22 0:00,,,"팔꿈치 케어 덕분에 물건 들고 다니는 게 부담 없어졌어요. 장바구니, 짐 가방 같은 게 전보다 가볍게 느껴져요. 일상 활동이 편해진 거예요.",6e409d0a8331,,980,프리미엄 엘보케어 팔꿈치 마사지기,149000,,기존리뷰,5,,0,0,1,"안녕하세요. 프리미엄 헬스테크 브랜드, 슬룸입니다.
정성스럽게 올려주신 소중한 후기 감사합니다. 💜

고객님의 목소리로 더 발전하는 슬룸이 되도록 노력하겠습니다.
감사합니다. 🙇‍♀️"
119981,2026-08-21 0:00,,,3개월이 지나면서 같은 활동 후 회복이 훨씬 빨라요. 케어 효과가 쌓인 게 느껴지는 순간이에요.,10300e4adb63,,980,프리미엄 엘보케어 팔꿈치 마사지기,149000,,기존리뷰,5,,0,0,1,"안녕하세요. 프리미엄 헬스테크 브랜드, 슬룸입니다.
시간 내어 소중한 후기를 작성해 주셔서 감사드립니다. :)

믿고 찾는 쇼핑몰이 되기 위해 더 좋은 상품과 서비스를 준비하겠습니다.
감사합니다. 💜"
119982,2026-08-02 0:00,,,매일 짧게 쓰는 게 주말 몰아서 쓰는 것보다 효과가 좋아요. 꾸준한 자극이 핵심이에요.,0b733bd2c178,,980,프리미엄 엘보케어 팔꿈치 마사지기,149000,,기존리뷰,5,,0,0,1,"안녕하세요. 프리미엄 헬스테크 브랜드, 슬룸입니다.
정성스럽게 올려주신 소중한 후기 감사합니다. 💜

고객님의 목소리로 더 발전하는 슬룸이 되도록 노력하겠습니다.
감사합니다. 🙇‍♀️"
119983,2026-08-16 0:00,,,실물 색이 사진보다 고급스러워요. 놔두기 좋은 디자인이에요.,389f1fad1ab1,,980,프리미엄 엘보케어 팔꿈치 마사지기,149000,,기존리뷰,4,,0,0,1,"안녕하세요. 프리미엄 헬스테크 브랜드, 슬룸입니다.
진심 어린 소중한 후기 감사합니다. 💜

앞으로도 좋은 상품과 서비스로 고객님들을 찾아뵐 수 있도록 노력하겠습니다.
감사합니다. :)"
119984,2026-08-02 0:00,,,"케어하면서 팔꿈치에 대해 알아가는 재미가 생겼어요. 어떤 동작이 부담을 주는지, 어떤 케어가 효과적인지 몸으로 배우고 있어요.",97dcb300fba8,,980,프리미엄 엘보케어 팔꿈치 마사지기,149000,,기존리뷰,5,,0,0,1,"안녕하세요. 프리미엄 헬스테크 브랜드, 슬룸입니다.
진심 어린 소중한 후기 감사합니다. 💜

앞으로도 좋은 상품과 서비스로 고객님들을 찾아뵐 수 있도록 노력하겠습니다.
감사합니다. :)"
119985,2026-08-15 0:00,,,무릎 케어 후 오래 걸어도 종아리와 무릎이 예전만큼 묵직해지지 않아요. 케어가 쌓이면서 내구력이 올라간 느낌이에요.,b17011cf1106,,980,프리미엄 엘보케어 팔꿈치 마사지기,149000,,기존리뷰,5,,0,0,1,"안녕하세요. 프리미엄 헬스테크 브랜드, 슬룸입니다.
정성스럽게 올려주신 소중한 후기 감사합니다. 💜

고객님의 목소리로 더 발전하는 슬룸이 되도록 노력하겠습니다.
감사합니다. 🙇‍♀️"
119986,2026-08-18 0:00,,,무릎 케어 후 자전거 타는 거리가 늘었어요. 페달 밟을 때 무릎 부담이 줄어서 라이딩을 더 즐기게 됐어요.,a1a4a7d9eb6c,,980,프리미엄 엘보케어 팔꿈치 마사지기,149000,,기존리뷰,5,,0,0,1,"안녕하세요. 프리미엄 헬스테크 브랜드, 슬룸입니다.
정성스럽게 올려주신 소중한 후기 감사합니다. 💜

고객님의 목소리로 더 발전하는 슬룸이 되도록 노력하겠습니다.
감사합니다. 🙇‍♀️"
119987,2026-08-09 0:00,,,강도가 높다고 효과가 비례하지 않아요. 시원하게 느껴지는 강도가 딱 맞는 거예요.,8997519a0c6d,,980,프리미엄 엘보케어 팔꿈치 마사지기,149000,,기존리뷰,4,,0,0,1,"안녕하세요. 프리미엄 헬스테크 브랜드, 슬룸입니다.
정성스럽게 올려주신 소중한 후기 감사합니다. 💜

고객님의 목소리로 더 발전하는 슬룸이 되도록 노력하겠습니다.
감사합니다. 🙇‍♀️"
119988,2026-08-23 0:00,,,구성품이 빠짐없이 다 있어요. 받자마자 바로 쓸 수 있어요.,368ba8d59692,,980,프리미엄 엘보케어 팔꿈치 마사지기,149000,,기존리뷰,5,,0,0,1,"안녕하세요. 프리미엄 헬스테크 브랜드, 슬룸입니다.
시간 내어 소중한 후기를 작성해 주셔서 감사드립니다. :)

믿고 찾는 쇼핑몰이 되기 위해 더 좋은 상품과 서비스를 준비하겠습니다.
감사합니다. 💜"
119989,2026-08-18 0:00,,,팔꿈치 부위 눌러보면 케어 전후 압통이 달라요. 손으로 직접 효과를 확인할 수 있어요.,2c6703cd7076,,980,프리미엄 엘보케어 팔꿈치 마사지기,149000,,기존리뷰,5,,0,0,1,"안녕하세요. 프리미엄 헬스테크 브랜드, 슬룸입니다.
진심 어린 소중한 후기 감사합니다. 💜

앞으로도 좋은 상품과 서비스로 고객님들을 찾아뵐 수 있도록 노력하겠습니다.
감사합니다. :)"
119990,2026-08-18 0:00,,,쉬면서 대응하는 게 아니라 케어로 적극적으로 관리하는 방향이 회복이 더 빠르더라고요.,bfca25bfc70e,,980,프리미엄 엘보케어 팔꿈치 마사지기,149000,,기존리뷰,4,,0,0,1,"안녕하세요. 프리미엄 헬스테크 브랜드, 슬룸입니다.
정성스럽게 올려주신 소중한 후기 감사합니다. 💜

고객님의 목소리로 더 발전하는 슬룸이 되도록 노력하겠습니다.
감사합니다. 🙇‍♀️"
119992,2026-08-23 0:00,,,"팔꿈치 케어를 매일 하면서 몸에 귀 기울이는 습관이 생겼어요. 오늘 컨디션이 어떤지 팔꿈치 상태로 파악하게 되고, 그에 맞게 설정을 조절해요.",29fee2f4a4a3,,980,프리미엄 엘보케어 팔꿈치 마사지기,149000,,기존리뷰,5,,0,0,1,"안녕하세요. 프리미엄 헬스테크 브랜드, 슬룸입니다.
진심 어린 소중한 후기 감사합니다. 💜

앞으로도 좋은 상품과 서비스로 고객님들을 찾아뵐 수 있도록 노력하겠습니다.
감사합니다. :)"
119993,2026-08-05 0:00,,,취미 포기 안 하고 케어 병행하는 방식이 자리 잡혔어요. 관리하면서 활동할 수 있어요.,6ecea7ec80ce,,980,프리미엄 엘보케어 팔꿈치 마사지기,149000,,기존리뷰,5,,0,0,1,"안녕하세요. 프리미엄 헬스테크 브랜드, 슬룸입니다.
시간 내어 소중한 후기를 작성해 주셔서 감사드립니다. :)

믿고 찾는 쇼핑몰이 되기 위해 더 좋은 상품과 서비스를 준비하겠습니다.
감사합니다. 💜"
119994,2026-08-11 0:00,,,케어가 퇴근 후 스트레스 해소 시간이 됐어요. 온열에 팔 맡기고 눈 감고 있으면 팔꿈치만 아니라 머리도 맑아지는 느낌이에요. 하루 마무리로 완벽해요.,80de91fa4db5,,980,프리미엄 엘보케어 팔꿈치 마사지기,149000,,기존리뷰,4,,0,0,1,"안녕하세요. 프리미엄 헬스테크 브랜드, 슬룸입니다.
시간 내어 소중한 후기를 작성해 주셔서 감사드립니다. :)

믿고 찾는 쇼핑몰이 되기 위해 더 좋은 상품과 서비스를 준비하겠습니다.
감사합니다. 💜"
119995,2026-08-03 0:00,,,미리 관리하는 게 문제 생긴 후 대응하는 것보다 낫다는 걸 케어하면서 배웠어요.,b2018c4e4706,,980,프리미엄 엘보케어 팔꿈치 마사지기,149000,,기존리뷰,5,,0,0,1,"안녕하세요. 프리미엄 헬스테크 브랜드, 슬룸입니다.
시간 내어 소중한 후기를 작성해 주셔서 감사드립니다. :)

믿고 찾는 쇼핑몰이 되기 위해 더 좋은 상품과 서비스를 준비하겠습니다.
감사합니다. 💜"
119996,2026-08-15 0:00,,,설명서대로 하면 첫날부터 효과가 다르게 느껴져요. 크림 양이 생각보다 중요해요.,d15c56844a47,,980,프리미엄 엘보케어 팔꿈치 마사지기,149000,,기존리뷰,5,,0,0,1,"안녕하세요. 프리미엄 헬스테크 브랜드, 슬룸입니다.
정성스럽게 올려주신 소중한 후기 감사합니다. 💜

고객님의 목소리로 더 발전하는 슬룸이 되도록 노력하겠습니다.
감사합니다. 🙇‍♀️"
119997,2026-08-03 0:00,,,무릎 케어 후 저녁 산책을 더 멀리 나가게 됐어요. 걸을 수 있는 거리가 자연스럽게 늘었어요.,25d061f312e1,,980,프리미엄 엘보케어 팔꿈치 마사지기,149000,,기존리뷰,5,,0,0,1,"안녕하세요. 프리미엄 헬스테크 브랜드, 슬룸입니다.
진심 어린 소중한 후기 감사합니다. 💜

앞으로도 좋은 상품과 서비스로 고객님들을 찾아뵐 수 있도록 노력하겠습니다.
감사합니다. :)"
119998,2026-08-21 0:00,,,6개월 매일 써도 처음과 성능이 동일해요. 내구성이 장기 투자 가치를 만들어요.,c4db574adc0d,,980,프리미엄 엘보케어 팔꿈치 마사지기,149000,,기존리뷰,4,,0,0,1,"안녕하세요. 프리미엄 헬스테크 브랜드, 슬룸입니다.
시간 내어 소중한 후기를 작성해 주셔서 감사드립니다. :)

믿고 찾는 쇼핑몰이 되기 위해 더 좋은 상품과 서비스를 준비하겠습니다.
감사합니다. 💜"
119999,2026-08-06 0:00,,,케어하면서 팔꿈치가 어떤 동작에 부담받는지 알게 됐어요. 몸을 더 잘 이해하게 됐어요.,22bda2903d72,,980,프리미엄 엘보케어 팔꿈치 마사지기,149000,,기존리뷰,5,,0,0,1,"안녕하세요. 프리미엄 헬스테크 브랜드, 슬룸입니다.
진심 어린 소중한 후기 감사합니다. 💜

앞으로도 좋은 상품과 서비스로 고객님들을 찾아뵐 수 있도록 노력하겠습니다.
감사합니다. :)"
120000,2026-08-11 0:00,,,요리가 즐거워졌어요. 손 작업이 부담 없어지면서 다양한 요리를 시도하게 됐어요.,ad02ac7c9791,,980,프리미엄 엘보케어 팔꿈치 마사지기,149000,,기존리뷰,5,,0,0,1,"안녕하세요. 프리미엄 헬스테크 브랜드, 슬룸입니다.
진심 어린 소중한 후기 감사합니다. 💜

앞으로도 좋은 상품과 서비스로 고객님들을 찾아뵐 수 있도록 노력하겠습니다.
감사합니다. :)"
120001,2026-08-18 0:00,,,적응 기간 2주 지나면 자연스럽게 강도를 올리게 돼요. 몸이 알아서 요청해요.,fcadfb475b9f,,980,프리미엄 엘보케어 팔꿈치 마사지기,149000,,기존리뷰,5,,0,0,1,"안녕하세요. 프리미엄 헬스테크 브랜드, 슬룸입니다.
시간 내어 소중한 후기를 작성해 주셔서 감사드립니다. :)

믿고 찾는 쇼핑몰이 되기 위해 더 좋은 상품과 서비스를 준비하겠습니다.
감사합니다. 💜"
120002,2026-08-01 0:00,,,무릎 연장벨트 케어를 자기 전에 해요. 수면 중 무릎이 회복되는 것 같아서 다음 날 아침 상태가 달라요.,fc687309f997,,980,프리미엄 엘보케어 팔꿈치 마사지기,149000,,기존리뷰,5,,0,0,1,"안녕하세요. 프리미엄 헬스테크 브랜드, 슬룸입니다.
진심 어린 소중한 후기 감사합니다. 💜

앞으로도 좋은 상품과 서비스로 고객님들을 찾아뵐 수 있도록 노력하겠습니다.
감사합니다. :)"
120003,2026-08-06 0:00,,,좋아하는 취미 활동을 케어 덕분에 포기하지 않을 수 있었어요. 활동하면서 케어를 병행하는 방식이 자리 잡혔어요. 관리와 활동이 함께 가는 게 가능해요.,e86cb4259a78,,980,프리미엄 엘보케어 팔꿈치 마사지기,149000,,기존리뷰,5,,0,0,1,"안녕하세요. 프리미엄 헬스테크 브랜드, 슬룸입니다.
진심 어린 소중한 후기 감사합니다. 💜

앞으로도 좋은 상품과 서비스로 고객님들을 찾아뵐 수 있도록 노력하겠습니다.
감사합니다. :)"
120004,2026-08-19 0:00,,,리모컨이 작고 가벼워서 착용 중 조작이 편해요.,f09d56d7f4f1,,980,프리미엄 엘보케어 팔꿈치 마사지기,149000,,기존리뷰,5,,0,0,1,"안녕하세요. 프리미엄 헬스테크 브랜드, 슬룸입니다.
시간 내어 소중한 후기를 작성해 주셔서 감사드립니다. :)

믿고 찾는 쇼핑몰이 되기 위해 더 좋은 상품과 서비스를 준비하겠습니다.
감사합니다. 💜"
120005,2026-08-20 0:00,,,좋아하는 음악 틀면서 케어하면 25분이 짧게 느껴져요. 좋아하는 것과 연결하면 꾸준해지는 방법이에요.,c182c94fdd44,,980,프리미엄 엘보케어 팔꿈치 마사지기,149000,,기존리뷰,4,,0,0,1,"안녕하세요. 프리미엄 헬스테크 브랜드, 슬룸입니다.
진심 어린 소중한 후기 감사합니다. 💜

앞으로도 좋은 상품과 서비스로 고객님들을 찾아뵐 수 있도록 노력하겠습니다.
감사합니다. :)"
120006,2026-08-11 0:00,,,온열 3단계가 처음엔 조금 뜨거웠어요. 지금은 2단계로 고정하는데 이게 딱 좋아요. 온도는 개인마다 다를 수 있으니 직접 써보면서 찾는 게 맞아요.,a66fc8b89f6e,,980,프리미엄 엘보케어 팔꿈치 마사지기,149000,,기존리뷰,5,,0,0,1,"안녕하세요. 프리미엄 헬스테크 브랜드, 슬룸입니다.
시간 내어 소중한 후기를 작성해 주셔서 감사드립니다. :)

믿고 찾는 쇼핑몰이 되기 위해 더 좋은 상품과 서비스를 준비하겠습니다.
감사합니다. 💜"
120007,2026-08-06 0:00,,,요일별 설정이 완전히 자리 잡혔어요. 컨디션에 따라 자연스럽게 조절하게 돼요.,79bc0071528b,,980,프리미엄 엘보케어 팔꿈치 마사지기,149000,,기존리뷰,5,,0,0,1,"안녕하세요. 프리미엄 헬스테크 브랜드, 슬룸입니다.
진심 어린 소중한 후기 감사합니다. 💜

앞으로도 좋은 상품과 서비스로 고객님들을 찾아뵐 수 있도록 노력하겠습니다.
감사합니다. :)"
120008,2026-08-23 0:00,,,"팔꿈치 케어를 통해 몸 신호를 읽는 능력이 생겼어요. 뻐근함의 정도, 회복 속도가 예전보다 훨씬 잘 느껴져요. 몸과 대화하는 방법을 배운 거예요.",a49e445eb6d2,,980,프리미엄 엘보케어 팔꿈치 마사지기,149000,,기존리뷰,5,,0,0,1,"안녕하세요. 프리미엄 헬스테크 브랜드, 슬룸입니다.
시간 내어 소중한 후기를 작성해 주셔서 감사드립니다. :)

믿고 찾는 쇼핑몰이 되기 위해 더 좋은 상품과 서비스를 준비하겠습니다.
감사합니다. 💜"
120009,2026-08-22 0:00,,,충전 케이블이 USB라 따로 안 챙겨도 돼요. 완충이 오래가요.,812155c2faba,,980,프리미엄 엘보케어 팔꿈치 마사지기,149000,,기존리뷰,4,,0,0,1,"안녕하세요. 프리미엄 헬스테크 브랜드, 슬룸입니다.
진심 어린 소중한 후기 감사합니다. 💜

앞으로도 좋은 상품과 서비스로 고객님들을 찾아뵐 수 있도록 노력하겠습니다.
감사합니다. :)"
120010,2026-08-21 0:00,,,패드 부분을 케어 후 부드러운 천으로 닦는 게 습관이 됐어요. 크림 잔여물이 쌓이지 않으면 자극 전달이 오래 유지되거든요. 작은 관리가 제품 성능을 지켜줘요.,58d3f29d5317,,980,프리미엄 엘보케어 팔꿈치 마사지기,149000,,기존리뷰,5,,0,0,1,"안녕하세요. 프리미엄 헬스테크 브랜드, 슬룸입니다.
시간 내어 소중한 후기를 작성해 주셔서 감사드립니다. :)

믿고 찾는 쇼핑몰이 되기 위해 더 좋은 상품과 서비스를 준비하겠습니다.
감사합니다. 💜"
120011,2026-08-20 0:00,,,"이 제품 강도 너무 높게 쓰면 효과가 비례하지 않아요. 자극이 강할수록 좋다는 게 아니라, 시원하게 느껴지는 강도가 딱 맞는 강도예요. 그 선을 찾는 게 중요해요.",210213fb7dc0,,980,프리미엄 엘보케어 팔꿈치 마사지기,149000,,기존리뷰,5,,0,0,1,"안녕하세요. 프리미엄 헬스테크 브랜드, 슬룸입니다.
정성스럽게 올려주신 소중한 후기 감사합니다. 💜

고객님의 목소리로 더 발전하는 슬룸이 되도록 노력하겠습니다.
감사합니다. 🙇‍♀️"
120012,2026-08-15 0:00,,,포장도 완성도가 높아요. 첫인상이 좋으면 제품에 대한 신뢰가 생기더라고요.,8fb9221108a1,,980,프리미엄 엘보케어 팔꿈치 마사지기,149000,,기존리뷰,4,,0,0,1,"안녕하세요. 프리미엄 헬스테크 브랜드, 슬룸입니다.
진심 어린 소중한 후기 감사합니다. 💜

앞으로도 좋은 상품과 서비스로 고객님들을 찾아뵐 수 있도록 노력하겠습니다.
감사합니다. :)"
120013,2026-08-22 0:00,,,케어로 몸이 이완된 상태에서 팔 늘리기 동작을 하면 평소보다 잘 늘어나요. 이 순서가 효과적이에요.,7c1021ad4370,,980,프리미엄 엘보케어 팔꿈치 마사지기,149000,,기존리뷰,5,,0,0,1,"안녕하세요. 프리미엄 헬스테크 브랜드, 슬룸입니다.
진심 어린 소중한 후기 감사합니다. 💜

앞으로도 좋은 상품과 서비스로 고객님들을 찾아뵐 수 있도록 노력하겠습니다.
감사합니다. :)"
120014,2026-08-25 15:13,2026-08-10 16:48,2026-08-12 13:47,반품이나 해줘요  제품이 그리 좋은거 같지도 모르겠고 나에게는 안맞음,25e28e32af93,,909,목 마사지 베개 V2 경추 마사지기 베개,129000,수량선택: 코어 밸런스 업 세트 (허리편한케어 V2 + 목 마사지 베개 V2),모바일,1,,0,0,1,"안녕하세요 고객님, 프리미엄 헬스테크 브랜드, 슬룸입니다.
고객님께 만족스러운 경험을 드리지 못해 대단히 죄송합니다.😥

슬룸의 모든 제품은 인체공학적으로 설계되어 편안한 사용이 가능하나 초기 사용 시 1~2주 이상의 적응 기간이 필요할 수 있습니다. 
다만 수령하신 날짜 기준으로 30일 동안 꾸준히 사용해보시고도 만족하지 못하셨을 경우에는, 슬룸에서 진행하는 <100%환불이벤트> 에 참여하여 왕복배송비 제외 전액 환불이 가능합니다.

※ 제품을 30일간 꾸준히 사용한 경우, 배송완료 후 40일이내 신청이 가능
※ 환불 서비스는 첫 구매 체험을 위한 서비스로 1회만 신청 가능

▶ <100% 환불 이벤트> 상세 환불 조건 : https://sleeplab.co.kr/notice/?page=1#13709226_notice 

슬룸을 믿고 편하게 사용 및 체험해보시고, 그럼에도 만족하시지 못하셨을 경우 슬룸 공식몰의 채널톡을 통해 이벤트 기간 내 문의 주시면 환불 접수 도움드리겠습니다."
120015,2026-08-25 15:17,2026-07-29 12:33,2026-07-30 16:14,"너무 시원해요, 항상 목 때문에 불편했는데 이걸로 목 견인 후 꿀잠 자고나면 다음 날 통증이 싹 사라져요~",a473d7cb7a0b,,1033,[신금동x슬룸] 최저가 마켓 OPEN,79000,수량선택: ★최저가★ 경추 마사지 베개 V2 1개 + (증정) 마그네슘 크림 1개,반응형(내리뷰),5,,0,0,1,"안녕하세요. 프리미엄 헬스테크 브랜드, 슬룸입니다.
시간 내어 소중한 후기를 작성해 주셔서 감사드립니다. :)

믿고 찾는 쇼핑몰이 되기 위해 더 좋은 상품과 서비스를 준비하겠습니다.
감사합니다. 💜"
120016,2026-08-25 20:43,2026-08-22 10:15,2026-08-25 17:17,"지퍼가 있길래 벗겨서 세탁했는데, 세탁 불가였네요. 세탁해서 문제점이 있을까요?",9916ae8b8115,,909,목 마사지 베개 V2 경추 마사지기 베개,129000,수량선택: 목 마사지 베개 V2 1개 (목베개 1개 & 크림 1개 증정),반응형(내리뷰),5,,0,0,1,"안녕하세요. 프리미엄 헬스테크 브랜드, 슬룸입니다.

리뷰로는 상세한 안내가 어려워, 자세한 내용 알림톡(문자) 발송 도와드렸으니 확인 부탁드리겠습니다.
추가로 궁금하신 점이 있으시거나 문자 확인하신 후에도 해결되지 않는 경우
번거로우시겠지만 슬룸 채팅 상담을 통해 연락 주시면 빠르게 안내 도와드리겠습니다.

▶ 슬룸 채팅 상담 (※ 월-금 09:30-17:00, 주말 및 공휴일 휴무)
http://sloom.channel.io/

고객님의 목소리로 더 발전하는 슬룸이 되도록 노력하겠습니다. 감사합니다."
120017,2026-08-25 20:55,2026-08-23 22:35,2026-08-25 18:42,"주문후 잘 도착. 디자인 좋음, 목 베게도 좋음",000bb9fd37ba,,909,목 마사지 베개 V2 경추 마사지기 베개,129000,수량선택: 목 마사지 베개 V2 1개 (목베개 1개 & 크림 1개 증정),모바일(상품리뷰),5,,2,0,1,"안녕하세요. 프리미엄 헬스테크 브랜드, 슬룸입니다.
진심 어린 소중한 후기 감사합니다. 💜

앞으로도 좋은 상품과 서비스로 고객님들을 찾아뵐 수 있도록 노력하겠습니다.
감사합니다. :)"
120018,2026-08-25 8:29,2026-06-20 9:54,2026-06-23 21:13,매번 이상있어  교환.  지금 미사용. 귀찮아서 방칫해둠,,,909,목 마사지 베개 V2 경추 마사지기 베개,129000,수량선택: 목 마사지 베개 V2 1개,기존리뷰,1,,0,0,1,"안녕하세요. 프리미엄 헬스테크 브랜드, 슬룸입니다.
고객님께 만족스러운 경험을 드리지 못해 대단히 죄송합니다. 😥

리뷰로는 상세한 안내가 어려워, 자세한 내용 알림톡(문자) 발송 도와드렸으니 확인 부탁드리겠습니다.
추가로 궁금하신 점이 있으시거나 문자 확인하신 후에도 해결되지 않는 경우
번거로우시겠지만 슬룸 채팅 상담을 통해 연락 주시면 빠르게 안내 도와드리겠습니다.

▶ 슬룸 채팅 상담 (※ 월-금 09:30-17:00, 주말 및 공휴일 휴무)
http://sloom.channel.io/

고객님의 목소리로 더 발전하는 슬룸이 되도록 노력하겠습니다. 감사합니다."
120019,2026-08-25 10:13,2026-08-11 18:32,2026-08-13 16:17,선이 길어서 쓰기 좋네요,,,376,허리편한케어 V1 전용 케이블,5000,,기존리뷰,4,,0,0,1,"안녕하세요. 프리미엄 헬스테크 브랜드, 슬룸입니다.
진심 어린 소중한 후기 감사합니다. 💜

앞으로도 좋은 상품과 서비스로 고객님들을 찾아뵐 수 있도록 노력하겠습니다.
감사합니다. :)"
120020,2026-08-25 13:03,2026-08-10 15:12,2026-08-12 13:40,사용이 간편하고 성능이 좋아요~,,,1045,[하알라x슬룸] ★2차★ 구독자 한정 최저가 비밀링크!,114900,수량선택: 허리편한케어V2 1개 + (증정)마그네슘 시너지 크림 1개,기존리뷰,5,,0,0,1,"안녕하세요. 프리미엄 헬스테크 브랜드, 슬룸입니다.
진심 어린 소중한 후기 감사합니다. 💜

앞으로도 좋은 상품과 서비스로 고객님들을 찾아뵐 수 있도록 노력하겠습니다.
감사합니다. :)"
120021,2026-08-25 13:12,2026-07-31 15:39,2026-08-04 16:10,"쓰긴 편하고 좋은데 충전식이면 더 좋았을듯요.
매번 연결해서 쓸려니 조금 불편함은 있어요.
그리고 귀 옆에서 진동 소리가 너무커서
불편해요",,,724,★최대할인 비밀링크★ 목베개 플러스 특가,69000,수량선택: 목베개 플러스 1개,기존리뷰,3,,0,0,1,"안녕하세요 고객님, 프리미엄 헬스테크 브랜드, 슬룸입니다.
고객님께 만족스러운 경험을 드리지 못해 대단히 죄송합니다.😥

슬룸의 모든 제품은 인체공학적으로 설계되어 편안한 사용이 가능하나 초기 사용 시 1~2주 이상의 적응 기간이 필요할 수 있습니다. 
다만 수령하신 날짜 기준으로 30일 동안 꾸준히 사용해보시고도 만족하지 못하셨을 경우에는, 슬룸에서 진행하는 <100%환불이벤트> 에 참여하여 왕복배송비 제외 전액 환불이 가능합니다.

※ 제품을 30일간 꾸준히 사용한 경우, 배송완료 후 40일이내 신청이 가능
※ 환불 서비스는 첫 구매 체험을 위한 서비스로 1회만 신청 가능

▶ <100% 환불 이벤트> 상세 환불 조건 : https://sleeplab.co.kr/notice/?page=1#13709226_notice 

슬룸을 믿고 편하게 사용 및 체험해보시고, 그럼에도 만족하시지 못하셨을 경우 슬룸 공식몰의 채널톡을 통해 이벤트 기간 내 문의 주시면 환불 접수 도움드리겠습니다."
120022,2026-08-25 14:08,2026-08-13 20:38,2026-08-16 20:05,사용하고 나면 허리가 시원합니다.,,,636,허리편한케어 V2 허리 마사지기,129000,수량선택: 허리편한케어 V2 1개,기존리뷰,5,,0,0,1,"안녕하세요. 프리미엄 헬스테크 브랜드, 슬룸입니다.
진심 어린 소중한 후기 감사합니다. 💜

앞으로도 좋은 상품과 서비스로 고객님들을 찾아뵐 수 있도록 노력하겠습니다.
감사합니다. :)"
120023,2026-08-25 16:19,2026-08-05 22:51,2026-08-07 16:19,시원하게 잘사용하고있어용ㅎㅎ,,,1045,[하알라x슬룸] ★2차★ 구독자 한정 최저가 비밀링크!,114900,수량선택: 목마사지베개V2 1개 + (증정)마그네슘 시너지 크림 1개,기존리뷰,5,,1,0,1,"안녕하세요. 프리미엄 헬스테크 브랜드, 슬룸입니다.
정성스럽게 올려주신 소중한 후기 감사합니다. 💜

고객님의 목소리로 더 발전하는 슬룸이 되도록 노력하겠습니다.
감사합니다. 🙇‍♀️"
120024,2026-08-25 16:33,2026-08-24 9:39,2026-08-25 16:02,잘 받았습니다 팔꿈치 통증 으로 구매 했는데 효과 기대해 봅니다,,,980,프리미엄 엘보케어 팔꿈치 마사지기,149000,수량선택: 팔꿈치 마사지기 1개 (마그네슘 시너지 크림 1개 증정),기존리뷰,5,,0,0,1,"안녕하세요. 프리미엄 헬스테크 브랜드, 슬룸입니다.
정성스럽게 올려주신 소중한 후기 감사합니다. 💜

고객님의 목소리로 더 발전하는 슬룸이 되도록 노력하겠습니다.
감사합니다. 🙇‍♀️"
120025,2026-08-25 18:13,2026-08-11 13:27,2026-08-12 16:12,케이블만 따로 구입할수 있어서 좋네요,,,376,허리편한케어 V1 전용 케이블,5000,,기존리뷰,5,,0,0,1,"안녕하세요. 프리미엄 헬스테크 브랜드, 슬룸입니다.
진심 어린 소중한 후기 감사합니다. 💜

앞으로도 좋은 상품과 서비스로 고객님들을 찾아뵐 수 있도록 노력하겠습니다.
감사합니다. :)"
120026,2026-08-25 18:21,2026-08-21 23:54,2026-08-25 16:12,좋을것같아요 ㅎㅎ굿굿,,,1008,★최대할인 비밀링크★ 바디 풀고컷 경락 마사지기,89900,수량선택: 바디 풀고컷 1개 (트리플 샷 시너지 젤 1개 증정),기존리뷰,5,,1,0,1,"안녕하세요. 프리미엄 헬스테크 브랜드, 슬룸입니다.
진심 어린 소중한 후기 감사합니다. 💜

앞으로도 좋은 상품과 서비스로 고객님들을 찾아뵐 수 있도록 노력하겠습니다.
감사합니다. :)"
120027,2026-08-25 20:42,2026-08-22 19:58,2026-08-25 18:40,아버지가 쓰신다해서 많이 알아보고 배송했습니다 받으시고 사용하시더니 너무 좋다고하시네요 감사합니다,,,980,프리미엄 엘보케어 팔꿈치 마사지기,149000,수량선택: 팔꿈치 마사지기 + 연장벨트 (시너지 크림 & 파우치 중형 1개 증정),기존리뷰,5,,1,0,1,"안녕하세요. 프리미엄 헬스테크 브랜드, 슬룸입니다.
진심 어린 소중한 후기 감사합니다. 💜

앞으로도 좋은 상품과 서비스로 고객님들을 찾아뵐 수 있도록 노력하겠습니다.
감사합니다. :)"
120028,2026-08-25 20:57,2026-08-24 9:56,2026-08-25 16:11,시원하게 마사지 해주는것 같습니다,,,909,목 마사지 베개 V2 경추 마사지기 베개,129000,수량선택: 목 마사지 베개 V2 1개 (목베개 1개 & 크림 1개 증정),기존리뷰,5,,1,0,1,"안녕하세요. 프리미엄 헬스테크 브랜드, 슬룸입니다.
정성스럽게 올려주신 소중한 후기 감사합니다. 💜

고객님의 목소리로 더 발전하는 슬룸이 되도록 노력하겠습니다.
감사합니다. 🙇‍♀️"
120029,2026-08-25 21:00,2026-08-23 11:57,2026-08-25 18:41,좋은 제품 저렴하게 감사합니다 ㅎㅎ,,,1050,[로빈세끼 x 슬룸] 구독자 전용 ★최저가★ 비밀링크,99000,수량선택: 목마사지베개V2 1개 + (증정) 마그네슘 시너지 크림 1개,기존리뷰,5,,1,0,1,"안녕하세요. 프리미엄 헬스테크 브랜드, 슬룸입니다.
시간 내어 소중한 후기를 작성해 주셔서 감사드립니다. :)

믿고 찾는 쇼핑몰이 되기 위해 더 좋은 상품과 서비스를 준비하겠습니다.
감사합니다. 💜"
120030,2026-08-25 22:01,2026-08-22 9:46,2026-08-25 16:28,오자마자 충전후 사용했습니다 병원에서 받는 물리치료와 거의 흡사해요 팔꿈치 무릎에 아주좋습니디ㆍ 묵직한다리가 풀리니 가벼워집니다,,,980,프리미엄 엘보케어 팔꿈치 마사지기,149000,수량선택: 팔꿈치 마사지기 + 연장벨트 (시너지 크림 & 파우치 중형 1개 증정),기존리뷰,5,,1,0,1,"안녕하세요. 프리미엄 헬스테크 브랜드, 슬룸입니다.
정성스럽게 올려주신 소중한 후기 감사합니다. 💜

고객님의 목소리로 더 발전하는 슬룸이 되도록 노력하겠습니다.
감사합니다. 🙇‍♀️"
120031,2026-08-25 22:17,2026-07-22 21:27,2026-07-24 16:13,"드라마틱한 효과는 없는거 같네요. 스트레칭효과는 나쁘진 않지만, 진동은..지압정도 될 줄 알았는데 에어백 위로 때리는거라 말그대로 진동만 있어서 그닥 필요없는 기능 같기도 합니다. 온열과 스트레칭은 나쁘진 않아요.",,,1033,[신금동x슬룸] 최저가 마켓 OPEN,79000,수량선택: ★최저가★ 경추 마사지 베개 V2 1개 + (증정) 마그네슘 크림 1개,기존리뷰,3,,1,0,1,"안녕하세요 고객님, 프리미엄 헬스테크 브랜드, 슬룸입니다.
고객님께 만족스러운 경험을 드리지 못해 대단히 죄송합니다.😥

슬룸의 모든 제품은 인체공학적으로 설계되어 편안한 사용이 가능하나 초기 사용 시 1~2주 이상의 적응 기간이 필요할 수 있습니다. 
다만 수령하신 날짜 기준으로 30일 동안 꾸준히 사용해보시고도 만족하지 못하셨을 경우에는, 슬룸에서 진행하는 <100%환불이벤트> 에 참여하여 왕복배송비 제외 전액 환불이 가능합니다.

※ 제품을 30일간 꾸준히 사용한 경우, 배송완료 후 40일이내 신청이 가능
※ 환불 서비스는 첫 구매 체험을 위한 서비스로 1회만 신청 가능

▶ <100% 환불 이벤트> 상세 환불 조건 : https://sleeplab.co.kr/notice/?page=1#13709226_notice 

슬룸을 믿고 편하게 사용 및 체험해보시고, 그럼에도 만족하시지 못하셨을 경우 슬룸 공식몰의 채널톡을 통해 이벤트 기간 내 문의 주시면 환불 접수 도움드리겠습니다."
120032,2026-08-25 23:42,2026-08-22 8:04,2026-08-25 16:29,마사지 기능을 보고 처음엔 진동모드만인가?? 하고 실망할뻔했지만 잠시 눈감고 있으니 아주 만족스럽네요 ㅎㅎ 목도 뭔가 편해지고 마사지기능을 하니 잠도 솔솔 오는것이 좋습니다!!^^,,,724,★최대할인 비밀링크★ 목베개 플러스 특가,69000,수량선택: 목베개 플러스 1개,기존리뷰,5,,1,0,1,"안녕하세요. 프리미엄 헬스테크 브랜드, 슬룸입니다.
정성스럽게 올려주신 소중한 후기 감사합니다. 💜

고객님의 목소리로 더 발전하는 슬룸이 되도록 노력하겠습니다.
감사합니다. 🙇‍♀️"
120033,2026-08-26 0:01,2026-08-16 21:31,2026-08-19 21:19,마사지 기능이 신선해요.,,,724,★최대할인 비밀링크★ 목베개 플러스 특가,69000,수량선택: 목베개 플러스 1개,기존리뷰,5,,3,0,1,"안녕하세요. 프리미엄 헬스테크 브랜드, 슬룸입니다.
시간 내어 소중한 후기를 작성해 주셔서 감사드립니다. :)

믿고 찾는 쇼핑몰이 되기 위해 더 좋은 상품과 서비스를 준비하겠습니다.
감사합니다. 💜"
120034,2026-08-26 8:25,2026-08-22 15:21,2026-08-25 18:41,엄청 진동 폭이 커서 침대위에서 쓰는데 아래층까지 울릴까 걱정 됩니다. 진동소리 너무 커요. 온열 장치 있어서 좋습니다. 너무 시끄러워서 맛사지 받는중에 골이 흔들릴정도로 아주 불편 합니다. 사용 안할거 같아요 ㅠ맘에 들지 않습니다.,7ebf3d9f19ee,,724,★최대할인 비밀링크★ 목베개 플러스 특가,69000,수량선택: 목베개 플러스 1개,반응형(내리뷰),2,,0,0,1,"안녕하세요 고객님, 프리미엄 헬스테크 브랜드, 슬룸입니다.
고객님께 만족스러운 경험을 드리지 못해 대단히 죄송합니다.😥

슬룸의 모든 제품은 인체공학적으로 설계되어 편안한 사용이 가능하나 초기 사용 시 1~2주 이상의 적응 기간이 필요할 수 있습니다. 
다만 수령하신 날짜 기준으로 30일 동안 꾸준히 사용해보시고도 만족하지 못하셨을 경우에는, 슬룸에서 진행하는 <100%환불이벤트> 에 참여하여 왕복배송비 제외 전액 환불이 가능합니다.

※ 제품을 30일간 꾸준히 사용한 경우, 배송완료 후 40일이내 신청이 가능
※ 환불 서비스는 첫 구매 체험을 위한 서비스로 1회만 신청 가능

▶ <100% 환불 이벤트> 상세 환불 조건 : https://sleeplab.co.kr/notice/?page=1#13709226_notice 

슬룸을 믿고 편하게 사용 및 체험해보시고, 그럼에도 만족하시지 못하셨을 경우 슬룸 공식몰의 채널톡을 통해 이벤트 기간 내 문의 주시면 환불 접수 도움드리겠습니다."
120035,2026-08-21 0:00,,,퇴근하고 집에 오면 목이 돌처럼 굳어있는데 이거 켜는 순간부터 풀리기 시작해요. 에어백이 천천히 부풀면서 목을 잡아줄 때 그 느낌이 진짜 시원해요. 온열이랑 집중 진동 조합으로 15분만 쓰면 다음 날 컨디션이 달라요. 타이머 있어서 잠들어도 걱정 없어요.,d0c171c34e3c,,909,목 마사지 베개 V2 경추 마사지기 베개,129000,,기존리뷰,5,,0,0,1,"안녕하세요. 프리미엄 헬스테크 브랜드, 슬룸입니다.
시간 내어 소중한 후기를 작성해 주셔서 감사드립니다. :)

믿고 찾는 쇼핑몰이 되기 위해 더 좋은 상품과 서비스를 준비하겠습니다.
감사합니다. 💜"
120036,2026-08-16 0:00,,,거북목이 심해서 이거 구매했는데 에어백이 앞으로 나온 경추를 자연스럽게 뒤로 당겨줘서 교정 효과가 있어요. 꾸준히 쓰다 보니 자세가 조금씩 좋아지는 게 느껴지고요. 온열이랑 진동 조합으로 매일 쓰고 있어요.,4f5a1becd3b3,,909,목 마사지 베개 V2 경추 마사지기 베개,129000,,기존리뷰,5,,0,0,1,"안녕하세요. 프리미엄 헬스테크 브랜드, 슬룸입니다.
진심 어린 소중한 후기 감사합니다. 💜

앞으로도 좋은 상품과 서비스로 고객님들을 찾아뵐 수 있도록 노력하겠습니다.
감사합니다. :)"
120037,2026-08-17 0:00,,,야근 후에 집 오면 바로 이거 켜요. 하루 동안 쌓인 목 긴장이 에어백 덕분에 빠르게 풀려서 다음 날 또 버틸 수 있어요. 온열이 따뜻하게 감싸줘서 혈액순환도 잘 되는 것 같아요. 무선이라 침대에서 바로 써요.,5f475602aec2,,909,목 마사지 베개 V2 경추 마사지기 베개,129000,,기존리뷰,5,,0,0,1,"안녕하세요. 프리미엄 헬스테크 브랜드, 슬룸입니다.
정성스럽게 올려주신 소중한 후기 감사합니다. 💜

고객님의 목소리로 더 발전하는 슬룸이 되도록 노력하겠습니다.
감사합니다. 🙇‍♀️"
120038,2026-08-11 0:00,,,흉쇄유돌근이 딱딱하다는 얘기를 마사지 받다가 들었는데 이거 쓰면서 집에서도 관리하고 있어요. 에어백이 목 전체를 감싸줄 때 그 부위까지 자극이 오는 것 같아요. 꾸준히 쓰니까 예전보다 말랑해진 게 느껴져요.,eafb6d683d54,,909,목 마사지 베개 V2 경추 마사지기 베개,129000,,기존리뷰,5,,0,0,1,"안녕하세요. 프리미엄 헬스테크 브랜드, 슬룸입니다.
정성스럽게 올려주신 소중한 후기 감사합니다. 💜

고객님의 목소리로 더 발전하는 슬룸이 되도록 노력하겠습니다.
감사합니다. 🙇‍♀️"
120039,2026-08-14 0:00,,,이거 처음 써봤을 때 에어백이 부풀면서 목이 살짝 들리는 느낌이 너무 신기해서 웃었는데ㅋㅋ 지금은 그 느낌이 없으면 못 자요. 온열이랑 릴렉스 진동 켜면 10분도 안 돼서 잠이 와요. 타이머가 알아서 꺼줘서 자도 돼요.,b4d9dfb4b943,,909,목 마사지 베개 V2 경추 마사지기 베개,129000,,기존리뷰,5,,0,0,1,"안녕하세요. 프리미엄 헬스테크 브랜드, 슬룸입니다.
정성스럽게 올려주신 소중한 후기 감사합니다. 💜

고객님의 목소리로 더 발전하는 슬룸이 되도록 노력하겠습니다.
감사합니다. 🙇‍♀️"
120040,2026-08-08 0:00,,,버섯목 때문에 목 라인이 안 예뻐서 이거 샀어요. 에어백이 경추를 위로 늘려줘서 목 뒤 라인이 조금씩 좋아지고 있어요. 온열이 혈액순환을 도와줘서 더 효과적인 것 같고요. 꾸준히 쓰면 달라지더라고요.,2de48cdd45d6,,909,목 마사지 베개 V2 경추 마사지기 베개,129000,,기존리뷰,5,,0,0,1,"안녕하세요. 프리미엄 헬스테크 브랜드, 슬룸입니다.
정성스럽게 올려주신 소중한 후기 감사합니다. 💜

고객님의 목소리로 더 발전하는 슬룸이 되도록 노력하겠습니다.
감사합니다. 🙇‍♀️"
120042,2026-08-16 0:00,,,아이 재우고 나서 이거 켜는 게 하루 마무리 루틴이 됐어요. 에어백이 육아로 뭉친 목을 빠르게 이완시켜줘서 피로 회복이 빨라요. 온열이랑 릴렉스 진동 켜면 잠도 잘 오고요. 타이머 있어서 자도 안심이에요.,e1652880e3ad,,909,목 마사지 베개 V2 경추 마사지기 베개,129000,,기존리뷰,5,,0,0,1,"안녕하세요. 프리미엄 헬스테크 브랜드, 슬룸입니다.
시간 내어 소중한 후기를 작성해 주셔서 감사드립니다. :)

믿고 찾는 쇼핑몰이 되기 위해 더 좋은 상품과 서비스를 준비하겠습니다.
감사합니다. 💜"
120043,2026-08-15 0:00,,,거북목이랑 흉쇄유돌근 뭉침이 같이 있어서 두통이 자주 왔는데 이거 쓰면서 두 가지가 같이 관리되고 있어요. 에어백이 경추를 교정해주고 흉쇄유돌근도 이완시켜줘서 두통이 많이 줄었어요. 온열이랑 진동 조합이 딱이에요.,f0bc965b0dcd,,909,목 마사지 베개 V2 경추 마사지기 베개,129000,,기존리뷰,5,,0,0,1,"안녕하세요. 프리미엄 헬스테크 브랜드, 슬룸입니다.
시간 내어 소중한 후기를 작성해 주셔서 감사드립니다. :)

믿고 찾는 쇼핑몰이 되기 위해 더 좋은 상품과 서비스를 준비하겠습니다.
감사합니다. 💜"
120044,2026-08-16 0:00,,,"온열 단계가 세 개라 계절마다 조절해서 쓸 수 있어서 좋아요. 여름엔 1단계, 겨울엔 3단계로 쓰는데 둘 다 딱 맞아요. 에어백이랑 같이 쓰면 온열 효과가 배가 되는 것 같고요. 진동 모드도 그날그날 바꿔서 써요.",eae8741c2bde,,909,목 마사지 베개 V2 경추 마사지기 베개,129000,,기존리뷰,5,,0,0,1,"안녕하세요. 프리미엄 헬스테크 브랜드, 슬룸입니다.
정성스럽게 올려주신 소중한 후기 감사합니다. 💜

고객님의 목소리로 더 발전하는 슬룸이 되도록 노력하겠습니다.
감사합니다. 🙇‍♀️"
120045,2026-08-24 0:00,,,직장에서 모니터만 보다가 퇴근하면 목이 진짜 심하게 굳어있는데 이거 켜는 순간부터 풀리기 시작해요. 에어백이 하루치 긴장을 빠르게 해소해줘서 다음 날 컨디션이 달라요. 온열이랑 진동 조합이 퇴근 후 필수 루틴이 됐어요.,14e0ba711b6b,,909,목 마사지 베개 V2 경추 마사지기 베개,129000,,기존리뷰,5,,0,0,1,"안녕하세요. 프리미엄 헬스테크 브랜드, 슬룸입니다.
시간 내어 소중한 후기를 작성해 주셔서 감사드립니다. :)

믿고 찾는 쇼핑몰이 되기 위해 더 좋은 상품과 서비스를 준비하겠습니다.
감사합니다. 💜"
120046,2026-08-21 0:00,,,버섯목 때문에 뒷모습이 신경 쓰였는데 이거 꾸준히 쓰면서 목 라인이 조금씩 좋아지고 있어요. 에어백이 경추를 위로 늘려줘서 효과가 있는 것 같아요. 거북목 교정이랑 같이 되니까 일석이조예요.,25cf0c9a8b5d,,909,목 마사지 베개 V2 경추 마사지기 베개,129000,,기존리뷰,5,,0,0,1,"안녕하세요. 프리미엄 헬스테크 브랜드, 슬룸입니다.
시간 내어 소중한 후기를 작성해 주셔서 감사드립니다. :)

믿고 찾는 쇼핑몰이 되기 위해 더 좋은 상품과 서비스를 준비하겠습니다.
감사합니다. 💜"
120047,2026-08-17 0:00,,,새벽 작업이 많아서 목이 항상 뭉쳐있는데 이거 없었으면 어쩔 뻔 했을까 싶어요. 에어백이 굳은 목을 빠르게 이완시켜줘서 다시 작업할 에너지가 생겨요. 온열이랑 진동 조합으로 15분이면 충분해요.,aa8476f02686,,909,목 마사지 베개 V2 경추 마사지기 베개,129000,,기존리뷰,5,,0,0,1,"안녕하세요. 프리미엄 헬스테크 브랜드, 슬룸입니다.
정성스럽게 올려주신 소중한 후기 감사합니다. 💜

고객님의 목소리로 더 발전하는 슬룸이 되도록 노력하겠습니다.
감사합니다. 🙇‍♀️"
120048,2026-08-02 0:00,,,흉쇄유돌근이 뭉치면 귀 밑에서 쇄골까지 당기는 느낌이 불편했는데 이거 쓰면 그 증상이 완화돼요. 에어백이 목 전체를 감싸주면서 그 부위까지 이완시켜줘요. 온열이랑 진동 같이 켜면 더 효과적이에요.,67c2a8b5a5dc,,909,목 마사지 베개 V2 경추 마사지기 베개,129000,,기존리뷰,5,,0,0,1,"안녕하세요. 프리미엄 헬스테크 브랜드, 슬룸입니다.
정성스럽게 올려주신 소중한 후기 감사합니다. 💜

고객님의 목소리로 더 발전하는 슬룸이 되도록 노력하겠습니다.
감사합니다. 🙇‍♀️"
120049,2026-08-06 0:00,,,자기 전에 이거 켜고 누우면 하루의 긴장이 자연스럽게 풀려요. 에어백이 목을 잡아줄 때 그 시원함이 중독성 있거든요. 온열이랑 릴렉스 진동 켜면 금방 잠이 와요. 타이머가 알아서 꺼줘서 걱정 없어요.,556027124805,,909,목 마사지 베개 V2 경추 마사지기 베개,129000,,기존리뷰,3,,0,0,1,"안녕하세요. 프리미엄 헬스테크 브랜드, 슬룸입니다.
시간 내어 소중한 후기를 작성해 주셔서 감사드립니다. :)

믿고 찾는 쇼핑몰이 되기 위해 더 좋은 상품과 서비스를 준비하겠습니다.
감사합니다. 💜"
120050,2026-08-14 0:00,,,"이거 처음 샀을 때 에어백 모드가 세 개라 복잡해 보였는데 며칠 쓰다 보니 취향을 찾았어요. 저는 릴렉스 모드에 온열 2단계, 진동 집중 모드 조합이 딱이에요. 자기 전에 이 조합으로 15분 쓰면 목이 개운해지고 잠도 잘 와요.",5d7c5c361824,,909,목 마사지 베개 V2 경추 마사지기 베개,129000,,기존리뷰,4,,0,0,1,"안녕하세요. 프리미엄 헬스테크 브랜드, 슬룸입니다.
시간 내어 소중한 후기를 작성해 주셔서 감사드립니다. :)

믿고 찾는 쇼핑몰이 되기 위해 더 좋은 상품과 서비스를 준비하겠습니다.
감사합니다. 💜"
120051,2026-08-09 0:00,,,거북목 진단 후 집에서 관리하려고 샀어요. 에어백이 앞으로 나온 경추를 자연스럽게 뒤로 당겨줘서 교정에 도움이 되는 것 같아요. 병원 치료랑 병행하니까 효과가 더 빠른 것 같고요. 온열이랑 진동 조합으로 매일 쓰고 있어요.,ee5787cfed38,,909,목 마사지 베개 V2 경추 마사지기 베개,129000,,기존리뷰,5,,0,0,1,"안녕하세요. 프리미엄 헬스테크 브랜드, 슬룸입니다.
정성스럽게 올려주신 소중한 후기 감사합니다. 💜

고객님의 목소리로 더 발전하는 슬룸이 되도록 노력하겠습니다.
감사합니다. 🙇‍♀️"
120052,2026-08-03 0:00,,,명절에 장거리 운전하고 집에 오자마자 이거 켰어요. 에어백이 운전으로 굳은 목을 빠르게 이완시켜줘서 피로 회복이 달라요. 온열이랑 집중 진동 켜면 30분 마사지 효과가 15분 만에 나오는 것 같아요.,13a27f91ed23,,909,목 마사지 베개 V2 경추 마사지기 베개,129000,,기존리뷰,5,,0,0,1,"안녕하세요. 프리미엄 헬스테크 브랜드, 슬룸입니다.
정성스럽게 올려주신 소중한 후기 감사합니다. 💜

고객님의 목소리로 더 발전하는 슬룸이 되도록 노력하겠습니다.
감사합니다. 🙇‍♀️"
120053,2026-08-03 0:00,,,버섯목이랑 거북목이 같이 있었는데 이거 하나로 두 가지가 같이 관리되고 있어요. 에어백이 거북목 교정에 도움이 되고 온열이 혈액순환을 도와줘서 버섯목도 나아지고 있어요. 꾸준히 쓰면 달라지더라고요.,f3810d651a46,,909,목 마사지 베개 V2 경추 마사지기 베개,129000,,기존리뷰,5,,0,0,1,"안녕하세요. 프리미엄 헬스테크 브랜드, 슬룸입니다.
진심 어린 소중한 후기 감사합니다. 💜

앞으로도 좋은 상품과 서비스로 고객님들을 찾아뵐 수 있도록 노력하겠습니다.
감사합니다. :)"
120054,2026-08-04 0:00,,,파스를 달고 살았는데 이거 쓰면서 파스 붙이는 날이 확 줄었어요. 에어백이 목을 직접 케어해줘서 파스보다 더 효과적인 것 같아요. 온열이 찜질 역할도 해줘서 피부 자극 없이 관리할 수 있고요.,b3f57474e63c,,909,목 마사지 베개 V2 경추 마사지기 베개,129000,,기존리뷰,5,,0,0,1,"안녕하세요. 프리미엄 헬스테크 브랜드, 슬룸입니다.
진심 어린 소중한 후기 감사합니다. 💜

앞으로도 좋은 상품과 서비스로 고객님들을 찾아뵐 수 있도록 노력하겠습니다.
감사합니다. :)"
120055,2026-08-13 0:00,,,50대인데 목이 예전 같지 않아서 이거 샀어요. 에어백이 굳어있는 근육을 조금씩 이완시켜줘서 꾸준히 쓰면 달라지더라고요. 온열이 따뜻하게 감싸줘서 나이 들수록 더 필요한 케어라는 생각이 들어요.,6391cfddd246,,909,목 마사지 베개 V2 경추 마사지기 베개,129000,,기존리뷰,5,,0,0,1,"안녕하세요. 프리미엄 헬스테크 브랜드, 슬룸입니다.
시간 내어 소중한 후기를 작성해 주셔서 감사드립니다. :)

믿고 찾는 쇼핑몰이 되기 위해 더 좋은 상품과 서비스를 준비하겠습니다.
감사합니다. 💜"
120056,2026-08-21 0:00,,,흉쇄유돌근 뭉침이 두통으로 이어지는 패턴이 있었는데 이거 쓰면서 그 패턴이 끊겼어요. 에어백이 목 전체를 이완시켜줄 때 그 부위까지 같이 풀려서 두통 원인이 해소되는 것 같아요. 온열이랑 진동 조합이 딱이에요.,0eeb6a72e0cb,,909,목 마사지 베개 V2 경추 마사지기 베개,129000,,기존리뷰,5,,0,0,1,"안녕하세요. 프리미엄 헬스테크 브랜드, 슬룸입니다.
진심 어린 소중한 후기 감사합니다. 💜

앞으로도 좋은 상품과 서비스로 고객님들을 찾아뵐 수 있도록 노력하겠습니다.
감사합니다. :)"
120057,2026-08-04 0:00,,,이거 받은 날 바로 써봤는데 에어백이 처음 부풀 때 목이 자연스럽게 늘어나는 느낌이 신기했어요. 그 시원함에 바로 빠졌어요. 온열이랑 진동 조합으로 매일 쓰는 루틴이 생겼고 목 상태가 달라진 게 느껴져요.,f7f331e9d276,,909,목 마사지 베개 V2 경추 마사지기 베개,129000,,기존리뷰,4,,0,0,1,"안녕하세요. 프리미엄 헬스테크 브랜드, 슬룸입니다.
시간 내어 소중한 후기를 작성해 주셔서 감사드립니다. :)

믿고 찾는 쇼핑몰이 되기 위해 더 좋은 상품과 서비스를 준비하겠습니다.
감사합니다. 💜"
120058,2026-08-15 0:00,,,헬스 시작하면서 목에 부담이 많이 가는데 이거 운동 후에 쓰면 회복이 달라요. 에어백이 운동으로 뭉친 목을 빠르게 이완시켜줘서 다음 운동 때 컨디션이 달라요. 온열이랑 집중 진동 조합이 운동 후에 특히 효과적이에요.,111805613557,,909,목 마사지 베개 V2 경추 마사지기 베개,129000,,기존리뷰,5,,0,0,1,"안녕하세요. 프리미엄 헬스테크 브랜드, 슬룸입니다.
정성스럽게 올려주신 소중한 후기 감사합니다. 💜

고객님의 목소리로 더 발전하는 슬룸이 되도록 노력하겠습니다.
감사합니다. 🙇‍♀️"
120059,2026-08-17 0:00,,,거북목 때문에 뒷목이 항상 당겼는데 이거 쓰면서 그 증상이 줄었어요. 에어백이 앞으로 나온 경추를 교정해줘서 뒷목 당김이 완화되는 것 같아요. 버섯목도 같이 관리되고 있어서 좋아요.,91b970be3f72,,909,목 마사지 베개 V2 경추 마사지기 베개,129000,,기존리뷰,4,,0,0,1,"안녕하세요. 프리미엄 헬스테크 브랜드, 슬룸입니다.
진심 어린 소중한 후기 감사합니다. 💜

앞으로도 좋은 상품과 서비스로 고객님들을 찾아뵐 수 있도록 노력하겠습니다.
감사합니다. :)"
120061,2026-08-24 0:00,,,흉쇄유돌근이 긴장되면 목이 한쪽으로 기울어지는 느낌인데 이거 쓰면 균형이 잡혀요. 에어백이 목 전체를 고르게 케어해줘서 한쪽으로 치우친 긴장이 이완돼요. 온열이랑 진동 조합으로 매일 쓰고 있어요.,16b5a38a0843,,909,목 마사지 베개 V2 경추 마사지기 베개,129000,,기존리뷰,5,,0,0,1,"안녕하세요. 프리미엄 헬스테크 브랜드, 슬룸입니다.
시간 내어 소중한 후기를 작성해 주셔서 감사드립니다. :)

믿고 찾는 쇼핑몰이 되기 위해 더 좋은 상품과 서비스를 준비하겠습니다.
감사합니다. 💜"
120062,2026-08-21 0:00,,,이거 쓰면서 마사지샵 방문 횟수가 줄었어요. 에어백이 마사지사 손이랑 비슷한 느낌으로 목을 케어해줘서 집에서도 충분해요. 온열이랑 진동 같이 켜면 진짜 마사지받는 기분이거든요. 가성비 최고예요.,7fca93817252,,909,목 마사지 베개 V2 경추 마사지기 베개,129000,,기존리뷰,4,,0,0,1,"안녕하세요. 프리미엄 헬스테크 브랜드, 슬룸입니다.
진심 어린 소중한 후기 감사합니다. 💜

앞으로도 좋은 상품과 서비스로 고객님들을 찾아뵐 수 있도록 노력하겠습니다.
감사합니다. :)"
120063,2026-08-08 0:00,,,수험생 때부터 목이 안 좋았는데 이거 꾸준히 쓰면서 관리하고 있어요. 에어백이 굳어있던 근육을 조금씩 이완시켜줘서 유연해지는 게 느껴져요. 온열이랑 진동 조합으로 매일 15분씩 쓰는 게 루틴이 됐어요.,c6f78d9ec5bf,,909,목 마사지 베개 V2 경추 마사지기 베개,129000,,기존리뷰,3,,0,0,1,"안녕하세요. 프리미엄 헬스테크 브랜드, 슬룸입니다.
진심 어린 소중한 후기 감사합니다. 💜

앞으로도 좋은 상품과 서비스로 고객님들을 찾아뵐 수 있도록 노력하겠습니다.
감사합니다. :)"
120064,2026-08-09 0:00,,,버섯목 개선하려고 이거 샀는데 거북목까지 같이 교정되고 있어서 좋아요. 에어백이 경추를 위로 늘려줘서 목 뒤 라인이 개선되고 거북목 교정에도 도움이 돼요. 온열이 혈액순환을 도와줘서 더 효과적이에요.,76e51bae769b,,909,목 마사지 베개 V2 경추 마사지기 베개,129000,,기존리뷰,4,,0,0,1,"안녕하세요. 프리미엄 헬스테크 브랜드, 슬룸입니다.
진심 어린 소중한 후기 감사합니다. 💜

앞으로도 좋은 상품과 서비스로 고객님들을 찾아뵐 수 있도록 노력하겠습니다.
감사합니다. :)"
120065,2026-08-15 0:00,,,출장 갈 때마다 챙겨가요. 호텔에서도 쓸 수 있어서 장거리 이동 후 목을 빠르게 풀 수 있거든요. 무선이라 어디서든 꺼내 쓸 수 있어서 좋아요. 에어백이 이동으로 굳은 목을 빠르게 이완시켜줘요.,baad4b1c6acf,,909,목 마사지 베개 V2 경추 마사지기 베개,129000,,기존리뷰,5,,0,0,1,"안녕하세요. 프리미엄 헬스테크 브랜드, 슬룸입니다.
정성스럽게 올려주신 소중한 후기 감사합니다. 💜

고객님의 목소리로 더 발전하는 슬룸이 되도록 노력하겠습니다.
감사합니다. 🙇‍♀️"
120067,2026-08-16 0:00,,,흉쇄유돌근이 뭉쳐있으면 목 돌릴 때 뚝 소리가 나는 편인데 이거 꾸준히 쓰면서 그 소리가 줄었어요. 에어백이 그 부위를 포함한 목 전체를 이완시켜줘서 목 가동 범위가 넓어졌어요.,a76e025a0292,,909,목 마사지 베개 V2 경추 마사지기 베개,129000,,기존리뷰,4,,0,0,1,"안녕하세요. 프리미엄 헬스테크 브랜드, 슬룸입니다.
정성스럽게 올려주신 소중한 후기 감사합니다. 💜

고객님의 목소리로 더 발전하는 슬룸이 되도록 노력하겠습니다.
감사합니다. 🙇‍♀️"
120068,2026-08-09 0:00,,,자기 전에 유튜브 보면서 이거 쓰는 게 루틴이 됐어요. 에어백이 목을 이완시켜줄 때 유튜브 집중도 잘 되고 온열이랑 릴렉스 진동 켜두면 자연스럽게 잠이 와요. 타이머가 알아서 꺼줘서 편해요.,e0060de5b061,,909,목 마사지 베개 V2 경추 마사지기 베개,129000,,기존리뷰,5,,0,0,1,"안녕하세요. 프리미엄 헬스테크 브랜드, 슬룸입니다.
시간 내어 소중한 후기를 작성해 주셔서 감사드립니다. :)

믿고 찾는 쇼핑몰이 되기 위해 더 좋은 상품과 서비스를 준비하겠습니다.
감사합니다. 💜"
120069,2026-08-18 0:00,,,거북목이 오래돼서 경추 커브가 없다는 얘기를 들었는데 이거로 관리하고 있어요. 에어백이 경추를 자연스럽게 정렬해줘서 C자 커브 회복에 도움이 되는 것 같아요. 흉쇄유돌근 이완도 같이 되니까 좋아요.,27fe19131e4c,,909,목 마사지 베개 V2 경추 마사지기 베개,129000,,기존리뷰,5,,0,0,1,"안녕하세요. 프리미엄 헬스테크 브랜드, 슬룸입니다.
정성스럽게 올려주신 소중한 후기 감사합니다. 💜

고객님의 목소리로 더 발전하는 슬룸이 되도록 노력하겠습니다.
감사합니다. 🙇‍♀️"
120070,2026-08-17 0:00,,,몸이 예민한 편이라 에어백 기본 모드로만 쓰는데도 효과가 있어요. 강도 조절이 자유로워서 내 상태에 맞게 쓸 수 있는 게 좋아요. 온열도 1단계로만 쓰는데 충분히 효과적이에요.,d6aece667b38,,909,목 마사지 베개 V2 경추 마사지기 베개,129000,,기존리뷰,5,,0,0,1,"안녕하세요. 프리미엄 헬스테크 브랜드, 슬룸입니다.
진심 어린 소중한 후기 감사합니다. 💜

앞으로도 좋은 상품과 서비스로 고객님들을 찾아뵐 수 있도록 노력하겠습니다.
감사합니다. :)"
120071,2026-08-03 0:00,,,이거 쓰면서 아침에 일어날 때가 달라졌어요. 자기 전에 에어백 마사지 하고 잠들면 자는 동안 목 자세가 안정되는 것 같아요. C커브가 목을 자연스럽게 받쳐줘서 좋은 것 같고요. 아침이 확실히 개운해요.,15029cdfc6f7,,909,목 마사지 베개 V2 경추 마사지기 베개,129000,,기존리뷰,5,,0,0,1,"안녕하세요. 프리미엄 헬스테크 브랜드, 슬룸입니다.
진심 어린 소중한 후기 감사합니다. 💜

앞으로도 좋은 상품과 서비스로 고객님들을 찾아뵐 수 있도록 노력하겠습니다.
감사합니다. :)"
120075,2026-08-21 0:00,,,재택근무 3년차인데 목 상태가 점점 안 좋아지더라고요. 이거 쓰면서 그나마 관리하고 있어요. 에어백이 하루 종일 굳은 목을 풀어줘서 효과가 있어요. 온열이랑 진동 조합으로 매일 15분씩 쓰는 게 루틴이 됐어요.,7d36563317bd,,909,목 마사지 베개 V2 경추 마사지기 베개,129000,,기존리뷰,5,,0,0,1,"안녕하세요. 프리미엄 헬스테크 브랜드, 슬룸입니다.
정성스럽게 올려주신 소중한 후기 감사합니다. 💜

고객님의 목소리로 더 발전하는 슬룸이 되도록 노력하겠습니다.
감사합니다. 🙇‍♀️"
120076,2026-08-06 0:00,,,가격 고민하다가 마사지샵 두 번 가는 비용이라 생각하고 질렀는데 진짜 잘 샀어요. 에어백이 목을 잡아당겨줄 때 마사지사 손이랑 비슷한 느낌이에요. 온열이랑 진동 같이 켜면 집에서 마사지샵 케어가 가능해요.,cc7d340df472,,909,목 마사지 베개 V2 경추 마사지기 베개,129000,,기존리뷰,5,,0,0,1,"안녕하세요. 프리미엄 헬스테크 브랜드, 슬룸입니다.
시간 내어 소중한 후기를 작성해 주셔서 감사드립니다. :)

믿고 찾는 쇼핑몰이 되기 위해 더 좋은 상품과 서비스를 준비하겠습니다.
감사합니다. 💜"
120078,2026-08-21 0:00,,,이거 써보고 왜 이게 인기 있는지 알았어요. 에어백이 목을 실제로 늘려주는 게 느껴지거든요. 단순 진동이랑은 완전히 다른 방식이에요. 온열이 더해지면 근육이 이완되는 속도도 달라지고 타이머 있어서 자도 안심이에요.,8b67931838da,,909,목 마사지 베개 V2 경추 마사지기 베개,129000,,기존리뷰,5,,0,0,1,"안녕하세요. 프리미엄 헬스테크 브랜드, 슬룸입니다.
진심 어린 소중한 후기 감사합니다. 💜

앞으로도 좋은 상품과 서비스로 고객님들을 찾아뵐 수 있도록 노력하겠습니다.
감사합니다. :)"
120079,2026-08-22 0:00,,,흉쇄유돌근 뭉침이 두통뿐만 아니라 눈 피로로도 이어지는 것 같아서 관리 시작했어요. 이거 에어백이 목 전체를 이완시켜줄 때 그 부위까지 같이 풀려요. 꾸준히 쓰다 보니 눈 피로도 줄어드는 것 같아요.,1381e14a6f86,,909,목 마사지 베개 V2 경추 마사지기 베개,129000,,기존리뷰,3,,0,0,1,"안녕하세요. 프리미엄 헬스테크 브랜드, 슬룸입니다.
시간 내어 소중한 후기를 작성해 주셔서 감사드립니다. :)

믿고 찾는 쇼핑몰이 되기 위해 더 좋은 상품과 서비스를 준비하겠습니다.
감사합니다. 💜"
120080,2026-08-11 0:00,,,이거 쓰기 시작하면서 파스 없이도 버텨지더라고요. 에어백이 목을 직접 케어해줘서 파스보다 더 효과적인 것 같아요. 온열이 찜질 역할도 해주고 진동이 마사지 역할도 해줘서 이거 하나로 다 해결돼요.,4906b8950172,,909,목 마사지 베개 V2 경추 마사지기 베개,129000,,기존리뷰,4,,0,0,1,"안녕하세요. 프리미엄 헬스테크 브랜드, 슬룸입니다.
진심 어린 소중한 후기 감사합니다. 💜

앞으로도 좋은 상품과 서비스로 고객님들을 찾아뵐 수 있도록 노력하겠습니다.
감사합니다. :)"
120081,2026-08-24 0:00,,,버섯목이랑 거북목이 있어서 목 전체 관리가 필요했는데 이거 하나로 두 가지가 같이 관리돼요. 에어백이 거북목 교정에 도움이 되고 온열이 버섯목 관리를 도와줘서 시너지가 있어요.,89d75c46b8ca,,909,목 마사지 베개 V2 경추 마사지기 베개,129000,,기존리뷰,4,,0,0,1,"안녕하세요. 프리미엄 헬스테크 브랜드, 슬룸입니다.
시간 내어 소중한 후기를 작성해 주셔서 감사드립니다. :)

믿고 찾는 쇼핑몰이 되기 위해 더 좋은 상품과 서비스를 준비하겠습니다.
감사합니다. 💜"
120083,2026-08-16 0:00,,,이거 쓰면서 마사지샵을 거의 안 가게 됐어요. 에어백이 마사지사 손이랑 비슷한 느낌으로 목을 케어해줘서 집에서도 충분해요. 거북목 교정까지 되니까 더 좋고요.,cb409647bfb3,,909,목 마사지 베개 V2 경추 마사지기 베개,129000,,기존리뷰,5,,0,0,1,"안녕하세요. 프리미엄 헬스테크 브랜드, 슬룸입니다.
정성스럽게 올려주신 소중한 후기 감사합니다. 💜

고객님의 목소리로 더 발전하는 슬룸이 되도록 노력하겠습니다.
감사합니다. 🙇‍♀️"
120084,2026-08-16 0:00,,,흉쇄유돌근 뭉침으로 목 돌릴 때 소리가 났는데 이거 꾸준히 쓰면서 소리가 줄었어요. 에어백이 목 전체를 고르게 이완시켜줘서 가동 범위도 넓어진 것 같아요. 온열이랑 진동 조합이 딱이에요.,e6c8453dcf02,,909,목 마사지 베개 V2 경추 마사지기 베개,129000,,기존리뷰,5,,0,0,1,"안녕하세요. 프리미엄 헬스테크 브랜드, 슬룸입니다.
정성스럽게 올려주신 소중한 후기 감사합니다. 💜

고객님의 목소리로 더 발전하는 슬룸이 되도록 노력하겠습니다.
감사합니다. 🙇‍♀️"
120085,2026-08-22 0:00,,,이거 사기 전에 리뷰 꼼꼼히 읽었는데 리뷰 이상이에요. 에어백 기능이 정말 다른 제품이랑 차별화되는 게 써보면 바로 느껴지거든요. 온열이 더해지면 근육이 이완되는 속도도 달라지고요.,c98670b6ce14,,909,목 마사지 베개 V2 경추 마사지기 베개,129000,,기존리뷰,5,,0,0,1,"안녕하세요. 프리미엄 헬스테크 브랜드, 슬룸입니다.
시간 내어 소중한 후기를 작성해 주셔서 감사드립니다. :)

믿고 찾는 쇼핑몰이 되기 위해 더 좋은 상품과 서비스를 준비하겠습니다.
감사합니다. 💜"
120086,2026-08-15 0:00,,,육아 중에 아이 안고 다니면서 목이 너무 안 좋아졌는데 이거 쓰면서 조금씩 나아지고 있어요. 에어백이 뭉친 목을 부드럽게 이완시켜줘서 아이 재우고 나서 쓰는 게 루틴이 됐어요.,4016cf341191,,909,목 마사지 베개 V2 경추 마사지기 베개,129000,,기존리뷰,5,,0,0,1,"안녕하세요. 프리미엄 헬스테크 브랜드, 슬룸입니다.
시간 내어 소중한 후기를 작성해 주셔서 감사드립니다. :)

믿고 찾는 쇼핑몰이 되기 위해 더 좋은 상품과 서비스를 준비하겠습니다.
감사합니다. 💜"
120087,2026-08-15 0:00,,,거북목 때문에 어깨가 앞으로 말리는 자세가 됐는데 이거 꾸준히 쓰면서 경추 정렬이 잡히고 있어요. 에어백이 앞으로 나온 목을 뒤로 당겨줘서 전체적인 자세도 좋아지는 것 같아요. 흉쇄유돌근 이완도 같이 되고 있어요.,85b30d84778d,,909,목 마사지 베개 V2 경추 마사지기 베개,129000,,기존리뷰,5,,0,0,1,"안녕하세요. 프리미엄 헬스테크 브랜드, 슬룸입니다.
진심 어린 소중한 후기 감사합니다. 💜

앞으로도 좋은 상품과 서비스로 고객님들을 찾아뵐 수 있도록 노력하겠습니다.
감사합니다. :)"
120088,2026-08-07 0:00,,,"이거 쓰다가 잠든 적이 여러 번인데 타이머 덕분에 항상 꺼져있어요. 에어백이랑 온열, 진동 조합으로 15분 쓰면 충분하고 자연스럽게 잠이 와요. 타이머가 진짜 편한 기능이에요.",7dd9f800a3bd,,909,목 마사지 베개 V2 경추 마사지기 베개,129000,,기존리뷰,5,,0,0,1,"안녕하세요. 프리미엄 헬스테크 브랜드, 슬룸입니다.
정성스럽게 올려주신 소중한 후기 감사합니다. 💜

고객님의 목소리로 더 발전하는 슬룸이 되도록 노력하겠습니다.
감사합니다. 🙇‍♀️"
120089,2026-08-22 0:00,,,버섯목 때문에 뒤에서 찍은 사진이 항상 신경 쓰였는데 이거 꾸준히 쓰면서 목 뒤 라인이 조금씩 개선되고 있어요. 에어백이 경추를 위로 늘려줘서 효과가 있는 것 같아요.,295ecb7267cc,,909,목 마사지 베개 V2 경추 마사지기 베개,129000,,기존리뷰,5,,0,0,1,"안녕하세요. 프리미엄 헬스테크 브랜드, 슬룸입니다.
정성스럽게 올려주신 소중한 후기 감사합니다. 💜

고객님의 목소리로 더 발전하는 슬룸이 되도록 노력하겠습니다.
감사합니다. 🙇‍♀️"
120090,2026-08-02 0:00,,,드디어 목 관리 시작했어요. 계속 미루다가 이거 샀는데 왜 진작에 안 했을까 싶어요. 에어백이 목을 이완시켜줄 때 그 시원함이 오랫동안 필요했던 케어였어요. 온열이랑 진동 조합으로 매일 쓰고 있어요.,9a93970ba3b0,,909,목 마사지 베개 V2 경추 마사지기 베개,129000,,기존리뷰,4,,0,0,1,"안녕하세요. 프리미엄 헬스테크 브랜드, 슬룸입니다.
시간 내어 소중한 후기를 작성해 주셔서 감사드립니다. :)

믿고 찾는 쇼핑몰이 되기 위해 더 좋은 상품과 서비스를 준비하겠습니다.
감사합니다. 💜"
120091,2026-08-23 0:00,,,흉쇄유돌근이 딱딱한데 혼자 마사지하기 어려웠는데 이거 에어백이 그 부위까지 자극해줘서 편하게 관리할 수 있게 됐어요. 거북목도 같이 교정되고 있어서 목 전체가 편안해지고 있어요.,af2b63a6c77f,,909,목 마사지 베개 V2 경추 마사지기 베개,129000,,기존리뷰,5,,0,0,1,"안녕하세요. 프리미엄 헬스테크 브랜드, 슬룸입니다.
시간 내어 소중한 후기를 작성해 주셔서 감사드립니다. :)

믿고 찾는 쇼핑몰이 되기 위해 더 좋은 상품과 서비스를 준비하겠습니다.
감사합니다. 💜"
120093,2026-08-24 0:00,,,거북목이 버섯목으로 이어진다는 걸 알고 거북목부터 교정하려고 이거 샀어요. 에어백이 앞으로 나온 경추를 교정해줘서 거북목이 나아지면 버섯목도 같이 개선되더라고요. 온열이랑 진동 조합으로 매일 쓰고 있어요.,d8eb709fb8dd,,909,목 마사지 베개 V2 경추 마사지기 베개,129000,,기존리뷰,5,,0,0,1,"안녕하세요. 프리미엄 헬스테크 브랜드, 슬룸입니다.
진심 어린 소중한 후기 감사합니다. 💜

앞으로도 좋은 상품과 서비스로 고객님들을 찾아뵐 수 있도록 노력하겠습니다.
감사합니다. :)"
120094,2026-08-11 0:00,,,처음엔 베개 모양이 이상하다 싶었는데 써보니까 왜 이 모양인지 이해했어요. 누워서 목이 자연스럽게 C커브로 잡히면서 에어백이 늘려줄 때 시원함이 배가 돼요. 온열이랑 진동까지 켜면 완전 힐링이에요.,32e2c1e0a216,,909,목 마사지 베개 V2 경추 마사지기 베개,129000,,기존리뷰,5,,0,0,1,"안녕하세요. 프리미엄 헬스테크 브랜드, 슬룸입니다.
정성스럽게 올려주신 소중한 후기 감사합니다. 💜

고객님의 목소리로 더 발전하는 슬룸이 되도록 노력하겠습니다.
감사합니다. 🙇‍♀️"
120095,2026-08-03 0:00,,,흉쇄유돌근 뭉침이 편두통으로 이어지는 패턴이 있었는데 이거 쓰면서 그 패턴이 끊겼어요. 에어백이 목 전체를 이완시켜줄 때 그 부위까지 같이 풀려서 두통 원인이 해소되는 것 같아요.,dd7992aaa5d4,,909,목 마사지 베개 V2 경추 마사지기 베개,129000,,기존리뷰,5,,0,0,1,"안녕하세요. 프리미엄 헬스테크 브랜드, 슬룸입니다.
정성스럽게 올려주신 소중한 후기 감사합니다. 💜

고객님의 목소리로 더 발전하는 슬룸이 되도록 노력하겠습니다.
감사합니다. 🙇‍♀️"
120096,2026-08-10 0:00,,,스트레스받으면 목부터 굳는 편인데 이거 쓰면 목이랑 스트레스가 같이 풀려요. 에어백이 목을 이완시켜줄 때 긴장이 자연스럽게 해소되는 것 같아요. 온열이랑 릴렉스 진동 조합이 심신 안정에 최고예요.,ea05dfdb678c,,909,목 마사지 베개 V2 경추 마사지기 베개,129000,,기존리뷰,5,,0,0,1,"안녕하세요. 프리미엄 헬스테크 브랜드, 슬룸입니다.
시간 내어 소중한 후기를 작성해 주셔서 감사드립니다. :)

믿고 찾는 쇼핑몰이 되기 위해 더 좋은 상품과 서비스를 준비하겠습니다.
감사합니다. 💜"
120097,2026-08-19 0:00,,,버섯목이 심해서 옷 뒤 라인이 신경 쓰였는데 이거 꾸준히 쓰면서 목 라인이 개선되고 있어요. 에어백이 경추를 위로 늘려주고 온열이 혈액순환을 도와줘서 효과가 있는 것 같아요.,f7d099a330c9,,909,목 마사지 베개 V2 경추 마사지기 베개,129000,,기존리뷰,3,,0,0,1,"안녕하세요. 프리미엄 헬스테크 브랜드, 슬룸입니다.
정성스럽게 올려주신 소중한 후기 감사합니다. 💜

고객님의 목소리로 더 발전하는 슬룸이 되도록 노력하겠습니다.
감사합니다. 🙇‍♀️"
120098,2026-08-04 0:00,,,이거 쓰기 전엔 목이 뻐근한 게 당연한 줄 알았는데 쓰고 나서 이렇게 시원할 수 있구나 알게 됐어요. 에어백이 목을 늘려줄 때 그 느낌이 진짜 새로운 경험이었어요. 온열이랑 진동 조합으로 매일 쓰고 있어요.,87b1df6dd879,,909,목 마사지 베개 V2 경추 마사지기 베개,129000,,기존리뷰,5,,0,0,1,"안녕하세요. 프리미엄 헬스테크 브랜드, 슬룸입니다.
진심 어린 소중한 후기 감사합니다. 💜

앞으로도 좋은 상품과 서비스로 고객님들을 찾아뵐 수 있도록 노력하겠습니다.
감사합니다. :)"
120099,2026-08-15 0:00,,,거북목 자세가 오래돼서 경추 커브가 없다는 얘기를 들었는데 이거 에어백이 경추를 자연스럽게 정렬해줘서 도움이 되는 것 같아요. 흉쇄유돌근 이완이랑 버섯목 관리까지 되니까 세 가지가 한 번에 케어돼요.,9eea771b33d2,,909,목 마사지 베개 V2 경추 마사지기 베개,129000,,기존리뷰,3,,0,0,1,"안녕하세요. 프리미엄 헬스테크 브랜드, 슬룸입니다.
정성스럽게 올려주신 소중한 후기 감사합니다. 💜

고객님의 목소리로 더 발전하는 슬룸이 되도록 노력하겠습니다.
감사합니다. 🙇‍♀️"
120100,2026-08-21 0:00,,,이거 선물로 받았는데 처음엔 이게 뭔지 몰랐다가 써보고 완전 반했어요. 에어백이 목을 잡아당겨줄 때 그 느낌이 중독성 있거든요. 온열이랑 진동 같이 켜면 마사지받는 기분이에요.,59b42b0488b4,,909,목 마사지 베개 V2 경추 마사지기 베개,129000,,기존리뷰,4,,0,0,1,"안녕하세요. 프리미엄 헬스테크 브랜드, 슬룸입니다.
정성스럽게 올려주신 소중한 후기 감사합니다. 💜

고객님의 목소리로 더 발전하는 슬룸이 되도록 노력하겠습니다.
감사합니다. 🙇‍♀️"
120101,2026-08-22 0:00,,,흉쇄유돌근이 뭉치면 목 돌릴 때 당기는 게 불편했는데 이거 쓰면서 그 증상이 완화됐어요. 에어백이 목 전체를 이완시켜줘서 가동 범위가 넓어진 것 같아요. 거북목 교정도 병행되고 있어요.,db87a8a84eca,,909,목 마사지 베개 V2 경추 마사지기 베개,129000,,기존리뷰,5,,0,0,1,"안녕하세요. 프리미엄 헬스테크 브랜드, 슬룸입니다.
진심 어린 소중한 후기 감사합니다. 💜

앞으로도 좋은 상품과 서비스로 고객님들을 찾아뵐 수 있도록 노력하겠습니다.
감사합니다. :)"
120102,2026-08-21 0:00,,,처음 구매했을 때부터 지금까지 후회한 적이 없어요. 에어백이 목을 잡아당겨줄 때 그 시원함이 중독성 있거든요. 온열이랑 진동 조합으로 매일 쓰는 루틴이 생겼고 목 상태가 달라진 게 느껴져요.,9e0f1730aad8,,909,목 마사지 베개 V2 경추 마사지기 베개,129000,,기존리뷰,5,,0,0,1,"안녕하세요. 프리미엄 헬스테크 브랜드, 슬룸입니다.
정성스럽게 올려주신 소중한 후기 감사합니다. 💜

고객님의 목소리로 더 발전하는 슬룸이 되도록 노력하겠습니다.
감사합니다. 🙇‍♀️"
120103,2026-08-02 0:00,,,버섯목 때문에 목이 짧고 두꺼워 보여서 고민이었는데 이거 에어백이 경추를 위로 늘려줘서 목 라인이 조금씩 개선되고 있어요. 거북목 교정이랑 같이 되니까 두 가지가 한 번에 관리돼요.,afe5f7df2061,,909,목 마사지 베개 V2 경추 마사지기 베개,129000,,기존리뷰,5,,0,0,1,"안녕하세요. 프리미엄 헬스테크 브랜드, 슬룸입니다.
정성스럽게 올려주신 소중한 후기 감사합니다. 💜

고객님의 목소리로 더 발전하는 슬룸이 되도록 노력하겠습니다.
감사합니다. 🙇‍♀️"
120104,2026-08-16 0:00,,,이거 쓰면서 아침에 일어날 때가 완전히 달라졌어요. 예전엔 목이 뻐근해서 개운하지 않았는데 지금은 훨씬 가벼워요. 자기 전에 에어백 마사지 하고 잠들면 자는 동안 자세가 안정되는 것 같아요.,118ad29c4676,,909,목 마사지 베개 V2 경추 마사지기 베개,129000,,기존리뷰,5,,0,0,1,"안녕하세요. 프리미엄 헬스테크 브랜드, 슬룸입니다.
진심 어린 소중한 후기 감사합니다. 💜

앞으로도 좋은 상품과 서비스로 고객님들을 찾아뵐 수 있도록 노력하겠습니다.
감사합니다. :)"
120105,2026-08-02 0:00,,,거북목 때문에 두통이 자주 왔는데 흉쇄유돌근도 뭉쳐있어서 이중으로 문제였는데 이거 하나로 두 가지가 같이 관리되고 있어요. 에어백이 거북목 교정과 흉쇄유돌근 이완을 동시에 도와줘서 두통이 많이 줄었어요.,f2c240d3e976,,909,목 마사지 베개 V2 경추 마사지기 베개,129000,,기존리뷰,5,,0,0,1,"안녕하세요. 프리미엄 헬스테크 브랜드, 슬룸입니다.
진심 어린 소중한 후기 감사합니다. 💜

앞으로도 좋은 상품과 서비스로 고객님들을 찾아뵐 수 있도록 노력하겠습니다.
감사합니다. :)"
120106,2026-08-15 0:00,,,이거 한 번 써보고 바로 부모님 선물로도 샀어요. 에어백이 목을 케어하는 방식이 특별해서 써보면 바로 알거든요. 온열이랑 진동 같이 켜면 마사지받는 기분이에요. 어르신들도 쓰기 쉬운 게 포인트예요.,17a084d8e82d,,909,목 마사지 베개 V2 경추 마사지기 베개,129000,,기존리뷰,5,,0,0,1,"안녕하세요. 프리미엄 헬스테크 브랜드, 슬룸입니다.
정성스럽게 올려주신 소중한 후기 감사합니다. 💜

고객님의 목소리로 더 발전하는 슬룸이 되도록 노력하겠습니다.
감사합니다. 🙇‍♀️"
120107,2026-08-18 0:00,,,흉쇄유돌근이 긴장되면 얼굴 비대칭이 심해지는 것 같아서 이완 관리를 시작했어요. 에어백이 목 전체를 고르게 이완시켜줄 때 그 부위까지 같이 풀려요. 거북목 교정이랑 버섯목 관리도 같이 되고 있어요.,2be519419344,,909,목 마사지 베개 V2 경추 마사지기 베개,129000,,기존리뷰,5,,0,0,1,"안녕하세요. 프리미엄 헬스테크 브랜드, 슬룸입니다.
정성스럽게 올려주신 소중한 후기 감사합니다. 💜

고객님의 목소리로 더 발전하는 슬룸이 되도록 노력하겠습니다.
감사합니다. 🙇‍♀️"
120108,2026-08-09 0:00,,,이거 없었으면 진짜 어쩔 뻔 했을까 싶어요. 에어백이 목을 이완시켜줄 때 그 시원함이 없으면 이제 허전해요. 온열이랑 진동 조합으로 매일 쓰는 게 루틴이 됐고 목 상태가 달라진 게 확실히 느껴져요.,bdc7b8100c83,,909,목 마사지 베개 V2 경추 마사지기 베개,129000,,기존리뷰,5,,0,0,1,"안녕하세요. 프리미엄 헬스테크 브랜드, 슬룸입니다.
진심 어린 소중한 후기 감사합니다. 💜

앞으로도 좋은 상품과 서비스로 고객님들을 찾아뵐 수 있도록 노력하겠습니다.
감사합니다. :)"
120109,2026-08-23 0:00,,,버섯목이 있으면 체형이 안 좋아 보이는데 이거 꾸준히 쓰면서 목 라인이 개선되고 있어요. 에어백이 경추를 위로 늘려줘서 효과가 있는 것 같아요. 거북목 교정이랑 흉쇄유돌근 이완도 같이 되고 있어서 세 가지가 한 번에 관리돼요.,5183c19fc0c9,,909,목 마사지 베개 V2 경추 마사지기 베개,129000,,기존리뷰,5,,0,0,1,"안녕하세요. 프리미엄 헬스테크 브랜드, 슬룸입니다.
진심 어린 소중한 후기 감사합니다. 💜

앞으로도 좋은 상품과 서비스로 고객님들을 찾아뵐 수 있도록 노력하겠습니다.
감사합니다. :)"
120110,2026-08-18 0:00,,,처음에 에어백이 목을 들어 올릴 때 무서웠는데ㅋㅋ 강도 낮게 해서 시작하니까 괜찮더라고요. 지금은 릴렉스 모드가 딱 맞아요. 온열이랑 진동 조합으로 자기 전에 쓰면 잠도 잘 와요.,b5d317f79ba3,,909,목 마사지 베개 V2 경추 마사지기 베개,129000,,기존리뷰,5,,0,0,1,"안녕하세요. 프리미엄 헬스테크 브랜드, 슬룸입니다.
시간 내어 소중한 후기를 작성해 주셔서 감사드립니다. :)

믿고 찾는 쇼핑몰이 되기 위해 더 좋은 상품과 서비스를 준비하겠습니다.
감사합니다. 💜"
120111,2026-08-18 0:00,,,이거 쓰면서 찜질방 가는 횟수가 줄었어요. 온열이 찜질방 느낌을 내줘서 집에서 해결돼거든요. 에어백이 목을 직접 케어해주는 게 더해지면 오히려 더 효과적인 것 같아요.,92c9ec8f6364,,909,목 마사지 베개 V2 경추 마사지기 베개,129000,,기존리뷰,5,,0,0,1,"안녕하세요. 프리미엄 헬스테크 브랜드, 슬룸입니다.
정성스럽게 올려주신 소중한 후기 감사합니다. 💜

고객님의 목소리로 더 발전하는 슬룸이 되도록 노력하겠습니다.
감사합니다. 🙇‍♀️"
120113,2026-08-23 0:00,,,이거 처음 받은 날 설레서 바로 개봉했어요. 에어백이 처음 부풀 때 목이 자연스럽게 늘어나는 느낌이 신기했어요. 온열 켜니까 따뜻하게 감싸지고 진동까지 켜면 완전 힐링이에요. 매일 쓰는 필수 아이템이 됐어요.,89de34e807d9,,909,목 마사지 베개 V2 경추 마사지기 베개,129000,,기존리뷰,5,,0,0,1,"안녕하세요. 프리미엄 헬스테크 브랜드, 슬룸입니다.
진심 어린 소중한 후기 감사합니다. 💜

앞으로도 좋은 상품과 서비스로 고객님들을 찾아뵐 수 있도록 노력하겠습니다.
감사합니다. :)"
120114,2026-08-05 0:00,,,흉쇄유돌근 뭉침이 두통 원인이라는 걸 알고 관리 시작했어요. 이거 에어백이 목 전체를 이완시켜줄 때 그 부위까지 같이 풀려요. 거북목이랑 버섯목도 같이 관리되니까 세 가지가 한 번에 케어돼요.,5c7219d53018,,909,목 마사지 베개 V2 경추 마사지기 베개,129000,,기존리뷰,5,,0,0,1,"안녕하세요. 프리미엄 헬스테크 브랜드, 슬룸입니다.
정성스럽게 올려주신 소중한 후기 감사합니다. 💜

고객님의 목소리로 더 발전하는 슬룸이 되도록 노력하겠습니다.
감사합니다. 🙇‍♀️"
120115,2026-08-11 0:00,,,사용한 지 석 달이 됐는데 이제 없으면 정말 못 살 것 같아요. 에어백이 목을 잡아당겨줄 때 그 시원함에 완전히 빠진 지 오래됐어요. 온열이랑 진동 조합으로 매일 쓰는 게 루틴이 됐고 목 상태가 달라진 게 느껴져요.,575d8b4fe9b5,,909,목 마사지 베개 V2 경추 마사지기 베개,129000,,기존리뷰,5,,0,0,1,"안녕하세요. 프리미엄 헬스테크 브랜드, 슬룸입니다.
시간 내어 소중한 후기를 작성해 주셔서 감사드립니다. :)

믿고 찾는 쇼핑몰이 되기 위해 더 좋은 상품과 서비스를 준비하겠습니다.
감사합니다. 💜"
120116,2026-08-03 0:00,,,버섯목이 있어서 목 뒤 라인이 신경 쓰였는데 이거 꾸준히 쓰면서 조금씩 개선되고 있어요. 거북목 교정이랑 같이 되니까 시너지가 있어요. 에어백이 경추를 위로 늘려줘서 효과가 있는 것 같아요.,375f5b4d48b2,,909,목 마사지 베개 V2 경추 마사지기 베개,129000,,기존리뷰,3,,0,0,1,"안녕하세요. 프리미엄 헬스테크 브랜드, 슬룸입니다.
시간 내어 소중한 후기를 작성해 주셔서 감사드립니다. :)

믿고 찾는 쇼핑몰이 되기 위해 더 좋은 상품과 서비스를 준비하겠습니다.
감사합니다. 💜"
120117,2026-08-15 0:00,,,이거 쓰면서 목 관리가 이렇게 쉬운 거였나 싶었어요. 에어백 켜고 누우면 되니까요. 온열이랑 진동까지 켜면 완전 케어가 되고 타이머가 알아서 꺼줘서 자도 걱정 없어요. 무선이라 어디서든 쓸 수 있어서 진짜 편해요.,717fe5a9c964,,909,목 마사지 베개 V2 경추 마사지기 베개,129000,,기존리뷰,5,,0,0,1,"안녕하세요. 프리미엄 헬스테크 브랜드, 슬룸입니다.
진심 어린 소중한 후기 감사합니다. 💜

앞으로도 좋은 상품과 서비스로 고객님들을 찾아뵐 수 있도록 노력하겠습니다.
감사합니다. :)"
120118,2026-08-03 0:00,,,거북목에 흉쇄유돌근 뭉침까지 있어서 두통이 자주 왔는데 이거 하나로 두 가지가 같이 관리되면서 두통이 줄었어요. 에어백이 경추 교정과 근육 이완을 동시에 도와줘서 효과적이에요.,b399b9965516,,909,목 마사지 베개 V2 경추 마사지기 베개,129000,,기존리뷰,5,,0,0,1,"안녕하세요. 프리미엄 헬스테크 브랜드, 슬룸입니다.
정성스럽게 올려주신 소중한 후기 감사합니다. 💜

고객님의 목소리로 더 발전하는 슬룸이 되도록 노력하겠습니다.
감사합니다. 🙇‍♀️"
120119,2026-08-21 0:00,,,처음 구매하고 너무 좋아서 그 주에 친구 세 명한테 추천했어요. 세 명 다 구매했고 다들 만족하고 있어요. 에어백이 목을 케어하는 방식이 특별해서 써보면 바로 알거든요. 타이머 있어서 자도 안심이에요.,39b880a86ce2,,909,목 마사지 베개 V2 경추 마사지기 베개,129000,,기존리뷰,5,,0,0,1,"안녕하세요. 프리미엄 헬스테크 브랜드, 슬룸입니다.
진심 어린 소중한 후기 감사합니다. 💜

앞으로도 좋은 상품과 서비스로 고객님들을 찾아뵐 수 있도록 노력하겠습니다.
감사합니다. :)"
120120,2026-08-06 0:00,,,흉쇄유돌근이 딱딱하게 굳어있던 게 조금씩 부드러워지는 게 느껴져요. 에어백이 꾸준히 자극해줘서 그런 것 같아요. 거북목 교정이랑 버섯목 관리도 같이 되니까 세 가지가 한 번에 케어되고 있어요.,fa9030c27a6c,,909,목 마사지 베개 V2 경추 마사지기 베개,129000,,기존리뷰,5,,0,0,1,"안녕하세요. 프리미엄 헬스테크 브랜드, 슬룸입니다.
정성스럽게 올려주신 소중한 후기 감사합니다. 💜

고객님의 목소리로 더 발전하는 슬룸이 되도록 노력하겠습니다.
감사합니다. 🙇‍♀️"
120121,2026-08-11 0:00,,,이거 써보고 나서 왜 이게 인기 있는지 완전히 이해했어요. 에어백이 목을 실제로 늘려주는 게 느껴지거든요. 단순 진동이랑은 완전히 다른 방식이에요. 온열이 더해지면 근육 이완 속도도 달라지고요.,d2b931b55d9e,,909,목 마사지 베개 V2 경추 마사지기 베개,129000,,기존리뷰,4,,0,0,1,"안녕하세요. 프리미엄 헬스테크 브랜드, 슬룸입니다.
정성스럽게 올려주신 소중한 후기 감사합니다. 💜

고객님의 목소리로 더 발전하는 슬룸이 되도록 노력하겠습니다.
감사합니다. 🙇‍♀️"
120122,2026-08-18 0:00,,,버섯목 고민으로 이것저것 찾다가 이거 발견했어요. 에어백이 경추를 위로 늘려줘서 목 뒤 라인이 개선되고 온열이 혈액순환을 도와줘서 더 효과적이에요. 거북목 교정이랑 흉쇄유돌근 이완도 같이 되고 있어요.,203d87def135,,909,목 마사지 베개 V2 경추 마사지기 베개,129000,,기존리뷰,5,,0,0,1,"안녕하세요. 프리미엄 헬스테크 브랜드, 슬룸입니다.
진심 어린 소중한 후기 감사합니다. 💜

앞으로도 좋은 상품과 서비스로 고객님들을 찾아뵐 수 있도록 노력하겠습니다.
감사합니다. :)"
120123,2026-08-01 0:00,,,이거 처음 써본 날 아 이게 필요했구나 싶었어요. 에어백이 목을 이완시켜줄 때 오랫동안 이런 케어가 필요했는데 싶었어요. 온열이랑 진동 조합으로 매일 쓰는 루틴이 생겼고 달라지는 게 느껴져요.,9aaed1c5fcb0,,909,목 마사지 베개 V2 경추 마사지기 베개,129000,,기존리뷰,5,,0,0,1,"안녕하세요. 프리미엄 헬스테크 브랜드, 슬룸입니다.
진심 어린 소중한 후기 감사합니다. 💜

앞으로도 좋은 상품과 서비스로 고객님들을 찾아뵐 수 있도록 노력하겠습니다.
감사합니다. :)"
120124,2026-08-06 0:00,,,거북목 때문에 목이 앞으로 많이 나왔는데 이거 꾸준히 쓰면서 조금씩 교정되고 있어요. 에어백이 앞으로 나온 경추를 뒤로 당겨줘서 거북목이 개선되는 것 같아요. 흉쇄유돌근 이완이랑 버섯목 관리도 같이 되고 있어요.,034f71997f97,,909,목 마사지 베개 V2 경추 마사지기 베개,129000,,기존리뷰,3,,0,0,1,"안녕하세요. 프리미엄 헬스테크 브랜드, 슬룸입니다.
정성스럽게 올려주신 소중한 후기 감사합니다. 💜

고객님의 목소리로 더 발전하는 슬룸이 되도록 노력하겠습니다.
감사합니다. 🙇‍♀️"
120125,2026-08-19 0:00,,,"이거 쓰다가 잠들었는데 타이머 덕분에 자동으로 꺼져있어서 처음엔 놀랐다가 나중엔 이 기능이 너무 고마웠어요ㅋㅋ 에어백이랑 온열, 진동 조합으로 15분 쓰면 목이 충분히 이완돼요.",85c8311c23b0,,909,목 마사지 베개 V2 경추 마사지기 베개,129000,,기존리뷰,5,,0,0,1,"안녕하세요. 프리미엄 헬스테크 브랜드, 슬룸입니다.
진심 어린 소중한 후기 감사합니다. 💜

앞으로도 좋은 상품과 서비스로 고객님들을 찾아뵐 수 있도록 노력하겠습니다.
감사합니다. :)"
120126,2026-08-20 0:00,,,흉쇄유돌근이 뭉치면 목 옆쪽이 두꺼워 보이는 것 같아서 관리 시작했어요. 에어백이 목 전체를 고르게 이완시켜줘서 조금씩 나아지고 있어요. 거북목 교정이랑 버섯목 관리도 같이 되니까 좋아요.,b1f1bd60304b,,909,목 마사지 베개 V2 경추 마사지기 베개,129000,,기존리뷰,4,,0,0,1,"안녕하세요. 프리미엄 헬스테크 브랜드, 슬룸입니다.
시간 내어 소중한 후기를 작성해 주셔서 감사드립니다. :)

믿고 찾는 쇼핑몰이 되기 위해 더 좋은 상품과 서비스를 준비하겠습니다.
감사합니다. 💜"
120127,2026-08-11 0:00,,,이거 쓰면서 마사지샵 방문이 줄었어요. 에어백이 목을 직접 케어해줘서 전문적인 관리가 집에서 가능해요. 거북목 교정까지 되니까 더 좋고요. 온열이랑 진동 조합이 특히 효과적이에요.,12c7b04a57e3,,909,목 마사지 베개 V2 경추 마사지기 베개,129000,,기존리뷰,5,,0,0,1,"안녕하세요. 프리미엄 헬스테크 브랜드, 슬룸입니다.
시간 내어 소중한 후기를 작성해 주셔서 감사드립니다. :)

믿고 찾는 쇼핑몰이 되기 위해 더 좋은 상품과 서비스를 준비하겠습니다.
감사합니다. 💜"
120128,2026-08-06 0:00,,,이거 쓰면서 목 관리를 시작하게 됐는데 왜 진작에 안 했을까 싶어요. 에어백이 목을 이완시켜줄 때 그 시원함이 중독성 있어요. 온열이랑 진동 조합으로 매일 쓰는 루틴이 생겼어요.,667c82d150f2,,909,목 마사지 베개 V2 경추 마사지기 베개,129000,,기존리뷰,4,,0,0,1,"안녕하세요. 프리미엄 헬스테크 브랜드, 슬룸입니다.
시간 내어 소중한 후기를 작성해 주셔서 감사드립니다. :)

믿고 찾는 쇼핑몰이 되기 위해 더 좋은 상품과 서비스를 준비하겠습니다.
감사합니다. 💜"
120129,2026-08-23 0:00,,,퇴근하고 이거 켜는 게 집에 오면 제일 먼저 하는 일이 됐어요. 에어백이 하루 동안 굳은 목을 빠르게 풀어줘서 다음 날 또 버틸 수 있어요. 온열이랑 집중 진동 켜면 마사지받는 기분이에요.,7d21339cb35b,,909,목 마사지 베개 V2 경추 마사지기 베개,129000,,기존리뷰,3,,0,0,1,"안녕하세요. 프리미엄 헬스테크 브랜드, 슬룸입니다.
시간 내어 소중한 후기를 작성해 주셔서 감사드립니다. :)

믿고 찾는 쇼핑몰이 되기 위해 더 좋은 상품과 서비스를 준비하겠습니다.
감사합니다. 💜"
120130,2026-08-22 0:00,,,거북목 때문에 이거 샀는데 버섯목이랑 흉쇄유돌근까지 같이 관리되고 있어서 진짜 좋아요. 에어백이 경추 정렬을 잡아줘서 세 가지가 한 번에 케어되는 느낌이에요.,e55ffb4cb13c,,909,목 마사지 베개 V2 경추 마사지기 베개,129000,,기존리뷰,4,,0,0,1,"안녕하세요. 프리미엄 헬스테크 브랜드, 슬룸입니다.
진심 어린 소중한 후기 감사합니다. 💜

앞으로도 좋은 상품과 서비스로 고객님들을 찾아뵐 수 있도록 노력하겠습니다.
감사합니다. :)"
120131,2026-08-21 0:00,,,이거 쓰기 전이랑 후가 확실히 달라서 주변에 다 추천하고 다녀요. 에어백이 목을 잡아당겨줄 때 그 시원함이 말로 표현이 안 될 정도예요. 온열이랑 진동 같이 켜면 마사지샵 수준이에요.,e483abf77c70,,909,목 마사지 베개 V2 경추 마사지기 베개,129000,,기존리뷰,5,,0,0,1,"안녕하세요. 프리미엄 헬스테크 브랜드, 슬룸입니다.
정성스럽게 올려주신 소중한 후기 감사합니다. 💜

고객님의 목소리로 더 발전하는 슬룸이 되도록 노력하겠습니다.
감사합니다. 🙇‍♀️"
120132,2026-08-20 0:00,,,처음엔 이게 효과가 있을까 의심했는데 써보고 인정했어요. 에어백이 목을 실제로 늘려주는 게 느껴지거든요. 흉쇄유돌근 이완도 되고 거북목 교정까지 되니까 세 가지가 한 번에 케어돼요.,4201fdc10d22,,909,목 마사지 베개 V2 경추 마사지기 베개,129000,,기존리뷰,5,,0,0,1,"안녕하세요. 프리미엄 헬스테크 브랜드, 슬룸입니다.
정성스럽게 올려주신 소중한 후기 감사합니다. 💜

고객님의 목소리로 더 발전하는 슬룸이 되도록 노력하겠습니다.
감사합니다. 🙇‍♀️"
120133,2026-08-15 0:00,,,자기 전에 이거 켜는 게 일과가 됐는데 안 쓰고 자면 뭔가 찜찜해요ㅋㅋ 에어백이 하루 동안 굳은 목을 풀어줘서 자는 동안 편안한 자세가 유지돼요. 온열이랑 릴렉스 진동 켜면 10분 안에 잠들어요.,94482ad96c54,,909,목 마사지 베개 V2 경추 마사지기 베개,129000,,기존리뷰,4,,0,0,1,"안녕하세요. 프리미엄 헬스테크 브랜드, 슬룸입니다.
진심 어린 소중한 후기 감사합니다. 💜

앞으로도 좋은 상품과 서비스로 고객님들을 찾아뵐 수 있도록 노력하겠습니다.
감사합니다. :)"
120134,2026-08-22 0:00,,,버섯목 때문에 목 라인이 신경 쓰여서 이거 샀는데 거북목이랑 흉쇄유돌근까지 같이 관리되고 있어요. 에어백이 경추 정렬을 잡아주고 온열이 혈액순환을 도와줘서 효과적이에요.,e55780e8c0af,,909,목 마사지 베개 V2 경추 마사지기 베개,129000,,기존리뷰,5,,0,0,1,"안녕하세요. 프리미엄 헬스테크 브랜드, 슬룸입니다.
시간 내어 소중한 후기를 작성해 주셔서 감사드립니다. :)

믿고 찾는 쇼핑몰이 되기 위해 더 좋은 상품과 서비스를 준비하겠습니다.
감사합니다. 💜"
120135,2026-08-26 14:06,2026-08-21 14:17,2026-08-22 13:39,"지인추천으로 서서 일 하는 딸에게 선물로 보냈는데 허리 어깨까지  시원하다고 합니다 사업 번창하세요

",ee747cf65969,,636,허리편한케어 V2 허리 마사지기,129000,수량선택: 허리편한케어 V2 1개 (시너지 크림 1개 증정),모바일,5,,0,0,1,"안녕하세요. 프리미엄 헬스테크 브랜드, 슬룸입니다.
진심 어린 소중한 후기 감사합니다. 💜

앞으로도 좋은 상품과 서비스로 고객님들을 찾아뵐 수 있도록 노력하겠습니다.
감사합니다. :)"
120136,2026-08-26 22:39,2026-08-18 11:05,2026-08-19 21:09,"허리편한케어 V2 구매한지 일주일 되었는데
그 사이에 시어머님과 아들이 이틀 사용해보더니 
좋다고 아들이 기숙사에 들고 가버렸어요.
저 포함해서 셋 다 허리가 안좋아요ㅠ
일단 어머님도 사 드리려고 재주문 합니다.
전 담달에 또 사러 와야겠어요 ㅎ

좋은 제품 만들어 주셔서 감사합니다.

허리디스크 판정 받은 아들이 5일째 사용중인데
허리통증과 다리저림이 많이 줄었다네요.
꾸준히 사용해서 효과 많이 봤으면 좋겠습니다.

제가 세번째 구매 하러 올때까지 가격 올리지 말아주세요~ㅋ
좋은기업 더 많이 번창하시길 바랍니다.",efde4b2c97ba,,636,허리편한케어 V2 허리 마사지기,129000,수량선택: 허리편한케어 V2 1개,모바일(팝업),5,,2,0,1,"안녕하세요. 프리미엄 헬스테크 브랜드, 슬룸입니다.
진심 어린 소중한 후기 감사합니다. 💜

앞으로도 좋은 상품과 서비스로 고객님들을 찾아뵐 수 있도록 노력하겠습니다.
감사합니다. :)"
120137,2026-08-26 8:52,2026-06-10 9:43,2026-06-11 18:36,꾸준히 쓰고 있는데 확실히 팔 아픈게 좀 나아진것 같습니다. 다만 찍찍이가 좀 약한것 같아 잘 풀어지는데 이것만 개선하면 아주 좋을것 같습니다.,,,980,프리미엄 엘보케어 팔꿈치 마사지기,149000,수량선택: 팔꿈치 마사지기 1개,기존리뷰,4,,1,0,1,"안녕하세요. 프리미엄 헬스테크 브랜드, 슬룸입니다.
진심 어린 소중한 후기 감사합니다. 💜

앞으로도 좋은 상품과 서비스로 고객님들을 찾아뵐 수 있도록 노력하겠습니다.
감사합니다. :)"
120138,2026-08-26 9:56,2026-07-17 14:37,2026-07-21 18:47,목이 편안하고 아이들도 이용하기 좋음,,,1033,[신금동x슬룸] 최저가 마켓 OPEN,79000,수량선택: ★1+1 세트★ 경추 마사지 베개 V2 2개+ (증정) 마그네슘 크림 1개 + (증정) 중형 파우치 1개,기존리뷰,5,,0,0,1,"안녕하세요. 프리미엄 헬스테크 브랜드, 슬룸입니다.
정성스럽게 올려주신 소중한 후기 감사합니다. 💜

고객님의 목소리로 더 발전하는 슬룸이 되도록 노력하겠습니다.
감사합니다. 🙇‍♀️"
120139,2026-08-26 10:28,2026-08-20 13:41,2026-08-21 21:05,"신체 부위(목,머리)에 아주 좋아요",,,909,목 마사지 베개 V2 경추 마사지기 베개,129000,수량선택: 목 마사지 베개 V2 1개 (목베개 1개 & 크림 1개 증정),기존리뷰,5,,0,0,1,"안녕하세요. 프리미엄 헬스테크 브랜드, 슬룸입니다.
진심 어린 소중한 후기 감사합니다. 💜

앞으로도 좋은 상품과 서비스로 고객님들을 찾아뵐 수 있도록 노력하겠습니다.
감사합니다. :)"
120140,2026-08-26 10:35,2026-08-16 9:35,2026-08-19 16:15,목이 너무 편해요 자극없이 늘려줘서 좋아요,,,724,★최대할인 비밀링크★ 목베개 플러스 특가,69000,수량선택: 목베개 플러스 1개,기존리뷰,5,,1,0,1,"안녕하세요. 프리미엄 헬스테크 브랜드, 슬룸입니다.
정성스럽게 올려주신 소중한 후기 감사합니다. 💜

고객님의 목소리로 더 발전하는 슬룸이 되도록 노력하겠습니다.
감사합니다. 🙇‍♀️"
120141,2026-08-26 11:16,2026-08-22 8:16,2026-08-25 18:51,"너무 간편하면서 좋아요
감사합니다 ~~♡",,,980,프리미엄 엘보케어 팔꿈치 마사지기,149000,수량선택: 팔꿈치 마사지기 1개 (마그네슘 시너지 크림 1개 증정),기존리뷰,5,,0,0,1,"안녕하세요. 프리미엄 헬스테크 브랜드, 슬룸입니다.
시간 내어 소중한 후기를 작성해 주셔서 감사드립니다. :)

믿고 찾는 쇼핑몰이 되기 위해 더 좋은 상품과 서비스를 준비하겠습니다.
감사합니다. 💜"
120142,2026-08-26 11:25,2026-08-24 9:13,2026-08-25 13:47,배송도 빠르고 사용성 및 효과가 좋아요,,,980,프리미엄 엘보케어 팔꿈치 마사지기,149000,수량선택: 팔꿈치 마사지기 1개 (마그네슘 시너지 크림 1개 증정),기존리뷰,5,,0,0,1,"안녕하세요. 프리미엄 헬스테크 브랜드, 슬룸입니다.
정성스럽게 올려주신 소중한 후기 감사합니다. 💜

고객님의 목소리로 더 발전하는 슬룸이 되도록 노력하겠습니다.
감사합니다. 🙇‍♀️"
120143,2026-08-26 11:45,2026-08-22 11:40,2026-08-25 10:14,일자목인데 리뷰처럼 효과가 좋았음합니다,,,724,★최대할인 비밀링크★ 목베개 플러스 특가,69000,수량선택: 목베개 플러스 1개,기존리뷰,4,,1,0,1,"안녕하세요. 프리미엄 헬스테크 브랜드, 슬룸입니다.
시간 내어 소중한 후기를 작성해 주셔서 감사드립니다. :)

믿고 찾는 쇼핑몰이 되기 위해 더 좋은 상품과 서비스를 준비하겠습니다.
감사합니다. 💜"
120144,2026-08-26 11:50,2026-08-16 11:32,2026-08-20 17:10,안마기 이상으로 좋아요. 많이파세요,,,724,★최대할인 비밀링크★ 목베개 플러스 특가,69000,수량선택: 목베개 플러스 1개,기존리뷰,5,,1,0,1,"안녕하세요. 프리미엄 헬스테크 브랜드, 슬룸입니다.
정성스럽게 올려주신 소중한 후기 감사합니다. 💜

고객님의 목소리로 더 발전하는 슬룸이 되도록 노력하겠습니다.
감사합니다. 🙇‍♀️"
120145,2026-08-26 14:54,2026-08-24 14:52,2026-08-26 13:46,일자목에 목디스크가 있어서 구매했습니다. 증상이 좋아지길 기대해 봅니다.,,,724,★최대할인 비밀링크★ 목베개 플러스 특가,69000,수량선택: 목베개 플러스 1개,기존리뷰,5,,1,0,1,"안녕하세요. 프리미엄 헬스테크 브랜드, 슬룸입니다.
진심 어린 소중한 후기 감사합니다. 💜

앞으로도 좋은 상품과 서비스로 고객님들을 찾아뵐 수 있도록 노력하겠습니다.
감사합니다. :)"
120146,2026-08-26 15:06,2026-08-11 6:57,2026-08-12 18:38,허리가 자주 아파 구매를 하였는데 높이는기능은있는데 낮추는기능이없고 너무 따갑고 쎈것같아 자주이용하지는 못할것같네요 목마사지는 별로 느낌이 없고 시원하지를 않네요,,,1045,[하알라x슬룸] ★2차★ 구독자 한정 최저가 비밀링크!,114900,수량선택: ★하알라SET★ 허리편한케어V2 1개 + 목마사지베개V2 1개 + (증정)마그네슘 시너지 크림 1개 + (증정) 중형 파우치 1개,기존리뷰,3,,0,0,1,"안녕하세요 고객님, 프리미엄 헬스테크 브랜드, 슬룸입니다.
고객님께 만족스러운 경험을 드리지 못해 대단히 죄송합니다.😥

슬룸의 모든 제품은 인체공학적으로 설계되어 편안한 사용이 가능하나 초기 사용 시 1~2주 이상의 적응 기간이 필요할 수 있습니다. 
다만 수령하신 날짜 기준으로 30일 동안 꾸준히 사용해보시고도 만족하지 못하셨을 경우에는, 슬룸에서 진행하는 <100%환불이벤트> 에 참여하여 왕복배송비 제외 전액 환불이 가능합니다.

※ 제품을 30일간 꾸준히 사용한 경우, 배송완료 후 40일이내 신청이 가능
※ 환불 서비스는 첫 구매 체험을 위한 서비스로 1회만 신청 가능

▶ <100% 환불 이벤트> 상세 환불 조건 : https://sleeplab.co.kr/notice/?page=1#13709226_notice 

슬룸을 믿고 편하게 사용 및 체험해보시고, 그럼에도 만족하시지 못하셨을 경우 슬룸 공식몰의 채널톡을 통해 이벤트 기간 내 문의 주시면 환불 접수 도움드리겠습니다."
120147,2026-08-26 15:41,2026-08-13 13:10,2026-08-16 21:05,밤마다 마사지 하고 자요 약간 도움 되요,,,924,발편한케어 프리미엄 EMS 발 마사지기,89000,"사이즈&세트선택: L (250-295mm), 수량선택: 발편한케어 1개",기존리뷰,5,,0,0,1,"안녕하세요. 프리미엄 헬스테크 브랜드, 슬룸입니다.
정성스럽게 올려주신 소중한 후기 감사합니다. 💜

고객님의 목소리로 더 발전하는 슬룸이 되도록 노력하겠습니다.
감사합니다. 🙇‍♀️"
120148,2026-08-26 15:43,2026-08-24 23:59,2026-08-26 13:48,리뷰들이 좀 객관적이지 않네요 맛사지기 많이 사용해본 경험으론 세기는 조절이 안되며 잠올정도로 조금 약합니다. 롤링은 부드러우나 각도에 따라 안돌아가고 멈추기도합니다. 베게각도는 엄청 편하고 좋습니다 다리. 팔 넣어서 해봤는데 너무 약해서 ㅎㅎ 왜 리뷰들이 극찬이 많을까요 장점은 슬림해서 사용하기 편하고 앉아서도 누워서하는거랑 차이안나서 좋아요 은은하게 주무를땐 쓸만은 하네요 미치게 어깨.목 아프기전에 매일매일관리해야겠어요,,,70,목편한케어 목 마사지기,99000,수량선택: 목편한케어 1개,기존리뷰,4,,1,0,1,"안녕하세요. 프리미엄 헬스테크 브랜드, 슬룸입니다.
시간 내어 소중한 후기를 작성해 주셔서 감사드립니다. :)

믿고 찾는 쇼핑몰이 되기 위해 더 좋은 상품과 서비스를 준비하겠습니다.
감사합니다. 💜"
120149,2026-08-26 16:35,2026-08-24 2:47,2026-08-25 10:40,시원하고 디자인도 이쁘네요,,,966,골반 케어 프리미엄 골반 마사지기,189000,수량선택: 골반 마사지기 1개 (시너지 크림 1개 증정),기존리뷰,5,,1,0,1,"안녕하세요. 프리미엄 헬스테크 브랜드, 슬룸입니다.
진심 어린 소중한 후기 감사합니다. 💜

앞으로도 좋은 상품과 서비스로 고객님들을 찾아뵐 수 있도록 노력하겠습니다.
감사합니다. :)"
120150,2026-08-26 18:27,2026-08-24 2:23,2026-08-25 21:06,mgttmpdtdpm,,,724,★최대할인 비밀링크★ 목베개 플러스 특가,69000,수량선택: 목베개 플러스 1개,기존리뷰,5,,0,0,1,"안녕하세요. 프리미엄 헬스테크 브랜드, 슬룸입니다.
진심 어린 소중한 후기 감사합니다. 💜

앞으로도 좋은 상품과 서비스로 고객님들을 찾아뵐 수 있도록 노력하겠습니다.
감사합니다. :)"
120151,2026-08-26 19:00,2026-08-24 15:39,2026-08-26 16:09,신세계를 맛보았어요 목이 안좋았는데 편안해졌어요,,,724,★최대할인 비밀링크★ 목베개 플러스 특가,69000,수량선택: 목베개 플러스 1개,기존리뷰,5,,1,0,1,"안녕하세요. 프리미엄 헬스테크 브랜드, 슬룸입니다.
진심 어린 소중한 후기 감사합니다. 💜

앞으로도 좋은 상품과 서비스로 고객님들을 찾아뵐 수 있도록 노력하겠습니다.
감사합니다. :)"
120152,2026-08-26 19:07,2026-07-19 20:11,2026-07-21 13:49,자기전에 쓰기 편하고 단지 안마기능이 조금 더 쎗으면 좋겠어요,,,909,목 마사지 베개 V2 경추 마사지기 베개,129000,수량선택: 목 마사지 베개 V2 1개 (마그네슘 시너지 크림 1개 증정),기존리뷰,5,,1,0,1,"안녕하세요. 프리미엄 헬스테크 브랜드, 슬룸입니다.
정성스럽게 올려주신 소중한 후기 감사합니다. 💜

고객님의 목소리로 더 발전하는 슬룸이 되도록 노력하겠습니다.
감사합니다. 🙇‍♀️"
120153,2026-08-26 21:47,2026-07-17 16:06,2026-07-21 18:59,너무너무 만족합니다,,,1033,[신금동x슬룸] 최저가 마켓 OPEN,79000,수량선택: ★최저가★ 경추 마사지 베개 V2 1개 + (증정) 마그네슘 크림 1개,기존리뷰,5,,1,0,1,"안녕하세요. 프리미엄 헬스테크 브랜드, 슬룸입니다.
정성스럽게 올려주신 소중한 후기 감사합니다. 💜

고객님의 목소리로 더 발전하는 슬룸이 되도록 노력하겠습니다.
감사합니다. 🙇‍♀️"
120154,2026-08-26 21:48,2026-08-22 14:59,2026-08-25 10:44,제피부가 민감한데 베개 커버 보드럽네요 맛사지기능은 저한테 강도가 약간 센편이지만 시원하고 도움이 되네요,,,724,★최대할인 비밀링크★ 목베개 플러스 특가,69000,수량선택: 목베개 플러스 1개,기존리뷰,4,,1,0,1,"안녕하세요. 프리미엄 헬스테크 브랜드, 슬룸입니다.
진심 어린 소중한 후기 감사합니다. 💜

앞으로도 좋은 상품과 서비스로 고객님들을 찾아뵐 수 있도록 노력하겠습니다.
감사합니다. :)"
120155,2026-08-26 22:10,2026-08-05 22:57,2026-08-07 18:35,허리가 아프거나 국소부위 통증이 있는 경우 예방차원으로 충분히 사용할 수 있어 좋아요,,,1045,[하알라x슬룸] ★2차★ 구독자 한정 최저가 비밀링크!,114900,수량선택: ★하알라SET★ 허리편한케어V2 1개 + 목마사지베개V2 1개 + (증정)마그네슘 시너지 크림 1개 + (증정) 중형 파우치 1개,기존리뷰,5,,1,0,1,"안녕하세요. 프리미엄 헬스테크 브랜드, 슬룸입니다.
진심 어린 소중한 후기 감사합니다. 💜

앞으로도 좋은 상품과 서비스로 고객님들을 찾아뵐 수 있도록 노력하겠습니다.
감사합니다. :)"
120156,2026-08-26 23:10,2026-08-18 15:11,2026-08-20 23:06,일자목교정용으로 슷어요,,,909,목 마사지 베개 V2 경추 마사지기 베개,129000,수량선택: 목 마사지 베개 V2 1개 (목베개 1개 & 크림 1개 증정),기존리뷰,5,,1,0,1,"안녕하세요. 프리미엄 헬스테크 브랜드, 슬룸입니다.
정성스럽게 올려주신 소중한 후기 감사합니다. 💜

고객님의 목소리로 더 발전하는 슬룸이 되도록 노력하겠습니다.
감사합니다. 🙇‍♀️"
120157,2026-08-26 23:49,2026-08-25 7:40,2026-08-26 16:19,"현제 일자목에 거북목 입니다.
아직 1일차이긴하나... 시원한 느낌 못 받았네요",,,1069,[힐러쌤x슬룸] 최저가 마켓 OPEN,96900,수량선택: ★최저가★ 경추 마사지 베개 V2 1개 + (증정) 마그네슘 크림 1개,기존리뷰,3,,0,0,1,"안녕하세요 고객님, 프리미엄 헬스테크 브랜드, 슬룸입니다.
고객님께 만족스러운 경험을 드리지 못해 대단히 죄송합니다.😥

슬룸의 모든 제품은 인체공학적으로 설계되어 편안한 사용이 가능하나 초기 사용 시 1~2주 이상의 적응 기간이 필요할 수 있습니다. 
다만 수령하신 날짜 기준으로 30일 동안 꾸준히 사용해보시고도 만족하지 못하셨을 경우에는, 슬룸에서 진행하는 <100%환불이벤트> 에 참여하여 왕복배송비 제외 전액 환불이 가능합니다.

※ 제품을 30일간 꾸준히 사용한 경우, 배송완료 후 40일이내 신청이 가능
※ 환불 서비스는 첫 구매 체험을 위한 서비스로 1회만 신청 가능

▶ <100% 환불 이벤트> 상세 환불 조건 : https://sleeplab.co.kr/notice/?page=1#13709226_notice 

슬룸을 믿고 편하게 사용 및 체험해보시고, 그럼에도 만족하시지 못하셨을 경우 슬룸 공식몰의 채널톡을 통해 이벤트 기간 내 문의 주시면 환불 접수 도움드리겠습니다."
120158,2026-08-26 23:57,2026-08-24 17:19,2026-08-26 18:39,광고보고 샀는데 효과가 좋기를 기대합니다,,,909,목 마사지 베개 V2 경추 마사지기 베개,129000,수량선택: 허리편한케어 V2 + 목 마사지 베개 V2 (목베개 1개 & 크림 1개 증정),기존리뷰,5,,0,0,1,"안녕하세요. 프리미엄 헬스테크 브랜드, 슬룸입니다.
진심 어린 소중한 후기 감사합니다. 💜

앞으로도 좋은 상품과 서비스로 고객님들을 찾아뵐 수 있도록 노력하겠습니다.
감사합니다. :)"
120159,2026-08-27 0:38,2026-07-27 23:48,2026-07-29 16:17,정말 잠이 솔솔잘오고 목이 시원합니다. 아침에도 개운해요 꼭 사용해 보세요,,,1033,[신금동x슬룸] 최저가 마켓 OPEN,79000,수량선택: ★1+1 세트★ 경추 마사지 베개 V2 2개+ (증정) 마그네슘 크림 1개 + (증정) 중형 파우치 1개,기존리뷰,5,,1,0,1,"안녕하세요. 프리미엄 헬스테크 브랜드, 슬룸입니다.
정성스럽게 올려주신 소중한 후기 감사합니다. 💜

고객님의 목소리로 더 발전하는 슬룸이 되도록 노력하겠습니다.
감사합니다. 🙇‍♀️"
120160,2026-08-27 5:13,2026-08-19 1:31,2026-08-20 16:09,사용 몇번안했는데 찍찍이가 잘 떨어짐 ,4f9aecdb281c,,980,프리미엄 엘보케어 팔꿈치 마사지기,149000,수량선택: 팔꿈치 마사지기 1개 (마그네슘 시너지 크림 1개 증정),모바일(팝업),1,,0,0,1,"안녕하세요. 프리미엄 헬스테크 브랜드, 슬룸입니다.
고객님께 만족스러운 경험을 드리지 못해 대단히 죄송합니다. 😥

리뷰로는 상세한 안내가 어려워, 자세한 내용 알림톡(문자) 발송 도와드렸으니 확인 부탁드리겠습니다.
추가로 궁금하신 점이 있으시거나 문자 확인하신 후에도 해결되지 않는 경우
번거로우시겠지만 슬룸 채팅 상담을 통해 연락 주시면 빠르게 안내 도와드리겠습니다.

▶ 슬룸 채팅 상담 (※ 월-금 09:30-17:00, 주말 및 공휴일 휴무)
http://sloom.channel.io/

고객님의 목소리로 더 발전하는 슬룸이 되도록 노력하겠습니다. 감사합니다."
120161,2026-08-27 8:40,2026-08-25 0:00,2026-08-26 13:37,잘쓰고있습니당 좋아서 가족꺼도 추가로 주문했어요 ㅎㅎ,f3d78c0bc222,,1069,[힐러쌤x슬룸] 최저가 마켓 OPEN,96900,수량선택: ★최저가★ 경추 마사지 베개 V2 1개 + (증정) 마그네슘 크림 1개,모바일(팝업),5,,0,0,1,"안녕하세요. 프리미엄 헬스테크 브랜드, 슬룸입니다.
정성스럽게 올려주신 소중한 후기 감사합니다. 💜

고객님의 목소리로 더 발전하는 슬룸이 되도록 노력하겠습니다.
감사합니다. 🙇‍♀️"
120162,2026-08-27 9:12,2026-08-25 8:51,2026-08-26 18:35,와이프가 발 뒤꿈지가 너무 아프다고 구입 너무 만족스러워 합니다 ,23312ef7173d,,924,발편한케어 프리미엄 EMS 발 마사지기,89000,"사이즈&세트선택: M (220-270mm), 수량선택: 발편한케어 1개",모바일(팝업),5,,0,0,1,"안녕하세요. 프리미엄 헬스테크 브랜드, 슬룸입니다.
시간 내어 소중한 후기를 작성해 주셔서 감사드립니다. :)

믿고 찾는 쇼핑몰이 되기 위해 더 좋은 상품과 서비스를 준비하겠습니다.
감사합니다. 💜"
120163,2026-08-27 13:51,2026-08-15 8:42,2026-08-20 11:36,"1달쓰고 교환 가능하다해서 샀다가 1번쓰고 맞지않아 환불하려하는데 사용했으니 환불안된다고??
그럼 광고를 뭐하러 했냐고 똥밟았다하고 쩌박아두려 합니다 무선도 아니라서 선 닷는데에서 사용 가능하고 이거 뭐 시원하지도않고 목에 상처만 났고C부럴...별 1개도 아깝다",80d84162a98b,,724,★최대할인 비밀링크★ 목베개 플러스 특가,69000,수량선택: 목베개 플러스 1개,반응형(내리뷰),1,,0,0,1,"안녕하세요 고객님, 프리미엄 헬스테크 브랜드, 슬룸입니다.
고객님께 만족스러운 경험을 드리지 못해 대단히 죄송합니다.😥

슬룸의 모든 제품은 인체공학적으로 설계되어 편안한 사용이 가능하나 초기 사용 시 1~2주 이상의 적응 기간이 필요할 수 있습니다. 
다만 수령하신 날짜 기준으로 30일 동안 꾸준히 사용해보시고도 만족하지 못하셨을 경우에는, 슬룸에서 진행하는 <100%환불이벤트> 에 참여하여 왕복배송비 제외 전액 환불이 가능합니다.

※ 제품을 30일간 꾸준히 사용한 경우, 배송완료 후 40일이내 신청이 가능
※ 환불 서비스는 첫 구매 체험을 위한 서비스로 1회만 신청 가능

▶ <100% 환불 이벤트> 상세 환불 조건 : https://sleeplab.co.kr/notice/?page=1#13709226_notice 

슬룸을 믿고 편하게 사용 및 체험해보시고, 그럼에도 만족하시지 못하셨을 경우 슬룸 공식몰의 채널톡을 통해 이벤트 기간 내 문의 주시면 환불 접수 도움드리겠습니다."
120164,2026-08-21 0:00,,,커피랑 온열의 조합이 생각보다 잘 맞아요. 케어 시간을 기다리게 만드는 이유예요.,81f02cd2c9b3,,980,프리미엄 엘보케어 팔꿈치 마사지기,149000,,기존리뷰,5,,0,0,1,"안녕하세요. 프리미엄 헬스테크 브랜드, 슬룸입니다.
진심 어린 소중한 후기 감사합니다. 💜

앞으로도 좋은 상품과 서비스로 고객님들을 찾아뵐 수 있도록 노력하겠습니다.
감사합니다. :)"
120165,2026-08-16 0:00,,,팔꿈치 케어 덕분에 드라이브가 즐거워졌어요. 핸들 잡는 게 부담 없어져서 장거리 운전도 여유 있게 할 수 있어요.,35fdd6ba45db,,980,프리미엄 엘보케어 팔꿈치 마사지기,149000,,기존리뷰,5,,0,0,1,"안녕하세요. 프리미엄 헬스테크 브랜드, 슬룸입니다.
정성스럽게 올려주신 소중한 후기 감사합니다. 💜

고객님의 목소리로 더 발전하는 슬룸이 되도록 노력하겠습니다.
감사합니다. 🙇‍♀️"
120166,2026-08-17 0:00,,,팔꿈치 케어 후 물건 집을 때 팔 전체가 자연스럽게 움직여요. 예전엔 살짝 조심스러웠는데 이제는 그런 생각 자체를 안 해요. 일상 동작이 자연스러워진 거예요.,9090bae6ea02,,980,프리미엄 엘보케어 팔꿈치 마사지기,149000,,기존리뷰,5,,0,0,1,"안녕하세요. 프리미엄 헬스테크 브랜드, 슬룸입니다.
정성스럽게 올려주신 소중한 후기 감사합니다. 💜

고객님의 목소리로 더 발전하는 슬룸이 되도록 노력하겠습니다.
감사합니다. 🙇‍♀️"
120167,2026-08-11 0:00,,,아침에 팔 상태 보고 강도 결정해요. 오늘 컨디션에 맞는 케어를 스스로 찾게 됐어요.,b7b620d7c75d,,980,프리미엄 엘보케어 팔꿈치 마사지기,149000,,기존리뷰,4,,0,0,1,"안녕하세요. 프리미엄 헬스테크 브랜드, 슬룸입니다.
정성스럽게 올려주신 소중한 후기 감사합니다. 💜

고객님의 목소리로 더 발전하는 슬룸이 되도록 노력하겠습니다.
감사합니다. 🙇‍♀️"
120168,2026-08-14 0:00,,,강도를 한 단계씩 올리는 게 핵심이에요. 근육이 적응할 시간이 필요하거든요. 지금 강도까지 오는 데 한 달이 걸렸어요.,cb4964e13f73,,980,프리미엄 엘보케어 팔꿈치 마사지기,149000,,기존리뷰,5,,0,0,1,"안녕하세요. 프리미엄 헬스테크 브랜드, 슬룸입니다.
정성스럽게 올려주신 소중한 후기 감사합니다. 💜

고객님의 목소리로 더 발전하는 슬룸이 되도록 노력하겠습니다.
감사합니다. 🙇‍♀️"
120169,2026-08-08 0:00,,,케어를 빠뜨린 날 다음 날 보충 케어를 해요. 하루 빠뜨려도 다음 날 챙기면 큰 차이 없어요. 빠뜨려도 바로 다시 시작하는 게 중요해요.,abb64d53f351,,980,프리미엄 엘보케어 팔꿈치 마사지기,149000,,기존리뷰,5,,0,0,1,"안녕하세요. 프리미엄 헬스테크 브랜드, 슬룸입니다.
진심 어린 소중한 후기 감사합니다. 💜

앞으로도 좋은 상품과 서비스로 고객님들을 찾아뵐 수 있도록 노력하겠습니다.
감사합니다. :)"
120171,2026-08-16 0:00,,,케어 후 물건 집을 때 팔 전체가 자연스럽게 움직여요. 조심스럽던 동작이 이제는 생각 없이 돼요.,80bb1d2030a6,,980,프리미엄 엘보케어 팔꿈치 마사지기,149000,,기존리뷰,4,,0,0,1,"안녕하세요. 프리미엄 헬스테크 브랜드, 슬룸입니다.
진심 어린 소중한 후기 감사합니다. 💜

앞으로도 좋은 상품과 서비스로 고객님들을 찾아뵐 수 있도록 노력하겠습니다.
감사합니다. :)"
120172,2026-08-15 0:00,,,케어 강도가 올라갈수록 자극이 더 넓게 퍼지는 느낌이에요. 낮은 강도에선 패드 부위만 느껴지다가 높아지면 전완근 전체로 퍼져요. 강도가 케어 범위를 바꿔요.,3c8037b6282f,,980,프리미엄 엘보케어 팔꿈치 마사지기,149000,,기존리뷰,5,,0,0,1,"안녕하세요. 프리미엄 헬스테크 브랜드, 슬룸입니다.
시간 내어 소중한 후기를 작성해 주셔서 감사드립니다. :)

믿고 찾는 쇼핑몰이 되기 위해 더 좋은 상품과 서비스를 준비하겠습니다.
감사합니다. 💜"
120173,2026-08-16 0:00,,,팔꿈치 케어 후 가위질이 편해졌어요. 요리할 때 가위 쓰는 게 자연스러워졌거든요. 이런 작은 동작들이 편해질 때마다 케어의 효과를 체감해요.,3c4815ee9a16,,980,프리미엄 엘보케어 팔꿈치 마사지기,149000,,기존리뷰,5,,0,0,1,"안녕하세요. 프리미엄 헬스테크 브랜드, 슬룸입니다.
정성스럽게 올려주신 소중한 후기 감사합니다. 💜

고객님의 목소리로 더 발전하는 슬룸이 되도록 노력하겠습니다.
감사합니다. 🙇‍♀️"
120174,2026-08-24 0:00,,,팔을 자연스럽게 놓고 리모컨만 들면 케어가 돼요. 25분 동안 억지로 자세 유지할 필요가 없어요.,f223b4a75200,,980,프리미엄 엘보케어 팔꿈치 마사지기,149000,,기존리뷰,4,,0,0,1,"안녕하세요. 프리미엄 헬스테크 브랜드, 슬룸입니다.
시간 내어 소중한 후기를 작성해 주셔서 감사드립니다. :)

믿고 찾는 쇼핑몰이 되기 위해 더 좋은 상품과 서비스를 준비하겠습니다.
감사합니다. 💜"
120175,2026-08-21 0:00,,,케어하면서 몸 상태를 기록해봤어요. 날짜별로 컨디션이랑 케어 설정을 남겨두면 패턴이 보여요. 데이터가 쌓이면 더 스마트하게 케어할 수 있어요.,0f58ddb842d9,,980,프리미엄 엘보케어 팔꿈치 마사지기,149000,,기존리뷰,5,,0,0,1,"안녕하세요. 프리미엄 헬스테크 브랜드, 슬룸입니다.
시간 내어 소중한 후기를 작성해 주셔서 감사드립니다. :)

믿고 찾는 쇼핑몰이 되기 위해 더 좋은 상품과 서비스를 준비하겠습니다.
감사합니다. 💜"
120176,2026-08-17 0:00,,,케어 중에 팔꿈치 주변을 살살 눌러보면 민감도가 다르게 느껴져요. 케어 전이랑 후가 분명히 달라요. 이 변화를 손으로 직접 확인할 수 있어요.,77b8522cd85d,,980,프리미엄 엘보케어 팔꿈치 마사지기,149000,,기존리뷰,5,,0,0,1,"안녕하세요. 프리미엄 헬스테크 브랜드, 슬룸입니다.
시간 내어 소중한 후기를 작성해 주셔서 감사드립니다. :)

믿고 찾는 쇼핑몰이 되기 위해 더 좋은 상품과 서비스를 준비하겠습니다.
감사합니다. 💜"
120177,2026-08-02 0:00,,,전완근 해부학을 처음 찾아봤어요. 힘줄이 어디 붙는지 알고 나서 케어 집중도가 달라졌어요.,e5f72abf5c68,,980,프리미엄 엘보케어 팔꿈치 마사지기,149000,,기존리뷰,5,,0,0,1,"안녕하세요. 프리미엄 헬스테크 브랜드, 슬룸입니다.
시간 내어 소중한 후기를 작성해 주셔서 감사드립니다. :)

믿고 찾는 쇼핑몰이 되기 위해 더 좋은 상품과 서비스를 준비하겠습니다.
감사합니다. 💜"
120178,2026-08-06 0:00,,,아침 팔꿈치 상태로 컨디션을 파악하는 게 습관이 됐어요. 오늘 뻣뻣한지 보고 강도를 조절해요.,e1b7ded1893f,,980,프리미엄 엘보케어 팔꿈치 마사지기,149000,,기존리뷰,4,,0,0,1,"안녕하세요. 프리미엄 헬스테크 브랜드, 슬룸입니다.
시간 내어 소중한 후기를 작성해 주셔서 감사드립니다. :)

믿고 찾는 쇼핑몰이 되기 위해 더 좋은 상품과 서비스를 준비하겠습니다.
감사합니다. 💜"
120179,2026-08-14 0:00,,,강도를 올릴 때 한 단계씩 천천히 올리는 게 핵심이에요. 급하게 올리면 근육이 거부반응을 일으켜요. 지금 강도까지 오는 데 한 달이 걸렸는데 그 과정이 효과적이었어요.,27fc3a539683,,980,프리미엄 엘보케어 팔꿈치 마사지기,149000,,기존리뷰,5,,0,0,1,"안녕하세요. 프리미엄 헬스테크 브랜드, 슬룸입니다.
시간 내어 소중한 후기를 작성해 주셔서 감사드립니다. :)

믿고 찾는 쇼핑몰이 되기 위해 더 좋은 상품과 서비스를 준비하겠습니다.
감사합니다. 💜"
120180,2026-08-09 0:00,,,"팔꿈치 케어를 통해 내 몸이 어떤 신호를 보내는지 읽는 법을 배웠어요. 뻐근함과 통증의 차이, 회복 속도의 변화가 전보다 훨씬 잘 느껴져요.",edaee6ba5826,,980,프리미엄 엘보케어 팔꿈치 마사지기,149000,,기존리뷰,5,,0,0,1,"안녕하세요. 프리미엄 헬스테크 브랜드, 슬룸입니다.
진심 어린 소중한 후기 감사합니다. 💜

앞으로도 좋은 상품과 서비스로 고객님들을 찾아뵐 수 있도록 노력하겠습니다.
감사합니다. :)"
120181,2026-08-03 0:00,,,M1 종합모드로 시작해서 한 달 뒤 M3 힐링모드로 바꿨어요. 같은 제품인데 모드가 달라지니까 새로운 느낌이에요. 모드 탐구가 케어의 또 다른 재미예요.,e20a1e715af4,,980,프리미엄 엘보케어 팔꿈치 마사지기,149000,,기존리뷰,5,,0,0,1,"안녕하세요. 프리미엄 헬스테크 브랜드, 슬룸입니다.
정성스럽게 올려주신 소중한 후기 감사합니다. 💜

고객님의 목소리로 더 발전하는 슬룸이 되도록 노력하겠습니다.
감사합니다. 🙇‍♀️"
120182,2026-08-03 0:00,,,커피 한 잔이랑 케어 조합이 최고예요. 향기로운 커피와 온열이 묘하게 어울려서 케어 시간이 기다려져요.,3124218b28b4,,980,프리미엄 엘보케어 팔꿈치 마사지기,149000,,기존리뷰,4,,0,0,1,"안녕하세요. 프리미엄 헬스테크 브랜드, 슬룸입니다.
정성스럽게 올려주신 소중한 후기 감사합니다. 💜

고객님의 목소리로 더 발전하는 슬룸이 되도록 노력하겠습니다.
감사합니다. 🙇‍♀️"
120183,2026-08-04 0:00,,,무릎 케어 후 주차장 경사로 걷는 게 편해졌어요. 경사면에서 무릎이 버텨주니까 자연스럽게 이동해요.,4c607732fe56,,980,프리미엄 엘보케어 팔꿈치 마사지기,149000,,기존리뷰,5,,0,0,1,"안녕하세요. 프리미엄 헬스테크 브랜드, 슬룸입니다.
진심 어린 소중한 후기 감사합니다. 💜

앞으로도 좋은 상품과 서비스로 고객님들을 찾아뵐 수 있도록 노력하겠습니다.
감사합니다. :)"
120184,2026-08-13 0:00,,,업무 효율이 케어 전후로 달라요. 몸이 편하면 집중도 잘 되거든요. 이렇게 연결돼 있을 줄 몰랐어요.,0f65f7a8d3eb,,980,프리미엄 엘보케어 팔꿈치 마사지기,149000,,기존리뷰,5,,0,0,1,"안녕하세요. 프리미엄 헬스테크 브랜드, 슬룸입니다.
진심 어린 소중한 후기 감사합니다. 💜

앞으로도 좋은 상품과 서비스로 고객님들을 찾아뵐 수 있도록 노력하겠습니다.
감사합니다. :)"
120185,2026-08-21 0:00,,,온열이 들어오기 시작하면 팔꿈치가 '아 이제 쉬어도 된다' 신호를 받는 것 같아요. 심리적 이완이 먼저 오고 신체 이완이 따라와요. 두 가지가 동시에 작용하는 게 이 제품의 특징이에요.,21b6c6181286,,980,프리미엄 엘보케어 팔꿈치 마사지기,149000,,기존리뷰,4,,0,0,1,"안녕하세요. 프리미엄 헬스테크 브랜드, 슬룸입니다.
진심 어린 소중한 후기 감사합니다. 💜

앞으로도 좋은 상품과 서비스로 고객님들을 찾아뵐 수 있도록 노력하겠습니다.
감사합니다. :)"
120186,2026-08-04 0:00,,,처음 켜는 순간 온열이 시작되면서 팔꿈치가 긴장을 풀기 시작했어요. 버튼 하나로 이 과정이 자동으로 이뤄진다는 게 매일 쓰게 만드는 이유예요. 준비 시간 없이 바로 케어가 되거든요.,da57a9137bb4,,980,프리미엄 엘보케어 팔꿈치 마사지기,149000,,기존리뷰,5,,0,0,1,"안녕하세요. 프리미엄 헬스테크 브랜드, 슬룸입니다.
시간 내어 소중한 후기를 작성해 주셔서 감사드립니다. :)

믿고 찾는 쇼핑몰이 되기 위해 더 좋은 상품과 서비스를 준비하겠습니다.
감사합니다. 💜"
120187,2026-08-15 0:00,,,에어백이 풀릴 때마다 팔에 새 피가 도는 느낌이에요. 이 리듬이 25분 반복되니까 케어 후 팔이 가벼워요.,7da31022949a,,980,프리미엄 엘보케어 팔꿈치 마사지기,149000,,기존리뷰,5,,0,0,1,"안녕하세요. 프리미엄 헬스테크 브랜드, 슬룸입니다.
정성스럽게 올려주신 소중한 후기 감사합니다. 💜

고객님의 목소리로 더 발전하는 슬룸이 되도록 노력하겠습니다.
감사합니다. 🙇‍♀️"
120188,2026-08-17 0:00,,,팔꿈치 케어 후 독서할 때 책 드는 게 편해졌어요. 팔 들고 있는 동작이 부담 없어졌거든요. 독서 시간이 자연스럽게 늘었어요.,63006d7a4226,,980,프리미엄 엘보케어 팔꿈치 마사지기,149000,,기존리뷰,5,,0,0,1,"안녕하세요. 프리미엄 헬스테크 브랜드, 슬룸입니다.
시간 내어 소중한 후기를 작성해 주셔서 감사드립니다. :)

믿고 찾는 쇼핑몰이 되기 위해 더 좋은 상품과 서비스를 준비하겠습니다.
감사합니다. 💜"
120190,2026-08-24 0:00,,,케어한 팔이랑 반대쪽 비교하면 차이가 확연해요. 이 비교가 효과 확인하는 가장 간단한 방법이에요.,176c684cb9fa,,980,프리미엄 엘보케어 팔꿈치 마사지기,149000,,기존리뷰,5,,0,0,1,"안녕하세요. 프리미엄 헬스테크 브랜드, 슬룸입니다.
시간 내어 소중한 후기를 작성해 주셔서 감사드립니다. :)

믿고 찾는 쇼핑몰이 되기 위해 더 좋은 상품과 서비스를 준비하겠습니다.
감사합니다. 💜"
120191,2026-08-21 0:00,,,무릎 연장벨트 케어를 일주일 해봤더니 아침 무릎 상태가 달라졌어요. 일어날 때 뻣뻣함이 줄었어요.,e655cf0cea6b,,980,프리미엄 엘보케어 팔꿈치 마사지기,149000,,기존리뷰,5,,0,0,1,"안녕하세요. 프리미엄 헬스테크 브랜드, 슬룸입니다.
시간 내어 소중한 후기를 작성해 주셔서 감사드립니다. :)

믿고 찾는 쇼핑몰이 되기 위해 더 좋은 상품과 서비스를 준비하겠습니다.
감사합니다. 💜"
120192,2026-08-08 0:00,,,케어 빠뜨린 날 다음 날 아침이 다르게 느껴져요. 그 경험이 쌓여서 매일 하게 됐어요.,24dab5a44d82,,980,프리미엄 엘보케어 팔꿈치 마사지기,149000,,기존리뷰,5,,0,0,1,"안녕하세요. 프리미엄 헬스테크 브랜드, 슬룸입니다.
진심 어린 소중한 후기 감사합니다. 💜

앞으로도 좋은 상품과 서비스로 고객님들을 찾아뵐 수 있도록 노력하겠습니다.
감사합니다. :)"
120193,2026-08-09 0:00,,,에어백 압박이 풀릴 때마다 팔에 새 피가 도는 느낌이에요. 혈액순환이 개선되는 걸 직접 느끼는 순간이에요. 이 리듬이 25분 내내 반복되니까 케어 후 팔이 가벼워요.,53cba36d0c27,,980,프리미엄 엘보케어 팔꿈치 마사지기,149000,,기존리뷰,4,,0,0,1,"안녕하세요. 프리미엄 헬스테크 브랜드, 슬룸입니다.
정성스럽게 올려주신 소중한 후기 감사합니다. 💜

고객님의 목소리로 더 발전하는 슬룸이 되도록 노력하겠습니다.
감사합니다. 🙇‍♀️"
120194,2026-08-15 0:00,,,무릎 케어 후 계단 오를 때 리듬감이 생겼어요. 예전엔 하나씩 조심스럽게 올랐는데 이제는 자연스럽게 올라요.,1f370c59df7a,,980,프리미엄 엘보케어 팔꿈치 마사지기,149000,,기존리뷰,5,,0,0,1,"안녕하세요. 프리미엄 헬스테크 브랜드, 슬룸입니다.
시간 내어 소중한 후기를 작성해 주셔서 감사드립니다. :)

믿고 찾는 쇼핑몰이 되기 위해 더 좋은 상품과 서비스를 준비하겠습니다.
감사합니다. 💜"
120196,2026-08-16 0:00,,,이 제품 쓰면서 내 몸에 투자하는 개념이 생겼어요. 지출이 아니라 투자예요. 장기적으로 보면 훨씬 경제적이에요.,08cc68e2e19c,,980,프리미엄 엘보케어 팔꿈치 마사지기,149000,,기존리뷰,4,,0,0,1,"안녕하세요. 프리미엄 헬스테크 브랜드, 슬룸입니다.
진심 어린 소중한 후기 감사합니다. 💜

앞으로도 좋은 상품과 서비스로 고객님들을 찾아뵐 수 있도록 노력하겠습니다.
감사합니다. :)"
120197,2026-08-09 0:00,,,무릎 케어 덕분에 주말마다 바깥 활동을 즐기게 됐어요. 집에만 있던 게 이제는 나가는 게 더 자연스러워요.,a4a59582c12f,,980,프리미엄 엘보케어 팔꿈치 마사지기,149000,,기존리뷰,5,,0,0,1,"안녕하세요. 프리미엄 헬스테크 브랜드, 슬룸입니다.
진심 어린 소중한 후기 감사합니다. 💜

앞으로도 좋은 상품과 서비스로 고객님들을 찾아뵐 수 있도록 노력하겠습니다.
감사합니다. :)"
120198,2026-08-18 0:00,,,온열이 시작되면 팔꿈치가 쉬어도 된다는 신호를 받는 것 같아요. 심리 이완이 먼저 오고 신체 이완이 따라와요.,a0f70c1aaf09,,980,프리미엄 엘보케어 팔꿈치 마사지기,149000,,기존리뷰,5,,0,0,1,"안녕하세요. 프리미엄 헬스테크 브랜드, 슬룸입니다.
시간 내어 소중한 후기를 작성해 주셔서 감사드립니다. :)

믿고 찾는 쇼핑몰이 되기 위해 더 좋은 상품과 서비스를 준비하겠습니다.
감사합니다. 💜"
120199,2026-08-17 0:00,,,팔을 자연스럽게 놓고 리모컨 들면 그걸로 끝이에요. 자세 유지에 신경 쓸 필요가 없어서 25분이 편안해요.,c01b39f7816b,,980,프리미엄 엘보케어 팔꿈치 마사지기,149000,,기존리뷰,5,,0,0,1,"안녕하세요. 프리미엄 헬스테크 브랜드, 슬룸입니다.
시간 내어 소중한 후기를 작성해 주셔서 감사드립니다. :)

믿고 찾는 쇼핑몰이 되기 위해 더 좋은 상품과 서비스를 준비하겠습니다.
감사합니다. 💜"
120200,2026-08-03 0:00,,,크림을 챙기는 게 처음엔 귀찮았어요. 뒤늦게 지켰더니 차이가 커서 그 이후론 빠뜨리지 않아요.,ead335b5209f,,980,프리미엄 엘보케어 팔꿈치 마사지기,149000,,기존리뷰,4,,0,0,1,"안녕하세요. 프리미엄 헬스테크 브랜드, 슬룸입니다.
정성스럽게 올려주신 소중한 후기 감사합니다. 💜

고객님의 목소리로 더 발전하는 슬룸이 되도록 노력하겠습니다.
감사합니다. 🙇‍♀️"
120204,2026-08-21 0:00,,,케어하면서 팔꿈치 주변 온도를 비교해봤어요. 케어 후 피부 온도가 주변보다 높게 유지돼요. 혈액순환이 개선된 신호예요.,bbb3dfc58dc1,,980,프리미엄 엘보케어 팔꿈치 마사지기,149000,,기존리뷰,4,,0,0,1,"안녕하세요. 프리미엄 헬스테크 브랜드, 슬룸입니다.
시간 내어 소중한 후기를 작성해 주셔서 감사드립니다. :)

믿고 찾는 쇼핑몰이 되기 위해 더 좋은 상품과 서비스를 준비하겠습니다.
감사합니다. 💜"
120205,2026-08-06 0:00,,,팔꿈치 케어 덕분에 이사할 때 짐 옮기는 게 수월했어요. 무거운 박스 들어도 팔꿈치가 버텨줬어요. 케어가 이런 순간에 빛났어요.,c317ea2069c9,,980,프리미엄 엘보케어 팔꿈치 마사지기,149000,,기존리뷰,5,,0,0,1,"안녕하세요. 프리미엄 헬스테크 브랜드, 슬룸입니다.
시간 내어 소중한 후기를 작성해 주셔서 감사드립니다. :)

믿고 찾는 쇼핑몰이 되기 위해 더 좋은 상품과 서비스를 준비하겠습니다.
감사합니다. 💜"
120207,2026-08-21 0:00,,,아침에 일어나서 팔꿈치 상태를 체크하는 게 습관이 됐어요. 오늘 뻣뻣한지 편한지 보고 강도를 조절해요. 몸 상태를 스스로 파악하는 능력이 생긴 거예요.,2564b2f78c85,,980,프리미엄 엘보케어 팔꿈치 마사지기,149000,,기존리뷰,4,,0,0,1,"안녕하세요. 프리미엄 헬스테크 브랜드, 슬룸입니다.
진심 어린 소중한 후기 감사합니다. 💜

앞으로도 좋은 상품과 서비스로 고객님들을 찾아뵐 수 있도록 노력하겠습니다.
감사합니다. :)"
120208,2026-08-22 0:00,,,무릎 연장벨트 온열을 저녁에 켜면 하루 무릎 피로가 빠르게 풀려요. 온기가 관절 깊이 들어가는 느낌이 팔꿈치 케어 때랑 비슷해요.,c981477b1922,,980,프리미엄 엘보케어 팔꿈치 마사지기,149000,,기존리뷰,5,,0,0,1,"안녕하세요. 프리미엄 헬스테크 브랜드, 슬룸입니다.
진심 어린 소중한 후기 감사합니다. 💜

앞으로도 좋은 상품과 서비스로 고객님들을 찾아뵐 수 있도록 노력하겠습니다.
감사합니다. :)"
120209,2026-08-11 0:00,,,"팔꿈치 케어하면서 팔 관련 작업 속도가 올라갔어요. 팔꿈치가 편하면 동작이 자연스럽고, 자연스러우면 속도도 올라가요.",fc8f5c3af07d,,980,프리미엄 엘보케어 팔꿈치 마사지기,149000,,기존리뷰,5,,0,0,1,"안녕하세요. 프리미엄 헬스테크 브랜드, 슬룸입니다.
정성스럽게 올려주신 소중한 후기 감사합니다. 💜

고객님의 목소리로 더 발전하는 슬룸이 되도록 노력하겠습니다.
감사합니다. 🙇‍♀️"
120210,2026-08-24 0:00,,,강도 조절을 너무 자주 바꾸지 않는 게 좋아요. 일주일 단위로 상태 보면서 올리는 게 맞아요. 자주 바꾸면 몸이 적응할 시간이 없거든요.,6decff5cc521,,980,프리미엄 엘보케어 팔꿈치 마사지기,149000,,기존리뷰,5,,0,0,1,"안녕하세요. 프리미엄 헬스테크 브랜드, 슬룸입니다.
정성스럽게 올려주신 소중한 후기 감사합니다. 💜

고객님의 목소리로 더 발전하는 슬룸이 되도록 노력하겠습니다.
감사합니다. 🙇‍♀️"
120212,2026-08-16 0:00,,,"이 제품 내구성 믿을 만해요. 버클, 밴드, 패드 모두 6개월 넘게 써도 처음이랑 달라진 게 없어요. 장기 투자할 만한 제품이에요.",f75e2d044962,,980,프리미엄 엘보케어 팔꿈치 마사지기,149000,,기존리뷰,5,,0,0,1,"안녕하세요. 프리미엄 헬스테크 브랜드, 슬룸입니다.
진심 어린 소중한 후기 감사합니다. 💜

앞으로도 좋은 상품과 서비스로 고객님들을 찾아뵐 수 있도록 노력하겠습니다.
감사합니다. :)"
120213,2026-08-16 0:00,,,25분이 끝나면 케어도 끝나있어요. 별다른 준비 없이 착용하면 되니까 매일 빠뜨리지 않게 돼요.,e5fac8c966df,,980,프리미엄 엘보케어 팔꿈치 마사지기,149000,,기존리뷰,5,,0,0,1,"안녕하세요. 프리미엄 헬스테크 브랜드, 슬룸입니다.
정성스럽게 올려주신 소중한 후기 감사합니다. 💜

고객님의 목소리로 더 발전하는 슬룸이 되도록 노력하겠습니다.
감사합니다. 🙇‍♀️"
120214,2026-08-22 0:00,,,케어를 생략하면 팔꿈치가 먼저 알아요. 다음 날 상태가 달라지거든요. 몸이 케어를 기억하게 된 거예요.,b85ffee1729c,,980,프리미엄 엘보케어 팔꿈치 마사지기,149000,,기존리뷰,5,,0,0,1,"안녕하세요. 프리미엄 헬스테크 브랜드, 슬룸입니다.
시간 내어 소중한 후기를 작성해 주셔서 감사드립니다. :)

믿고 찾는 쇼핑몰이 되기 위해 더 좋은 상품과 서비스를 준비하겠습니다.
감사합니다. 💜"
120215,2026-08-15 0:00,,,가방 드는 게 편해졌어요. 무거운 가방도 이제는 팔꿈치 걱정 없이 들어요.,eb370db3c73e,,980,프리미엄 엘보케어 팔꿈치 마사지기,149000,,기존리뷰,4,,0,0,1,"안녕하세요. 프리미엄 헬스테크 브랜드, 슬룸입니다.
진심 어린 소중한 후기 감사합니다. 💜

앞으로도 좋은 상품과 서비스로 고객님들을 찾아뵐 수 있도록 노력하겠습니다.
감사합니다. :)"
120216,2026-08-15 0:00,,,케어 후 팔꿈치 주변 피부 온도가 높게 유지돼요. 혈액순환이 개선된 신호예요.,2e46e10c4dad,,980,프리미엄 엘보케어 팔꿈치 마사지기,149000,,기존리뷰,5,,0,0,1,"안녕하세요. 프리미엄 헬스테크 브랜드, 슬룸입니다.
정성스럽게 올려주신 소중한 후기 감사합니다. 💜

고객님의 목소리로 더 발전하는 슬룸이 되도록 노력하겠습니다.
감사합니다. 🙇‍♀️"
120217,2026-08-07 0:00,,,"온열 단계 올리는 타이밍을 찾는 게 있어요. 처음 5분은 낮게, 중간부터 올리면 온기가 깊이 스며드는 게 달라요. 이 방법 찾는 데 2주 걸렸어요.",7031155006d0,,980,프리미엄 엘보케어 팔꿈치 마사지기,149000,,기존리뷰,5,,0,0,1,"안녕하세요. 프리미엄 헬스테크 브랜드, 슬룸입니다.
진심 어린 소중한 후기 감사합니다. 💜

앞으로도 좋은 상품과 서비스로 고객님들을 찾아뵐 수 있도록 노력하겠습니다.
감사합니다. :)"
120218,2026-08-22 0:00,,,강도를 일주일 단위로 보면서 올리는 게 맞아요. 자주 바꾸면 몸이 적응할 틈이 없거든요.,01b44b3384ad,,980,프리미엄 엘보케어 팔꿈치 마사지기,149000,,기존리뷰,4,,0,0,1,"안녕하세요. 프리미엄 헬스테크 브랜드, 슬룸입니다.
정성스럽게 올려주신 소중한 후기 감사합니다. 💜

고객님의 목소리로 더 발전하는 슬룸이 되도록 노력하겠습니다.
감사합니다. 🙇‍♀️"
120219,2026-08-02 0:00,,,팔꿈치 걱정이 사라진 지 3개월이 됐어요. 뭔가 하기 전에 팔꿈치 생각이 먼저 났는데 이제는 안 해요.,702eae5657c4,,980,프리미엄 엘보케어 팔꿈치 마사지기,149000,,기존리뷰,5,,0,0,1,"안녕하세요. 프리미엄 헬스테크 브랜드, 슬룸입니다.
정성스럽게 올려주신 소중한 후기 감사합니다. 💜

고객님의 목소리로 더 발전하는 슬룸이 되도록 노력하겠습니다.
감사합니다. 🙇‍♀️"
120220,2026-08-23 0:00,,,이 제품 포장이 깔끔해서 선물용으로도 좋아요. 박스 그대로 드려도 선물 느낌이 나요. 팔꿈치 불편한 분들한테 주기 딱이에요.,efa00f03dc28,,980,프리미엄 엘보케어 팔꿈치 마사지기,149000,,기존리뷰,5,,0,0,1,"안녕하세요. 프리미엄 헬스테크 브랜드, 슬룸입니다.
정성스럽게 올려주신 소중한 후기 감사합니다. 💜

고객님의 목소리로 더 발전하는 슬룸이 되도록 노력하겠습니다.
감사합니다. 🙇‍♀️"
120222,2026-08-24 0:00,,,"케어를 아침저녁 나눠서 하루 두 번 쓰고 있어요. 아침에 15분으로 워밍업, 저녁에 25분으로 집중 케어예요. 하루 두 번이 한 번보다 확실히 달라요.",33a4c9e3a1c8,,980,프리미엄 엘보케어 팔꿈치 마사지기,149000,,기존리뷰,4,,0,0,1,"안녕하세요. 프리미엄 헬스테크 브랜드, 슬룸입니다.
정성스럽게 올려주신 소중한 후기 감사합니다. 💜

고객님의 목소리로 더 발전하는 슬룸이 되도록 노력하겠습니다.
감사합니다. 🙇‍♀️"
120223,2026-08-11 0:00,,,팔꿈치 가동 범위가 넓어졌어요. 완전히 펴지지 않던 팔이 이제는 자연스럽게 펴져요.,11f30a51402d,,980,프리미엄 엘보케어 팔꿈치 마사지기,149000,,기존리뷰,5,,0,0,1,"안녕하세요. 프리미엄 헬스테크 브랜드, 슬룸입니다.
시간 내어 소중한 후기를 작성해 주셔서 감사드립니다. :)

믿고 찾는 쇼핑몰이 되기 위해 더 좋은 상품과 서비스를 준비하겠습니다.
감사합니다. 💜"
120224,2026-08-03 0:00,,,케어 끝나고 반대쪽 팔이랑 비교해보면 케어한 쪽이 확연히 가벼워요. 이 비교가 효과를 확인하는 가장 직관적인 방법이에요. 처음엔 신기했는데 지금은 당연한 거예요.,836715c2237f,,980,프리미엄 엘보케어 팔꿈치 마사지기,149000,,기존리뷰,5,,0,0,1,"안녕하세요. 프리미엄 헬스테크 브랜드, 슬룸입니다.
진심 어린 소중한 후기 감사합니다. 💜

앞으로도 좋은 상품과 서비스로 고객님들을 찾아뵐 수 있도록 노력하겠습니다.
감사합니다. :)"
120225,2026-08-10 0:00,,,청소가 더 수월해졌어요. 걸레질이나 청소기 당기는 동작이 부담 없어졌거든요.,9ce2550890ad,,980,프리미엄 엘보케어 팔꿈치 마사지기,149000,,기존리뷰,5,,0,0,1,"안녕하세요. 프리미엄 헬스테크 브랜드, 슬룸입니다.
시간 내어 소중한 후기를 작성해 주셔서 감사드립니다. :)

믿고 찾는 쇼핑몰이 되기 위해 더 좋은 상품과 서비스를 준비하겠습니다.
감사합니다. 💜"
120226,2026-08-19 0:00,,,무릎 케어 후 사다리 오르는 게 편해졌어요. 무릎을 구부리는 동작이 자연스러워졌거든요.,b13cfa1bf2a4,,980,프리미엄 엘보케어 팔꿈치 마사지기,149000,,기존리뷰,4,,0,0,1,"안녕하세요. 프리미엄 헬스테크 브랜드, 슬룸입니다.
시간 내어 소중한 후기를 작성해 주셔서 감사드립니다. :)

믿고 찾는 쇼핑몰이 되기 위해 더 좋은 상품과 서비스를 준비하겠습니다.
감사합니다. 💜"
120227,2026-08-04 0:00,,,M1에서 시작해서 M3으로 바꿨어요. 모드가 달라지니까 같은 제품인데 새로운 느낌이에요.,149d3b9d79df,,980,프리미엄 엘보케어 팔꿈치 마사지기,149000,,기존리뷰,5,,0,0,1,"안녕하세요. 프리미엄 헬스테크 브랜드, 슬룸입니다.
정성스럽게 올려주신 소중한 후기 감사합니다. 💜

고객님의 목소리로 더 발전하는 슬룸이 되도록 노력하겠습니다.
감사합니다. 🙇‍♀️"
120228,2026-08-15 0:00,,,팔꿈치 케어 후 악기 연주가 더 편해졌어요. 전완근이 풀리면서 손가락 독립성이 올라가거든요. 연주 감각이 살아난 게 느껴져요.,47fb89fefedc,,980,프리미엄 엘보케어 팔꿈치 마사지기,149000,,기존리뷰,5,,0,0,1,"안녕하세요. 프리미엄 헬스테크 브랜드, 슬룸입니다.
시간 내어 소중한 후기를 작성해 주셔서 감사드립니다. :)

믿고 찾는 쇼핑몰이 되기 위해 더 좋은 상품과 서비스를 준비하겠습니다.
감사합니다. 💜"
120229,2026-08-21 0:00,,,케어 후 팔꿈치 부위가 따뜻하게 유지되는 시간이 늘었어요. 케어 끝나고도 한참 온기가 남아있어요. 온열 효과가 지속되는 거예요.,5d628aad2f3d,,980,프리미엄 엘보케어 팔꿈치 마사지기,149000,,기존리뷰,4,,0,0,1,"안녕하세요. 프리미엄 헬스테크 브랜드, 슬룸입니다.
시간 내어 소중한 후기를 작성해 주셔서 감사드립니다. :)

믿고 찾는 쇼핑몰이 되기 위해 더 좋은 상품과 서비스를 준비하겠습니다.
감사합니다. 💜"
120230,2026-08-22 0:00,,,무릎 케어 후 쇼핑몰을 끝까지 돌아볼 수 있게 됐어요. 중간에 앉아야 했던 게 이제는 여유 있게 걸어다녀요.,cd0bc07b5583,,980,프리미엄 엘보케어 팔꿈치 마사지기,149000,,기존리뷰,5,,0,0,1,"안녕하세요. 프리미엄 헬스테크 브랜드, 슬룸입니다.
시간 내어 소중한 후기를 작성해 주셔서 감사드립니다. :)

믿고 찾는 쇼핑몰이 되기 위해 더 좋은 상품과 서비스를 준비하겠습니다.
감사합니다. 💜"
120231,2026-08-21 0:00,,,전완근이 팔꿈치와 손목을 잇는 근육이라 케어 효과가 양방향으로 퍼져요. 손목도 덩달아 편해졌어요.,c380de2e58a0,,980,프리미엄 엘보케어 팔꿈치 마사지기,149000,,기존리뷰,5,,0,0,1,"안녕하세요. 프리미엄 헬스테크 브랜드, 슬룸입니다.
시간 내어 소중한 후기를 작성해 주셔서 감사드립니다. :)

믿고 찾는 쇼핑몰이 되기 위해 더 좋은 상품과 서비스를 준비하겠습니다.
감사합니다. 💜"
120232,2026-08-02 0:00,,,팔꿈치 케어 후 글 쓰는 속도가 올라갔어요. 손가락이 더 자유롭게 움직이거든요. 작업 효율이 달라진 게 느껴져요.,1d72ea33ea94,,980,프리미엄 엘보케어 팔꿈치 마사지기,149000,,기존리뷰,5,,0,0,1,"안녕하세요. 프리미엄 헬스테크 브랜드, 슬룸입니다.
진심 어린 소중한 후기 감사합니다. 💜

앞으로도 좋은 상품과 서비스로 고객님들을 찾아뵐 수 있도록 노력하겠습니다.
감사합니다. :)"
120233,2026-08-16 0:00,,,무릎 연장벨트 온열이 한겨울에 특히 효과적이에요. 차갑게 굳은 무릎이 빨리 풀리거든요. 겨울 필수템이 됐어요.,043e61f36910,,980,프리미엄 엘보케어 팔꿈치 마사지기,149000,,기존리뷰,4,,0,0,1,"안녕하세요. 프리미엄 헬스테크 브랜드, 슬룸입니다.
정성스럽게 올려주신 소중한 후기 감사합니다. 💜

고객님의 목소리로 더 발전하는 슬룸이 되도록 노력하겠습니다.
감사합니다. 🙇‍♀️"
120234,2026-08-02 0:00,,,이 제품 설명서에 크림 권장이 있는데 처음엔 귀찮아서 넘겼다가 뒤늦게 지켰어요. 차이가 커서 그 이후론 꼭 챙겨요. 작은 차이가 케어 품질을 바꿔요.,20a71b057cfe,,980,프리미엄 엘보케어 팔꿈치 마사지기,149000,,기존리뷰,5,,0,0,1,"안녕하세요. 프리미엄 헬스테크 브랜드, 슬룸입니다.
시간 내어 소중한 후기를 작성해 주셔서 감사드립니다. :)

믿고 찾는 쇼핑몰이 되기 위해 더 좋은 상품과 서비스를 준비하겠습니다.
감사합니다. 💜"
120235,2026-08-15 0:00,,,이 제품 5개월째인데 지금이 효과가 제일 좋아요. 꾸준히 쌓인 게 지금 느껴지는 거예요. 장기 케어의 진짜 가치가 여기서 나와요.,169c2d418849,,980,프리미엄 엘보케어 팔꿈치 마사지기,149000,,기존리뷰,5,,0,0,1,"안녕하세요. 프리미엄 헬스테크 브랜드, 슬룸입니다.
시간 내어 소중한 후기를 작성해 주셔서 감사드립니다. :)

믿고 찾는 쇼핑몰이 되기 위해 더 좋은 상품과 서비스를 준비하겠습니다.
감사합니다. 💜"
120236,2026-08-18 0:00,,,"이 제품 구매 후 팔꿈치 보호대를 서랍에 넣었어요. 보호대는 증상을 막는 거고, 이건 원인을 케어하는 거라 방향이 달라요.",c419897b96e2,,980,프리미엄 엘보케어 팔꿈치 마사지기,149000,,기존리뷰,5,,0,0,1,"안녕하세요. 프리미엄 헬스테크 브랜드, 슬룸입니다.
정성스럽게 올려주신 소중한 후기 감사합니다. 💜

고객님의 목소리로 더 발전하는 슬룸이 되도록 노력하겠습니다.
감사합니다. 🙇‍♀️"
120237,2026-08-09 0:00,,,팔꿈치 케어 후 젓가락질이 더 자연스러워졌어요. 손가락 힘 조절이 섬세해진 거예요.,a5e6ef003489,,980,프리미엄 엘보케어 팔꿈치 마사지기,149000,,기존리뷰,4,,0,0,1,"안녕하세요. 프리미엄 헬스테크 브랜드, 슬룸입니다.
시간 내어 소중한 후기를 작성해 주셔서 감사드립니다. :)

믿고 찾는 쇼핑몰이 되기 위해 더 좋은 상품과 서비스를 준비하겠습니다.
감사합니다. 💜"
120238,2026-08-23 0:00,,,무릎 케어 후 여행 계획을 더 과감하게 잡게 됐어요. 많이 걸어야 하는 여행지도 이제는 자신 있어요.,69c3ea2c8485,,980,프리미엄 엘보케어 팔꿈치 마사지기,149000,,기존리뷰,5,,0,0,1,"안녕하세요. 프리미엄 헬스테크 브랜드, 슬룸입니다.
정성스럽게 올려주신 소중한 후기 감사합니다. 💜

고객님의 목소리로 더 발전하는 슬룸이 되도록 노력하겠습니다.
감사합니다. 🙇‍♀️"
120239,2026-08-18 0:00,,,보호대를 서랍에 넣었어요. 증상을 막는 것과 원인을 케어하는 건 방향이 다르거든요.,4c783258214d,,980,프리미엄 엘보케어 팔꿈치 마사지기,149000,,기존리뷰,5,,0,0,1,"안녕하세요. 프리미엄 헬스테크 브랜드, 슬룸입니다.
정성스럽게 올려주신 소중한 후기 감사합니다. 💜

고객님의 목소리로 더 발전하는 슬룸이 되도록 노력하겠습니다.
감사합니다. 🙇‍♀️"
120240,2026-08-18 0:00,,,팔꿈치 케어 덕분에 가방 드는 게 편해졌어요. 무거운 가방도 이제는 불안하지 않아요. 이런 일상 동작이 편해질 때마다 케어의 가치를 느껴요.,df78bdc1d273,,980,프리미엄 엘보케어 팔꿈치 마사지기,149000,,기존리뷰,4,,0,0,1,"안녕하세요. 프리미엄 헬스테크 브랜드, 슬룸입니다.
정성스럽게 올려주신 소중한 후기 감사합니다. 💜

고객님의 목소리로 더 발전하는 슬룸이 되도록 노력하겠습니다.
감사합니다. 🙇‍♀️"
120242,2026-08-23 0:00,,,이 제품 때문에 팔꿈치 해부학을 처음 검색해봤어요. 힘줄이 뼈에 붙는 방식을 알고 나서 왜 전완근 케어가 중요한지 이해됐어요. 알고 하면 케어 집중도가 달라져요.,0abaff3bb273,,980,프리미엄 엘보케어 팔꿈치 마사지기,149000,,기존리뷰,5,,0,0,1,"안녕하세요. 프리미엄 헬스테크 브랜드, 슬룸입니다.
정성스럽게 올려주신 소중한 후기 감사합니다. 💜

고객님의 목소리로 더 발전하는 슬룸이 되도록 노력하겠습니다.
감사합니다. 🙇‍♀️"
120243,2026-08-05 0:00,,,이 제품 6개월 넘게 쓰면서 한 번도 고장이 없었어요. EMS 강도도 처음과 동일하고 배터리도 첫날과 같아요. 신뢰할 수 있는 내구성이에요.,04137c4adb98,,980,프리미엄 엘보케어 팔꿈치 마사지기,149000,,기존리뷰,5,,0,0,1,"안녕하세요. 프리미엄 헬스테크 브랜드, 슬룸입니다.
시간 내어 소중한 후기를 작성해 주셔서 감사드립니다. :)

믿고 찾는 쇼핑몰이 되기 위해 더 좋은 상품과 서비스를 준비하겠습니다.
감사합니다. 💜"
120244,2026-08-11 0:00,,,팔꿈치 케어하면서 팔꿈치 통증이 감정에 영향을 줬다는 걸 알게 됐어요. 아플 때 예민했던 게 케어 후 안정됐거든요. 몸과 감정이 이렇게 연결돼요.,193e8f90b2fe,,980,프리미엄 엘보케어 팔꿈치 마사지기,149000,,기존리뷰,4,,0,0,1,"안녕하세요. 프리미엄 헬스테크 브랜드, 슬룸입니다.
정성스럽게 올려주신 소중한 후기 감사합니다. 💜

고객님의 목소리로 더 발전하는 슬룸이 되도록 노력하겠습니다.
감사합니다. 🙇‍♀️"
120245,2026-08-03 0:00,,,팔꿈치 케어 덕분에 명절 설거지 걱정이 줄었어요. 대량 설거지도 팔꿈치가 버텨주니까 여유 있게 할 수 있어요.,0324f50d3035,,980,프리미엄 엘보케어 팔꿈치 마사지기,149000,,기존리뷰,5,,0,0,1,"안녕하세요. 프리미엄 헬스테크 브랜드, 슬룸입니다.
정성스럽게 올려주신 소중한 후기 감사합니다. 💜

고객님의 목소리로 더 발전하는 슬룸이 되도록 노력하겠습니다.
감사합니다. 🙇‍♀️"
120246,2026-08-15 0:00,,,이 제품 추천할 때 제일 먼저 하는 말이 크림 꼭 챙기라는 거예요. 크림 없이 쓰면 효과의 절반도 못 느껴요. 이게 핵심이에요.,27e67daf7bd2,,980,프리미엄 엘보케어 팔꿈치 마사지기,149000,,기존리뷰,5,,0,0,1,"안녕하세요. 프리미엄 헬스테크 브랜드, 슬룸입니다.
진심 어린 소중한 후기 감사합니다. 💜

앞으로도 좋은 상품과 서비스로 고객님들을 찾아뵐 수 있도록 노력하겠습니다.
감사합니다. :)"
120247,2026-08-03 0:00,,,이 제품 덕분에 운동을 꾸준히 이어갈 수 있어요. 팔꿈치 케어하면서 운동량 줄이지 않아도 되거든요. 케어와 활동이 공존하는 방법이에요.,f8146b30a267,,980,프리미엄 엘보케어 팔꿈치 마사지기,149000,,기존리뷰,5,,0,0,1,"안녕하세요. 프리미엄 헬스테크 브랜드, 슬룸입니다.
시간 내어 소중한 후기를 작성해 주셔서 감사드립니다. :)

믿고 찾는 쇼핑몰이 되기 위해 더 좋은 상품과 서비스를 준비하겠습니다.
감사합니다. 💜"
120248,2026-08-21 0:00,,,이 제품이 집에 있다는 게 든든해요. 팔꿈치가 불편하면 바로 꺼내 쓸 수 있거든요. 대비책이 있다는 심리적 안심이 일상을 편하게 해요.,dfc1c39e4168,,980,프리미엄 엘보케어 팔꿈치 마사지기,149000,,기존리뷰,4,,0,0,1,"안녕하세요. 프리미엄 헬스테크 브랜드, 슬룸입니다.
시간 내어 소중한 후기를 작성해 주셔서 감사드립니다. :)

믿고 찾는 쇼핑몰이 되기 위해 더 좋은 상품과 서비스를 준비하겠습니다.
감사합니다. 💜"
120249,2026-08-06 0:00,,,팔꿈치 케어 덕분에 설거지가 편해졌어요. 무거운 냄비 닦을 때 팔꿈치에 오던 부담이 줄었거든요. 주방 일이 수월해진 거예요.,6bb7dac046d1,,980,프리미엄 엘보케어 팔꿈치 마사지기,149000,,기존리뷰,5,,0,0,1,"안녕하세요. 프리미엄 헬스테크 브랜드, 슬룸입니다.
정성스럽게 올려주신 소중한 후기 감사합니다. 💜

고객님의 목소리로 더 발전하는 슬룸이 되도록 노력하겠습니다.
감사합니다. 🙇‍♀️"
120250,2026-08-11 0:00,,,무릎 케어 후 공중화장실에서 변기 앉았다 일어나는 게 자연스러워졌어요. 작지만 의미 있는 변화예요.,2c82d926fea4,,980,프리미엄 엘보케어 팔꿈치 마사지기,149000,,기존리뷰,5,,0,0,1,"안녕하세요. 프리미엄 헬스테크 브랜드, 슬룸입니다.
진심 어린 소중한 후기 감사합니다. 💜

앞으로도 좋은 상품과 서비스로 고객님들을 찾아뵐 수 있도록 노력하겠습니다.
감사합니다. :)"
120251,2026-08-18 0:00,,,케어 중에 오디오북 듣는 게 루틴이에요. 25분에 딱 맞는 분량이 있어서 케어 끝나면 챕터도 끝나있어요. 이 조합이 케어를 기다리게 만들어요.,6af3e90b10cc,,980,프리미엄 엘보케어 팔꿈치 마사지기,149000,,기존리뷰,5,,0,0,1,"안녕하세요. 프리미엄 헬스테크 브랜드, 슬룸입니다.
시간 내어 소중한 후기를 작성해 주셔서 감사드립니다. :)

믿고 찾는 쇼핑몰이 되기 위해 더 좋은 상품과 서비스를 준비하겠습니다.
감사합니다. 💜"
120252,2026-08-01 0:00,,,케어하면서 EMS 자극이 신경에 전달되는 경로를 생각해봤어요. 신경이 자극을 받으면 통증 신호가 차단된다는 원리가 실제로 느껴졌어요.,1d4685bb6039,,980,프리미엄 엘보케어 팔꿈치 마사지기,149000,,기존리뷰,5,,0,0,1,"안녕하세요. 프리미엄 헬스테크 브랜드, 슬룸입니다.
정성스럽게 올려주신 소중한 후기 감사합니다. 💜

고객님의 목소리로 더 발전하는 슬룸이 되도록 노력하겠습니다.
감사합니다. 🙇‍♀️"
120253,2026-08-06 0:00,,,팔꿈치 케어를 하면서 피부 상태도 덩달아 좋아졌어요. 매일 크림 바르다 보니 팔꿈치 주변 피부가 부드러워졌어요.,87cdcdfe66c3,,980,프리미엄 엘보케어 팔꿈치 마사지기,149000,,기존리뷰,5,,0,0,1,"안녕하세요. 프리미엄 헬스테크 브랜드, 슬룸입니다.
정성스럽게 올려주신 소중한 후기 감사합니다. 💜

고객님의 목소리로 더 발전하는 슬룸이 되도록 노력하겠습니다.
감사합니다. 🙇‍♀️"
120254,2026-08-19 0:00,,,날짜별 컨디션을 기록해봤어요. 패턴이 보이면서 더 스마트하게 케어하게 됐어요.,bb5a8ed38dbe,,980,프리미엄 엘보케어 팔꿈치 마사지기,149000,,기존리뷰,5,,0,0,1,"안녕하세요. 프리미엄 헬스테크 브랜드, 슬룸입니다.
진심 어린 소중한 후기 감사합니다. 💜

앞으로도 좋은 상품과 서비스로 고객님들을 찾아뵐 수 있도록 노력하겠습니다.
감사합니다. :)"
120255,2026-08-20 0:00,,,"케어 시작하면서 팔꿈치에 대한 두려움이 사라졌어요. 뭔가 하기 전에 팔꿈치 생각이 먼저 났는데, 이제는 그냥 해요. 심리적 해방감이에요.",12d04f17f6e3,,980,프리미엄 엘보케어 팔꿈치 마사지기,149000,,기존리뷰,4,,0,0,1,"안녕하세요. 프리미엄 헬스테크 브랜드, 슬룸입니다.
진심 어린 소중한 후기 감사합니다. 💜

앞으로도 좋은 상품과 서비스로 고객님들을 찾아뵐 수 있도록 노력하겠습니다.
감사합니다. :)"
120256,2026-08-11 0:00,,,집에 여러 케어 기기가 있는데 이게 유일하게 매일 쓰는 거예요. 다른 건 가끔 꺼내지만 이건 매일 손이 가요. 그 차이가 팔꿈치 전용이라는 데서 나오는 것 같아요.,b89fdfa21155,,980,프리미엄 엘보케어 팔꿈치 마사지기,149000,,기존리뷰,5,,0,0,1,"안녕하세요. 프리미엄 헬스테크 브랜드, 슬룸입니다.
정성스럽게 올려주신 소중한 후기 감사합니다. 💜

고객님의 목소리로 더 발전하는 슬룸이 되도록 노력하겠습니다.
감사합니다. 🙇‍♀️"
120257,2026-08-06 0:00,,,팔꿈치 케어로 인해 집중력이 올라간 게 실감나요. 통증이 없으니까 다른 생각을 덜 하게 되거든요. 일의 질이 달라졌어요.,387625c7706a,,980,프리미엄 엘보케어 팔꿈치 마사지기,149000,,기존리뷰,5,,0,0,1,"안녕하세요. 프리미엄 헬스테크 브랜드, 슬룸입니다.
진심 어린 소중한 후기 감사합니다. 💜

앞으로도 좋은 상품과 서비스로 고객님들을 찾아뵐 수 있도록 노력하겠습니다.
감사합니다. :)"
120258,2026-08-23 0:00,,,팔꿈치 케어 후 핸드폰 오래 들어도 팔이 안 피로해요. 팔 들고 있는 동작이 부담 없어졌거든요. 소소한 일상이 편해진 거예요.,b5917c08e83f,,980,프리미엄 엘보케어 팔꿈치 마사지기,149000,,기존리뷰,5,,0,0,1,"안녕하세요. 프리미엄 헬스테크 브랜드, 슬룸입니다.
시간 내어 소중한 후기를 작성해 주셔서 감사드립니다. :)

믿고 찾는 쇼핑몰이 되기 위해 더 좋은 상품과 서비스를 준비하겠습니다.
감사합니다. 💜"
120259,2026-08-22 0:00,,,무릎 연장벨트 착용하면 케어 중에 무릎을 잊게 돼요. 편안하게 감싸지니까 신경 쓸 필요가 없어요.,61c0d59001f3,,980,프리미엄 엘보케어 팔꿈치 마사지기,149000,,기존리뷰,4,,0,0,1,"안녕하세요. 프리미엄 헬스테크 브랜드, 슬룸입니다.
진심 어린 소중한 후기 감사합니다. 💜

앞으로도 좋은 상품과 서비스로 고객님들을 찾아뵐 수 있도록 노력하겠습니다.
감사합니다. :)"
120260,2026-08-21 0:00,,,장거리 운전이 편해졌어요. 핸들 잡는 팔꿈치 각도가 자연스러워졌거든요.,172ce481ddb5,,980,프리미엄 엘보케어 팔꿈치 마사지기,149000,,기존리뷰,5,,0,0,1,"안녕하세요. 프리미엄 헬스테크 브랜드, 슬룸입니다.
시간 내어 소중한 후기를 작성해 주셔서 감사드립니다. :)

믿고 찾는 쇼핑몰이 되기 위해 더 좋은 상품과 서비스를 준비하겠습니다.
감사합니다. 💜"
120261,2026-08-20 0:00,,,무릎 연장벨트 착용 요령을 찾는 데 3일 걸렸어요. 무릎 중앙에 에어백이 오게 맞추면 착용감이 완전히 달라요.,7531a8bcad6b,,980,프리미엄 엘보케어 팔꿈치 마사지기,149000,,기존리뷰,5,,0,0,1,"안녕하세요. 프리미엄 헬스테크 브랜드, 슬룸입니다.
정성스럽게 올려주신 소중한 후기 감사합니다. 💜

고객님의 목소리로 더 발전하는 슬룸이 되도록 노력하겠습니다.
감사합니다. 🙇‍♀️"
120262,2026-08-15 0:00,,,케어하면서 팔꿈치가 더 이상 걱정의 대상이 아니에요. 일상에서 신경 쓰이지 않게 됐어요.,7bcf1eb10247,,980,프리미엄 엘보케어 팔꿈치 마사지기,149000,,기존리뷰,4,,0,0,1,"안녕하세요. 프리미엄 헬스테크 브랜드, 슬룸입니다.
시간 내어 소중한 후기를 작성해 주셔서 감사드립니다. :)

믿고 찾는 쇼핑몰이 되기 위해 더 좋은 상품과 서비스를 준비하겠습니다.
감사합니다. 💜"
120263,2026-08-22 0:00,,,무릎 케어 후 오래 서 있어야 하는 상황이 편해졌어요. 행사장이나 줄 설 때 무릎이 버텨줘요.,b3e5ab21ef5b,,980,프리미엄 엘보케어 팔꿈치 마사지기,149000,,기존리뷰,5,,0,0,1,"안녕하세요. 프리미엄 헬스테크 브랜드, 슬룸입니다.
정성스럽게 올려주신 소중한 후기 감사합니다. 💜

고객님의 목소리로 더 발전하는 슬룸이 되도록 노력하겠습니다.
감사합니다. 🙇‍♀️"
120264,2026-08-27 20:26,2026-08-04 15:47,2026-08-06 16:16,마사지 ems 강도 완전 최고예요 한가지 아쉬운 것은 벨크로 길이가 짧아서 에어백이 직동하면 지꾸 풀려버립니다. 그건 꼭 시정해주세요 여성은 괜찮지만 일반 남성이 하기엔 너무 작아요. ,71b24a6ea5e0,,980,프리미엄 엘보케어 팔꿈치 마사지기,149000,수량선택: 팔꿈치 마사지기 1개 (마그네슘 시너지 크림 1개 증정),반응형(내리뷰),4,,1,0,1,"안녕하세요. 프리미엄 헬스테크 브랜드, 슬룸입니다.
진심 어린 소중한 후기 감사합니다. 💜

팔꿈치 마사지기는 많은 분들의 성원에 힘입어 연장벨트를 별도로 구매하실 수 있도록 판매하고 있습니다.
아래 링크에서 구매 가능한 점 참고 부탁드립니다.
👉 연장벨트 구매 링크: https://sleeplab.co.kr/product_03/?idx=980

고객님의 목소리로 더 발전하는 슬룸이 되도록 노력하겠습니다.
감사합니다 🙇‍♀️"
120265,2026-08-27 8:50,2026-08-11 20:50,2026-08-13 14:00,디스크가 있어서 움직일때 마다 아프긴한데 저희 남편은 엄청 시원하다고 하네요,,,1042,★선착순 증정 비밀링크★ 허리편한케어 허리 마사지기 V2,159000,수량선택: 허리편한케어 V2 1개 (코어 요추벨트 증정),기존리뷰,3,,1,0,1,"안녕하세요. 프리미엄 헬스테크 브랜드, 슬룸입니다.
진심 어린 소중한 후기 감사합니다. 💜

앞으로도 좋은 상품과 서비스로 고객님들을 찾아뵐 수 있도록 노력하겠습니다.
감사합니다. :)"
120266,2026-08-27 9:32,2026-06-23 23:10,2026-06-25 16:10,선물했는데 깔끔하고 좋았습니다,,,754,슬룸 전용 파우치,11900,수량선택: 슬룸 보관용 파우치 (중형) 1개 (33*48cm),기존리뷰,5,,0,0,1,"안녕하세요. 프리미엄 헬스테크 브랜드, 슬룸입니다.
정성스럽게 올려주신 소중한 후기 감사합니다. 💜

고객님의 목소리로 더 발전하는 슬룸이 되도록 노력하겠습니다.
감사합니다. 🙇‍♀️"
120267,2026-08-27 9:46,2026-08-06 8:45,2026-08-07 10:39,좋아요 잘 쓰고 있어요,,,376,허리편한케어 V1 전용 케이블,5000,,기존리뷰,5,,0,0,1,"안녕하세요. 프리미엄 헬스테크 브랜드, 슬룸입니다.
시간 내어 소중한 후기를 작성해 주셔서 감사드립니다. :)

믿고 찾는 쇼핑몰이 되기 위해 더 좋은 상품과 서비스를 준비하겠습니다.
감사합니다. 💜"
120268,2026-08-27 9:52,2026-07-02 16:24,2026-07-04 18:36,진동 세기도 좋고 팔꿈치 아플데 사용하니 좋아요 근데 제가 팔이 굵어 그런가 고정 끈이 조금 짧아요 성인 남성 팔둑 두꺼우신 분들은 못쓸듯 하네요,,,980,프리미엄 엘보케어 팔꿈치 마사지기,149000,수량선택: 팔꿈치 마사지기 1개,기존리뷰,5,,0,0,1,"안녕하세요. 프리미엄 헬스테크 브랜드, 슬룸입니다.
진심 어린 소중한 후기 감사합니다. 💜

팔꿈치 마사지기는 많은 분들의 성원에 힘입어 연장벨트를 별도로 구매하실 수 있도록 판매하고 있습니다.
아래 링크에서 구매 가능한 점 참고 부탁드립니다.
👉 연장벨트 구매 링크: https://sleeplab.co.kr/product_03/?idx=980

고객님의 목소리로 더 발전하는 슬룸이 되도록 노력하겠습니다.
감사합니다 🙇‍♀️"
120269,2026-08-27 10:37,2026-08-06 15:37,2026-08-08 16:14,아버지가 시원하다고 하시네요 ㅎㅎ,,,1045,[하알라x슬룸] ★2차★ 구독자 한정 최저가 비밀링크!,114900,수량선택: ★하알라SET★ 허리편한케어V2 1개 + 목마사지베개V2 1개 + (증정)마그네슘 시너지 크림 1개 + (증정) 중형 파우치 1개,기존리뷰,5,,0,0,1,"안녕하세요. 프리미엄 헬스테크 브랜드, 슬룸입니다.
정성스럽게 올려주신 소중한 후기 감사합니다. 💜

고객님의 목소리로 더 발전하는 슬룸이 되도록 노력하겠습니다.
감사합니다. 🙇‍♀️"
120270,2026-08-27 11:00,2026-07-02 14:31,2026-07-03 13:37,확실히 통증이 완화된긴해요. 완전 치료는 아니지만 꾸준히 해볼생각입니다. 올케도 같은 증상이라 빌려줘서 효과가 있으면 선물하려구요.,,,1012,[태국박서방TV x 슬룸] 구독자 전용 ★최저가★ 비밀링크,99000,수량선택: 발편한케어 M 1개,기존리뷰,5,,0,0,1,"안녕하세요. 프리미엄 헬스테크 브랜드, 슬룸입니다.
정성스럽게 올려주신 소중한 후기 감사합니다. 💜

고객님의 목소리로 더 발전하는 슬룸이 되도록 노력하겠습니다.
감사합니다. 🙇‍♀️"
120271,2026-08-27 11:08,2026-08-23 22:50,2026-08-25 16:09,좋아요좋아요좋아요좋아요좋아요,,,1042,★선착순 증정 비밀링크★ 허리편한케어 허리 마사지기 V2,159000,수량선택: 허리편한케어 V2 1개 (코어 요추벨트 증정),기존리뷰,5,,0,0,1,"안녕하세요. 프리미엄 헬스테크 브랜드, 슬룸입니다.
정성스럽게 올려주신 소중한 후기 감사합니다. 💜

고객님의 목소리로 더 발전하는 슬룸이 되도록 노력하겠습니다.
감사합니다. 🙇‍♀️"
120272,2026-08-27 11:40,2026-08-24 20:56,2026-08-26 17:20,"목 마사지 도움 하나도 안되고 마사지 받으면서 잠에 든다는데 기계 돌아가는 소리 시끄럽고 잠이나 들겄나
배송 당일에 한번 누워보고 아니다 싶어 바로 반품 요청 했는데 포장지 뜯었다고 반품 거절 당하고 ㅋㅋ
한번 사면 반품 절대 안되니까 절대 사지마세요
이런 쓰레기 제품은 처음 봅니다.
그냥 목 뒤에 수건 말아서 자는게 목 교정 훨씬 도움됩니다
반품 거절 사유가 어이 없어서 12만원 그냥 불우이웃돕기 했다고 생각할랍니다",,,909,목 마사지 베개 V2 경추 마사지기 베개,129000,수량선택: 목 마사지 베개 V2 1개 (목베개 1개 & 크림 1개 증정),기존리뷰,1,,0,0,1,"안녕하세요 고객님, 프리미엄 헬스테크 브랜드, 슬룸입니다.
고객님께 만족스러운 경험을 드리지 못해 대단히 죄송합니다.😥

슬룸의 모든 제품은 인체공학적으로 설계되어 편안한 사용이 가능하나 초기 사용 시 1~2주 이상의 적응 기간이 필요할 수 있습니다. 
다만 수령하신 날짜 기준으로 30일 동안 꾸준히 사용해보시고도 만족하지 못하셨을 경우에는, 슬룸에서 진행하는 <100%환불이벤트> 에 참여하여 왕복배송비 제외 전액 환불이 가능합니다.

※ 제품을 30일간 꾸준히 사용한 경우, 배송완료 후 40일이내 신청이 가능
※ 환불 서비스는 첫 구매 체험을 위한 서비스로 1회만 신청 가능

▶ <100% 환불 이벤트> 상세 환불 조건 : https://sleeplab.co.kr/notice/?page=1#13709226_notice 

슬룸을 믿고 편하게 사용 및 체험해보시고, 그럼에도 만족하시지 못하셨을 경우 슬룸 공식몰의 채널톡을 통해 이벤트 기간 내 문의 주시면 환불 접수 도움드리겠습니다."
120273,2026-08-27 13:04,2026-08-24 6:01,2026-08-25 21:08,만족합니다 추천합니다,,,966,골반 케어 프리미엄 골반 마사지기,189000,수량선택: 골반 마사지기 1개 (시너지 크림 1개 증정),기존리뷰,5,,0,0,1,"안녕하세요. 프리미엄 헬스테크 브랜드, 슬룸입니다.
정성스럽게 올려주신 소중한 후기 감사합니다. 💜

고객님의 목소리로 더 발전하는 슬룸이 되도록 노력하겠습니다.
감사합니다. 🙇‍♀️"
120274,2026-08-27 14:33,2026-08-25 10:54,2026-08-26 18:36,좋은거 같아요 배송두 빠르네요,,,980,프리미엄 엘보케어 팔꿈치 마사지기,149000,수량선택: 팔꿈치 마사지기 1개 (마그네슘 시너지 크림 1개 증정),기존리뷰,5,,1,0,1,"안녕하세요. 프리미엄 헬스테크 브랜드, 슬룸입니다.
정성스럽게 올려주신 소중한 후기 감사합니다. 💜

고객님의 목소리로 더 발전하는 슬룸이 되도록 노력하겠습니다.
감사합니다. 🙇‍♀️"
120275,2026-08-27 18:09,2026-08-06 15:55,2026-08-08 13:38,"잘 사용해봐야겠어요
효과가 있었음 좋겠어요",,,724,★최대할인 비밀링크★ 목베개 플러스 특가,69000,수량선택: 목베개 플러스 1개,기존리뷰,3,,0,0,1,"안녕하세요. 프리미엄 헬스테크 브랜드, 슬룸입니다.
시간 내어 소중한 후기를 작성해 주셔서 감사드립니다. :)

믿고 찾는 쇼핑몰이 되기 위해 더 좋은 상품과 서비스를 준비하겠습니다.
감사합니다. 💜"
120276,2026-08-27 21:13,2026-08-05 19:36,2026-08-07 16:10,걍 해보는데 기대 보단 우선 사용해 볼께요,,,1045,[하알라x슬룸] ★2차★ 구독자 한정 최저가 비밀링크!,114900,수량선택: 허리편한케어V2 1개 + (증정)마그네슘 시너지 크림 1개,기존리뷰,3,,1,0,1,"안녕하세요. 프리미엄 헬스테크 브랜드, 슬룸입니다.
진심 어린 소중한 후기 감사합니다. 💜

앞으로도 좋은 상품과 서비스로 고객님들을 찾아뵐 수 있도록 노력하겠습니다.
감사합니다. :)"
120277,2026-08-27 22:07,2026-08-07 16:25,2026-08-11 18:51,어?? 왜 첨할때랑 올라오는 위치가 다르지? 싶으면 잡고 바꿔주니 됩니닷. 에어백 방향이 움직여요ㅎㅎ 커버가 없는거는 좀 찝찝해요. 남는 베개커버 대충 얹어서 씁니다. 커버도 만들어주세요,,,1033,[신금동x슬룸] 최저가 마켓 OPEN,79000,수량선택: ★최저가★ 경추 마사지 베개 V2 1개 + (증정) 마그네슘 크림 1개,기존리뷰,5,,1,0,1,"안녕하세요. 프리미엄 헬스테크 브랜드, 슬룸입니다.
시간 내어 소중한 후기를 작성해 주셔서 감사드립니다. :)

믿고 찾는 쇼핑몰이 되기 위해 더 좋은 상품과 서비스를 준비하겠습니다.
감사합니다. 💜"
120278,2026-08-27 23:23,2026-07-25 2:35,2026-07-28 18:52,다리아플때딱쓰기좋네욯,,,924,발편한케어 프리미엄 EMS 발 마사지기,89000,"사이즈&세트선택: M (220-270mm), 수량선택: 발편한케어 1개",기존리뷰,5,,0,0,1,"안녕하세요. 프리미엄 헬스테크 브랜드, 슬룸입니다.
정성스럽게 올려주신 소중한 후기 감사합니다. 💜

고객님의 목소리로 더 발전하는 슬룸이 되도록 노력하겠습니다.
감사합니다. 🙇‍♀️"
120279,2026-08-28 8:23,2026-08-25 20:33,2026-08-27 16:13,"아들 목이 점점 거북목 형태를 보여서
너무나 걱정이 되어 좋은 고가의 베개를
여러번 교체하면서 사용을 했는데 
매번 잠을 잘 때 보면 베개가 불편해서 
따로 두고 잠을 자더라구요~

광고를 보고 혹시나 하는 마음에 내돈내산으로 
구입을 했는데..!! 아들이 영상을 찍어서
전달했길래.. 리뷰 그대로 올려드려요^^

일단 누웠을 때 뜨는 공간이 없어서 편안하고
안마기 기능이 좋다고해요~
견인하듯 하는 기능과 온열기능 
전반적으로 만족하네요.
가장 좋은건 오늘 아침에 보니 베개 그대로 누워서 잠을
자고 있더라구요~ 불편하지 않은가봐요~ 
그래서 광고 보고 주문을 했지만..
목이 불편하신 분들 강추입니다~

아들이 불편해서 못 쓴다고하면 제가 
쓰려고 1개만 주문했는데.. 하나 더 구입
해야겠어요~ ",99bff70e0b32,,724,★최대할인 비밀링크★ 목베개 플러스 특가,69000,수량선택: 목베개 플러스 1개,반응형(내리뷰),5,동영상 리뷰,1,1,1,"안녕하세요. 프리미엄 헬스테크 브랜드, 슬룸입니다.
정성스럽게 올려주신 소중한 후기 감사합니다. 💜

고객님의 목소리로 더 발전하는 슬룸이 되도록 노력하겠습니다.
감사합니다. 🙇‍♀️"
120280,2026-08-28 7:46,2026-06-28 8:09,2026-06-30 16:52,매일은 못쓰지만 꾸준히 쓰고있어요 효과는 조금씩 있는듯합니다,,,980,프리미엄 엘보케어 팔꿈치 마사지기,149000,수량선택: 데일리 릴렉스 세트 (팔꿈치 마사지기 + 마그네슘 시너지 크림),기존리뷰,5,,0,0,1,"안녕하세요. 프리미엄 헬스테크 브랜드, 슬룸입니다.
정성스럽게 올려주신 소중한 후기 감사합니다. 💜

고객님의 목소리로 더 발전하는 슬룸이 되도록 노력하겠습니다.
감사합니다. 🙇‍♀️"
120281,2026-08-28 9:19,2026-08-21 8:07,2026-08-22 16:15,너어어무무무ㅜ우우우좋아으옹,,,724,★최대할인 비밀링크★ 목베개 플러스 특가,69000,수량선택: 목베개 플러스 1개,기존리뷰,5,,0,0,1,"안녕하세요. 프리미엄 헬스테크 브랜드, 슬룸입니다.
정성스럽게 올려주신 소중한 후기 감사합니다. 💜

고객님의 목소리로 더 발전하는 슬룸이 되도록 노력하겠습니다.
감사합니다. 🙇‍♀️"
120282,2026-08-28 9:45,2026-08-20 20:18,2026-08-22 18:36,"누워서 하기 좋은 거 같아서 구매했는데 공기압이라서 누워서 목 스트레칭하기는 좋고 온열기능도 괜찮은데요, 진동이라던지 다른 기능은 그닥 마사지 역할은 없어요. 그리고 이걸 베고 자기에는 좀 불편하고 세척이 커버만 가능해서 베개로 쓰기에는 비추예요. 누워서 쉴 때 쓰기 좋습니다",,,909,목 마사지 베개 V2 경추 마사지기 베개,129000,수량선택: 목 마사지 베개 V2 1개 (목베개 1개 & 크림 1개 증정),기존리뷰,5,,2,0,1,"안녕하세요. 프리미엄 헬스테크 브랜드, 슬룸입니다.
시간 내어 소중한 후기를 작성해 주셔서 감사드립니다. :)

믿고 찾는 쇼핑몰이 되기 위해 더 좋은 상품과 서비스를 준비하겠습니다.
감사합니다. 💜"
120283,2026-08-28 11:07,2026-08-22 22:37,2026-08-25 10:43,압이 별로에요.. 근데 각도는 좋네요,,,909,목 마사지 베개 V2 경추 마사지기 베개,129000,수량선택: 목 마사지 베개 V2 1개 (목베개 1개 & 크림 1개 증정),기존리뷰,3,,0,0,1,"안녕하세요 고객님, 프리미엄 헬스테크 브랜드, 슬룸입니다.
고객님께 만족스러운 경험을 드리지 못해 대단히 죄송합니다.😥

슬룸의 모든 제품은 인체공학적으로 설계되어 편안한 사용이 가능하나 초기 사용 시 1~2주 이상의 적응 기간이 필요할 수 있습니다. 
다만 수령하신 날짜 기준으로 30일 동안 꾸준히 사용해보시고도 만족하지 못하셨을 경우에는, 슬룸에서 진행하는 <100%환불이벤트> 에 참여하여 왕복배송비 제외 전액 환불이 가능합니다.

※ 제품을 30일간 꾸준히 사용한 경우, 배송완료 후 40일이내 신청이 가능
※ 환불 서비스는 첫 구매 체험을 위한 서비스로 1회만 신청 가능

▶ <100% 환불 이벤트> 상세 환불 조건 : https://sleeplab.co.kr/notice/?page=1#13709226_notice 

슬룸을 믿고 편하게 사용 및 체험해보시고, 그럼에도 만족하시지 못하셨을 경우 슬룸 공식몰의 채널톡을 통해 이벤트 기간 내 문의 주시면 환불 접수 도움드리겠습니다."
120284,2026-08-28 12:31,2026-08-11 23:01,2026-08-13 13:47,꾸준히 사용중입니다!,,,1045,[하알라x슬룸] ★2차★ 구독자 한정 최저가 비밀링크!,114900,수량선택: 허리편한케어V2 1개 + (증정)마그네슘 시너지 크림 1개,기존리뷰,5,,1,0,1,"안녕하세요. 프리미엄 헬스테크 브랜드, 슬룸입니다.
진심 어린 소중한 후기 감사합니다. 💜

앞으로도 좋은 상품과 서비스로 고객님들을 찾아뵐 수 있도록 노력하겠습니다.
감사합니다. :)"
120285,2026-08-28 13:22,2026-07-16 19:48,2026-07-21 18:44,"사용후 두통이 좋아졌어요
뒷목 저림도 있었는데
이것도 조금씩 좋아 지는것같아요!
감사합니다",,,909,목 마사지 베개 V2 경추 마사지기 베개,129000,수량선택: 목 마사지 베개 V2 1개 (마그네슘 시너지 크림 1개 증정),기존리뷰,5,,0,0,1,"안녕하세요. 프리미엄 헬스테크 브랜드, 슬룸입니다.
진심 어린 소중한 후기 감사합니다. 💜

앞으로도 좋은 상품과 서비스로 고객님들을 찾아뵐 수 있도록 노력하겠습니다.
감사합니다. :)"
120286,2026-08-28 14:19,2026-07-23 18:18,2026-07-25 16:11,귀찮아서 잘 안하게되긴 하는데 ㅜㅜ 좋긴 좋아요,,,1035,[애진X슬룸] ★단독 최대혜택★ 바디풀고컷 경락 마사지기,79900,수량선택: [68%] 바디풀고컷 1개 + 시너지 젤 2개 증정,기존리뷰,5,,1,0,1,"안녕하세요. 프리미엄 헬스테크 브랜드, 슬룸입니다.
진심 어린 소중한 후기 감사합니다. 💜

앞으로도 좋은 상품과 서비스로 고객님들을 찾아뵐 수 있도록 노력하겠습니다.
감사합니다. :)"
120287,2026-08-28 15:32,2026-08-14 17:00,2026-08-19 18:44,원플러스 원이라고 하더만 하나만 보내 주고 안 보내 주네 거의 사기 수준 선적 그윽하게 하는 반품 안 하고 그냥 쓰겠습니다 판매 정당하게 하세요 소비자 희롱하지 말고,,,724,★최대할인 비밀링크★ 목베개 플러스 특가,69000,수량선택: 목베개 플러스 1개,기존리뷰,4,,0,0,1,"안녕하세요. 프리미엄 헬스테크 브랜드, 슬룸입니다.
고객님께 만족스러운 경험을 드리지 못해 대단히 죄송합니다. 😥

리뷰로는 상세한 안내가 어려워, 자세한 내용 알림톡(문자) 발송 도와드렸으니 확인 부탁드리겠습니다.
추가로 궁금하신 점이 있으시거나 문자 확인하신 후에도 해결되지 않는 경우
번거로우시겠지만 슬룸 채팅 상담을 통해 연락 주시면 빠르게 안내 도와드리겠습니다.

▶ 슬룸 채팅 상담 (※ 월-금 09:30-17:00, 주말 및 공휴일 휴무)
http://sloom.channel.io/

고객님의 목소리로 더 발전하는 슬룸이 되도록 노력하겠습니다. 감사합니다."
120288,2026-08-28 15:41,2026-07-22 10:56,2026-07-25 10:37,벨크로(찍찍이)가 잘 안붙어 공기압은 거의 사용 못함,,,980,프리미엄 엘보케어 팔꿈치 마사지기,149000,수량선택: 팔꿈치 마사지기 1개,기존리뷰,2,,0,0,1,"안녕하세요. 프리미엄 헬스테크 브랜드, 슬룸입니다.
고객님께 만족스러운 경험을 드리지 못해 대단히 죄송합니다. 😥

리뷰로는 상세한 안내가 어려워, 자세한 내용 알림톡(문자) 발송 도와드렸으니 확인 부탁드리겠습니다.
추가로 궁금하신 점이 있으시거나 문자 확인하신 후에도 해결되지 않는 경우
번거로우시겠지만 슬룸 채팅 상담을 통해 연락 주시면 빠르게 안내 도와드리겠습니다.

▶ 슬룸 채팅 상담 (※ 월-금 09:30-17:00, 주말 및 공휴일 휴무)
http://sloom.channel.io/

고객님의 목소리로 더 발전하는 슬룸이 되도록 노력하겠습니다. 감사합니다."
120289,2026-08-28 16:26,2026-08-26 12:43,2026-08-27 13:37,"목디스크가 한결 좋아졌어요.
편안하고 아주 좋습니다.",,,909,목 마사지 베개 V2 경추 마사지기 베개,129000,수량선택: 목 마사지 베개 V2 1개 (목베개 1개 & 크림 1개 증정),기존리뷰,5,,0,0,1,"안녕하세요. 프리미엄 헬스테크 브랜드, 슬룸입니다.
정성스럽게 올려주신 소중한 후기 감사합니다. 💜

고객님의 목소리로 더 발전하는 슬룸이 되도록 노력하겠습니다.
감사합니다. 🙇‍♀️"
120290,2026-08-28 16:46,2026-08-24 16:18,2026-08-26 16:09,엄청시원하고 만족해요,,,924,발편한케어 프리미엄 EMS 발 마사지기,89000,"사이즈&세트선택: L (250-295mm), 수량선택: 발편한케어 1개",기존리뷰,5,,1,0,1,"안녕하세요. 프리미엄 헬스테크 브랜드, 슬룸입니다.
시간 내어 소중한 후기를 작성해 주셔서 감사드립니다. :)

믿고 찾는 쇼핑몰이 되기 위해 더 좋은 상품과 서비스를 준비하겠습니다.
감사합니다. 💜"
120291,2026-08-28 19:58,2026-08-26 17:05,2026-08-28 16:08,쓰기편안하고 온열기능이 있어서 굳은 허리가 편안해지네요.,,,636,허리편한케어 V2 허리 마사지기,129000,수량선택: 허리편한케어 V2 1개 (시너지 크림 1개 증정),기존리뷰,5,,0,0,1,"안녕하세요. 프리미엄 헬스테크 브랜드, 슬룸입니다.
진심 어린 소중한 후기 감사합니다. 💜

앞으로도 좋은 상품과 서비스로 고객님들을 찾아뵐 수 있도록 노력하겠습니다.
감사합니다. :)"
120292,2026-08-28 20:26,2026-08-25 22:26,2026-08-27 16:09,첨엔 작동을 제대로 못해서 애좀머구었는데 작동 잘 됩니다. 뻐근한 목도 시원하게 잘 풀리고 만족합니다.,,,909,목 마사지 베개 V2 경추 마사지기 베개,129000,수량선택: 목 마사지 베개 V2 1개 (목베개 1개 & 크림 1개 증정),기존리뷰,5,,1,0,1,"안녕하세요. 프리미엄 헬스테크 브랜드, 슬룸입니다.
시간 내어 소중한 후기를 작성해 주셔서 감사드립니다. :)

믿고 찾는 쇼핑몰이 되기 위해 더 좋은 상품과 서비스를 준비하겠습니다.
감사합니다. 💜"
120293,2026-08-29 0:10,2026-08-19 9:50,2026-08-20 21:06,목이 편안하고 마사지가 부드러워서 좋았네요,,,909,목 마사지 베개 V2 경추 마사지기 베개,129000,수량선택: 목 마사지 베개 V2 1개 (목베개 1개 & 크림 1개 증정),기존리뷰,5,,0,0,1,"안녕하세요. 프리미엄 헬스테크 브랜드, 슬룸입니다.
정성스럽게 올려주신 소중한 후기 감사합니다. 💜

고객님의 목소리로 더 발전하는 슬룸이 되도록 노력하겠습니다.
감사합니다. 🙇‍♀️"
120294,2026-08-29 0:48,2026-08-19 0:15,2026-08-20 18:42,마사지기능하고 온열기능 좋아요,,,1050,[로빈세끼 x 슬룸] 구독자 전용 ★최저가★ 비밀링크,99000,수량선택: 목마사지베개V2 1개 + (증정) 마그네슘 시너지 크림 1개,기존리뷰,5,,0,0,1,"안녕하세요. 프리미엄 헬스테크 브랜드, 슬룸입니다.
진심 어린 소중한 후기 감사합니다. 💜

앞으로도 좋은 상품과 서비스로 고객님들을 찾아뵐 수 있도록 노력하겠습니다.
감사합니다. :)"
120295,2026-08-29 8:19,2026-08-26 23:00,2026-08-28 10:37,"진동이 소리가   좀있네요   시끄러워요
주무르는건  안되고
온열은도요",959dcfdbcf71,,724,★최대할인 비밀링크★ 목베개 플러스 특가,69000,수량선택: 목베개 플러스 1개,모바일,4,,1,0,1,"안녕하세요 고객님, 프리미엄 헬스테크 브랜드, 슬룸입니다.
고객님께 만족스러운 경험을 드리지 못해 대단히 죄송합니다.😥

슬룸의 모든 제품은 인체공학적으로 설계되어 편안한 사용이 가능하나 초기 사용 시 1~2주 이상의 적응 기간이 필요할 수 있습니다. 
다만 수령하신 날짜 기준으로 30일 동안 꾸준히 사용해보시고도 만족하지 못하셨을 경우에는, 슬룸에서 진행하는 <100%환불이벤트> 에 참여하여 왕복배송비 제외 전액 환불이 가능합니다.

※ 제품을 30일간 꾸준히 사용한 경우, 배송완료 후 40일이내 신청이 가능
※ 환불 서비스는 첫 구매 체험을 위한 서비스로 1회만 신청 가능

▶ <100% 환불 이벤트> 상세 환불 조건 : https://sleeplab.co.kr/notice/?page=1#13709226_notice 

슬룸을 믿고 편하게 사용 및 체험해보시고, 그럼에도 만족하시지 못하셨을 경우 슬룸 공식몰의 채널톡을 통해 이벤트 기간 내 문의 주시면 환불 접수 도움드리겠습니다."
120296,2026-08-29 8:29,2026-08-27 13:08,2026-08-28 16:13,"1.리모컨 없이 베게에 붙어있는 컨트롤 패널만 사용해야 하는 것이 불편함.
2. 핸드폰 포함 대부분의 충전기가 고속충전기인데 DC 5V2A 충전기를 사용하지 않으면 고장?? 사용시간에에 비해 충전시간도 3시간 이상 걸리는 불편함 해소를 위해서는 개선이 필요함.
3. 개인차가 있겠으나 서비스로 보내주신 목배개가 좀 높은 듯. 이걸 베고 자라는 건 아니죠?",ce7f2a2fdd68,,909,목 마사지 베개 V2 경추 마사지기 베개,129000,수량선택: 목 마사지 베개 V2 1개 (목베개 1개 & 크림 1개 증정),모바일,3,,1,0,1,"안녕하세요 고객님, 프리미엄 헬스테크 브랜드, 슬룸입니다.
고객님께 만족스러운 경험을 드리지 못해 대단히 죄송합니다.😥

슬룸의 모든 제품은 인체공학적으로 설계되어 편안한 사용이 가능하나 초기 사용 시 1~2주 이상의 적응 기간이 필요할 수 있습니다. 
다만 수령하신 날짜 기준으로 30일 동안 꾸준히 사용해보시고도 만족하지 못하셨을 경우에는, 슬룸에서 진행하는 <100%환불이벤트> 에 참여하여 왕복배송비 제외 전액 환불이 가능합니다.

※ 제품을 30일간 꾸준히 사용한 경우, 배송완료 후 40일이내 신청이 가능
※ 환불 서비스는 첫 구매 체험을 위한 서비스로 1회만 신청 가능

▶ <100% 환불 이벤트> 상세 환불 조건 : https://sleeplab.co.kr/notice/?page=1#13709226_notice 

슬룸을 믿고 편하게 사용 및 체험해보시고, 그럼에도 만족하시지 못하셨을 경우 슬룸 공식몰의 채널톡을 통해 이벤트 기간 내 문의 주시면 환불 접수 도움드리겠습니다."
120297,2026-08-29 10:02,2026-08-26 10:51,2026-08-27 16:14,"제품을 받았는데,,,,
작동이 안됩니다,,,,어디로 다시 보내야 하는지요?
주소는 택배에 있는 주소로 다시 보내면 되는지요 
연락할 전화번호는 없는지요>",712462ca004f,,330,USB 충전 어댑터 멀티 충전기,5900,,PC(팝업),5,동영상 리뷰,1,1,1,"안녕하세요. 프리미엄 헬스테크 브랜드, 슬룸입니다.
고객님께 만족스러운 경험을 드리지 못해 대단히 죄송합니다. 😥

리뷰로는 상세한 안내가 어려워, 자세한 내용 알림톡(문자) 발송 도와드렸으니 확인 부탁드리겠습니다.
추가로 궁금하신 점이 있으시거나 문자 확인하신 후에도 해결되지 않는 경우
번거로우시겠지만 슬룸 채팅 상담을 통해 연락 주시면 빠르게 안내 도와드리겠습니다.

▶ 슬룸 채팅 상담 (※ 월-금 09:30-17:00, 주말 및 공휴일 휴무)
http://sloom.channel.io/

고객님의 목소리로 더 발전하는 슬룸이 되도록 노력하겠습니다. 감사합니다."
120298,2026-08-29 20:37,2026-08-25 7:18,2026-08-26 21:05,가격이 비싸긴해도 여러 옵션이 적용된듯하여 연장밸트까지 구매했습니다  괜찮은거같습니다.,ab49caf7f2bf,,980,프리미엄 엘보케어 팔꿈치 마사지기,149000,수량선택: 팔꿈치 마사지기 + 연장벨트 (시너지 크림 & 파우치 중형 1개 증정),PC,4,,1,0,1,"안녕하세요. 프리미엄 헬스테크 브랜드, 슬룸입니다.
정성스럽게 올려주신 소중한 후기 감사합니다. 💜

고객님의 목소리로 더 발전하는 슬룸이 되도록 노력하겠습니다.
감사합니다. 🙇‍♀️"
120299,2026-08-29 22:05,2026-08-24 14:12,2026-08-25 16:11,"너무 좋아요^^제가 목디스크 5번6번 협착증 까지 
사용후 좋아서 부모님도 사드릴려고 재구매했습니다.
목베개도 진짜 좋아용",fd209f77662b,,909,목 마사지 베개 V2 경추 마사지기 베개,129000,수량선택: 목 마사지 베개 V2 1개 (목베개 1개 & 크림 1개 증정),모바일(팝업),5,,0,0,1,"안녕하세요. 프리미엄 헬스테크 브랜드, 슬룸입니다.
진심 어린 소중한 후기 감사합니다. 💜

앞으로도 좋은 상품과 서비스로 고객님들을 찾아뵐 수 있도록 노력하겠습니다.
감사합니다. :)"
120300,2026-08-29 6:40,2026-08-26 17:09,2026-08-28 18:37,조아려조라려조라려종,,,909,목 마사지 베개 V2 경추 마사지기 베개,129000,수량선택: 목 마사지 베개 V2 1개 (목베개 1개 & 크림 1개 증정),기존리뷰,3,,0,0,1,"안녕하세요. 프리미엄 헬스테크 브랜드, 슬룸입니다.
시간 내어 소중한 후기를 작성해 주셔서 감사드립니다. :)

믿고 찾는 쇼핑몰이 되기 위해 더 좋은 상품과 서비스를 준비하겠습니다.
감사합니다. 💜"
120301,2026-08-29 10:54,2026-08-24 14:35,2026-08-26 13:38,온열기능 엄청 뜨끈하고 견인기능 시원해요,,,724,★최대할인 비밀링크★ 목베개 플러스 특가,69000,수량선택: 목베개 플러스 1개,기존리뷰,5,,0,0,1,"안녕하세요. 프리미엄 헬스테크 브랜드, 슬룸입니다.
시간 내어 소중한 후기를 작성해 주셔서 감사드립니다. :)

믿고 찾는 쇼핑몰이 되기 위해 더 좋은 상품과 서비스를 준비하겠습니다.
감사합니다. 💜"
120302,2026-08-29 12:44,2026-08-10 17:34,2026-08-12 18:39,찌릿찌릿 강하고 아주 조은데 찍찍이가 견고하지 못한듯,,,980,프리미엄 엘보케어 팔꿈치 마사지기,149000,수량선택: 팔꿈치 마사지기 1개 (마그네슘 시너지 크림 1개 증정),기존리뷰,5,,0,0,1,"안녕하세요. 프리미엄 헬스테크 브랜드, 슬룸입니다.
시간 내어 소중한 후기를 작성해 주셔서 감사드립니다. :)

믿고 찾는 쇼핑몰이 되기 위해 더 좋은 상품과 서비스를 준비하겠습니다.
감사합니다. 💜"
120303,2026-08-29 15:38,2026-07-23 21:37,2026-07-25 18:36,남편이 아주 만족하고 잘사용하고 있습니다,,,785,넥숄더 힐링케어 V2 목 어깨 마사지기,119800,수량선택: 넥숄더 힐링케어 V2 1개,기존리뷰,5,,0,0,1,"안녕하세요. 프리미엄 헬스테크 브랜드, 슬룸입니다.
시간 내어 소중한 후기를 작성해 주셔서 감사드립니다. :)

믿고 찾는 쇼핑몰이 되기 위해 더 좋은 상품과 서비스를 준비하겠습니다.
감사합니다. 💜"
120304,2026-08-29 17:06,2026-08-07 22:00,2026-08-11 18:41,뜨끈하게 찜질도 되고 목도 잘 풀려서 좋아요,,,724,★최대할인 비밀링크★ 목베개 플러스 특가,69000,수량선택: 목베개 플러스 1개,기존리뷰,5,,0,0,1,"안녕하세요. 프리미엄 헬스테크 브랜드, 슬룸입니다.
시간 내어 소중한 후기를 작성해 주셔서 감사드립니다. :)

믿고 찾는 쇼핑몰이 되기 위해 더 좋은 상품과 서비스를 준비하겠습니다.
감사합니다. 💜"
120305,2026-08-29 17:25,2026-08-18 20:42,2026-08-20 21:06,목이 너무 뻣뻣해서 속는셈 치고 샀어요. 자기전에 마사지 받고 아침에 일어날때 어깨가 덜 아프고 점점 편해지더라고요. 자기전 매일 사용합니다.,,,909,목 마사지 베개 V2 경추 마사지기 베개,129000,수량선택: 목 마사지 베개 V2 1개 (목베개 1개 & 크림 1개 증정),기존리뷰,5,,0,0,1,"안녕하세요. 프리미엄 헬스테크 브랜드, 슬룸입니다.
정성스럽게 올려주신 소중한 후기 감사합니다. 💜

고객님의 목소리로 더 발전하는 슬룸이 되도록 노력하겠습니다.
감사합니다. 🙇‍♀️"
120306,2026-08-29 18:10,2026-08-15 21:05,2026-08-19 18:53,굿굿굿 좋아요 아주 좋아요,,,909,목 마사지 베개 V2 경추 마사지기 베개,129000,수량선택: 목 마사지 베개 V2 1개,기존리뷰,5,,0,0,1,"안녕하세요. 프리미엄 헬스테크 브랜드, 슬룸입니다.
시간 내어 소중한 후기를 작성해 주셔서 감사드립니다. :)

믿고 찾는 쇼핑몰이 되기 위해 더 좋은 상품과 서비스를 준비하겠습니다.
감사합니다. 💜"
120307,2026-08-29 19:11,2026-08-23 11:17,2026-08-25 16:16,조금 딱딱 한데 잘 쓰고 있어요!,,,909,목 마사지 베개 V2 경추 마사지기 베개,129000,수량선택: 목 마사지 베개 V2 1개 (목베개 1개 & 크림 1개 증정),기존리뷰,5,,0,0,1,"안녕하세요. 프리미엄 헬스테크 브랜드, 슬룸입니다.
시간 내어 소중한 후기를 작성해 주셔서 감사드립니다. :)

믿고 찾는 쇼핑몰이 되기 위해 더 좋은 상품과 서비스를 준비하겠습니다.
감사합니다. 💜"
120308,2026-08-29 19:40,2026-08-11 18:41,2026-08-16 17:09,나름 진동도 쎄요. 누어있으면 잠이 드네요. 생각보다 진동 소리는 커요,,,724,★최대할인 비밀링크★ 목베개 플러스 특가,69000,수량선택: 목베개 플러스 1개,기존리뷰,5,,1,0,1,"안녕하세요. 프리미엄 헬스테크 브랜드, 슬룸입니다.
진심 어린 소중한 후기 감사합니다. 💜

앞으로도 좋은 상품과 서비스로 고객님들을 찾아뵐 수 있도록 노력하겠습니다.
감사합니다. :)"
120309,2026-08-29 22:13,2026-08-27 22:17,2026-08-29 16:07,뭐가 시원한건지 모르겠네요 하나도 안시원해요 단계를 올려도 강도가 강해지는지도 모르겠어요,,,909,목 마사지 베개 V2 경추 마사지기 베개,129000,수량선택: 목 마사지 베개 V2 1개 (목베개 1개 & 크림 1개 증정),기존리뷰,2,,1,0,1,"안녕하세요 고객님, 프리미엄 헬스테크 브랜드, 슬룸입니다.
고객님께 만족스러운 경험을 드리지 못해 대단히 죄송합니다.😥

슬룸의 모든 제품은 인체공학적으로 설계되어 편안한 사용이 가능하나 초기 사용 시 1~2주 이상의 적응 기간이 필요할 수 있습니다. 
다만 수령하신 날짜 기준으로 30일 동안 꾸준히 사용해보시고도 만족하지 못하셨을 경우에는, 슬룸에서 진행하는 <100%환불이벤트> 에 참여하여 왕복배송비 제외 전액 환불이 가능합니다.

※ 제품을 30일간 꾸준히 사용한 경우, 배송완료 후 40일이내 신청이 가능
※ 환불 서비스는 첫 구매 체험을 위한 서비스로 1회만 신청 가능

▶ <100% 환불 이벤트> 상세 환불 조건 : https://sleeplab.co.kr/notice/?page=1#13709226_notice 

슬룸을 믿고 편하게 사용 및 체험해보시고, 그럼에도 만족하시지 못하셨을 경우 슬룸 공식몰의 채널톡을 통해 이벤트 기간 내 문의 주시면 환불 접수 도움드리겠습니다."
120310,2026-08-30 7:49,2026-08-27 7:17,2026-08-28 16:09,"몇일 사용해보고 올립니다. 저는 테니스 엘보 때문에 해당 제품 구매했습니다. 온열기능이나 마사지 기능은 만족 하는데 매뉴얼대로 착용을 하면 골프엘보쪽에만 자극이 많이 가고 외측 인대 쪽으로는 온열과 에어백 기능만 작동하고 마사지 기능은 효과가 없네요.
혹시 착용 할때 팔꿉치 위치 무시하고 통증이 있는 부분에 자극이 가도록 착용 워치를 돌려야 할득 한데 이엏게 착용해도 되나요? ai의 형식적 답변에 상담원 연결을 해보고자 여러 차례 시도 했지만 방법이 없어서 리뷰에 남깁니다!
평점은 5점 드리진 못할것 같네요.",0c64e0e88251,,980,프리미엄 엘보케어 팔꿈치 마사지기,149000,수량선택: 팔꿈치 마사지기 + 연장벨트 (시너지 크림 & 파우치 중형 1개 증정),모바일,1,,0,0,1,"안녕하세요. 프리미엄 헬스테크 브랜드, 슬룸입니다.
고객님께 만족스러운 경험을 드리지 못해 대단히 죄송합니다. 😥

리뷰로는 상세한 안내가 어려워, 자세한 내용 알림톡(문자) 발송 도와드렸으니 확인 부탁드리겠습니다.
추가로 궁금하신 점이 있으시거나 문자 확인하신 후에도 해결되지 않는 경우
번거로우시겠지만 슬룸 채팅 상담을 통해 연락 주시면 빠르게 안내 도와드리겠습니다.

▶ 슬룸 채팅 상담 (※ 월-금 09:30-17:00, 주말 및 공휴일 휴무)
http://sloom.channel.io/

고객님의 목소리로 더 발전하는 슬룸이 되도록 노력하겠습니다. 감사합니다."
120311,2026-08-30 9:59,2026-08-28 5:00,2026-08-29 18:37,"목둬가 쑤시고 뻣뻣해서 혹시 효과가 있을까 해서 구입했는데 효과가 있네요.
온찜질기능도 있고 좋아요.
반복해서 3차례 사용해봤는데 사용 후 목둬 쑤시는게 줄어든 느낌입니다.
잘 사용할게요.",c9722a36c5da,,724,★최대할인 비밀링크★ 목베개 플러스 특가,69000,수량선택: 목베개 플러스 1개,모바일,5,,1,0,1,"안녕하세요. 프리미엄 헬스테크 브랜드, 슬룸입니다.
정성스럽게 올려주신 소중한 후기 감사합니다. 💜

고객님의 목소리로 더 발전하는 슬룸이 되도록 노력하겠습니다.
감사합니다. 🙇‍♀️"
120312,2026-08-30 7:34,2026-08-28 6:01,2026-08-29 13:40,"이제 도수치료 안받아도 될거같아요
너무 좋네요",,,1069,[힐러쌤x슬룸] 최저가 마켓 OPEN,96900,수량선택: ★최저가★ 경추 마사지 베개 V2 1개 + (증정) 마그네슘 크림 1개,기존리뷰,5,,0,0,1,"안녕하세요. 프리미엄 헬스테크 브랜드, 슬룸입니다.
정성스럽게 올려주신 소중한 후기 감사합니다. 💜

고객님의 목소리로 더 발전하는 슬룸이 되도록 노력하겠습니다.
감사합니다. 🙇‍♀️"
120313,2026-08-30 8:58,2026-08-24 14:44,2026-08-26 13:38,가벼운 목디스크가 와서 2개월동안 병원치료 받고 있는 중입니다. 목 C커브를 받쳐주는 기능성베게가 주변에서 좋다하여~여러가지 제품을 구매하여 사용하고 있는데요~ 최종  sloom 베게로 사용중입니다. 적당한 맛사지기능과 상하로 움직여주는 베게 높이가 목 경추에 아주 효과적이고 편안함까지 느껴지네요.  꾸준히 사용할 예정입니다.,,,724,★최대할인 비밀링크★ 목베개 플러스 특가,69000,수량선택: 목베개 플러스 1개,기존리뷰,4,,0,0,1,"안녕하세요. 프리미엄 헬스테크 브랜드, 슬룸입니다.
시간 내어 소중한 후기를 작성해 주셔서 감사드립니다. :)

믿고 찾는 쇼핑몰이 되기 위해 더 좋은 상품과 서비스를 준비하겠습니다.
감사합니다. 💜"
120314,2026-08-30 10:20,2026-08-25 13:50,2026-08-26 16:18,"역시 또한번 인스타에 속았습니다. 소음이 생각보다 심합니다. 소리에 예인한 사람은 이거하다 절대 못잡니다. 에어는 나름 괜찮지만 진동은 불량인지 그냥 원래 그런건지 왼쪽만 진동 되는 느낌입니다. 왼쪽의 진동이 10 이라면 오른쪽의 진동은 2~3정도의 강도입니다. 마사지가 아니다보니 편하다 시원하다의 느낌은 강하지 않고 그냥 스트레칭 정도인데 스트레칭의 강도도 보통 정도입니다. 거북목이 심하거나 덩치가 큰 사람은 보통이하까지 내려옵니다. 광고는 솔직히 과대광도로 느껴집니다. 그래도 완전 피곤하거나 뻐근할때 하고나면 개운할때는 있습니다. 스위치가 옆에 있다보니 조작이 불편하고 감각적으로 하거나 일어나서 보고 해야합니다. 석으로 길게 뽑아놨음 좋았을껀데 싶네요. 제가 선택해서 구매했으니 책임으로 보통 드립니다. 개인적인 의견입니다. 반품. 교환 귀찮아서 사용합니다. 정형외과, 한방병원에서 손으로 받는거 느낌은 절대 기대하지 마시길 바랍니다.",,,1069,[힐러쌤x슬룸] 최저가 마켓 OPEN,96900,수량선택: ★최저가★ 경추 마사지 베개 V2 1개 + (증정) 마그네슘 크림 1개,기존리뷰,3,,1,0,1,"안녕하세요 고객님, 프리미엄 헬스테크 브랜드, 슬룸입니다.
고객님께 만족스러운 경험을 드리지 못해 대단히 죄송합니다.😥

슬룸의 모든 제품은 인체공학적으로 설계되어 편안한 사용이 가능하나 초기 사용 시 1~2주 이상의 적응 기간이 필요할 수 있습니다. 
다만 수령하신 날짜 기준으로 30일 동안 꾸준히 사용해보시고도 만족하지 못하셨을 경우에는, 슬룸에서 진행하는 <100%환불이벤트> 에 참여하여 왕복배송비 제외 전액 환불이 가능합니다.

※ 제품을 30일간 꾸준히 사용한 경우, 배송완료 후 40일이내 신청이 가능
※ 환불 서비스는 첫 구매 체험을 위한 서비스로 1회만 신청 가능

▶ <100% 환불 이벤트> 상세 환불 조건 : https://sleeplab.co.kr/notice/?page=1#13709226_notice 

슬룸을 믿고 편하게 사용 및 체험해보시고, 그럼에도 만족하시지 못하셨을 경우 슬룸 공식몰의 채널톡을 통해 이벤트 기간 내 문의 주시면 환불 접수 도움드리겠습니다."
120315,2026-08-30 10:58,2026-08-25 23:03,2026-08-27 16:13,너무 좋아요.사업 번창하시길…,,,724,★최대할인 비밀링크★ 목베개 플러스 특가,69000,수량선택: 목베개 플러스 1개,기존리뷰,5,,0,0,1,"안녕하세요. 프리미엄 헬스테크 브랜드, 슬룸입니다.
정성스럽게 올려주신 소중한 후기 감사합니다. 💜

고객님의 목소리로 더 발전하는 슬룸이 되도록 노력하겠습니다.
감사합니다. 🙇‍♀️"
120316,2026-08-30 12:03,2026-08-26 16:46,2026-08-28 16:09,할때는 무지 아프네요 하고나면 시원합니다. 허리상태가 심각해 고민인데 일단 응급조치 효과있네요,,,636,허리편한케어 V2 허리 마사지기,129000,수량선택: 허리편한케어 V2 1개 (시너지 크림 1개 증정),기존리뷰,3,,0,0,1,"안녕하세요. 프리미엄 헬스테크 브랜드, 슬룸입니다.
시간 내어 소중한 후기를 작성해 주셔서 감사드립니다. :)

믿고 찾는 쇼핑몰이 되기 위해 더 좋은 상품과 서비스를 준비하겠습니다.
감사합니다. 💜"
120317,2026-08-30 12:10,2026-08-20 22:05,2026-08-22 23:05,진짜 많이 받았어요. 꼭 사세요.,,,909,목 마사지 베개 V2 경추 마사지기 베개,129000,수량선택: 목 마사지 베개 V2 1개 (목베개 1개 & 크림 1개 증정),기존리뷰,5,,1,0,1,"안녕하세요. 프리미엄 헬스테크 브랜드, 슬룸입니다.
진심 어린 소중한 후기 감사합니다. 💜

앞으로도 좋은 상품과 서비스로 고객님들을 찾아뵐 수 있도록 노력하겠습니다.
감사합니다. :)"
120318,2026-08-30 12:21,2026-07-31 19:45,2026-08-04 16:55,자면서 쓰기에는 소리가 너무 큼,,,909,목 마사지 베개 V2 경추 마사지기 베개,129000,수량선택: 목 마사지 베개 V2 1개 (마그네슘 시너지 크림 1개 증정),기존리뷰,3,,0,0,1,"안녕하세요 고객님, 프리미엄 헬스테크 브랜드, 슬룸입니다.
고객님께 만족스러운 경험을 드리지 못해 대단히 죄송합니다.😥

슬룸의 모든 제품은 인체공학적으로 설계되어 편안한 사용이 가능하나 초기 사용 시 1~2주 이상의 적응 기간이 필요할 수 있습니다. 
다만 수령하신 날짜 기준으로 30일 동안 꾸준히 사용해보시고도 만족하지 못하셨을 경우에는, 슬룸에서 진행하는 <100%환불이벤트> 에 참여하여 왕복배송비 제외 전액 환불이 가능합니다.

※ 제품을 30일간 꾸준히 사용한 경우, 배송완료 후 40일이내 신청이 가능
※ 환불 서비스는 첫 구매 체험을 위한 서비스로 1회만 신청 가능

▶ <100% 환불 이벤트> 상세 환불 조건 : https://sleeplab.co.kr/notice/?page=1#13709226_notice 

슬룸을 믿고 편하게 사용 및 체험해보시고, 그럼에도 만족하시지 못하셨을 경우 슬룸 공식몰의 채널톡을 통해 이벤트 기간 내 문의 주시면 환불 접수 도움드리겠습니다."
120319,2026-08-30 14:06,2026-06-20 18:32,2026-06-23 13:45,"꾸준님이 광고하는 거 보고 구매했는데
족저근막염이 어느정도 진행된 시람은 효과없어요.
많이 걷거나 뛰는 사람, 예방차원에서 구메하는 건 좋을 듯… 근데 이 가격에 예방할거면 열심히 종아리 스트레칭 하는게 나을 것 같음.
이미 족저근막이 진행된 사람은 이거랑 스트레칭, 병원 치료 같이 하면 통증은 덜 할수도 있을 것 같음.",,,1001,[슬룸] 구독자 전용 ★초특가★ 비밀링크,84900,수량선택: ★SET★ 발편한케어 M 1개 + 목 마사지 베개 V2 1개 + 마그네슘 시너지 크림 100원 + (증정)중형 파우치,기존리뷰,3,,0,0,1,"안녕하세요. 프리미엄 헬스테크 브랜드, 슬룸입니다.
시간 내어 소중한 후기를 작성해 주셔서 감사드립니다. :)

믿고 찾는 쇼핑몰이 되기 위해 더 좋은 상품과 서비스를 준비하겠습니다.
감사합니다. 💜"
120320,2026-08-30 18:43,2026-06-25 13:58,2026-06-26 13:49,다른제품에 비해 발바닥에 골고루 전달되서 만족합니다,,,924,발편한케어 프리미엄 EMS 발 마사지기,89000,"사이즈&세트선택: M (220-270mm), 수량선택: 발편한케어 1개",기존리뷰,5,,0,0,1,"안녕하세요. 프리미엄 헬스테크 브랜드, 슬룸입니다.
진심 어린 소중한 후기 감사합니다. 💜

앞으로도 좋은 상품과 서비스로 고객님들을 찾아뵐 수 있도록 노력하겠습니다.
감사합니다. :)"
120321,2026-08-30 18:51,2026-08-27 16:43,2026-08-29 18:37,편안한 느낌이에요 좋아요,,,1069,[힐러쌤x슬룸] 최저가 마켓 OPEN,96900,수량선택: ★최저가★ 경추 마사지 베개 V2 1개 + (증정) 마그네슘 크림 1개,기존리뷰,5,,0,0,1,"안녕하세요. 프리미엄 헬스테크 브랜드, 슬룸입니다.
정성스럽게 올려주신 소중한 후기 감사합니다. 💜

고객님의 목소리로 더 발전하는 슬룸이 되도록 노력하겠습니다.
감사합니다. 🙇‍♀️"
120322,2026-08-30 20:52,2026-08-28 13:43,2026-08-29 16:12,너무편하고 좋아요 자기전에 하고 자면 잠이 설솔입니더,,,1069,[힐러쌤x슬룸] 최저가 마켓 OPEN,96900,수량선택: ★최저가★ 경추 마사지 베개 V2 1개 + (증정) 마그네슘 크림 1개,기존리뷰,5,,1,0,1,"안녕하세요. 프리미엄 헬스테크 브랜드, 슬룸입니다.
정성스럽게 올려주신 소중한 후기 감사합니다. 💜

고객님의 목소리로 더 발전하는 슬룸이 되도록 노력하겠습니다.
감사합니다. 🙇‍♀️"
120323,2026-08-30 23:24,2026-08-23 13:10,2026-08-25 16:28,"병원에서 물리치료 받는것 만큼 만족
한달사용해보고 지인에게 추천할께요",,,980,프리미엄 엘보케어 팔꿈치 마사지기,149000,수량선택: 팔꿈치 마사지기 + 연장벨트 (시너지 크림 & 파우치 중형 1개 증정),기존리뷰,5,,0,0,1,"안녕하세요. 프리미엄 헬스테크 브랜드, 슬룸입니다.
정성스럽게 올려주신 소중한 후기 감사합니다. 💜

고객님의 목소리로 더 발전하는 슬룸이 되도록 노력하겠습니다.
감사합니다. 🙇‍♀️"
120324,2026-08-31 0:58,2026-08-17 23:16,2026-08-19 19:02,마사지기는 아니네요. 목마사지기로 광고하기에 샀는데 에어로 목을 올려주는 게 전부이고 마사지는 아니네요 ㅠㅠ 그리고 목을 잡아주면서 진동이 있어야 할텐데 진동만 있으니까 효과가 없어 보입니다. ㅠㅠ,,,909,목 마사지 베개 V2 경추 마사지기 베개,129000,수량선택: 목 마사지 베개 V2 1개,기존리뷰,1,,1,0,1,"안녕하세요 고객님, 프리미엄 헬스테크 브랜드, 슬룸입니다.
고객님께 만족스러운 경험을 드리지 못해 대단히 죄송합니다.😥

슬룸의 모든 제품은 인체공학적으로 설계되어 편안한 사용이 가능하나 초기 사용 시 1~2주 이상의 적응 기간이 필요할 수 있습니다. 
다만 수령하신 날짜 기준으로 30일 동안 꾸준히 사용해보시고도 만족하지 못하셨을 경우에는, 슬룸에서 진행하는 <100%환불이벤트> 에 참여하여 왕복배송비 제외 전액 환불이 가능합니다.

※ 제품을 30일간 꾸준히 사용한 경우, 배송완료 후 40일이내 신청이 가능
※ 환불 서비스는 첫 구매 체험을 위한 서비스로 1회만 신청 가능

▶ <100% 환불 이벤트> 상세 환불 조건 : https://sleeplab.co.kr/notice/?page=1#13709226_notice 

슬룸을 믿고 편하게 사용 및 체험해보시고, 그럼에도 만족하시지 못하셨을 경우 슬룸 공식몰의 채널톡을 통해 이벤트 기간 내 문의 주시면 환불 접수 도움드리겠습니다."
120325,2026-08-31 4:44,2026-08-28 7:11,,목 마사지 베게 충천시 충전알림 빨간색이 뜨지 않거나 뜨더라도 아무리 오래 충전해도 초록불이 들어오지 않는 불량이 왔습니다. 맛사지시에도 왼쪽어깨만 맛사지되고 오른쪽어깨는 제대로 맛사지 되지 않습니다. 매우 불만족스럽고 이 불량제품을 보내주신것에 대한 반품 요구합니다.,9e6c3d8ca3e2,,909,목 마사지 베개 V2 경추 마사지기 베개,129000,수량선택: 목 마사지 베개 V2 1개 (목베개 1개 & 크림 1개 증정),PC,1,,3,0,1,"안녕하세요. 프리미엄 헬스테크 브랜드, 슬룸입니다.
고객님께 만족스러운 경험을 드리지 못해 대단히 죄송합니다. 😥

리뷰로는 상세한 안내가 어려워, 자세한 내용 알림톡(문자) 발송 도와드렸으니 확인 부탁드리겠습니다.
추가로 궁금하신 점이 있으시거나 문자 확인하신 후에도 해결되지 않는 경우
번거로우시겠지만 슬룸 채팅 상담을 통해 연락 주시면 빠르게 안내 도와드리겠습니다.

▶ 슬룸 채팅 상담 (※ 월-금 09:30-17:00, 주말 및 공휴일 휴무)
http://sloom.channel.io/

고객님의 목소리로 더 발전하는 슬룸이 되도록 노력하겠습니다. 감사합니다."
120326,2026-08-31 18:46,2026-08-27 21:32,2026-08-29 13:42,자고 일어나면 목과 팔이 불편하여 베개를 바쿠려던 차에 슬롬  목베개 광고 보고 가격도 착해 구매 해서 사용 중인데 따뜻하게 목 맛사지 해주니 자기전에 하고 베고 잠드니 푹 잘 자게 되었네요,150a6b156ae8,,724,★최대할인 비밀링크★ 목베개 플러스 특가,69000,수량선택: 목베개 플러스 1개,모바일,5,,1,0,1,"안녕하세요. 프리미엄 헬스테크 브랜드, 슬룸입니다.
시간 내어 소중한 후기를 작성해 주셔서 감사드립니다. :)

믿고 찾는 쇼핑몰이 되기 위해 더 좋은 상품과 서비스를 준비하겠습니다.
감사합니다. 💜"
120327,2026-08-31 23:29,2026-08-24 10:33,2026-08-25 16:12,"생각보다 작네요
전기선을 연결해야지만 마사지가 가능한데 선이 짧아서 바닥에 누워서 해야돼요 ㅋㅋㅋ 침대까진
연결이 어려움 ㅠㅠ 진동 마사지 소리도 너무 크고 별로에요 ㅠㅠㅠ",6b991b74fd53,,724,★최대할인 비밀링크★ 목베개 플러스 특가,69000,수량선택: 목베개 플러스 1개,모바일(팝업),2,,3,0,1,"안녕하세요 고객님, 프리미엄 헬스테크 브랜드, 슬룸입니다.
고객님께 만족스러운 경험을 드리지 못해 대단히 죄송합니다.😥

슬룸의 모든 제품은 인체공학적으로 설계되어 편안한 사용이 가능하나 초기 사용 시 1~2주 이상의 적응 기간이 필요할 수 있습니다. 
다만 수령하신 날짜 기준으로 30일 동안 꾸준히 사용해보시고도 만족하지 못하셨을 경우에는, 슬룸에서 진행하는 <100%환불이벤트> 에 참여하여 왕복배송비 제외 전액 환불이 가능합니다.

※ 제품을 30일간 꾸준히 사용한 경우, 배송완료 후 40일이내 신청이 가능
※ 환불 서비스는 첫 구매 체험을 위한 서비스로 1회만 신청 가능

▶ <100% 환불 이벤트> 상세 환불 조건 : https://sleeplab.co.kr/notice/?page=1#13709226_notice 

슬룸을 믿고 편하게 사용 및 체험해보시고, 그럼에도 만족하시지 못하셨을 경우 슬룸 공식몰의 채널톡을 통해 이벤트 기간 내 문의 주시면 환불 접수 도움드리겠습니다."
120328,2026-08-31 8:12,2026-07-05 12:29,2026-07-07 13:45,아픈곳의 자극으로 좋습니다,,,980,프리미엄 엘보케어 팔꿈치 마사지기,149000,수량선택: 팔꿈치 마사지기 1개,기존리뷰,5,,0,0,1,"안녕하세요. 프리미엄 헬스테크 브랜드, 슬룸입니다.
정성스럽게 올려주신 소중한 후기 감사합니다. 💜

고객님의 목소리로 더 발전하는 슬룸이 되도록 노력하겠습니다.
감사합니다. 🙇‍♀️"
120329,2026-08-31 9:57,2026-07-21 17:19,2026-07-23 18:36,"손이 가지않네요 솔직히 ㅠ 
왜삿지 싶네요 ㅠㅠ 기계도 팔다리에 하기에 너무 커서 헐거워요 
사이즈별로 잇엇다면 더 좋앗을듯 ...",,,1035,[애진X슬룸] ★단독 최대혜택★ 바디풀고컷 경락 마사지기,79900,수량선택: [68%] 바디풀고컷 1개 + 시너지 젤 2개 증정,기존리뷰,1,,0,0,1,"안녕하세요 고객님, 프리미엄 헬스테크 브랜드, 슬룸입니다.
고객님께 만족스러운 경험을 드리지 못해 대단히 죄송합니다.😥

슬룸의 모든 제품은 인체공학적으로 설계되어 편안한 사용이 가능하나 초기 사용 시 1~2주 이상의 적응 기간이 필요할 수 있습니다. 
다만 수령하신 날짜 기준으로 30일 동안 꾸준히 사용해보시고도 만족하지 못하셨을 경우에는, 슬룸에서 진행하는 <100%환불이벤트> 에 참여하여 왕복배송비 제외 전액 환불이 가능합니다.

※ 제품을 30일간 꾸준히 사용한 경우, 배송완료 후 40일이내 신청이 가능
※ 환불 서비스는 첫 구매 체험을 위한 서비스로 1회만 신청 가능

▶ <100% 환불 이벤트> 상세 환불 조건 : https://sleeplab.co.kr/notice/?page=1#13709226_notice 

슬룸을 믿고 편하게 사용 및 체험해보시고, 그럼에도 만족하시지 못하셨을 경우 슬룸 공식몰의 채널톡을 통해 이벤트 기간 내 문의 주시면 환불 접수 도움드리겠습니다."
120330,2026-08-31 10:41,2026-08-27 12:59,2026-08-28 13:38,목의 위치가 참 좋습니다. 안마 기능도 훌륭한데 침대에서 사용해도 울림이 있어서 밤에는 안마 기능은 못쓰네요. 에어펌프도 생각보다 훌륭합니딜.,,,724,★최대할인 비밀링크★ 목베개 플러스 특가,69000,수량선택: 목베개 플러스 1개,기존리뷰,5,,1,0,1,"안녕하세요. 프리미엄 헬스테크 브랜드, 슬룸입니다.
시간 내어 소중한 후기를 작성해 주셔서 감사드립니다. :)

믿고 찾는 쇼핑몰이 되기 위해 더 좋은 상품과 서비스를 준비하겠습니다.
감사합니다. 💜"
120331,2026-08-31 11:10,2026-07-07 9:52,2026-07-08 16:09,"엘보때문에 고생 하고있는데
운동전후 사용하고 있어요

좋아요",,,980,프리미엄 엘보케어 팔꿈치 마사지기,149000,수량선택: 데일리 릴렉스 세트 (팔꿈치 마사지기 + 마그네슘 시너지 크림),기존리뷰,5,,0,0,1,"안녕하세요. 프리미엄 헬스테크 브랜드, 슬룸입니다.
정성스럽게 올려주신 소중한 후기 감사합니다. 💜

고객님의 목소리로 더 발전하는 슬룸이 되도록 노력하겠습니다.
감사합니다. 🙇‍♀️"
120332,2026-08-31 11:29,2026-08-26 21:40,2026-08-28 16:09,생각보다 사이즈가 크진 않더라구요. 그래도 목이 시원해요.,,,1069,[힐러쌤x슬룸] 최저가 마켓 OPEN,96900,수량선택: ★최저가★ 경추 마사지 베개 V2 1개 + (증정) 마그네슘 크림 1개,기존리뷰,4,,1,0,1,"안녕하세요. 프리미엄 헬스테크 브랜드, 슬룸입니다.
정성스럽게 올려주신 소중한 후기 감사합니다. 💜

고객님의 목소리로 더 발전하는 슬룸이 되도록 노력하겠습니다.
감사합니다. 🙇‍♀️"
120333,2026-08-31 11:31,2026-08-26 21:54,2026-08-28 16:07,잘쓰고 있어요 너무 좋았어요,,,980,프리미엄 엘보케어 팔꿈치 마사지기,149000,수량선택: 팔꿈치 마사지기 1개 (마그네슘 시너지 크림 1개 증정),기존리뷰,5,,0,0,1,"안녕하세요. 프리미엄 헬스테크 브랜드, 슬룸입니다.
정성스럽게 올려주신 소중한 후기 감사합니다. 💜

고객님의 목소리로 더 발전하는 슬룸이 되도록 노력하겠습니다.
감사합니다. 🙇‍♀️"
120334,2026-08-31 11:53,2026-08-27 9:30,2026-08-28 13:45,사용중이며 조금더 가했으면 하는 아쉬움,,,724,★최대할인 비밀링크★ 목베개 플러스 특가,69000,수량선택: 목베개 플러스 1개,기존리뷰,4,,0,0,1,"안녕하세요. 프리미엄 헬스테크 브랜드, 슬룸입니다.
진심 어린 소중한 후기 감사합니다. 💜

앞으로도 좋은 상품과 서비스로 고객님들을 찾아뵐 수 있도록 노력하겠습니다.
감사합니다. :)"
120335,2026-08-31 12:10,2026-08-27 12:04,2026-08-28 16:15,하나도 안시원함. 그냥 따뜻한베개임.,,,1069,[힐러쌤x슬룸] 최저가 마켓 OPEN,96900,수량선택: ★최저가★ 경추 마사지 베개 V2 1개 + (증정) 마그네슘 크림 1개,기존리뷰,2,,0,0,1,"안녕하세요 고객님, 프리미엄 헬스테크 브랜드, 슬룸입니다.
고객님께 만족스러운 경험을 드리지 못해 대단히 죄송합니다.😥

슬룸의 모든 제품은 인체공학적으로 설계되어 편안한 사용이 가능하나 초기 사용 시 1~2주 이상의 적응 기간이 필요할 수 있습니다. 
다만 수령하신 날짜 기준으로 30일 동안 꾸준히 사용해보시고도 만족하지 못하셨을 경우에는, 슬룸에서 진행하는 <100%환불이벤트> 에 참여하여 왕복배송비 제외 전액 환불이 가능합니다.

※ 제품을 30일간 꾸준히 사용한 경우, 배송완료 후 40일이내 신청이 가능
※ 환불 서비스는 첫 구매 체험을 위한 서비스로 1회만 신청 가능

▶ <100% 환불 이벤트> 상세 환불 조건 : https://sleeplab.co.kr/notice/?page=1#13709226_notice 

슬룸을 믿고 편하게 사용 및 체험해보시고, 그럼에도 만족하시지 못하셨을 경우 슬룸 공식몰의 채널톡을 통해 이벤트 기간 내 문의 주시면 환불 접수 도움드리겠습니다."
120336,2026-08-31 13:10,2026-08-27 12:50,2026-08-28 16:13,음 확실히 c커브카 잘 잡아줍니다 하지만 소리가 많이커서 자기젘에는 좀 그런거 같아요,,,1069,[힐러쌤x슬룸] 최저가 마켓 OPEN,96900,수량선택: ★최저가★ 경추 마사지 베개 V2 1개 + (증정) 마그네슘 크림 1개,기존리뷰,4,,0,0,1,"안녕하세요. 프리미엄 헬스테크 브랜드, 슬룸입니다.
정성스럽게 올려주신 소중한 후기 감사합니다. 💜

고객님의 목소리로 더 발전하는 슬룸이 되도록 노력하겠습니다.
감사합니다. 🙇‍♀️"
120337,2026-08-31 14:15,2026-07-07 4:32,2026-07-08 16:17,시원한것 같아요...,,,909,목 마사지 베개 V2 경추 마사지기 베개,129000,수량선택: 목 마사지 베개 V2 1개,기존리뷰,5,,0,0,1,"안녕하세요. 프리미엄 헬스테크 브랜드, 슬룸입니다.
시간 내어 소중한 후기를 작성해 주셔서 감사드립니다. :)

믿고 찾는 쇼핑몰이 되기 위해 더 좋은 상품과 서비스를 준비하겠습니다.
감사합니다. 💜"
120338,2026-08-31 15:25,2026-07-29 10:56,2026-07-30 16:14,제품 및 품질상태가 좋아요~,,,980,프리미엄 엘보케어 팔꿈치 마사지기,149000,수량선택: 팔꿈치 마사지기 1개 (시너지 크림 1개 증정),기존리뷰,5,,0,0,1,"안녕하세요. 프리미엄 헬스테크 브랜드, 슬룸입니다.
진심 어린 소중한 후기 감사합니다. 💜

앞으로도 좋은 상품과 서비스로 고객님들을 찾아뵐 수 있도록 노력하겠습니다.
감사합니다. :)"
120339,2026-08-31 15:48,2026-07-19 9:44,2026-07-21 13:50,처음V1을사서 한달써보고 나하고는잘 맞지않는것같아 반품을했어요 쓰기도 불편했고 V2로바꾸어 새로 구입했어요 적응하고나니 괜찮아요,,,1033,[신금동x슬룸] 최저가 마켓 OPEN,79000,수량선택: ★최저가★ 경추 마사지 베개 V2 1개 + (증정) 마그네슘 크림 1개,기존리뷰,4,,1,0,1,"안녕하세요. 프리미엄 헬스테크 브랜드, 슬룸입니다.
시간 내어 소중한 후기를 작성해 주셔서 감사드립니다. :)

믿고 찾는 쇼핑몰이 되기 위해 더 좋은 상품과 서비스를 준비하겠습니다.
감사합니다. 💜"
120340,2026-08-31 16:21,2026-08-18 10:27,2026-08-19 21:08,온열기능이 좋아요 근데 마사지는 저한테는 좀 아팠어요,,,909,목 마사지 베개 V2 경추 마사지기 베개,129000,수량선택: 목 마사지 베개 V2 1개,기존리뷰,4,,0,0,1,"안녕하세요. 프리미엄 헬스테크 브랜드, 슬룸입니다.
진심 어린 소중한 후기 감사합니다. 💜

앞으로도 좋은 상품과 서비스로 고객님들을 찾아뵐 수 있도록 노력하겠습니다.
감사합니다. :)"
120341,2026-08-31 21:08,2026-08-28 11:14,2026-08-29 16:12,잘쓰고 있어요 좋아요,,,636,허리편한케어 V2 허리 마사지기,129000,수량선택: 허리편한케어 V2 1개 (시너지 크림 1개 증정),기존리뷰,5,,0,0,1,"안녕하세요. 프리미엄 헬스테크 브랜드, 슬룸입니다.
진심 어린 소중한 후기 감사합니다. 💜

앞으로도 좋은 상품과 서비스로 고객님들을 찾아뵐 수 있도록 노력하겠습니다.
감사합니다. :)"
