리뷰ID,리뷰작성일,상품구매일,배송완료일,리뷰본문,사용자_익명ID,회원등급,상품번호,상품명,상품가격,상품옵션,리뷰작성경로,리뷰별점,태그,포토개수,동영상개수,댓글개수,댓글내용
114605,2026-06-01 04:27:13,2026-05-27 03:03:50,2026-05-28 18:41:04,전도체 스프레이나 물 없이도 작동되는게 너무나 편하고 좋습니다. 생각보다 자극이 잘 되는것도 마음에 듭니다. 족저근막염도 있고 평소 좀 걸으면 발바닥이 아파오는데 이거 쓰니까 발바닥 통증이 좀 줄어든 느낌입니다. 계속 잘 쓸 것 같습니다.,,,757,★최대할인 비밀링크★ 발편한케어 프리미엄 발 마사지기,89000,"사이즈선택: M (220 - 270mm), 수량선택: 발편한케어 V1 1개",기존리뷰,5,,1,0,1,"안녕하세요. 프리미엄 헬스테크 브랜드, 슬룸입니다.
시간 내어 소중한 후기를 작성해 주셔서 감사드립니다. :)

믿고 찾는 쇼핑몰이 되기 위해 더 좋은 상품과 서비스를 준비하겠습니다.
감사합니다. 💜"
114606,2026-06-01 07:12:09,2026-05-22 10:52:45,2026-05-23 15:25:00,가격과 사이즈 대비 마사지 강도도 좋고 온열기능도 있어서 쌀쌀해지면 더 좋을 것 같아요,,,71,허리베개 프로 허리 마사지기,89000,수량선택: 허리베개 프로 1개,기존리뷰,4,,3,0,1,"안녕하세요. 프리미엄 헬스테크 브랜드, 슬룸입니다.
진심 어린 소중한 후기 감사합니다. 💜

앞으로도 좋은 상품과 서비스로 고객님들을 찾아뵐 수 있도록 노력하겠습니다.
감사합니다. :)"
114607,2026-06-01 08:00:41,2026-05-14 10:36:50,2026-05-15 11:32:00,"그냥 그래요ᆢ
광고처럼 엄청 좋은지 잘모르겠어요",,,909,목 마사지 베개 V2 경추 마사지기 베개,112000,수량선택: 목 마사지 베개 V2 1개,기존리뷰,2,,0,0,1,"안녕하세요 고객님, 프리미엄 헬스테크 브랜드, 슬룸입니다.
고객님께 만족스러운 경험을 드리지 못해 대단히 죄송합니다.😥

슬룸의 모든 제품은 인체공학적으로 설계되어 편안한 사용이 가능하나 초기 사용 시 1~2주 이상의 적응 기간이 필요할 수 있습니다. 
다만 수령하신 날짜 기준으로 30일 동안 꾸준히 사용해보시고도 만족하지 못하셨을 경우에는, 슬룸에서 진행하는 <100%환불이벤트> 에 참여하여 왕복배송비 제외 전액 환불이 가능합니다.

※ 제품을 30일간 꾸준히 사용한 경우, 배송완료 후 40일이내 신청이 가능
※ 환불 서비스는 첫 구매 체험을 위한 서비스로 1회만 신청 가능

▶ <100% 환불 이벤트> 상세 환불 조건 : https://sleeplab.co.kr/notice/?q=YToxOntzOjEyOiJrZXl3b3JkX3R5cGUiO3M6MzoiYWxsIjt9&bmode=view&idx=13709226&t=board 

슬룸을 믿고 편하게 사용 및 체험해보시고, 그럼에도 만족하시지 못하셨을 경우 슬룸 공식몰의 채널톡을 통해 이벤트 기간 내 문의 주시면 환불 접수 도움드리겠습니다."
114608,2026-06-01 10:34:40,2026-05-27 17:34:35,2026-05-29 16:16:11,피곤한 날  사용하면 종아리까지 시원해요,,,924,발편한케어 프리미엄 EMS 발 마사지기,89000,"버전&세트선택: V1, 사이즈&세트선택: M (220-270mm), 수량선택: 발편한케어 V1 1개",기존리뷰,5,,0,0,1,"안녕하세요. 프리미엄 헬스테크 브랜드, 슬룸입니다.
시간 내어 소중한 후기를 작성해 주셔서 감사드립니다. :)

믿고 찾는 쇼핑몰이 되기 위해 더 좋은 상품과 서비스를 준비하겠습니다.
감사합니다. 💜"
114609,2026-06-01 11:20:39,2026-05-28 20:53:25,2026-05-30 13:38:57,병원 물리치료 안가도 되겠어요. 저도 어머니께서도 만족합니다.,,,980,프리미엄 엘보케어 팔꿈치 마사지기,149000,수량선택: 데일리 릴렉스 세트 (팔꿈치 마사지기 + 마그네슘 시너지 크림),기존리뷰,5,,4,0,1,"안녕하세요. 프리미엄 헬스테크 브랜드, 슬룸입니다.
시간 내어 소중한 후기를 작성해 주셔서 감사드립니다. :)

믿고 찾는 쇼핑몰이 되기 위해 더 좋은 상품과 서비스를 준비하겠습니다.
감사합니다. 💜"
114610,2026-06-01 12:11:19,2026-05-28 07:46:05,2026-05-29 18:36:49,3일 사용 해ㅛ는데 좋아요,,,924,발편한케어 프리미엄 EMS 발 마사지기,89000,"버전&세트선택: V2, 사이즈&세트선택: F(220-270mm), 수량선택: 발편한케어 V2 1개",기존리뷰,5,,0,0,1,"안녕하세요. 프리미엄 헬스테크 브랜드, 슬룸입니다.
진심 어린 소중한 후기 감사합니다. 💜

앞으로도 좋은 상품과 서비스로 고객님들을 찾아뵐 수 있도록 노력하겠습니다.
감사합니다. :)"
114611,2026-06-01 12:21:53,2026-05-15 10:18:40,2026-05-16 13:33:00,목 배게는 아주편합니다,,,964,[코어 밸런스 업 세트] 허리편한케어 V2 + 목 마사지 베개 V2,242000,수량선택: 코어 밸런스 업 세트 (허리편한케어 V2 + 목 마사지 베개 V2),기존리뷰,4,,0,0,1,"안녕하세요. 프리미엄 헬스테크 브랜드, 슬룸입니다.
시간 내어 소중한 후기를 작성해 주셔서 감사드립니다. :)

믿고 찾는 쇼핑몰이 되기 위해 더 좋은 상품과 서비스를 준비하겠습니다.
감사합니다. 💜"
114612,2026-06-01 14:02:01,2026-05-07 18:33:35,2026-05-09 17:34:00,마시지 효과 좋네요,,,969,[배말랭x슬룸] 어버이날 ★최저가★ 선물 찬스!,99000,수량선택: 목마사지베개 V2 1개 + (증정)마그네슘 시너지 크림 30ml 1개,기존리뷰,5,,0,0,1,"안녕하세요. 프리미엄 헬스테크 브랜드, 슬룸입니다.
진심 어린 소중한 후기 감사합니다. 💜

앞으로도 좋은 상품과 서비스로 고객님들을 찾아뵐 수 있도록 노력하겠습니다.
감사합니다. :)"
114613,2026-06-01 15:16:56,2026-05-27 07:39:55,2026-05-28 18:37:02,빠른배송 감사합니다,,,636,허리편한케어 V2 허리 마사지기,131000,수량선택: 허리편한케어 V2 1개,기존리뷰,5,,0,0,1,"안녕하세요. 프리미엄 헬스테크 브랜드, 슬룸입니다.
진심 어린 소중한 후기 감사합니다. 💜

앞으로도 좋은 상품과 서비스로 고객님들을 찾아뵐 수 있도록 노력하겠습니다.
감사합니다. :)"
114614,2026-06-01 15:18:42,2026-05-28 15:11:40,2026-05-30 13:47:24,효과는 아직 잘 모르지만 기대합니다 다른 기기는 EMS TENS 작동이 개별었는데 이건 동시작동인거지 모드에 별도 표시가 없어요 버클 채우기가 조금 힘들어요,,,980,프리미엄 엘보케어 팔꿈치 마사지기,149000,수량선택: 데일리 릴렉스 세트 (팔꿈치 마사지기 + 마그네슘 시너지 크림),기존리뷰,4,,1,0,1,"안녕하세요. 프리미엄 헬스테크 브랜드, 슬룸입니다.
고객님께 만족스러운 경험을 드리지 못해 대단히 죄송합니다. 😥

리뷰로는 상세한 안내가 어려워, 자세한 내용 알림톡(문자) 발송 도와드렸으니 확인 부탁드리겠습니다.
추가로 궁금하신 점이 있으시거나 문자 확인하신 후에도 해결되지 않는 경우
번거로우시겠지만 슬룸 채팅 상담을 통해 연락 주시면 빠르게 안내 도와드리겠습니다.

▶ 슬룸 채팅 상담 (※ 월-목 09:30-17:00, 금 09:30-16:00, 주말 및 공휴일 휴무)
http://sloom.channel.io/

고객님의 목소리로 더 발전하는 슬룸이 되도록 노력하겠습니다. 감사합니다."
114615,2026-06-01 16:04:06,2026-05-01 08:48:20,2026-05-06 17:24:04,목 뭉친데 풀기는 최고예요,,,925,★7일 특별 연장★ 덤순이X슬룸 구독자 한정 역대급 할인,98800,수량선택: 넥숄더 힐링케어V2 1개,기존리뷰,5,,0,0,1,"안녕하세요. 프리미엄 헬스테크 브랜드, 슬룸입니다.
시간 내어 소중한 후기를 작성해 주셔서 감사드립니다. :)

믿고 찾는 쇼핑몰이 되기 위해 더 좋은 상품과 서비스를 준비하겠습니다.
감사합니다. 💜"
114616,2026-06-01 17:18:52,2026-05-17 20:02:45,2026-05-19 13:49:00,광고만큼은 아니지만 그래도 시원하네요,,,909,목 마사지 베개 V2 경추 마사지기 베개,112000,수량선택: 목 마사지 베개 V2 1개,기존리뷰,5,,1,0,1,"안녕하세요. 프리미엄 헬스테크 브랜드, 슬룸입니다.
진심 어린 소중한 후기 감사합니다. 💜

앞으로도 좋은 상품과 서비스로 고객님들을 찾아뵐 수 있도록 노력하겠습니다.
감사합니다. :)"
114617,2026-06-01 18:41:32,2026-05-20 10:09:10,2026-05-21 12:26:00,마사지 좋습니다~~~~~~~,,,909,목 마사지 베개 V2 경추 마사지기 베개,112000,수량선택: 목 마사지 베개 V2 1개,기존리뷰,5,,1,0,1,"안녕하세요. 프리미엄 헬스테크 브랜드, 슬룸입니다.
시간 내어 소중한 후기를 작성해 주셔서 감사드립니다. :)

믿고 찾는 쇼핑몰이 되기 위해 더 좋은 상품과 서비스를 준비하겠습니다.
감사합니다. 💜"
114618,2026-06-01 19:38:14,2026-05-24 10:54:45,2026-05-27 15:47:00,욱씬욱씬 만족합니다,,,979,[상가의 안녕히살아보기x슬룸] 구독자 전용 ★초특가★ 비밀링크,84900,수량선택: ★상가SET★ 발편한케어 데일리 M 1개 + 목 마사지 베개 V2 1개 + (증정)중형 파우치 2개,기존리뷰,5,,1,0,1,"안녕하세요. 프리미엄 헬스테크 브랜드, 슬룸입니다.
시간 내어 소중한 후기를 작성해 주셔서 감사드립니다. :)

믿고 찾는 쇼핑몰이 되기 위해 더 좋은 상품과 서비스를 준비하겠습니다.
감사합니다. 💜"
114619,2026-06-01 19:46:13,2026-05-25 11:27:45,2026-05-27 19:27:00,아직 효과는 미비하다고 함 매일 하면 좋을 것 같음,,,645,발편한케어 프리미엄 발 마사지기,91000,"버전&세트선택: 프로, 사이즈&세트선택: F(220-270mm), 수량선택: 발편한케어 프로 1개",기존리뷰,5,,0,0,1,"안녕하세요. 프리미엄 헬스테크 브랜드, 슬룸입니다.
시간 내어 소중한 후기를 작성해 주셔서 감사드립니다. :)

믿고 찾는 쇼핑몰이 되기 위해 더 좋은 상품과 서비스를 준비하겠습니다.
감사합니다. 💜"
114620,2026-06-02 02:10:15,2026-05-23 13:38:05,2026-05-27 18:06:00,좋습니다. 유용해요.,,,979,[상가의 안녕히살아보기x슬룸] 구독자 전용 ★초특가★ 비밀링크,84900,수량선택: 발편한케어 데일리 M 1개,기존리뷰,5,,0,0,1,"안녕하세요. 프리미엄 헬스테크 브랜드, 슬룸입니다.
진심 어린 소중한 후기 감사합니다. 💜

앞으로도 좋은 상품과 서비스로 고객님들을 찾아뵐 수 있도록 노력하겠습니다.
감사합니다. :)"
114621,2026-06-02 09:44:36,2026-05-08 18:10:35,2026-05-12 15:30:00,가볍고 휴대성이 기가막힙니다,,,645,발편한케어 프리미엄 발 마사지기,91000,"버전&세트선택: V2, 사이즈&세트선택: F(220-270mm), 수량선택: 발편한케어 V2 1개 (마그네슘 시너지 크림 30ml 1개 증정)",기존리뷰,5,,0,0,1,"안녕하세요. 프리미엄 헬스테크 브랜드, 슬룸입니다.
시간 내어 소중한 후기를 작성해 주셔서 감사드립니다. :)

믿고 찾는 쇼핑몰이 되기 위해 더 좋은 상품과 서비스를 준비하겠습니다.
감사합니다. 💜"
114622,2026-06-02 11:45:51,2026-05-24 13:49:55,2026-05-27 18:45:32,목 잘 받쳐주고 안마도 해주고 아주 좋아요,,,909,목 마사지 베개 V2 경추 마사지기 베개,112000,수량선택: 목 마사지 베개 V2 1개,기존리뷰,5,,0,0,1,"안녕하세요. 프리미엄 헬스테크 브랜드, 슬룸입니다.
정성스럽게 올려주신 소중한 후기 감사합니다. 💜

고객님의 목소리로 더 발전하는 슬룸이 되도록 노력하겠습니다.
감사합니다. 🙇‍♀️"
114623,2026-06-02 14:15:35,2026-05-29 22:47:45,2026-06-02 13:43:20,살수있어서 행복했어요,,,376,허리편한케어 V1 전용 케이블,5000,,기존리뷰,5,,0,0,1,"안녕하세요. 프리미엄 헬스테크 브랜드, 슬룸입니다.
정성스럽게 올려주신 소중한 후기 감사합니다. 💜

고객님의 목소리로 더 발전하는 슬룸이 되도록 노력하겠습니다.
감사합니다. 🙇‍♀️"
114624,2026-06-02 15:32:25,2026-06-01 12:44:55,2026-06-02 15:27:00,예전부터 사고 싶었는데 이번에 질렀어요. 좋을꺼 같아요!,,,979,[상가의 안녕히살아보기x슬룸] 구독자 전용 ★초특가★ 비밀링크,84900,수량선택: 발편한케어 데일리 M 1개,기존리뷰,5,,1,0,1,"안녕하세요. 프리미엄 헬스테크 브랜드, 슬룸입니다.
시간 내어 소중한 후기를 작성해 주셔서 감사드립니다. :)

믿고 찾는 쇼핑몰이 되기 위해 더 좋은 상품과 서비스를 준비하겠습니다.
감사합니다. 💜"
114625,2026-06-02 17:21:53,2026-05-31 16:51:00,2026-06-02 13:43:15,아직 사용전이지만 후기보고 샀는데 목의 고통을 덜어줬으면 좋겠네요,,,979,[상가의 안녕히살아보기x슬룸] 구독자 전용 ★초특가★ 비밀링크,84900,수량선택: 목 마사지 베개 V2 1개,기존리뷰,4,,1,0,1,"안녕하세요. 프리미엄 헬스테크 브랜드, 슬룸입니다.
진심 어린 소중한 후기 감사합니다. 💜

앞으로도 좋은 상품과 서비스로 고객님들을 찾아뵐 수 있도록 노력하겠습니다.
감사합니다. :)"
114626,2026-06-02 23:17:20,2026-05-10 09:42:00,2026-05-12 15:03:00,목이 정말 편안해요,,,291,목베개 플러스 경추 목 마사지기 베개,91000,수량선택: 목베개 플러스 1개 (마그네슘 시너지 크림 30ml 1개 증정),기존리뷰,5,,0,0,1,"안녕하세요. 프리미엄 헬스테크 브랜드, 슬룸입니다.
진심 어린 소중한 후기 감사합니다. 💜

앞으로도 좋은 상품과 서비스로 고객님들을 찾아뵐 수 있도록 노력하겠습니다.
감사합니다. :)"
114627,2026-06-02 23:41:28,2026-05-28 22:20:50,2026-05-30 13:47:25,아주좋아요!!!!!!,,,979,[상가의 안녕히살아보기x슬룸] 구독자 전용 ★초특가★ 비밀링크,84900,수량선택: ★상가SET★ 발편한케어 데일리 L 1개 + 목 마사지 베개 V2 1개 + (증정)중형 파우치 2개,기존리뷰,5,,0,0,1,"안녕하세요. 프리미엄 헬스테크 브랜드, 슬룸입니다.
정성스럽게 올려주신 소중한 후기 감사합니다. 💜

고객님의 목소리로 더 발전하는 슬룸이 되도록 노력하겠습니다.
감사합니다. 🙇‍♀️"
114628,2026-06-03 00:17:07,2026-05-10 12:48:45,2026-05-12 17:10:08,"잠잘땐 불편감 있지만 목 마사지는 좋다함
아쉬운점은 리모컨이 없어 좀 쓰기가 귀찮음",,,909,목 마사지 베개 V2 경추 마사지기 베개,112000,수량선택: 목 마사지 베개 V2 1개 (마그네슘 시너지 크림 30ml 1개 증정),기존리뷰,3,,0,0,1,"안녕하세요. 프리미엄 헬스테크 브랜드, 슬룸입니다.
진심 어린 소중한 후기 감사합니다. 💜

앞으로도 좋은 상품과 서비스로 고객님들을 찾아뵐 수 있도록 노력하겠습니다.
감사합니다. :)"
114629,2026-06-03 08:11:22,2026-06-01 03:59:36,2026-06-02 23:05:18,나이가 들어갈수록 발바닥자체가 너무아프고 족저근막염이 생겨 병원다니기전에 마사지기라도 있어야할거같아서 사봤는데 너무시원하네여..!,0f6892209f62,,645,발편한케어 프리미엄 발 마사지기,91000,"버전&세트선택: 데일리, 사이즈&세트선택: M (220-270mm), 수량선택: 발편한케어 데일리 1개",모바일(팝업),5,,0,0,1,"안녕하세요. 프리미엄 헬스테크 브랜드, 슬룸입니다.
진심 어린 소중한 후기 감사합니다. 💜

앞으로도 좋은 상품과 서비스로 고객님들을 찾아뵐 수 있도록 노력하겠습니다.
감사합니다. :)"
114630,2026-06-03 08:30:00,2026-06-01 08:31:06,2026-06-02 16:18:20,"부모님 선물로 사드렸어요 엄청 좋아하시더라고요
덕분에 저렴하게 사서 효도도 하고 좋네요",dd8229c56821,,979,[상가의 안녕히살아보기x슬룸] 구독자 전용 ★초특가★ 비밀링크,84900,수량선택: 목 마사지 베개 V2 1개,모바일,5,,0,0,1,"안녕하세요. 프리미엄 헬스테크 브랜드, 슬룸입니다.
시간 내어 소중한 후기를 작성해 주셔서 감사드립니다. :)

믿고 찾는 쇼핑몰이 되기 위해 더 좋은 상품과 서비스를 준비하겠습니다.
감사합니다. 💜"
114631,2026-06-03 08:32:58,2026-05-30 19:54:50,2026-06-02 13:44:11,어제 받아보고 편안히 잘 지ㅛ어요,067c9aa83dd2,,39,허리베개 허리 편안 베개,43800,수량선택: 허리베개 2개,모바일(팝업),5,,1,0,1,"안녕하세요. 프리미엄 헬스테크 브랜드, 슬룸입니다.
정성스럽게 올려주신 소중한 후기 감사합니다. 💜

고객님의 목소리로 더 발전하는 슬룸이 되도록 노력하겠습니다.
감사합니다. 🙇‍♀️"
114632,2026-06-03 09:16:14,2026-05-31 00:54:25,2026-06-05 14:38:03,"이게  뭡니까?
전용 어댑터 까지 구매 한건데 
 불량품을 보내주셨네요
멀쩡한 걸로 다시 보내주세요",9c9e1161cdda,,909,목 마사지 베개 V2 경추 마사지기 베개,112000,수량선택: 목 마사지 베개 V2 1개,반응형(내리뷰),1,,1,0,1,"안녕하세요. 프리미엄 헬스테크 브랜드, 슬룸입니다.
고객님께 만족스러운 경험을 드리지 못해 대단히 죄송합니다. 😥

리뷰로는 상세한 안내가 어려워, 자세한 내용 알림톡(문자) 발송 도와드렸으니 확인 부탁드리겠습니다.
추가로 궁금하신 점이 있으시거나 문자 확인하신 후에도 해결되지 않는 경우
번거로우시겠지만 슬룸 채팅 상담을 통해 연락 주시면 빠르게 안내 도와드리겠습니다.

▶ 슬룸 채팅 상담 (※ 월-목 09:30-17:00, 금 09:30-16:00, 주말 및 공휴일 휴무)
http://sloom.channel.io/

고객님의 목소리로 더 발전하는 슬룸이 되도록 노력하겠습니다. 감사합니다."
114633,2026-06-03 10:13:07,2026-05-30 10:13:16,2026-06-02 16:18:51,진짜 신박하네요. 잘 쓰고 또 다른 제품도 주문하러왔습니다.,3798bd9506a2,,980,프리미엄 엘보케어 팔꿈치 마사지기,149000,쇼핑백 & 전용 어댑터 추가: [신제품 출시 한정] 슬룸 보관용 파우치 (중형) 1개,모바일(팝업),5,,1,0,1,"안녕하세요. 프리미엄 헬스테크 브랜드, 슬룸입니다.
정성스럽게 올려주신 소중한 후기 감사합니다. 💜

고객님의 목소리로 더 발전하는 슬룸이 되도록 노력하겠습니다.
감사합니다. 🙇‍♀️"
114634,2026-06-03 12:19:44,2026-05-23 22:14:34,2026-05-27 10:47:02,허리디스크로 인해 골반 비틀어짐있어 걸을깨마다 하지방사통까지 와서 똑바른 자세가 유지되지 않았는데 1일 2번씩 골반교정하듯 골반맛사지기를 해주니까 첫날이랑 2째날은 뻐근해 좀 힘들었는데 차츰 자세가 편하고 좋았다,4ca9143f91a0,,966,골반 케어 프리미엄 골반 마사지기,191000,수량선택: 바디 밸런스 케어 세트 (골반 마사지기 + 허리베개) + 마그네슘 시너지 크림 1개 증정,모바일,5,동영상 리뷰,1,1,1,"안녕하세요. 프리미엄 헬스테크 브랜드, 슬룸입니다.
정성스럽게 올려주신 소중한 후기 감사합니다. 💜

고객님의 목소리로 더 발전하는 슬룸이 되도록 노력하겠습니다.
감사합니다. 🙇‍♀️"
114635,2026-06-03 12:25:42,2026-05-23 22:14:34,2026-05-27 10:47:01,허리디스크때문에 타임할인때 구매하여 앉아있을때 뻐근한허리를 요추를 맞처가며 허리네 장작하는데 너무좋았다,4ca9143f91a0,,930,[타임딜] 코어 요추벨트 허리 보호대,39000,수량선택: 코어 요추벨트 1개,모바일,5,,1,0,1,"안녕하세요. 프리미엄 헬스테크 브랜드, 슬룸입니다.
시간 내어 소중한 후기를 작성해 주셔서 감사드립니다. :)

믿고 찾는 쇼핑몰이 되기 위해 더 좋은 상품과 서비스를 준비하겠습니다.
감사합니다. 💜"
114636,2026-06-03 12:40:45,2026-05-23 22:14:34,2026-05-27 10:47:01,발바닥 저주파치료가 앉아서만 해야하는 번거로움이 있고 뒤꿈치가 많아 아픈데 저주파가 약해서 느껴지지않는다. ,4ca9143f91a0,,645,발편한케어 프리미엄 발 마사지기,91000,"버전&세트선택: 프로, 사이즈&세트선택: F(220-270mm), 수량선택: 발편한케어 프로 1개",반응형(내리뷰),3,,1,0,1,"안녕하세요 고객님, 프리미엄 헬스테크 브랜드, 슬룸입니다.
고객님께 만족스러운 경험을 드리지 못해 대단히 죄송합니다.😥

슬룸의 모든 제품은 인체공학적으로 설계되어 편안한 사용이 가능하나 초기 사용 시 1~2주 이상의 적응 기간이 필요할 수 있습니다. 
다만 수령하신 날짜 기준으로 30일 동안 꾸준히 사용해보시고도 만족하지 못하셨을 경우에는, 슬룸에서 진행하는 <100%환불이벤트> 에 참여하여 왕복배송비 제외 전액 환불이 가능합니다.

※ 제품을 30일간 꾸준히 사용한 경우, 배송완료 후 40일이내 신청이 가능
※ 환불 서비스는 첫 구매 체험을 위한 서비스로 1회만 신청 가능

▶ <100% 환불 이벤트> 상세 환불 조건 : https://sleeplab.co.kr/notice/?q=YToxOntzOjEyOiJrZXl3b3JkX3R5cGUiO3M6MzoiYWxsIjt9&bmode=view&idx=13709226&t=board 

슬룸을 믿고 편하게 사용 및 체험해보시고, 그럼에도 만족하시지 못하셨을 경우 슬룸 공식몰의 채널톡을 통해 이벤트 기간 내 문의 주시면 환불 접수 도움드리겠습니다."
114637,2026-06-03 12:42:12,2026-06-01 07:08:34,2026-06-02 18:38:33,USB전용으로 충전하지 않으면 발열등 위험할까봐 추가 구매하였는데 잘구매한것같다,4ca9143f91a0,,330,USB 충전 어댑터 멀티 충전기,5900,,반응형(내리뷰),5,,1,0,1,"안녕하세요. 프리미엄 헬스테크 브랜드, 슬룸입니다.
진심 어린 소중한 후기 감사합니다. 💜

앞으로도 좋은 상품과 서비스로 고객님들을 찾아뵐 수 있도록 노력하겠습니다.
감사합니다. :)"
114638,2026-06-03 12:43:57,2026-06-01 07:08:34,2026-06-02 18:38:33,슬롬제품이  종류별 많은데 전용케이블과 같이 넣어두려고 구매하였는데~ 제질이 튼튼해서 종류별 같이 분류해두니 좋네요,4ca9143f91a0,,754,슬룸 전용 파우치,11900,수량선택: 슬룸 보관용 파우치 (중형) 1개 (33*48cm),반응형(내리뷰),5,,1,0,1,"안녕하세요. 프리미엄 헬스테크 브랜드, 슬룸입니다.
진심 어린 소중한 후기 감사합니다. 💜

앞으로도 좋은 상품과 서비스로 고객님들을 찾아뵐 수 있도록 노력하겠습니다.
감사합니다. :)"
114639,2026-06-03 12:46:09,2026-06-01 07:08:34,2026-06-02 18:53:47,허리편한케어V1이 있는데 이제품은 케이블 끝 충전부분이 둥그란모양이라서 C케이블만 있어 충전을 못해 사용하지 못하였는데 이렇게 추가 구매사능해서 다시 잘 사용할수있게 되어 좋았다,4ca9143f91a0,,376,허리편한케어 V1 전용 케이블,5000,,반응형(내리뷰),5,,1,0,1,"안녕하세요. 프리미엄 헬스테크 브랜드, 슬룸입니다.
시간 내어 소중한 후기를 작성해 주셔서 감사드립니다. :)

믿고 찾는 쇼핑몰이 되기 위해 더 좋은 상품과 서비스를 준비하겠습니다.
감사합니다. 💜"
114640,2026-06-03 17:29:53,2026-05-25 11:31:55,2026-05-27 22:51:07,아주 좋아요 마사지기능도 좋고 몸 전체가 쫙 펴지는 느낌이에요,e3cc8b105ff2,,909,목 마사지 베개 V2 경추 마사지기 베개,112000,수량선택: 목 마사지 베개 V2 1개,모바일(팝업),5,,0,0,1,"안녕하세요. 프리미엄 헬스테크 브랜드, 슬룸입니다.
정성스럽게 올려주신 소중한 후기 감사합니다. 💜

고객님의 목소리로 더 발전하는 슬룸이 되도록 노력하겠습니다.
감사합니다. 🙇‍♀️"
114641,2026-06-03 18:31:23,2026-05-26 19:34:18,2026-05-28 21:06:41,아주 마시지도 잘되고 편안합니다.,1c0f3ea7faea,,909,목 마사지 베개 V2 경추 마사지기 베개,112000,수량선택: 목 마사지 베개 V2 1개,모바일(팝업),5,,1,0,1,"안녕하세요. 프리미엄 헬스테크 브랜드, 슬룸입니다.
진심 어린 소중한 후기 감사합니다. 💜

앞으로도 좋은 상품과 서비스로 고객님들을 찾아뵐 수 있도록 노력하겠습니다.
감사합니다. :)"
114642,2026-06-03 11:56:13,2026-05-29 02:22:30,2026-05-31 14:05:15,마사지중 견인기가 있어서  목이 편안합니다,,,979,[상가의 안녕히살아보기x슬룸] 구독자 전용 ★초특가★ 비밀링크,84900,수량선택: 목 마사지 베개 V2 1개,기존리뷰,4,,0,0,1,"안녕하세요. 프리미엄 헬스테크 브랜드, 슬룸입니다.
진심 어린 소중한 후기 감사합니다. 💜

앞으로도 좋은 상품과 서비스로 고객님들을 찾아뵐 수 있도록 노력하겠습니다.
감사합니다. :)"
114643,2026-06-03 14:41:30,2026-04-30 19:32:50,2026-05-05 13:55:00,빠른 배송 감사합니다.,,,930,[타임딜] 코어 요추벨트 허리 보호대,39000,수량선택: 코어 요추벨트 1개,기존리뷰,5,,1,0,1,"안녕하세요. 프리미엄 헬스테크 브랜드, 슬룸입니다.
진심 어린 소중한 후기 감사합니다. 💜

앞으로도 좋은 상품과 서비스로 고객님들을 찾아뵐 수 있도록 노력하겠습니다.
감사합니다. :)"
114644,2026-06-03 15:58:12,2026-05-13 05:41:45,2026-05-14 16:20:00,목 디스크가 있었는데 사용 후 많이 좋아졌어요.,,,878,목베개 플러스 프리미엄 목 마사지 계절베개,99000,수량선택: 목베개 플러스 1개 (마그네슘 시너지 크림 30ml 1개 증정),기존리뷰,3,,1,0,1,"안녕하세요. 프리미엄 헬스테크 브랜드, 슬룸입니다.
정성스럽게 올려주신 소중한 후기 감사합니다. 💜

고객님의 목소리로 더 발전하는 슬룸이 되도록 노력하겠습니다.
감사합니다. 🙇‍♀️"
114645,2026-06-03 18:01:54,2026-04-29 20:30:30,2026-05-01 13:04:00,사놓고 사용을 안하게 되네,,,909,목 마사지 베개 V2 경추 마사지기 베개,112000,수량선택: 목 마사지 베개 V2 1개 (마그네슘 시너지 크림 30ml 1개 증정),기존리뷰,3,,1,0,1,"안녕하세요 고객님, 프리미엄 헬스테크 브랜드, 슬룸입니다.
고객님께 만족스러운 경험을 드리지 못해 대단히 죄송합니다.😥

슬룸의 모든 제품은 인체공학적으로 설계되어 편안한 사용이 가능하나 초기 사용 시 1~2주 이상의 적응 기간이 필요할 수 있습니다. 
다만 수령하신 날짜 기준으로 30일 동안 꾸준히 사용해보시고도 만족하지 못하셨을 경우에는, 슬룸에서 진행하는 <100%환불이벤트> 에 참여하여 왕복배송비 제외 전액 환불이 가능합니다.

※ 제품을 30일간 꾸준히 사용한 경우, 배송완료 후 40일이내 신청이 가능
※ 환불 서비스는 첫 구매 체험을 위한 서비스로 1회만 신청 가능

▶ <100% 환불 이벤트> 상세 환불 조건 : https://sleeplab.co.kr/notice/?q=YToxOntzOjEyOiJrZXl3b3JkX3R5cGUiO3M6MzoiYWxsIjt9&bmode=view&idx=13709226&t=board 

슬룸을 믿고 편하게 사용 및 체험해보시고, 그럼에도 만족하시지 못하셨을 경우 슬룸 공식몰의 채널톡을 통해 이벤트 기간 내 문의 주시면 환불 접수 도움드리겠습니다."
114646,2026-06-03 19:07:25,2026-05-07 01:00:35,2026-05-08 17:11:00,시원하고 발아픈거도 완화되는 느낌입니다.,,,645,발편한케어 프리미엄 발 마사지기,91000,"버전&세트선택: V2, 사이즈&세트선택: F(220-270mm), 수량선택: 발편한케어 V2 1개 (마그네슘 시너지 크림 30ml 1개 증정)",기존리뷰,5,,0,0,1,"안녕하세요. 프리미엄 헬스테크 브랜드, 슬룸입니다.
진심 어린 소중한 후기 감사합니다. 💜

앞으로도 좋은 상품과 서비스로 고객님들을 찾아뵐 수 있도록 노력하겠습니다.
감사합니다. :)"
114647,2026-06-03 22:31:03,2026-05-04 08:30:55,2026-05-05 13:45:07,쓸만해요.맛사지 기능보다 베개 용도로 쓰기 편한것 같아요ㅎ온열기능도 있고 나름 15분간 가만히 누워있으면 잠이 잘 오네요ㅎ,,,909,목 마사지 베개 V2 경추 마사지기 베개,112000,수량선택: 목 마사지 베개 V2 1개 (마그네슘 시너지 크림 30ml 1개 증정),기존리뷰,4,,2,0,1,"안녕하세요. 프리미엄 헬스테크 브랜드, 슬룸입니다.
시간 내어 소중한 후기를 작성해 주셔서 감사드립니다. :)

믿고 찾는 쇼핑몰이 되기 위해 더 좋은 상품과 서비스를 준비하겠습니다.
감사합니다. 💜"
114648,2026-06-03 22:32:01,2026-05-18 15:49:25,2026-05-20 13:31:00,효과 진짜 좋아요 ㅠㅠ 족저근막염으러 한달을 고생했는데 일주일만에 해결했어요,,,924,발편한케어 프리미엄 EMS 발 마사지기,89000,"버전&세트선택: V1, 사이즈&세트선택: M (220-270mm), 수량선택: 발편한케어 V1 1개",기존리뷰,5,,0,0,1,"안녕하세요. 프리미엄 헬스테크 브랜드, 슬룸입니다.
정성스럽게 올려주신 소중한 후기 감사합니다. 💜

고객님의 목소리로 더 발전하는 슬룸이 되도록 노력하겠습니다.
감사합니다. 🙇‍♀️"
114649,2026-06-03 23:06:10,2026-05-17 21:32:20,2026-05-19 18:30:00,접을수가 없어 ㅠ 혼자서 쓰기에는 전 불편하더군요,,,909,목 마사지 베개 V2 경추 마사지기 베개,112000,수량선택: 목 마사지 베개 V2 1개,기존리뷰,1,,0,0,1,"안녕하세요 고객님, 프리미엄 헬스테크 브랜드, 슬룸입니다.
고객님께 만족스러운 경험을 드리지 못해 대단히 죄송합니다.😥

슬룸의 모든 제품은 인체공학적으로 설계되어 편안한 사용이 가능하나 초기 사용 시 1~2주 이상의 적응 기간이 필요할 수 있습니다. 
다만 수령하신 날짜 기준으로 30일 동안 꾸준히 사용해보시고도 만족하지 못하셨을 경우에는, 슬룸에서 진행하는 <100%환불이벤트> 에 참여하여 왕복배송비 제외 전액 환불이 가능합니다.

※ 제품을 30일간 꾸준히 사용한 경우, 배송완료 후 40일이내 신청이 가능
※ 환불 서비스는 첫 구매 체험을 위한 서비스로 1회만 신청 가능

▶ <100% 환불 이벤트> 상세 환불 조건 : https://sleeplab.co.kr/notice/?q=YToxOntzOjEyOiJrZXl3b3JkX3R5cGUiO3M6MzoiYWxsIjt9&bmode=view&idx=13709226&t=board 

슬룸을 믿고 편하게 사용 및 체험해보시고, 그럼에도 만족하시지 못하셨을 경우 슬룸 공식몰의 채널톡을 통해 이벤트 기간 내 문의 주시면 환불 접수 도움드리겠습니다."
114650,2026-06-03 23:13:58,2026-05-17 08:31:15,2026-05-19 13:41:08,좋아요오옹 골반마사지는 혁신이에요,,,966,골반 케어 프리미엄 골반 마사지기,191000,수량선택: 골반 마사지기 1개,기존리뷰,5,,0,0,1,"안녕하세요. 프리미엄 헬스테크 브랜드, 슬룸입니다.
진심 어린 소중한 후기 감사합니다. 💜

앞으로도 좋은 상품과 서비스로 고객님들을 찾아뵐 수 있도록 노력하겠습니다.
감사합니다. :)"
114655,2026-06-03 00:00:00,,,"재택근무 하면서 골반이 완전히 망가진 것 같았어요. 허리는 구부정하고 고관절은 뻣뻣하고. 펴주기 모드 설명 읽었을 때 딱 내 얘기다 싶어서 샀는데, 위로 쭉 당겨주는 느낌이 허리랑 골반이 동시에 열리는 것 같아서 신기했어요. 한 달 쓰고 나니 앉는 자세가 달라졌다는 말을 들었어요.",20017c803edb,,966,골반 케어 프리미엄 골반 마사지기,191000,,기존리뷰,5,,0,0,1,"안녕하세요. 프리미엄 헬스테크 브랜드, 슬룸입니다.
정성스럽게 올려주신 소중한 후기 감사합니다. 💜

고객님의 목소리로 더 발전하는 슬룸이 되도록 노력하겠습니다.
감사합니다. 🙇‍♀️"
114659,2026-06-04 00:00:00,,,"광고 보고 반신반의하면서 구매했는데, 막상 써보니 광고에서 말한 느낌이랑 거의 비슷해서 만족하고 있어요!
에어백이 부풀어 오를 때 골반 주변을 안정적으로 잡아주는 느낌이 드는데, 케겔 운동할 때 힘주는 감각과 꽤 비슷해서 운동하는 기분도 납니다ㅎㅎ 특히 조이기 모드랑 비틀기 모드를 번갈아 사용하니까 3주 정도 지난 후부터는 평소에 자주 느끼던 고관절 뻐근함이나 통증 빈도가 눈에 띄게 줄었네요. 
사용 중 압박감도 과하지 않고 시원하게 풀어주는 느낌이라 부담 없이 꾸준히 사용하게 됩니다. 무선 제품이라 소파에 앉아 있을 때나 침대에서 쉬면서도 편하게 사용할 수 있어 좋습니다 😄",74b90414e48d,,966,골반 케어 프리미엄 골반 마사지기,191000,,기존리뷰,5,동영상 리뷰,2,1,1,"안녕하세요. 프리미엄 헬스테크 브랜드, 슬룸입니다.
시간 내어 소중한 후기를 작성해 주셔서 감사드립니다. :)

믿고 찾는 쇼핑몰이 되기 위해 더 좋은 상품과 서비스를 준비하겠습니다.
감사합니다. 💜"
114660,2026-06-03 00:00:00,,,생리 기간이랑 상관없이 골반통이 항상 있어서 구조적인 문제라고 생각했어요. 조이기 모드로 꾸준히 관리하니까 만성처럼 있던 게 많이 줄었어요. 온열 1단계가 은은하게 따뜻해서 자기 전에 쓰기 딱이에요. 고관절 통증도 같이 나아지고 있어요.,d3ef925fcd51,,966,골반 케어 프리미엄 골반 마사지기,191000,,기존리뷰,5,,0,0,1,"안녕하세요. 프리미엄 헬스테크 브랜드, 슬룸입니다.
정성스럽게 올려주신 소중한 후기 감사합니다. 💜

고객님의 목소리로 더 발전하는 슬룸이 되도록 노력하겠습니다.
감사합니다. 🙇‍♀️"
114669,2026-06-02 00:00:00,,,O자 다리가 골반 비대칭이랑 연결된다는 걸 이 제품 알아보면서 처음 알았어요. 골반부터 잡아주면 다리 정렬도 달라진다는 게 납득이 됐어요. 한 달 넘게 쓰면서 고관절 통증이 줄고 걷는 자세가 좀 달라진 것 같아요.,024fc561d225,,966,골반 케어 프리미엄 골반 마사지기,191000,,기존리뷰,4,,0,0,1,"안녕하세요. 프리미엄 헬스테크 브랜드, 슬룸입니다.
진심 어린 소중한 후기 감사합니다. 💜

앞으로도 좋은 상품과 서비스로 고객님들을 찾아뵐 수 있도록 노력하겠습니다.
감사합니다. :)"
114672,2026-06-02 00:00:00,,,운동하다가 고관절이 자꾸 걸리는 느낌이 생겨서 운동 전후로 쓰기 시작했어요. 비틀기 모드 쓰면 고관절 주변이 유연해지는 느낌이 있어요. 온열이랑 같이 쓰면 근육 이완이 더 빠른 것 같고요. 꾸준히 하다 보니 운동할 때 걸리는 느낌이 많이 줄었어요.,151612386a72,,966,골반 케어 프리미엄 골반 마사지기,191000,,기존리뷰,4,,0,0,1,"안녕하세요. 프리미엄 헬스테크 브랜드, 슬룸입니다.
정성스럽게 올려주신 소중한 후기 감사합니다. 💜

고객님의 목소리로 더 발전하는 슬룸이 되도록 노력하겠습니다.
감사합니다. 🙇‍♀️"
114676,2026-06-01 00:00:00,,,체중이 좀 나가는 편이라 골반에 부담이 크다는 걸 알고 있었어요. 최대 100kg까지 된다는 거 보고 안심하고 샀어요. 고관절 통증이 오래됐었는데 꾸준히 쓰면서 많이 나아졌어요. 조이기 모드가 골반을 단단하게 잡아주는 느낌이라 안정감이 있어요.,e23717b38d51,,966,골반 케어 프리미엄 골반 마사지기,191000,,기존리뷰,4,,0,0,1,"안녕하세요. 프리미엄 헬스테크 브랜드, 슬룸입니다.
진심 어린 소중한 후기 감사합니다. 💜

앞으로도 좋은 상품과 서비스로 고객님들을 찾아뵐 수 있도록 노력하겠습니다.
감사합니다. :)"
114679,2026-06-03 00:00:00,,,"남편이 사줬는데 처음엔 별 기대 없이 썼어요. 한 달 지나니까 고관절 통증이 확연히 줄고 아침에 일어나는 게 다르더라고요. 비틀기 모드가 제일 효과적이었고, 온열 2단계로 맞춰서 매일 저녁 쓰고 있어요.",7fbde9d717ec,,966,골반 케어 프리미엄 골반 마사지기,191000,,기존리뷰,5,,0,0,1,"안녕하세요. 프리미엄 헬스테크 브랜드, 슬룸입니다.
시간 내어 소중한 후기를 작성해 주셔서 감사드립니다. :)

믿고 찾는 쇼핑몰이 되기 위해 더 좋은 상품과 서비스를 준비하겠습니다.
감사합니다. 💜"
114680,2026-06-04 00:00:00,,,골반 비대칭으로 신발이 한쪽만 닳는 게 항상 신경 쓰였어요. 에어백이 양쪽을 균일하게 케어해주니까 꾸준히 쓰면서 걸을 때 균형이 달라지는 게 느껴져요. 고관절 통증도 같이 줄었어요.,d39bcc467898,,966,골반 케어 프리미엄 골반 마사지기,191000,,기존리뷰,4,,0,0,1,"안녕하세요. 프리미엄 헬스테크 브랜드, 슬룸입니다.
진심 어린 소중한 후기 감사합니다. 💜

앞으로도 좋은 상품과 서비스로 고객님들을 찾아뵐 수 있도록 노력하겠습니다.
감사합니다. :)"
114684,2026-06-02 00:00:00,,,지인 추천으로 샀는데 추천해준 친구한테 고맙다고 했어요. 고관절 통증이 있었는데 비틀기 모드 꾸준히 쓰면서 3주 만에 확연히 달라졌거든요. 온열이랑 같이 쓰면 근육 이완이 빠른 것 같아서 꼭 함께 써요.,be12e65ddcf3,,966,골반 케어 프리미엄 골반 마사지기,191000,,기존리뷰,5,,0,0,1,"안녕하세요. 프리미엄 헬스테크 브랜드, 슬룸입니다.
시간 내어 소중한 후기를 작성해 주셔서 감사드립니다. :)

믿고 찾는 쇼핑몰이 되기 위해 더 좋은 상품과 서비스를 준비하겠습니다.
감사합니다. 💜"
114686,2026-06-03 00:00:00,,,"허리랑 골반이 아픈 게 고관절까지 연결된다는 걸 이 제품 알아보면서 알게 됐어요. 다 연결된 문제라는 게 납득이 됐고, 3가지 모드가 각 부위를 케어한다는 게 논리적이었어요. 실제로 써보니 모드마다 느낌이 달라서 상태에 따라 골라 쓰는 게 맞는 것 같아요.",66fd27c88303,,966,골반 케어 프리미엄 골반 마사지기,191000,,기존리뷰,5,,0,0,1,"안녕하세요. 프리미엄 헬스테크 브랜드, 슬룸입니다.
진심 어린 소중한 후기 감사합니다. 💜

앞으로도 좋은 상품과 서비스로 고객님들을 찾아뵐 수 있도록 노력하겠습니다.
감사합니다. :)"
114708,2026-06-04 00:00:00,,,3개 모드 다 써보고 나서 저한테는 순서가 생겼어요. 조이기로 시작해서 비틀기로 고관절 이완하고 펴주기로 마무리. 이 순서로 쓰면 전체적으로 골반이 정돈되는 느낌이에요.,230fddc18270,,966,골반 케어 프리미엄 골반 마사지기,191000,,기존리뷰,5,,0,0,1,"안녕하세요. 프리미엄 헬스테크 브랜드, 슬룸입니다.
정성스럽게 올려주신 소중한 후기 감사합니다. 💜

고객님의 목소리로 더 발전하는 슬룸이 되도록 노력하겠습니다.
감사합니다. 🙇‍♀️"
114710,2026-06-01 00:00:00,,,생활 습관이 안 좋아서 골반 비틀림이 심하다는 말을 오래 들었어요. 에어백 8개가 골반을 전체적으로 케어해주니까 편중 없이 균형 잡히는 것 같아요. 고관절 통증도 두 달 만에 많이 줄었어요.,6c1cbd6b7d82,,966,골반 케어 프리미엄 골반 마사지기,191000,,기존리뷰,5,,0,0,1,"안녕하세요. 프리미엄 헬스테크 브랜드, 슬룸입니다.
정성스럽게 올려주신 소중한 후기 감사합니다. 💜

고객님의 목소리로 더 발전하는 슬룸이 되도록 노력하겠습니다.
감사합니다. 🙇‍♀️"
114714,2026-06-01 00:00:00,,,"골반통이 항상 있어서 만성처럼 느꼈는데, 조이기 모드로 꾸준히 케어하면서 많이 줄었어요. 에어백이 규칙적으로 조여줬다 풀어줬다 하는 리듬이 근육 이완에 효과적인 것 같아요.",70d848e66421,,966,골반 케어 프리미엄 골반 마사지기,191000,,기존리뷰,5,,0,0,1,"안녕하세요. 프리미엄 헬스테크 브랜드, 슬룸입니다.
시간 내어 소중한 후기를 작성해 주셔서 감사드립니다. :)

믿고 찾는 쇼핑몰이 되기 위해 더 좋은 상품과 서비스를 준비하겠습니다.
감사합니다. 💜"
114730,2026-06-02 00:00:00,,,허리 통증이 골반에서 비롯된다는 걸 알고 골반 케어 제품 찾다가 이걸 선택했어요. 펴주기 모드가 허리랑 골반 연결 부위를 이완시켜 주는 느낌이 딱 맞아요. 고관절 통증도 비틀기 모드로 같이 관리하고 있어요.,f007470f251d,,966,골반 케어 프리미엄 골반 마사지기,191000,,기존리뷰,5,,0,0,1,"안녕하세요. 프리미엄 헬스테크 브랜드, 슬룸입니다.
정성스럽게 올려주신 소중한 후기 감사합니다. 💜

고객님의 목소리로 더 발전하는 슬룸이 되도록 노력하겠습니다.
감사합니다. 🙇‍♀️"
114732,2026-06-03 00:00:00,,,골반통이 항상 있었는데 이게 고관절 통증으로 이어진다는 걸 이 제품 알아보면서 알게 됐어요. 골반부터 케어하니까 연결된 통증도 같이 해결된다는 원리가 실제로 통하더라고요. 2개월 쓰면서 두 통증 다 많이 줄었어요.,53ff66a24f97,,966,골반 케어 프리미엄 골반 마사지기,191000,,기존리뷰,5,,0,0,1,"안녕하세요. 프리미엄 헬스테크 브랜드, 슬룸입니다.
정성스럽게 올려주신 소중한 후기 감사합니다. 💜

고객님의 목소리로 더 발전하는 슬룸이 되도록 노력하겠습니다.
감사합니다. 🙇‍♀️"
114734,2026-06-02 00:00:00,,,고관절에 부담이 크다는 걸 알고 있었는데 100kg까지 된다는 거 보고 마음 놓고 샀어요. 고관절 통증이 오래됐었는데 꾸준히 쓰면서 나아지고 있어요. 조이기 모드가 골반을 탄탄하게 잡아주는 느낌이라 안정감이 있어요.,f6be5b90c390,,966,골반 케어 프리미엄 골반 마사지기,191000,,기존리뷰,5,,0,0,1,"안녕하세요. 프리미엄 헬스테크 브랜드, 슬룸입니다.
진심 어린 소중한 후기 감사합니다. 💜

앞으로도 좋은 상품과 서비스로 고객님들을 찾아뵐 수 있도록 노력하겠습니다.
감사합니다. :)"
114735,2026-06-04 00:00:00,,,"신체 비대칭이 있어서 항상 한쪽 허리만 아팠는데, 골반부터 균형 잡아주니까 달라지고 있어요. 에어백이 양쪽을 균일하게 케어해주는 게 핵심인 것 같아요. 고관절 통증도 함께 줄었어요.",36a2e6f8b140,,966,골반 케어 프리미엄 골반 마사지기,191000,,기존리뷰,4,,0,0,1,"안녕하세요. 프리미엄 헬스테크 브랜드, 슬룸입니다.
진심 어린 소중한 후기 감사합니다. 💜

앞으로도 좋은 상품과 서비스로 고객님들을 찾아뵐 수 있도록 노력하겠습니다.
감사합니다. :)"
114738,2026-06-01 00:00:00,,,1일 2~3회 이상 쓰지 말라는 주의사항 보고 아침 저녁 15분씩으로 루틴 잡았어요. 이 루틴 한 달째인데 고관절 통증이 거의 없어졌어요. 적당히 쓰는 게 오히려 더 효과적인 것 같아요.,ab4901cf567f,,966,골반 케어 프리미엄 골반 마사지기,191000,,기존리뷰,5,,0,0,1,"안녕하세요. 프리미엄 헬스테크 브랜드, 슬룸입니다.
시간 내어 소중한 후기를 작성해 주셔서 감사드립니다. :)

믿고 찾는 쇼핑몰이 되기 위해 더 좋은 상품과 서비스를 준비하겠습니다.
감사합니다. 💜"
114741,2026-06-04 00:00:00,,,추운 날 고관절 통증이 심해지는 편인데 온열 기능이 있어서 겨울에 특히 잘 쓰게 돼요. 50도 세팅으로 비틀기 모드 쓰면 몸 전체가 따뜻해지면서 고관절이 풀리는 느낌이에요.,3f27ee7b4d06,,966,골반 케어 프리미엄 골반 마사지기,191000,,기존리뷰,5,,0,0,1,"안녕하세요. 프리미엄 헬스테크 브랜드, 슬룸입니다.
시간 내어 소중한 후기를 작성해 주셔서 감사드립니다. :)

믿고 찾는 쇼핑몰이 되기 위해 더 좋은 상품과 서비스를 준비하겠습니다.
감사합니다. 💜"
114746,2026-06-04 00:00:00,,,사용법대로 앉아서 날개 에어백 접히지 않게 골반 바로 대는 것부터 신경 쓰니까 자극이 훨씬 정확하게 들어와요. 처음에 아무렇게나 앉아서 쓸 때랑 확실히 달라요.,5d1d51348f2f,,966,골반 케어 프리미엄 골반 마사지기,191000,,기존리뷰,4,,0,0,1,"안녕하세요. 프리미엄 헬스테크 브랜드, 슬룸입니다.
시간 내어 소중한 후기를 작성해 주셔서 감사드립니다. :)

믿고 찾는 쇼핑몰이 되기 위해 더 좋은 상품과 서비스를 준비하겠습니다.
감사합니다. 💜"
114748,2026-06-01 00:00:00,,,처음엔 조이기 모드만 계속 쓰다가 3가지 모두 써보니까 달라졌어요. 각 모드가 다른 부위를 케어하는 거라 번갈아 쓰면 전체적으로 균형 있게 좋아지는 느낌이에요. 고관절 통증도 더 빠르게 줄어든 것 같아요.,e1898376d1ad,,966,골반 케어 프리미엄 골반 마사지기,191000,,기존리뷰,5,,0,0,1,"안녕하세요. 프리미엄 헬스테크 브랜드, 슬룸입니다.
정성스럽게 올려주신 소중한 후기 감사합니다. 💜

고객님의 목소리로 더 발전하는 슬룸이 되도록 노력하겠습니다.
감사합니다. 🙇‍♀️"
114751,2026-06-04 14:09:55,2026-06-01 02:47:08,2026-06-02 13:44:10,"허리편한케어 v1을 몇년전에 구매해서 사용하다가 허리가 괜찮아지니까 안쓰게 됐고 다시 허리가 안좋아져서 사용하려다보니 충전케이블이 안보여서 급하게 주문했네요. 
주문한날 바로 다음날와서 바로 충전하고 사용중입니다. 
배송빠르고 좋네요.  ",92986a6017ef,,376,허리편한케어 V1 전용 케이블,5000,,반응형(내리뷰),5,,1,0,1,"안녕하세요. 프리미엄 헬스테크 브랜드, 슬룸입니다.
정성스럽게 올려주신 소중한 후기 감사합니다. 💜

고객님의 목소리로 더 발전하는 슬룸이 되도록 노력하겠습니다.
감사합니다. 🙇‍♀️"
114752,2026-06-04 14:32:16,2026-05-31 19:38:26,2026-06-02 18:53:48,"확실한  배송으로 잘받아서 사용테스트 중입니다
협착증  시술 1년이 지났지만 똑같은 현상중이었는데
우연히 허리편한케어 V2제품을  알게되어
구매하여 사용중입니다
1개월  사용후 진행 사항 후기  올려보겠습니다
그리고 EMS 버튼에는 업,다운 기능이
있었으면  합니다
사용중에 다운 시킬수가 없어서  최고까지
갔다가  처음부터 사작 해야되는데
최고치로 올라경우 너무 세서
깜짝  놀랬습니다 ㅎ",9a4e52cf0cf2,,636,허리편한케어 V2 허리 마사지기,131000,수량선택: 허리편한케어 V2 1개,모바일,4,,2,0,1,"안녕하세요. 프리미엄 헬스테크 브랜드, 슬룸입니다.
시간 내어 소중한 후기를 작성해 주셔서 감사드립니다. :)

믿고 찾는 쇼핑몰이 되기 위해 더 좋은 상품과 서비스를 준비하겠습니다.
감사합니다. 💜"
114753,2026-06-04 18:39:45,2026-06-01 22:15:57,2026-06-04 14:10:15,"디자인도 제품도 마음에 듭니다
기대한 만큼 발케어가 잘되면 좋겠네요",ff1a5f989b56,,645,발편한케어 프리미엄 발 마사지기,91000,"버전&세트선택: 프로, 사이즈&세트선택: F(220-270mm), 수량선택: 발편한케어 프로 1개",반응형(내리뷰),5,,2,0,1,"안녕하세요. 프리미엄 헬스테크 브랜드, 슬룸입니다.
시간 내어 소중한 후기를 작성해 주셔서 감사드립니다. :)

믿고 찾는 쇼핑몰이 되기 위해 더 좋은 상품과 서비스를 준비하겠습니다.
감사합니다. 💜"
114754,2026-06-04 09:00:05,2026-06-01 09:29:35,2026-06-02 18:53:59,남편 족저근막염땜에 프리미엄 사서 써보다 좋아서 남편과 따로 사용하려고 하나 더 구입했어요. 좋아요.,,,979,[상가의 안녕히살아보기x슬룸] 구독자 전용 ★초특가★ 비밀링크,84900,수량선택: 발편한케어 데일리 M 1개,기존리뷰,5,,1,0,1,"안녕하세요. 프리미엄 헬스테크 브랜드, 슬룸입니다.
정성스럽게 올려주신 소중한 후기 감사합니다. 💜

고객님의 목소리로 더 발전하는 슬룸이 되도록 노력하겠습니다.
감사합니다. 🙇‍♀️"
114755,2026-06-04 09:20:37,2026-05-21 11:22:55,2026-05-22 13:17:00,매일 챙겨서 해보려고요!,,,966,골반 케어 프리미엄 골반 마사지기,191000,수량선택: 골반 마사지기 1개,기존리뷰,5,,1,0,1,"안녕하세요. 프리미엄 헬스테크 브랜드, 슬룸입니다.
정성스럽게 올려주신 소중한 후기 감사합니다. 💜

고객님의 목소리로 더 발전하는 슬룸이 되도록 노력하겠습니다.
감사합니다. 🙇‍♀️"
114756,2026-06-04 09:54:16,2026-06-01 09:43:40,2026-06-02 13:45:48,사용하기 편해요ㅎㅎ,,,918,허리편한케어 V1 스트레칭 마사지기,99000,수량선택: 허리편한케어 V1 1개,기존리뷰,5,,1,0,1,"안녕하세요. 프리미엄 헬스테크 브랜드, 슬룸입니다.
진심 어린 소중한 후기 감사합니다. 💜

앞으로도 좋은 상품과 서비스로 고객님들을 찾아뵐 수 있도록 노력하겠습니다.
감사합니다. :)"
114757,2026-06-04 12:15:32,2026-05-31 23:07:15,2026-06-02 18:53:48,목마지기 필요했는데 마침 상가님프로모션 보고 구매했는데 가격도 저렴하게 잘주문한것 같아요.다만 사용중 소음은 좀있습니다,,,979,[상가의 안녕히살아보기x슬룸] 구독자 전용 ★초특가★ 비밀링크,84900,수량선택: 목 마사지 베개 V2 1개,기존리뷰,4,,0,0,1,"안녕하세요. 프리미엄 헬스테크 브랜드, 슬룸입니다.
시간 내어 소중한 후기를 작성해 주셔서 감사드립니다. :)

믿고 찾는 쇼핑몰이 되기 위해 더 좋은 상품과 서비스를 준비하겠습니다.
감사합니다. 💜"
114758,2026-06-04 13:02:40,2026-06-01 12:50:50,2026-06-02 10:47:58,시원하네요조금더써볼께요,,,909,목 마사지 베개 V2 경추 마사지기 베개,112000,수량선택: 목 마사지 베개 V2 1개,기존리뷰,5,,0,0,1,"안녕하세요. 프리미엄 헬스테크 브랜드, 슬룸입니다.
시간 내어 소중한 후기를 작성해 주셔서 감사드립니다. :)

믿고 찾는 쇼핑몰이 되기 위해 더 좋은 상품과 서비스를 준비하겠습니다.
감사합니다. 💜"
114759,2026-06-04 15:20:27,2026-06-02 02:02:30,2026-06-04 14:13:37,"배송 잘 포장해서 빠르게 보내 주셨네요.
이전 제품 사용해봐서 좋을 것 같아요.",,,966,골반 케어 프리미엄 골반 마사지기,191000,수량선택: 바디 밸런스 케어 세트 (골반 마사지기 + 허리베개) + 마그네슘 시너지 크림 1개 증정,기존리뷰,5,,0,0,1,"안녕하세요. 프리미엄 헬스테크 브랜드, 슬룸입니다.
진심 어린 소중한 후기 감사합니다. 💜

앞으로도 좋은 상품과 서비스로 고객님들을 찾아뵐 수 있도록 노력하겠습니다.
감사합니다. :)"
114760,2026-06-04 16:26:08,2026-04-29 09:05:50,2026-04-30 16:03:00,진동으로 꼬리뼈가 아파요.,,,100,허리편한케어 V1 허리 마사지기,129000,수량선택: 허리편한케어 V1 1개,기존리뷰,3,,0,0,1,"안녕하세요 고객님, 프리미엄 헬스테크 브랜드, 슬룸입니다.
고객님께 만족스러운 경험을 드리지 못해 대단히 죄송합니다.😥

슬룸의 모든 제품은 인체공학적으로 설계되어 편안한 사용이 가능하나 초기 사용 시 1~2주 이상의 적응 기간이 필요할 수 있습니다. 
다만 수령하신 날짜 기준으로 30일 동안 꾸준히 사용해보시고도 만족하지 못하셨을 경우에는, 슬룸에서 진행하는 <100%환불이벤트> 에 참여하여 왕복배송비 제외 전액 환불이 가능합니다.

※ 제품을 30일간 꾸준히 사용한 경우, 배송완료 후 40일이내 신청이 가능
※ 환불 서비스는 첫 구매 체험을 위한 서비스로 1회만 신청 가능

▶ <100% 환불 이벤트> 상세 환불 조건 : https://sleeplab.co.kr/notice/?q=YToxOntzOjEyOiJrZXl3b3JkX3R5cGUiO3M6MzoiYWxsIjt9&bmode=view&idx=13709226&t=board 

슬룸을 믿고 편하게 사용 및 체험해보시고, 그럼에도 만족하시지 못하셨을 경우 슬룸 공식몰의 채널톡을 통해 이벤트 기간 내 문의 주시면 환불 접수 도움드리겠습니다."
114761,2026-06-04 16:34:07,2026-06-01 18:29:30,2026-06-04 14:10:29,잘 받았습니다~~^^,,,918,허리편한케어 V1 스트레칭 마사지기,99000,수량선택: 허리편한케어 V1 1개,기존리뷰,5,,1,0,1,"안녕하세요. 프리미엄 헬스테크 브랜드, 슬룸입니다.
진심 어린 소중한 후기 감사합니다. 💜

앞으로도 좋은 상품과 서비스로 고객님들을 찾아뵐 수 있도록 노력하겠습니다.
감사합니다. :)"
114762,2026-06-04 17:44:01,2026-04-21 20:27:00,2026-04-23 15:22:00,신랑이 베게로 쓰려고 샀는데 좀 작아서 큰거 좋아하시는 분들은 조금 불편할수도 있어요~,,,291,목베개 플러스 경추 목 마사지기 베개,91000,"버전&세트선택: V1, 수량선택: 목베개 플러스 1개 (마그네슘 시너지 크림 30ml 1개 증정)",기존리뷰,5,,0,0,1,"안녕하세요. 프리미엄 헬스테크 브랜드, 슬룸입니다.
시간 내어 소중한 후기를 작성해 주셔서 감사드립니다. :)

믿고 찾는 쇼핑몰이 되기 위해 더 좋은 상품과 서비스를 준비하겠습니다.
감사합니다. 💜"
114763,2026-06-04 21:00:31,2026-05-17 10:21:50,2026-05-19 18:42:00,"이거 좋긴좋아요!! 확실히 발바닥이 덜 아프데요!
저도 족저근막염있어서 쓰는데 좋아요",,,757,★최대할인 비밀링크★ 발편한케어 프리미엄 발 마사지기,89000,"사이즈선택: L (250 - 295mm), 수량선택: 발편한케어 V1 1개",기존리뷰,5,,0,0,1,"안녕하세요. 프리미엄 헬스테크 브랜드, 슬룸입니다.
정성스럽게 올려주신 소중한 후기 감사합니다. 💜

고객님의 목소리로 더 발전하는 슬룸이 되도록 노력하겠습니다.
감사합니다. 🙇‍♀️"
114764,2026-06-04 22:25:53,2026-05-30 20:14:10,2026-06-02 13:45:36,여행가면 기본 2만보를 걸어서 반바닥이 너무 아파서 구매했어요 효과가 좋았으면 합니다,,,924,발편한케어 프리미엄 EMS 발 마사지기,89000,"버전&세트선택: V1, 사이즈&세트선택: M (220-270mm), 수량선택: 발편한케어 V1 1개",기존리뷰,5,,1,0,1,"안녕하세요. 프리미엄 헬스테크 브랜드, 슬룸입니다.
정성스럽게 올려주신 소중한 후기 감사합니다. 💜

고객님의 목소리로 더 발전하는 슬룸이 되도록 노력하겠습니다.
감사합니다. 🙇‍♀️"
114765,2026-06-05 07:51:52,2026-05-11 13:35:05,2026-05-12 15:37:00,"고속충전기 사용하면 고장나요
무상수리도 안되요
4만원가량 수림비 요구해요
효과는 그닥",0f4e42e29b53,,909,목 마사지 베개 V2 경추 마사지기 베개,112000,수량선택: 목 마사지 베개 V2 1개 (마그네슘 시너지 크림 30ml 1개 증정),모바일(상품리뷰),1,,0,0,1,"안녕하세요. 프리미엄 헬스테크 브랜드, 슬룸입니다.
고객님께 만족스러운 경험을 드리지 못해 대단히 죄송합니다. 😥

리뷰로는 상세한 안내가 어려워, 자세한 내용 알림톡(문자) 발송 도와드렸으니 확인 부탁드리겠습니다.
추가로 궁금하신 점이 있으시거나 문자 확인하신 후에도 해결되지 않는 경우
번거로우시겠지만 슬룸 채팅 상담을 통해 연락 주시면 빠르게 안내 도와드리겠습니다.

▶ 슬룸 채팅 상담 (※ 월-목 09:30-17:00, 금 09:30-16:00, 주말 및 공휴일 휴무)
http://sloom.channel.io/

고객님의 목소리로 더 발전하는 슬룸이 되도록 노력하겠습니다. 감사합니다."
114766,2026-06-05 08:12:43,2026-06-01 21:26:06,2026-06-04 20:09:03,"본 제품은 괜찮은데...부속품이 문제가 있네요.
충전 단자가 휘어져 있었네요..

다음부터는 확인잘해주세요.. ",0532136c06c1,,909,목 마사지 베개 V2 경추 마사지기 베개,112000,수량선택: 목 마사지 베개 V2 2개,모바일,3,,2,0,1,"안녕하세요. 프리미엄 헬스테크 브랜드, 슬룸입니다.
고객님께 만족스러운 경험을 드리지 못해 대단히 죄송합니다. 😥

리뷰로는 상세한 안내가 어려워, 자세한 내용 알림톡(문자) 발송 도와드렸으니 확인 부탁드리겠습니다.
추가로 궁금하신 점이 있으시거나 문자 확인하신 후에도 해결되지 않는 경우
번거로우시겠지만 슬룸 채팅 상담을 통해 연락 주시면 빠르게 안내 도와드리겠습니다.

▶ 슬룸 채팅 상담 (※ 월-목 09:30-17:00, 금 09:30-16:00, 주말 및 공휴일 휴무)
http://sloom.channel.io/

고객님의 목소리로 더 발전하는 슬룸이 되도록 노력하겠습니다. 감사합니다."
114767,2026-06-05 10:20:11,2026-05-29 20:58:56,,베개만 딸랑 왔고 설명서ㆍ 품질확인서ㆍ 케이블 모두 누락 ㆍㅅ사용하다가 반품된 제품이 오지 않았나 하는 생걱이. 들었음 ㆍ교환 요청한 상태임,a55fe79f5cec,,909,목 마사지 베개 V2 경추 마사지기 베개,112000,수량선택: 목 마사지 베개 V2 1개,모바일(팝업),1,,1,0,1,"안녕하세요 고객님, 프리미엄 헬스테크 브랜드, 슬룸입니다.
고객님께 만족스러운 경험을 드리지 못해 대단히 죄송합니다.😥

슬룸 고객센터 통하여 관련 안내 받으신 것으로 확인됩니다.

다시 한번 불편을 드려 죄송하다는 말씀 전달드리며, 더 나은 경험을 제공할 수 있는 슬룸이 되도록 노력하겠습니다.
감사합니다."
114768,2026-06-05 23:03:10,2026-05-24 19:48:16,2026-05-27 18:45:16,목 풀어주는데 도움이 되요~ 따로 마사지할 시간없는데 그냥 자기전에 버튼 누르고 자면 되서 편해요~ 벼개로 사용해도 좋아요~^^,1ed1daa91b6d,,909,목 마사지 베개 V2 경추 마사지기 베개,112000,수량선택: 목 마사지 베개 V2 1개,모바일,5,,1,0,1,"안녕하세요. 프리미엄 헬스테크 브랜드, 슬룸입니다.
정성스럽게 올려주신 소중한 후기 감사합니다. 💜

고객님의 목소리로 더 발전하는 슬룸이 되도록 노력하겠습니다.
감사합니다. 🙇‍♀️"
114769,2026-06-05 12:46:10,2026-05-31 23:57:05,2026-06-02 12:44:00,"생각보다 너무 좋아요
강추",,,909,목 마사지 베개 V2 경추 마사지기 베개,112000,수량선택: 목 마사지 베개 V2 1개,기존리뷰,5,,0,0,1,"안녕하세요. 프리미엄 헬스테크 브랜드, 슬룸입니다.
정성스럽게 올려주신 소중한 후기 감사합니다. 💜

고객님의 목소리로 더 발전하는 슬룸이 되도록 노력하겠습니다.
감사합니다. 🙇‍♀️"
114770,2026-06-05 13:00:36,2026-05-31 11:23:50,2026-06-02 16:20:44,"굿 너무 좋아요
매일 매일 쓰고 있어요
남편도 저도 대만족합니다.",,,980,프리미엄 엘보케어 팔꿈치 마사지기,149000,수량선택: 데일리 릴렉스 세트 (팔꿈치 마사지기 + 마그네슘 시너지 크림),기존리뷰,5,,0,0,1,"안녕하세요. 프리미엄 헬스테크 브랜드, 슬룸입니다.
진심 어린 소중한 후기 감사합니다. 💜

앞으로도 좋은 상품과 서비스로 고객님들을 찾아뵐 수 있도록 노력하겠습니다.
감사합니다. :)"
114771,2026-06-05 14:21:35,2026-03-15 23:50:40,2026-03-17 13:41:00,몇년째 몇번을 시켜 먹는건지 ㅋ,,,291,목베개 플러스 경추 목 마사지기 베개,91000,수량선택: 목베개 플러스 1개,기존리뷰,5,,0,0,1,"안녕하세요. 프리미엄 헬스테크 브랜드, 슬룸입니다.
진심 어린 소중한 후기 감사합니다. 💜

앞으로도 좋은 상품과 서비스로 고객님들을 찾아뵐 수 있도록 노력하겠습니다.
감사합니다. :)"
114772,2026-06-05 18:28:00,2026-06-03 21:08:30,2026-06-05 16:15:32,리뷰보고 구매했지만..가격대비 기능이 좋아서 구매했습니다. 부모님이 좋아하겠어요. 잘 쓰겠습니다.,,,636,허리편한케어 V2 허리 마사지기,131000,수량선택: 허리편한케어 V2 1개,기존리뷰,5,,0,0,1,"안녕하세요. 프리미엄 헬스테크 브랜드, 슬룸입니다.
진심 어린 소중한 후기 감사합니다. 💜

앞으로도 좋은 상품과 서비스로 고객님들을 찾아뵐 수 있도록 노력하겠습니다.
감사합니다. :)"
114773,2026-06-05 21:47:02,2026-06-04 07:12:50,2026-06-05 16:18:24,우리딸 취업선물로 사줬는데 만족합니다,,,909,목 마사지 베개 V2 경추 마사지기 베개,112000,수량선택: 목 마사지 베개 V2 1개,기존리뷰,5,,1,0,1,"안녕하세요. 프리미엄 헬스테크 브랜드, 슬룸입니다.
시간 내어 소중한 후기를 작성해 주셔서 감사드립니다. :)

믿고 찾는 쇼핑몰이 되기 위해 더 좋은 상품과 서비스를 준비하겠습니다.
감사합니다. 💜"
114774,2026-06-05 22:30:55,2026-05-31 08:04:20,2026-06-02 16:18:57,요즘 눈피로가 있어 주문해서 사용해보니 눈의 피로가 풀리는것 같아 좋아요,,,468,눈편한케어 온열 진동 눈 마사지기,69900,수량선택: 눈편한케어 1개,기존리뷰,5,,1,0,1,"안녕하세요. 프리미엄 헬스테크 브랜드, 슬룸입니다.
정성스럽게 올려주신 소중한 후기 감사합니다. 💜

고객님의 목소리로 더 발전하는 슬룸이 되도록 노력하겠습니다.
감사합니다. 🙇‍♀️"
114775,2026-06-06 00:22:17,2026-05-24 00:23:30,2026-05-27 18:50:00,발이 늘 말썽이라 매일 해보고 있어요 :),,,757,★최대할인 비밀링크★ 발편한케어 프리미엄 발 마사지기,89000,"사이즈선택: L (250 - 295mm), 수량선택: 발편한케어 V1 1개",기존리뷰,5,,1,0,1,"안녕하세요. 프리미엄 헬스테크 브랜드, 슬룸입니다.
진심 어린 소중한 후기 감사합니다. 💜

앞으로도 좋은 상품과 서비스로 고객님들을 찾아뵐 수 있도록 노력하겠습니다.
감사합니다. :)"
114776,2026-06-06 02:04:40,2026-03-12 08:27:30,2026-03-13 15:32:00,아주 만족스럽습니다.,,,636,허리편한케어 V2 허리 마사지기,131000,수량선택: 허리편한케어 V2 1개 (허리베개 1개 증정),기존리뷰,5,,0,0,1,"안녕하세요. 프리미엄 헬스테크 브랜드, 슬룸입니다.
진심 어린 소중한 후기 감사합니다. 💜

앞으로도 좋은 상품과 서비스로 고객님들을 찾아뵐 수 있도록 노력하겠습니다.
감사합니다. :)"
114777,2026-06-06 09:30:09,2026-05-29 10:33:42,2026-05-30 13:47:16,"너무 좋아요!!
매일 폼플러로 허리 마사지 해줬었는데
슬룸 허리편한케어 구매하고 ems로 마사지하니깐 최고네요!!
매일 사용중입니다 ㅎㅎ",764100203f46,,636,허리편한케어 V2 허리 마사지기,131000,수량선택: 허리편한케어 V2 1개,모바일(팝업),5,,1,0,1,"안녕하세요. 프리미엄 헬스테크 브랜드, 슬룸입니다.
진심 어린 소중한 후기 감사합니다. 💜

앞으로도 좋은 상품과 서비스로 고객님들을 찾아뵐 수 있도록 노력하겠습니다.
감사합니다. :)"
114778,2026-06-06 09:53:41,2026-05-31 15:50:27,2026-06-05 14:38:24,"2번정도 써봤는데  마사지 하는건 그냥저냥 쓸만한데  온열기능은 1단계는 차갑고 ㅠ  2단계도 따듯하지도 않고   그걸 개선해야 할것같네요..
금액도 싼편도 아닌데  좀  실망스러운편입니다.",e54716b3cebf,,468,눈편한케어 온열 진동 눈 마사지기,69900,수량선택: 눈편한케어 1개,모바일,3,,1,0,1,"안녕하세요 고객님, 프리미엄 헬스테크 브랜드, 슬룸입니다.
고객님께 만족스러운 경험을 드리지 못해 대단히 죄송합니다.😥

슬룸의 모든 제품은 인체공학적으로 설계되어 편안한 사용이 가능하나 초기 사용 시 1~2주 이상의 적응 기간이 필요할 수 있습니다. 
다만 수령하신 날짜 기준으로 30일 동안 꾸준히 사용해보시고도 만족하지 못하셨을 경우에는, 슬룸에서 진행하는 <100%환불이벤트> 에 참여하여 왕복배송비 제외 전액 환불이 가능합니다.

※ 제품을 30일간 꾸준히 사용한 경우, 배송완료 후 40일이내 신청이 가능
※ 환불 서비스는 첫 구매 체험을 위한 서비스로 1회만 신청 가능

▶ <100% 환불 이벤트> 상세 환불 조건 : https://sleeplab.co.kr/notice/?q=YToxOntzOjEyOiJrZXl3b3JkX3R5cGUiO3M6MzoiYWxsIjt9&bmode=view&idx=13709226&t=board 

슬룸을 믿고 편하게 사용 및 체험해보시고, 그럼에도 만족하시지 못하셨을 경우 슬룸 공식몰의 채널톡을 통해 이벤트 기간 내 문의 주시면 환불 접수 도움드리겠습니다."
114779,2026-06-06 09:58:17,2026-05-28 21:34:22,,"받고첫날바로 고장
전원버튼안먹혀서 꺼지도않고 베터리없어질때까지기다려야했습니다
바로교환요청
동영상첨부했었고
3일뒤다시받고
어제.오늘 하는데
또 같은 고장입니다
짜증나서 못쓸것같아반품요청합니다",2077bdea1dfd,,909,목 마사지 베개 V2 경추 마사지기 베개,112000,수량선택: 목 마사지 베개 V2 1개,반응형(내리뷰),1,동영상 리뷰,0,1,1,"안녕하세요 고객님, 프리미엄 헬스테크 브랜드, 슬룸입니다.

소중한 후기 남겨주셔서 감사드리며, 기대하셨던 것만큼 만족감을 드리지 못한 점 진심으로 사과드립니다. 😥

제품 불량 관련하여 슬룸 고객센터에서 안내 받으신 것으로 확인됩니다.
다시 한번 더 불량으로 인해 불편을 드린 점에 죄송하다는 말씀 전달드립니다.

고객님의 의견을 수렴하여 더 발전하는 슬룸이 되도록 노력하겠습니다. 감사합니다."
114780,2026-06-06 10:04:41,2026-05-31 15:50:27,,"4일째  쓰고 있는데  좋네요 증상완화에만 도움이 되고 개선은 어찌될지는 모르겠네요  더 써봐야 알것같아요
금액값어치를 했으면 좋겠는데  충전하고 몇번 못쓰네요
한번에 15분작동인데  하루에  30분정도 쓰고 아들도 쓰고  그러니  4일도  못썼어요..  충전 배터리용량이 컸음 하는 바램이..",e54716b3cebf,,909,목 마사지 베개 V2 경추 마사지기 베개,112000,수량선택: 목 마사지 베개 V2 1개,반응형(내리뷰),5,,1,0,1,"안녕하세요 고객님, 프리미엄 헬스테크 브랜드, 슬룸입니다.
고객님께 만족스러운 경험을 드리지 못해 대단히 죄송합니다.😥

슬룸의 모든 제품은 인체공학적으로 설계되어 편안한 사용이 가능하나 초기 사용 시 1~2주 이상의 적응 기간이 필요할 수 있습니다. 
다만 수령하신 날짜 기준으로 30일 동안 꾸준히 사용해보시고도 만족하지 못하셨을 경우에는, 슬룸에서 진행하는 <100%환불이벤트> 에 참여하여 왕복배송비 제외 전액 환불이 가능합니다.

※ 제품을 30일간 꾸준히 사용한 경우, 배송완료 후 40일이내 신청이 가능
※ 환불 서비스는 첫 구매 체험을 위한 서비스로 1회만 신청 가능

▶ <100% 환불 이벤트> 상세 환불 조건 : https://sleeplab.co.kr/notice/?q=YToxOntzOjEyOiJrZXl3b3JkX3R5cGUiO3M6MzoiYWxsIjt9&bmode=view&idx=13709226&t=board 

슬룸을 믿고 편하게 사용 및 체험해보시고, 그럼에도 만족하시지 못하셨을 경우 슬룸 공식몰의 채널톡을 통해 이벤트 기간 내 문의 주시면 환불 접수 도움드리겠습니다."
114781,2026-06-06 10:52:59,2026-06-03 18:07:22,2026-07-22 20:10:42,기존에 넥숄더 사용하고 있었는데 누워서 하고 싶어 구매했습니다 굉장히 시원하고 날개뼈도 자극해줘서 너무좋아요,2b3a427cad1b,,379,넥숄더 프로 목 어깨 마사지기,109000,수량선택: 넥숄더 프로 1개,반응형(내리뷰),5,,2,0,1,"안녕하세요. 프리미엄 헬스테크 브랜드, 슬룸입니다.
시간 내어 소중한 후기를 작성해 주셔서 감사드립니다. :)

믿고 찾는 쇼핑몰이 되기 위해 더 좋은 상품과 서비스를 준비하겠습니다.
감사합니다. 💜"
114782,2026-06-06 12:44:00,2026-06-03 20:31:32,2026-06-05 13:42:25,생각보다 별로입니다.,610240b827d5,,909,목 마사지 베개 V2 경추 마사지기 베개,112000,수량선택: 목 마사지 베개 V2 1개,반응형(내리뷰),1,,0,0,1,"안녕하세요 고객님, 프리미엄 헬스테크 브랜드, 슬룸입니다.
고객님께 만족스러운 경험을 드리지 못해 대단히 죄송합니다.😥

슬룸의 모든 제품은 인체공학적으로 설계되어 편안한 사용이 가능하나 초기 사용 시 1~2주 이상의 적응 기간이 필요할 수 있습니다. 
다만 수령하신 날짜 기준으로 30일 동안 꾸준히 사용해보시고도 만족하지 못하셨을 경우에는, 슬룸에서 진행하는 <100%환불이벤트> 에 참여하여 왕복배송비 제외 전액 환불이 가능합니다.

※ 제품을 30일간 꾸준히 사용한 경우, 배송완료 후 40일이내 신청이 가능
※ 환불 서비스는 첫 구매 체험을 위한 서비스로 1회만 신청 가능

▶ <100% 환불 이벤트> 상세 환불 조건 : https://sleeplab.co.kr/notice/?q=YToxOntzOjEyOiJrZXl3b3JkX3R5cGUiO3M6MzoiYWxsIjt9&bmode=view&idx=13709226&t=board 

슬룸을 믿고 편하게 사용 및 체험해보시고, 그럼에도 만족하시지 못하셨을 경우 슬룸 공식몰의 채널톡을 통해 이벤트 기간 내 문의 주시면 환불 접수 도움드리겠습니다."
114783,2026-06-06 18:07:49,2026-06-04 12:12:06,2026-06-05 20:02:00,사용하기 편하고 골반정렬에 도움이 되는 느낌입니다. 며칠 더  사용해보면 확실히 잘한 투지로 판단될것으로 확신합니다,678ff80598f4,,966,골반 케어 프리미엄 골반 마사지기,191000,수량선택: 골반 마사지기 1개,반응형(내리뷰),5,,1,0,1,"안녕하세요. 프리미엄 헬스테크 브랜드, 슬룸입니다.
정성스럽게 올려주신 소중한 후기 감사합니다. 💜

고객님의 목소리로 더 발전하는 슬룸이 되도록 노력하겠습니다.
감사합니다. 🙇‍♀️"
114784,2026-06-06 05:18:34,2026-05-06 04:14:35,2026-05-07 16:58:00,배송도 빠르고조으네요,,,291,목베개 플러스 경추 목 마사지기 베개,91000,수량선택: 목베개 플러스 1개 (마그네슘 시너지 크림 30ml 1개 증정),기존리뷰,5,,0,0,1,"안녕하세요. 프리미엄 헬스테크 브랜드, 슬룸입니다.
시간 내어 소중한 후기를 작성해 주셔서 감사드립니다. :)

믿고 찾는 쇼핑몰이 되기 위해 더 좋은 상품과 서비스를 준비하겠습니다.
감사합니다. 💜"
114785,2026-06-06 09:56:55,2026-05-14 17:39:15,2026-05-16 11:13:00,허리디스크로 너무 고생중 찾은 최고의 허리베개입니다.,,,39,허리베개 허리 편안 베개,43800,수량선택: 허리베개 1개,기존리뷰,5,,0,0,1,"안녕하세요. 프리미엄 헬스테크 브랜드, 슬룸입니다.
시간 내어 소중한 후기를 작성해 주셔서 감사드립니다. :)

믿고 찾는 쇼핑몰이 되기 위해 더 좋은 상품과 서비스를 준비하겠습니다.
감사합니다. 💜"
114786,2026-06-06 10:08:42,2026-05-07 10:30:45,2026-05-08 21:07:19,"제품 그성 최고 빠른배송 또한 좋았습니다
재구매의사 있습니다",,,757,★최대할인 비밀링크★ 발편한케어 프리미엄 발 마사지기,89000,"사이즈선택: L (250 - 295mm), 수량선택: 발편한케어 V1 1개",기존리뷰,5,,0,0,1,"안녕하세요. 프리미엄 헬스테크 브랜드, 슬룸입니다.
정성스럽게 올려주신 소중한 후기 감사합니다. 💜

고객님의 목소리로 더 발전하는 슬룸이 되도록 노력하겠습니다.
감사합니다. 🙇‍♀️"
114787,2026-06-06 14:04:10,2026-06-03 11:05:45,2026-06-06 13:05:00,"아직 사용전이라 잘모르나 괜찬을거 같네요
앉아보니 뭔가 꽉잡아주는 느낌이 듭니다
충전중이라 충전완료후 누워서 사용해 볼려고 합니다",,,966,골반 케어 프리미엄 골반 마사지기,191000,수량선택: 골반 마사지기 1개,기존리뷰,5,,0,0,1,"안녕하세요. 프리미엄 헬스테크 브랜드, 슬룸입니다.
진심 어린 소중한 후기 감사합니다. 💜

앞으로도 좋은 상품과 서비스로 고객님들을 찾아뵐 수 있도록 노력하겠습니다.
감사합니다. :)"
114788,2026-06-06 15:04:14,2026-05-24 11:02:40,2026-05-27 18:22:00,처음엔 편해요.  조금 오래베고있으면 목을 너무감싸는 느낌이라 답답해요,,,909,목 마사지 베개 V2 경추 마사지기 베개,112000,수량선택: 목 마사지 베개 V2 1개,기존리뷰,4,,0,0,1,"안녕하세요 고객님, 프리미엄 헬스테크 브랜드, 슬룸입니다.
고객님께 만족스러운 경험을 드리지 못해 대단히 죄송합니다.😥

슬룸의 모든 제품은 인체공학적으로 설계되어 편안한 사용이 가능하나 초기 사용 시 1~2주 이상의 적응 기간이 필요할 수 있습니다. 
다만 수령하신 날짜 기준으로 30일 동안 꾸준히 사용해보시고도 만족하지 못하셨을 경우에는, 슬룸에서 진행하는 <100%환불이벤트> 에 참여하여 왕복배송비 제외 전액 환불이 가능합니다.

※ 제품을 30일간 꾸준히 사용한 경우, 배송완료 후 40일이내 신청이 가능
※ 환불 서비스는 첫 구매 체험을 위한 서비스로 1회만 신청 가능

▶ <100% 환불 이벤트> 상세 환불 조건 : https://sleeplab.co.kr/notice/?q=YToxOntzOjEyOiJrZXl3b3JkX3R5cGUiO3M6MzoiYWxsIjt9&bmode=view&idx=13709226&t=board 

슬룸을 믿고 편하게 사용 및 체험해보시고, 그럼에도 만족하시지 못하셨을 경우 슬룸 공식몰의 채널톡을 통해 이벤트 기간 내 문의 주시면 환불 접수 도움드리겠습니다."
114789,2026-06-06 16:50:54,2026-06-04 22:05:10,2026-06-06 15:05:00,배송 빠르고 좋아요!,,,924,발편한케어 프리미엄 EMS 발 마사지기,89000,"버전&세트선택: V1, 사이즈&세트선택: M (220-270mm), 수량선택: 발편한케어 V1 1개",기존리뷰,5,,1,0,1,"안녕하세요. 프리미엄 헬스테크 브랜드, 슬룸입니다.
정성스럽게 올려주신 소중한 후기 감사합니다. 💜

고객님의 목소리로 더 발전하는 슬룸이 되도록 노력하겠습니다.
감사합니다. 🙇‍♀️"
114790,2026-06-06 17:23:18,2026-06-05 07:22:15,2026-06-06 13:40:38,목이랑 어깨가 요즘 불편해서 구입했는데 며칠더 해봐야지 알듯합니다,,,909,목 마사지 베개 V2 경추 마사지기 베개,112000,수량선택: 목 마사지 베개 V2 1개 (허리베개 1개 증정),기존리뷰,4,,1,0,1,"안녕하세요. 프리미엄 헬스테크 브랜드, 슬룸입니다.
시간 내어 소중한 후기를 작성해 주셔서 감사드립니다. :)

믿고 찾는 쇼핑몰이 되기 위해 더 좋은 상품과 서비스를 준비하겠습니다.
감사합니다. 💜"
114791,2026-06-06 17:30:18,2026-06-03 19:50:35,2026-06-06 13:38:45,잘 받았어요 잘 쓸께요,,,909,목 마사지 베개 V2 경추 마사지기 베개,112000,수량선택: 목 마사지 베개 V2 1개,기존리뷰,4,,0,0,1,"안녕하세요. 프리미엄 헬스테크 브랜드, 슬룸입니다.
진심 어린 소중한 후기 감사합니다. 💜

앞으로도 좋은 상품과 서비스로 고객님들을 찾아뵐 수 있도록 노력하겠습니다.
감사합니다. :)"
114792,2026-06-06 17:56:42,2026-05-17 06:40:45,2026-05-19 17:27:00,충전기에 항상 같이 사용 해서 하는점 이 엄청 귀찮네요 왜 미리 충전하고 사용하게 안됐나요,,,291,목베개 플러스 경추 목 마사지기 베개,91000,수량선택: 목베개 플러스 1개,기존리뷰,3,,1,0,1,"안녕하세요 고객님, 프리미엄 헬스테크 브랜드, 슬룸입니다.
고객님께 만족스러운 경험을 드리지 못해 대단히 죄송합니다.😥

슬룸의 모든 제품은 인체공학적으로 설계되어 편안한 사용이 가능하나 초기 사용 시 1~2주 이상의 적응 기간이 필요할 수 있습니다. 
다만 수령하신 날짜 기준으로 30일 동안 꾸준히 사용해보시고도 만족하지 못하셨을 경우에는, 슬룸에서 진행하는 <100%환불이벤트> 에 참여하여 왕복배송비 제외 전액 환불이 가능합니다.

※ 제품을 30일간 꾸준히 사용한 경우, 배송완료 후 40일이내 신청이 가능
※ 환불 서비스는 첫 구매 체험을 위한 서비스로 1회만 신청 가능

▶ <100% 환불 이벤트> 상세 환불 조건 : https://sleeplab.co.kr/notice/?q=YToxOntzOjEyOiJrZXl3b3JkX3R5cGUiO3M6MzoiYWxsIjt9&bmode=view&idx=13709226&t=board 

슬룸을 믿고 편하게 사용 및 체험해보시고, 그럼에도 만족하시지 못하셨을 경우 슬룸 공식몰의 채널톡을 통해 이벤트 기간 내 문의 주시면 환불 접수 도움드리겠습니다.

또한 목베개 플러스에서 업그레이드하여 무선으로 사용할 수 있는 '목마사지베개V2'가 출시되었습니다.
해당 부분 참고 부탁드립니다. :)"
114793,2026-06-06 21:57:09,2026-04-29 05:24:40,2026-04-30 14:47:00,이렇게 가벼운데도 자극 잘 되고 효과가 좋습니다. 매뉴얼로 주파수와 강도 조절할 수 있어서 편리했어요. 저는 낮은 주파수 자극이 좋네요. 좋은 제품 감사합니다.,,,874,발편한케어 프리미엄 고주파 발 마사지기,91000,수량선택: 발편한케어 V2 1개  (마그네슘 시너지 크림 30ml 1개 증정),기존리뷰,5,,1,0,1,"안녕하세요. 프리미엄 헬스테크 브랜드, 슬룸입니다.
진심 어린 소중한 후기 감사합니다. 💜

앞으로도 좋은 상품과 서비스로 고객님들을 찾아뵐 수 있도록 노력하겠습니다.
감사합니다. :)"
114794,2026-06-07 09:23:44,2026-06-05 02:18:55,2026-06-06 18:35:15,아주 편리하게 잘 사용할께요,17d1007a5b9e,,636,허리편한케어 V2 허리 마사지기,131000,수량선택: 허리편한케어 V2 1개 (허리베개 1개 증정),반응형(내리뷰),5,,0,0,1,"안녕하세요. 프리미엄 헬스테크 브랜드, 슬룸입니다.
시간 내어 소중한 후기를 작성해 주셔서 감사드립니다. :)

믿고 찾는 쇼핑몰이 되기 위해 더 좋은 상품과 서비스를 준비하겠습니다.
감사합니다. 💜"
114795,2026-06-07 12:20:05,2026-05-31 08:24:46,2026-06-05 12:18:00,"10년 넘게 사무직에 있다 보니 버섯목까지 보이기 시작해서 사봤는데 목 뽑히는거 같이 시원합니다👍🏻
남편한테 뺏겨서 하나 더 장만해야할거 같아요🤣",3eec5453b1d0,,909,목 마사지 베개 V2 경추 마사지기 베개,112000,수량선택: 목 마사지 베개 V2 1개,모바일(팝업),5,,2,0,1,"안녕하세요. 프리미엄 헬스테크 브랜드, 슬룸입니다.
시간 내어 소중한 후기를 작성해 주셔서 감사드립니다. :)

믿고 찾는 쇼핑몰이 되기 위해 더 좋은 상품과 서비스를 준비하겠습니다.
감사합니다. 💜"
114796,2026-06-07 17:14:27,2026-05-26 08:02:53,2026-05-27 18:46:35,"찌릿찌릿 자극이 오니 시원하네요
족저근막염에 도움될까싶어 구입햇구요
한번씩 해주면 발피로도 풀리고 좋은듯요",012d956e35e3,,979,[상가의 안녕히살아보기x슬룸] 구독자 전용 ★초특가★ 비밀링크,84900,수량선택: 발편한케어 데일리 M 1개,반응형(내리뷰),5,,1,0,1,"안녕하세요. 프리미엄 헬스테크 브랜드, 슬룸입니다.
시간 내어 소중한 후기를 작성해 주셔서 감사드립니다. :)

믿고 찾는 쇼핑몰이 되기 위해 더 좋은 상품과 서비스를 준비하겠습니다.
감사합니다. 💜"
114797,2026-06-07 08:48:01,2026-05-04 17:50:15,2026-05-08 14:52:00,목맛사지베개 엄청 만족합니다 온열기능에 강약 조절에 엄청 시원합니다,,,909,목 마사지 베개 V2 경추 마사지기 베개,112000,수량선택: 목 마사지 베개 V2 1개 (마그네슘 시너지 크림 30ml 1개 증정),기존리뷰,5,,1,0,1,"안녕하세요. 프리미엄 헬스테크 브랜드, 슬룸입니다.
시간 내어 소중한 후기를 작성해 주셔서 감사드립니다. :)

믿고 찾는 쇼핑몰이 되기 위해 더 좋은 상품과 서비스를 준비하겠습니다.
감사합니다. 💜"
114798,2026-06-07 10:15:52,2026-06-04 19:05:35,2026-06-06 18:35:17,"처음 사용해 봤을때는 별로인것같았는데 2일 정도 사용해보니깐(6번) 진짜 좋은거예요~
계속 꾸준이 사용해보려구요~
탁월한 선택이예요~^^",,,909,목 마사지 베개 V2 경추 마사지기 베개,112000,수량선택: 목 마사지 베개 V2 1개 (허리베개 1개 증정),기존리뷰,5,,0,0,1,"안녕하세요. 프리미엄 헬스테크 브랜드, 슬룸입니다.
정성스럽게 올려주신 소중한 후기 감사합니다. 💜

고객님의 목소리로 더 발전하는 슬룸이 되도록 노력하겠습니다.
감사합니다. 🙇‍♀️"
114799,2026-06-07 11:04:39,2026-06-01 21:18:50,2026-06-04 17:23:12,사용중이에요 효과봤으면 좋겠넹요,,,966,골반 케어 프리미엄 골반 마사지기,191000,수량선택: 골반 마사지기 1개,기존리뷰,3,,0,0,1,"안녕하세요. 프리미엄 헬스테크 브랜드, 슬룸입니다.
진심 어린 소중한 후기 감사합니다. 💜

앞으로도 좋은 상품과 서비스로 고객님들을 찾아뵐 수 있도록 노력하겠습니다.
감사합니다. :)"
114800,2026-06-07 14:34:36,2026-05-19 22:28:35,2026-05-21 14:35:00,잘 사용하고 있급니다 커버 세탁이 불가능해서 위생상 불편합니다,,,85,목베개 전용 커버,9900,수량선택: 목베개 커버 2개 (그레이),기존리뷰,4,,1,0,1,"안녕하세요. 프리미엄 헬스테크 브랜드, 슬룸입니다.
진심 어린 소중한 후기 감사합니다. 💜

앞으로도 좋은 상품과 서비스로 고객님들을 찾아뵐 수 있도록 노력하겠습니다.
감사합니다. :)"
114801,2026-06-07 17:17:21,2026-05-03 09:33:55,2026-05-05 15:19:00,"반신반의하면서 구입했고, 한달 후 반품하려고 상자의 모든 것을 보관하고 있었는데 며칠 사용해보고 효과가 조금이라도 있구나 싶어 계속 사용 중임. 효과가 계속 있기를 바람.",,,636,허리편한케어 V2 허리 마사지기,131000,수량선택: 허리편한케어 V2 1개 (마그네슘 시너지 크림 30ml 1개 증정),기존리뷰,4,,0,0,1,"안녕하세요. 프리미엄 헬스테크 브랜드, 슬룸입니다.
시간 내어 소중한 후기를 작성해 주셔서 감사드립니다. :)

믿고 찾는 쇼핑몰이 되기 위해 더 좋은 상품과 서비스를 준비하겠습니다.
감사합니다. 💜"
114802,2026-06-07 22:14:26,2026-06-04 12:11:10,2026-06-05 16:24:54,아직.. 몇번사용해봐야 알거같네요,,,909,목 마사지 베개 V2 경추 마사지기 베개,112000,수량선택: 목 마사지 베개 V2 1개 (허리베개 1개 증정),기존리뷰,4,,1,0,1,"안녕하세요. 프리미엄 헬스테크 브랜드, 슬룸입니다.
시간 내어 소중한 후기를 작성해 주셔서 감사드립니다. :)

믿고 찾는 쇼핑몰이 되기 위해 더 좋은 상품과 서비스를 준비하겠습니다.
감사합니다. 💜"
114807,2026-06-03 00:00:00,,,"헬스장에서 프레스 많이 하다 보니 팔꿈치에 무리가 갔어요. 물리치료도 받았는데 집에서 쓸 수 있는 게 필요해서 샀는데, M4 주무름모드가 진짜 손으로 꾹꾹 누르는 느낌이라 제일 자주 써요. 강도 15단계까지 올릴 수 있는 것도 운동하는 사람한텐 좋더라고요.",1f279dbf711d,,980,프리미엄 엘보케어 팔꿈치 마사지기,149000,,기존리뷰,5,,0,0,1,"안녕하세요. 프리미엄 헬스테크 브랜드, 슬룸입니다.
시간 내어 소중한 후기를 작성해 주셔서 감사드립니다. :)

믿고 찾는 쇼핑몰이 되기 위해 더 좋은 상품과 서비스를 준비하겠습니다.
감사합니다. 💜"
114811,2026-06-04 00:00:00,,,"테니스 동호회에서 추천받아서 샀어요. 저도 테니스엘보가 있어서요. 백핸드 이후에 팔꿈치 바깥쪽이 아프던 게 이거 쓰고 나서 한결 나아진 것 같아요. EMS랑 TENS가 같이 오니까 자극이 고르게 퍼지고, 에어백으로 전완근도 같이 눌러줘서 팔 전체가 시원해요.",0842c2a956ac,,980,프리미엄 엘보케어 팔꿈치 마사지기,149000,,기존리뷰,5,,0,0,1,"안녕하세요. 프리미엄 헬스테크 브랜드, 슬룸입니다.
정성스럽게 올려주신 소중한 후기 감사합니다. 💜

고객님의 목소리로 더 발전하는 슬룸이 되도록 노력하겠습니다.
감사합니다. 🙇‍♀️"
114812,2026-06-03 00:00:00,,,"물류센터 일하는데 팔꿈치 통증이 아예 일상이 됐어요. 친구 추천으로 써봤는데 온열 3단계, 48도까지 올리면 진짜 깊이 풀리는 느낌이에요. 처음엔 강도 높이면 좀 세다 싶은데 몇 번 하면 그 자극에 익숙해지면서 시원해져요.",3799e64b90d3,,980,프리미엄 엘보케어 팔꿈치 마사지기,149000,,기존리뷰,5,,0,0,1,"안녕하세요. 프리미엄 헬스테크 브랜드, 슬룸입니다.
시간 내어 소중한 후기를 작성해 주셔서 감사드립니다. :)

믿고 찾는 쇼핑몰이 되기 위해 더 좋은 상품과 서비스를 준비하겠습니다.
감사합니다. 💜"
114821,2026-06-02 00:00:00,,,처음에 강도 1단계 해봤는데 너무 약해서 바로 올렸어요. 근데 EMS 처음이신 분들은 진짜 낮은 단계부터 천천히 올리시는 게 맞아요. 저는 지금 10~12단계가 딱 맞더라고요. 쓰다 보면 자기한테 맞는 강도 찾게 돼요.,c76ac136c804,,980,프리미엄 엘보케어 팔꿈치 마사지기,149000,,기존리뷰,4,,0,0,1,"안녕하세요. 프리미엄 헬스테크 브랜드, 슬룸입니다.
정성스럽게 올려주신 소중한 후기 감사합니다. 💜

고객님의 목소리로 더 발전하는 슬룸이 되도록 노력하겠습니다.
감사합니다. 🙇‍♀️"
114824,2026-06-02 00:00:00,,,새벽 배송 일 하는데 퇴근하면 팔꿈치가 많이 힘들어요. 한 달 됐는데 쓰고 자면 다음날 컨디션이 달라요. 에어백 3단계가 제일 시원해서 그것만 쓰게 되더라고요. 아직 문제 없이 잘 쓰고 있어요.,e516f0ab4245,,980,프리미엄 엘보케어 팔꿈치 마사지기,149000,,기존리뷰,4,,0,0,1,"안녕하세요. 프리미엄 헬스테크 브랜드, 슬룸입니다.
시간 내어 소중한 후기를 작성해 주셔서 감사드립니다. :)

믿고 찾는 쇼핑몰이 되기 위해 더 좋은 상품과 서비스를 준비하겠습니다.
감사합니다. 💜"
114828,2026-06-01 00:00:00,,,마라톤 하는데 팔꿈치 통증이 생기더라고요. 팔 오래 흔들다 보면 무리가 가나봐요. 완주 후에 달아두면 회복이 빠른 것 같아요. 에어백 전완근 마사지가 혈액순환에 도움이 되는 느낌이에요.,d34e7c1d1b16,,980,프리미엄 엘보케어 팔꿈치 마사지기,149000,,기존리뷰,4,,0,0,1,"안녕하세요. 프리미엄 헬스테크 브랜드, 슬룸입니다.
정성스럽게 올려주신 소중한 후기 감사합니다. 💜

고객님의 목소리로 더 발전하는 슬룸이 되도록 노력하겠습니다.
감사합니다. 🙇‍♀️"
114831,2026-06-03 00:00:00,,,"처음엔 리모컨이 왜 있나 싶었는데 써보니 이해돼요. 팔에 달면 본체 버튼 누르기가 불편하거든요. 리모컨으로 모드 바꾸고 강도 조절하는 게 훨씬 편해요. 근데 본체 전원 먼저 켜야 리모컨이 작동한다는 거, 처음에 그걸 몰라서 좀 헤맸어요.",31fafa65d6d7,,980,프리미엄 엘보케어 팔꿈치 마사지기,149000,,기존리뷰,5,,0,0,1,"안녕하세요. 프리미엄 헬스테크 브랜드, 슬룸입니다.
시간 내어 소중한 후기를 작성해 주셔서 감사드립니다. :)

믿고 찾는 쇼핑몰이 되기 위해 더 좋은 상품과 서비스를 준비하겠습니다.
감사합니다. 💜"
114832,2026-06-04 00:00:00,,,겨울에 팔꿈치가 잘 뭉치는 것 같아서 온열 기능 보고 샀어요. 2단계 45도가 저는 딱 맞아요. 뜨겁지도 않고 찜질 효과가 느껴지는 온도예요. 3단계는 처음엔 좀 뜨겁다 싶었는데 이제 추운 날엔 3단계로 써요.,f8e1874c1079,,980,프리미엄 엘보케어 팔꿈치 마사지기,149000,,기존리뷰,4,,0,0,1,"안녕하세요. 프리미엄 헬스테크 브랜드, 슬룸입니다.
시간 내어 소중한 후기를 작성해 주셔서 감사드립니다. :)

믿고 찾는 쇼핑몰이 되기 위해 더 좋은 상품과 서비스를 준비하겠습니다.
감사합니다. 💜"
114836,2026-06-02 00:00:00,,,수영을 즐기는데 접영이나 크롤 많이 하면 팔꿈치 안쪽이 뻐근해지더라고요. 수영 후에 M4 주무름모드로 쓰면 뭉친 게 풀리는 것 같아요. 에어백 단계 올려가면서 쓰는 게 좋더라고요.,f5597eb6ca8f,,980,프리미엄 엘보케어 팔꿈치 마사지기,149000,,기존리뷰,5,,0,0,1,"안녕하세요. 프리미엄 헬스테크 브랜드, 슬룸입니다.
진심 어린 소중한 후기 감사합니다. 💜

앞으로도 좋은 상품과 서비스로 고객님들을 찾아뵐 수 있도록 노력하겠습니다.
감사합니다. :)"
114838,2026-06-03 00:00:00,,,"디자인이 깔끔해서 집에 두어도 투박하지 않아요. 리모컨, USB 케이블, 설명서 다 들어있어서 따로 살 게 없었어요. 선물 포장 상태도 괜찮아서 그대로 선물로 줬어요.",96b966ba5d91,,980,프리미엄 엘보케어 팔꿈치 마사지기,149000,,기존리뷰,5,,0,0,1,"안녕하세요. 프리미엄 헬스테크 브랜드, 슬룸입니다.
정성스럽게 올려주신 소중한 후기 감사합니다. 💜

고객님의 목소리로 더 발전하는 슬룸이 되도록 노력하겠습니다.
감사합니다. 🙇‍♀️"
114860,2026-06-04 00:00:00,,,팔꿈치 홈에 딱 맞추면 자극이 정확하게 오더라고요. 대충 착용했을 때랑 제대로 맞췄을 때 차이가 나요. 착용 방법 제대로 지키는 게 중요한 것 같아요.,76d3813a4b48,,980,프리미엄 엘보케어 팔꿈치 마사지기,149000,,기존리뷰,5,,0,0,1,"안녕하세요. 프리미엄 헬스테크 브랜드, 슬룸입니다.
진심 어린 소중한 후기 감사합니다. 💜

앞으로도 좋은 상품과 서비스로 고객님들을 찾아뵐 수 있도록 노력하겠습니다.
감사합니다. :)"
114862,2026-06-01 00:00:00,,,"처음엔 10만원대가 좀 부담스러웠는데 EMS, TENS, 에어백, 온열, 리모컨까지 다 있는 걸 생각하면 비싼 게 아니에요. 팔꿈치 전용으로 제대로 만들어진 제품이라는 생각에 후회 없어요.",9aecee546b44,,980,프리미엄 엘보케어 팔꿈치 마사지기,149000,,기존리뷰,5,,0,0,1,"안녕하세요. 프리미엄 헬스테크 브랜드, 슬룸입니다.
시간 내어 소중한 후기를 작성해 주셔서 감사드립니다. :)

믿고 찾는 쇼핑몰이 되기 위해 더 좋은 상품과 서비스를 준비하겠습니다.
감사합니다. 💜"
114866,2026-06-01 00:00:00,,,글 쓰는 작업을 많이 하는데 팔꿈치 통증이 생겼어요. 집중해서 글 쓰고 나서 팔에 달고 쉬는 게 습관이 됐어요. 그 시간이 몸이랑 머리 같이 쉬는 시간이 돼서 좋아요.,ad634c376242,,980,프리미엄 엘보케어 팔꿈치 마사지기,149000,,기존리뷰,5,,0,0,1,"안녕하세요. 프리미엄 헬스테크 브랜드, 슬룸입니다.
진심 어린 소중한 후기 감사합니다. 💜

앞으로도 좋은 상품과 서비스로 고객님들을 찾아뵐 수 있도록 노력하겠습니다.
감사합니다. :)"
114882,2026-06-02 00:00:00,,,손 안 쓰고 팔꿈치 케어되는 게 편해요. TV 보거나 책 읽으면서 동시에 할 수 있어서 시간 낭비 없이 쓸 수 있어요.,79db132efd74,,980,프리미엄 엘보케어 팔꿈치 마사지기,149000,,기존리뷰,5,,0,0,1,"안녕하세요. 프리미엄 헬스테크 브랜드, 슬룸입니다.
시간 내어 소중한 후기를 작성해 주셔서 감사드립니다. :)

믿고 찾는 쇼핑몰이 되기 위해 더 좋은 상품과 서비스를 준비하겠습니다.
감사합니다. 💜"
114884,2026-06-03 00:00:00,,,"운동 전문가도 아니고 그냥 일반인인데, 이거 써보고 팔꿈치 관리가 이렇게 중요한 줄 새삼 알게 됐어요. 사무직이나 반복 작업하시는 분들은 한번쯤 생각해볼 만해요.",27e2b1e0b920,,980,프리미엄 엘보케어 팔꿈치 마사지기,149000,,기존리뷰,5,,0,0,1,"안녕하세요. 프리미엄 헬스테크 브랜드, 슬룸입니다.
시간 내어 소중한 후기를 작성해 주셔서 감사드립니다. :)

믿고 찾는 쇼핑몰이 되기 위해 더 좋은 상품과 서비스를 준비하겠습니다.
감사합니다. 💜"
114886,2026-06-02 00:00:00,,,장거리 운전 자주 하는데 도착 후 팔꿈치가 뻐근해요. 도착하고 잠깐 달아두면 개운해지는 게 있더라고요. 가방에 넣을 수 있는 크기라서 이동할 때도 챙겨요.,a3a87c0136e8,,980,프리미엄 엘보케어 팔꿈치 마사지기,149000,,기존리뷰,5,,0,0,1,"안녕하세요. 프리미엄 헬스테크 브랜드, 슬룸입니다.
시간 내어 소중한 후기를 작성해 주셔서 감사드립니다. :)

믿고 찾는 쇼핑몰이 되기 위해 더 좋은 상품과 서비스를 준비하겠습니다.
감사합니다. 💜"
114887,2026-06-04 00:00:00,,,마사지숍 자주 다니던 사람인데 이거 쓰고 나서 팔꿈치는 굳이 돈 주고 받으러 갈 필요가 없어졌어요. 집에서 혼자 할 수 있으니까 시간이랑 비용이 절약되는 게 맞아요.,44d5f51162bc,,980,프리미엄 엘보케어 팔꿈치 마사지기,149000,,기존리뷰,4,,0,0,1,"안녕하세요. 프리미엄 헬스테크 브랜드, 슬룸입니다.
진심 어린 소중한 후기 감사합니다. 💜

앞으로도 좋은 상품과 서비스로 고객님들을 찾아뵐 수 있도록 노력하겠습니다.
감사합니다. :)"
114890,2026-06-01 00:00:00,,,"팔꿈치 수술 후 재활 중에 썼어요. 의사 선생님께 먼저 여쭤보고 낮은 강도로 시작했는데, 직접적인 치료 효과보다는 편안함 주는 용도로 충분히 도움이 됐어요.",f99a3b1b580a,,980,프리미엄 엘보케어 팔꿈치 마사지기,149000,,기존리뷰,5,,0,0,1,"안녕하세요. 프리미엄 헬스테크 브랜드, 슬룸입니다.
시간 내어 소중한 후기를 작성해 주셔서 감사드립니다. :)

믿고 찾는 쇼핑몰이 되기 위해 더 좋은 상품과 서비스를 준비하겠습니다.
감사합니다. 💜"
114893,2026-06-04 00:00:00,,,"마그네슘 크림 꼭 써야 하는지 궁금했는데, 없이 쓰면 EMS 자극이 약하게 와요. 전도 도와주는 크림이면 되는 것 같은데 크림은 꼭 바르고 쓰세요.",de0ff44e0844,,980,프리미엄 엘보케어 팔꿈치 마사지기,149000,,기존리뷰,5,,0,0,1,"안녕하세요. 프리미엄 헬스테크 브랜드, 슬룸입니다.
정성스럽게 올려주신 소중한 후기 감사합니다. 💜

고객님의 목소리로 더 발전하는 슬룸이 되도록 노력하겠습니다.
감사합니다. 🙇‍♀️"
114898,2026-06-04 00:00:00,,,물리치료 비용이 꽤 드는데 가벼운 통증 관리나 예방 차원에서는 이게 훨씬 경제적이에요. 전문 치료 대신이 아니라 보조 용도로 쓰는 건데 그 정도로는 충분해요.,b3a12ce0b14f,,980,프리미엄 엘보케어 팔꿈치 마사지기,149000,,기존리뷰,4,,0,0,1,"안녕하세요. 프리미엄 헬스테크 브랜드, 슬룸입니다.
진심 어린 소중한 후기 감사합니다. 💜

앞으로도 좋은 상품과 서비스로 고객님들을 찾아뵐 수 있도록 노력하겠습니다.
감사합니다. :)"
114900,2026-06-01 00:00:00,,,"팔꿈치 통증 있는 사람이 이렇게 많은 줄 몰랐어요. 이거 알아보면서 알게 됐는데, 저도 그중 하나였는데 이제는 집에서 제대로 관리할 수 있게 됐어요.",4c3a222b6923,,980,프리미엄 엘보케어 팔꿈치 마사지기,149000,,기존리뷰,5,,0,0,1,"안녕하세요. 프리미엄 헬스테크 브랜드, 슬룸입니다.
진심 어린 소중한 후기 감사합니다. 💜

앞으로도 좋은 상품과 서비스로 고객님들을 찾아뵐 수 있도록 노력하겠습니다.
감사합니다. :)"
114903,2026-06-08 07:49:58,2026-05-08 09:19:50,2026-05-09 13:10:00,침대위 나만의 기절버튼,,,909,목 마사지 베개 V2 경추 마사지기 베개,112000,수량선택: 목 마사지 베개 V2 1개 (마그네슘 시너지 크림 30ml 1개 증정),기존리뷰,5,,0,0,1,"안녕하세요. 프리미엄 헬스테크 브랜드, 슬룸입니다.
시간 내어 소중한 후기를 작성해 주셔서 감사드립니다. :)

믿고 찾는 쇼핑몰이 되기 위해 더 좋은 상품과 서비스를 준비하겠습니다.
감사합니다. 💜"
114904,2026-06-08 07:53:42,2026-06-03 08:34:40,2026-06-05 18:47:46,테니스 하면서 엘보가 자주 와 체외충격 치료 나 물리치료 자주 받았는데 시간적으로 힘들어서 구입해 봤습니다 단계도 여러 가지라 충분히 자극이 오고 언제 어디서든 제가 시간 날 때 쓸 수 있어서 너무 좋아요.,,,980,프리미엄 엘보케어 팔꿈치 마사지기,149000,수량선택: 데일리 릴렉스 세트 (팔꿈치 마사지기 + 마그네슘 시너지 크림),기존리뷰,5,,0,0,1,"안녕하세요. 프리미엄 헬스테크 브랜드, 슬룸입니다.
시간 내어 소중한 후기를 작성해 주셔서 감사드립니다. :)

믿고 찾는 쇼핑몰이 되기 위해 더 좋은 상품과 서비스를 준비하겠습니다.
감사합니다. 💜"
114905,2026-06-08 09:26:29,2026-05-08 21:22:00,2026-05-12 18:09:00,"마사지를 통해 경추 이완을 시켜주고, 매일시간 날때 마다 하게 됩니다.",,,291,목베개 플러스 경추 목 마사지기 베개,91000,수량선택: 목베개 플러스 1개 (마그네슘 시너지 크림 30ml 1개 증정),기존리뷰,5,,0,0,1,"안녕하세요. 프리미엄 헬스테크 브랜드, 슬룸입니다.
진심 어린 소중한 후기 감사합니다. 💜

앞으로도 좋은 상품과 서비스로 고객님들을 찾아뵐 수 있도록 노력하겠습니다.
감사합니다. :)"
114906,2026-06-08 09:25:21,2026-05-31 12:34:30,2026-06-05 14:38:07,아주 좋아요!!!!!!!!!,,,909,목 마사지 베개 V2 경추 마사지기 베개,112000,수량선택: 목 마사지 베개 V2 1개,기존리뷰,5,,1,0,1,"안녕하세요. 프리미엄 헬스테크 브랜드, 슬룸입니다.
시간 내어 소중한 후기를 작성해 주셔서 감사드립니다. :)

믿고 찾는 쇼핑몰이 되기 위해 더 좋은 상품과 서비스를 준비하겠습니다.
감사합니다. 💜"
114907,2026-06-08 09:34:46,2026-05-06 16:34:05,2026-05-08 10:41:17,"슬룸

목베개 플러스 경추 목 마사지기 베개
수량선택: 목베개 플러스 1개 (마그네슘 시너지 크림 30m",,,291,목베개 플러스 경추 목 마사지기 베개,91000,수량선택: 목베개 플러스 1개 (마그네슘 시너지 크림 30ml 1개 증정),기존리뷰,5,,0,0,1,"안녕하세요. 프리미엄 헬스테크 브랜드, 슬룸입니다.
정성스럽게 올려주신 소중한 후기 감사합니다. 💜

고객님의 목소리로 더 발전하는 슬룸이 되도록 노력하겠습니다.
감사합니다. 🙇‍♀️"
114908,2026-06-08 12:19:54,2026-05-27 10:39:10,,한쪽 쿠션이 부웅 위로 빠지는 불편함이 있긴한데 사용할수록 골반이 풀리는건 확실해요!,,,966,골반 케어 프리미엄 골반 마사지기,191000,수량선택: 골반 마사지기 1개,기존리뷰,5,,1,0,1,"안녕하세요. 프리미엄 헬스테크 브랜드, 슬룸입니다.
시간 내어 소중한 후기를 작성해 주셔서 감사드립니다. :)

믿고 찾는 쇼핑몰이 되기 위해 더 좋은 상품과 서비스를 준비하겠습니다.
감사합니다. 💜"
114909,2026-06-08 13:15:06,2026-05-06 11:15:35,2026-05-08 10:43:00,"목디스크로 구매해서 사용중입니다.
수술 권유 받았지만, 운동과 경추베개 사용으로 통증 감소 정말 많이 되었습니다.",,,909,목 마사지 베개 V2 경추 마사지기 베개,112000,수량선택: 목 마사지 베개 V2 1개 (마그네슘 시너지 크림 30ml 1개 증정),기존리뷰,5,,0,0,1,"안녕하세요. 프리미엄 헬스테크 브랜드, 슬룸입니다.
정성스럽게 올려주신 소중한 후기 감사합니다. 💜

고객님의 목소리로 더 발전하는 슬룸이 되도록 노력하겠습니다.
감사합니다. 🙇‍♀️"
114910,2026-06-08 14:30:43,2026-06-04 09:06:35,2026-06-05 21:09:38,굿굿굿 굿굿굿 굿굿굿 굿굿굿 굿굿굿 굿굿굿 굿굿굿 굿굿굿 굿굿굿,,,980,프리미엄 엘보케어 팔꿈치 마사지기,149000,수량선택: 팔꿈치 마사지기 1개,기존리뷰,5,,1,0,1,"안녕하세요. 프리미엄 헬스테크 브랜드, 슬룸입니다.
정성스럽게 올려주신 소중한 후기 감사합니다. 💜

고객님의 목소리로 더 발전하는 슬룸이 되도록 노력하겠습니다.
감사합니다. 🙇‍♀️"
114911,2026-06-08 14:57:19,2026-06-01 10:01:20,2026-06-02 18:52:16,충전 잘 되고 좋네요!!,,,376,허리편한케어 V1 전용 케이블,5000,,기존리뷰,5,,0,0,1,"안녕하세요. 프리미엄 헬스테크 브랜드, 슬룸입니다.
정성스럽게 올려주신 소중한 후기 감사합니다. 💜

고객님의 목소리로 더 발전하는 슬룸이 되도록 노력하겠습니다.
감사합니다. 🙇‍♀️"
114912,2026-06-08 14:59:08,2026-05-02 23:59:30,2026-05-05 13:43:36,사용하고종아리가많이편해졋어요,,,872,종아리편한케어 프리미엄 종아리 마사지기,149000,수량선택: 종아리편한케어 1개 (마그네슘 시너지 크림 30ml 1개 증정),기존리뷰,4,,0,0,1,"안녕하세요. 프리미엄 헬스테크 브랜드, 슬룸입니다.
정성스럽게 올려주신 소중한 후기 감사합니다. 💜

고객님의 목소리로 더 발전하는 슬룸이 되도록 노력하겠습니다.
감사합니다. 🙇‍♀️"
114913,2026-06-08 16:17:39,2026-05-18 10:44:20,2026-05-19 13:54:00,발이 시원합니다 좋아요,,,645,발편한케어 프리미엄 발 마사지기,91000,"버전&세트선택: 데일리, 사이즈&세트선택: M (220-270mm), 수량선택: 발편한케어 데일리 1개",기존리뷰,5,,0,0,1,"안녕하세요. 프리미엄 헬스테크 브랜드, 슬룸입니다.
진심 어린 소중한 후기 감사합니다. 💜

앞으로도 좋은 상품과 서비스로 고객님들을 찾아뵐 수 있도록 노력하겠습니다.
감사합니다. :)"
114914,2026-06-08 18:19:30,2026-05-08 21:12:25,2026-05-12 17:10:00,몇 주써보니충전하는곳이 자꾸 빠지네요. 그리고 목디스크인 저는 잠잘때베고 자기엔 좀 불편하네요,,,909,목 마사지 베개 V2 경추 마사지기 베개,112000,수량선택: 목 마사지 베개 V2 1개 (마그네슘 시너지 크림 30ml 1개 증정),기존리뷰,3,,1,0,1,"안녕하세요 고객님, 프리미엄 헬스테크 브랜드, 슬룸입니다.
고객님께 만족스러운 경험을 드리지 못해 대단히 죄송합니다.😥

슬룸의 모든 제품은 인체공학적으로 설계되어 편안한 사용이 가능하나 초기 사용 시 1~2주 이상의 적응 기간이 필요할 수 있습니다. 
다만 수령하신 날짜 기준으로 30일 동안 꾸준히 사용해보시고도 만족하지 못하셨을 경우에는, 슬룸에서 진행하는 <100%환불이벤트> 에 참여하여 왕복배송비 제외 전액 환불이 가능합니다.

※ 제품을 30일간 꾸준히 사용한 경우, 배송완료 후 40일이내 신청이 가능
※ 환불 서비스는 첫 구매 체험을 위한 서비스로 1회만 신청 가능

▶ <100% 환불 이벤트> 상세 환불 조건 : https://sleeplab.co.kr/notice/?q=YToxOntzOjEyOiJrZXl3b3JkX3R5cGUiO3M6MzoiYWxsIjt9&bmode=view&idx=13709226&t=board 

슬룸을 믿고 편하게 사용 및 체험해보시고, 그럼에도 만족하시지 못하셨을 경우 슬룸 공식몰의 채널톡을 통해 이벤트 기간 내 문의 주시면 환불 접수 도움드리겠습니다."
114915,2026-06-08 20:51:05,2026-05-12 07:07:40,2026-05-13 14:32:00,오사카 여행갈때 가져갔는데 많이 걷고 한 2번 정도 하고나면 하나도 안아파요!!! 다들 사는 이유를 알겠어요,,,757,★최대할인 비밀링크★ 발편한케어 프리미엄 발 마사지기,89000,"사이즈선택: M (220 - 270mm), 수량선택: 발편한케어 V1 1개",기존리뷰,5,,0,0,1,"안녕하세요. 프리미엄 헬스테크 브랜드, 슬룸입니다.
시간 내어 소중한 후기를 작성해 주셔서 감사드립니다. :)

믿고 찾는 쇼핑몰이 되기 위해 더 좋은 상품과 서비스를 준비하겠습니다.
감사합니다. 💜"
114916,2026-06-09 01:56:46,2026-06-03 12:48:25,2026-06-05 13:40:37,따로판매하니 좋아요,,,376,허리편한케어 V1 전용 케이블,5000,,기존리뷰,5,,0,0,1,"안녕하세요. 프리미엄 헬스테크 브랜드, 슬룸입니다.
진심 어린 소중한 후기 감사합니다. 💜

앞으로도 좋은 상품과 서비스로 고객님들을 찾아뵐 수 있도록 노력하겠습니다.
감사합니다. :)"
114917,2026-06-09 01:57:20,2026-06-03 12:48:25,2026-06-05 13:40:37,따로 판매하니 좋아요,,,330,USB 충전 어댑터 멀티 충전기,5900,,기존리뷰,5,,0,0,1,"안녕하세요. 프리미엄 헬스테크 브랜드, 슬룸입니다.
시간 내어 소중한 후기를 작성해 주셔서 감사드립니다. :)

믿고 찾는 쇼핑몰이 되기 위해 더 좋은 상품과 서비스를 준비하겠습니다.
감사합니다. 💜"
114918,2026-06-07 00:00:00,,,테니스를 주 3회씩 10년 넘게 쳐왔는데 팔꿈치 통증은 항상 따라다니는 숙제였어요. 이 제품은 EMS랑 TENS가 동시에 들어오는 게 일반 마사지기랑 확실히 달라요. 에어백이 전완근까지 감싸주면서 자극이 오면 손으로 직접 누르는 느낌이에요. 온열 기능까지 같이 쓰니 뭉친 근육이 확 이완되는 느낌이고요. 운동하는 분들한테 진심으로 추천합니다.,561c9bc1fd47,,980,프리미엄 엘보케어 팔꿈치 마사지기,149000,,기존리뷰,5,,0,0,1,"안녕하세요. 프리미엄 헬스테크 브랜드, 슬룸입니다.
시간 내어 소중한 후기를 작성해 주셔서 감사드립니다. :)

믿고 찾는 쇼핑몰이 되기 위해 더 좋은 상품과 서비스를 준비하겠습니다.
감사합니다. 💜"
114919,2026-06-07 00:00:00,,,골프엘보 판정을 받고 한 달 넘게 고생했는데 이 제품 쓰면서 많이 나아졌어요. 정형외과 전문의 자문으로 개발했다는 말이 믿음직스러워서 선택했는데 확실히 그냥 마사지기랑은 달라요. 에어백 전완근 마사지가 같이 되니 팔 전체가 시원해지는 느낌입니다. 리모컨이 있어서 착용한 채로 조작하기 편한 것도 좋아요. 충전식이라 선 없이 쓸 수 있는 것도 장점이에요.,7fdb3b88ec4a,,980,프리미엄 엘보케어 팔꿈치 마사지기,149000,,기존리뷰,5,,0,0,1,"안녕하세요. 프리미엄 헬스테크 브랜드, 슬룸입니다.
시간 내어 소중한 후기를 작성해 주셔서 감사드립니다. :)

믿고 찾는 쇼핑몰이 되기 위해 더 좋은 상품과 서비스를 준비하겠습니다.
감사합니다. 💜"
114920,2026-06-05 00:00:00,,,하루 종일 키보드 두드리다 팔꿈치가 뻐근해진 게 6개월은 된 것 같아요. M5 두드림 모드가 딱 제 취향이에요. 톡톡 두드리는 느낌이 가볍게 신경을 깨워주면서 퇴근 후 쓰기 딱 좋아요. 타이머가 25분까지 있어서 그냥 켜놓고 유튜브 보다 보면 어느새 끝나 있어요. 크기도 적당하고 무게도 가벼워서 책상 위에 두고 매일 쓰고 있습니다.,5e0be54ae607,,980,프리미엄 엘보케어 팔꿈치 마사지기,149000,,기존리뷰,5,,0,0,1,"안녕하세요. 프리미엄 헬스테크 브랜드, 슬룸입니다.
진심 어린 소중한 후기 감사합니다. 💜

앞으로도 좋은 상품과 서비스로 고객님들을 찾아뵐 수 있도록 노력하겠습니다.
감사합니다. :)"
114921,2026-06-06 00:00:00,,,퇴근하고 나면 팔 전체가 무거운 느낌이 들었는데 이 제품 쓰고 나서 달라졌어요. 온열 기능이 생각보다 따뜻하고 좋아서 겨울에 특히 챙겨 쓰게 됩니다. M3 힐링모드가 제일 마음에 들어요. 자극이 부드러워서 자기 전에 쓰기 딱이에요. 착용도 어렵지 않고 혼자서 쉽게 할 수 있어서 불편함 없이 쓰고 있어요.,d8b55523d6b6,,980,프리미엄 엘보케어 팔꿈치 마사지기,149000,,기존리뷰,4,,0,0,1,"안녕하세요. 프리미엄 헬스테크 브랜드, 슬룸입니다.
시간 내어 소중한 후기를 작성해 주셔서 감사드립니다. :)

믿고 찾는 쇼핑몰이 되기 위해 더 좋은 상품과 서비스를 준비하겠습니다.
감사합니다. 💜"
114925,2026-06-06 00:00:00,,,"엄마 선물로 사드렸는데 집안일 많이 하시다 보니 팔꿈치가 늘 아프셨는데, 이거 쓰고 나서 많이 나아지셨다고 하세요. 리모컨 조작이 간단해서 어르신도 쉽게 쓰실 수 있어요. 따뜻한 온열 기능이 특히 마음에 드신다고 하시더라고요. 처음에 착용법 알려드렸더니 이제는 혼자 척척 쓰세요. 효도 아이템으로 강력 추천해요.",24f0feb5a0ce,,980,프리미엄 엘보케어 팔꿈치 마사지기,149000,,기존리뷰,4,,0,0,1,"안녕하세요. 프리미엄 헬스테크 브랜드, 슬룸입니다.
정성스럽게 올려주신 소중한 후기 감사합니다. 💜

고객님의 목소리로 더 발전하는 슬룸이 되도록 노력하겠습니다.
감사합니다. 🙇‍♀️"
114928,2026-06-01 00:00:00,,,창고에서 무거운 짐을 하루 종일 드는 게 일인데 팔꿈치 통증이 직업병처럼 생겼어요. 일 마치고 집에 와서 15분만 쓰면 그날의 피로가 확 풀려요. EMS 자극이 생각보다 강하게 들어와서 처음엔 놀랐지만 익숙해지니까 오히려 시원해요. 착용이 간편해서 바로 쓰고 쉬면서 사용하기 좋아요. 힘든 일 하시는 분들한테 진짜 추천하고 싶어요.,d1df99d895b7,,980,프리미엄 엘보케어 팔꿈치 마사지기,149000,,기존리뷰,4,,0,0,1,"안녕하세요. 프리미엄 헬스테크 브랜드, 슬룸입니다.
시간 내어 소중한 후기를 작성해 주셔서 감사드립니다. :)

믿고 찾는 쇼핑몰이 되기 위해 더 좋은 상품과 서비스를 준비하겠습니다.
감사합니다. 💜"
114929,2026-06-02 00:00:00,,,팔꿈치 전용이라는 게 다른 마사지기랑 확실히 차별화되는 포인트인 것 같아요. 팔꿈치 홈에 맞게 착용하니까 딱 맞는 느낌이에요. 온열이 43도부터 48도까지 단계별로 올라가는데 48도는 꽤 뜨겁긴 해서 처음엔 43도부터 시작하는 게 나아요. 사용 중 타이머가 알아서 꺼지니까 깜빡 잠들어도 걱정 없어요. 꾸준히 쓰면 분명히 효과 볼 수 있는 제품이에요.,64c319c67894,,980,프리미엄 엘보케어 팔꿈치 마사지기,149000,,기존리뷰,5,,0,0,1,"안녕하세요. 프리미엄 헬스테크 브랜드, 슬룸입니다.
시간 내어 소중한 후기를 작성해 주셔서 감사드립니다. :)

믿고 찾는 쇼핑몰이 되기 위해 더 좋은 상품과 서비스를 준비하겠습니다.
감사합니다. 💜"
114930,2026-06-01 00:00:00,,,"배드민턴 동호회에서 팔꿈치 통증으로 고민하는 사람이 저 하나가 아니었는데, 이걸 소개해줬더니 다들 좋아하더라고요. 착용하면 전완근까지 에어백이 감싸줘서 팔 전체가 케어받는 느낌이에요. M2 활력모드로 운동 전에 쓰면 몸이 가뿐해지는 것 같아서 좋아요. 리모컨이 작고 가벼워서 들고 조작하기 편해요. 동호회에서 소문이 자자해요.",38841c46d547,,980,프리미엄 엘보케어 팔꿈치 마사지기,149000,,기존리뷰,5,,0,0,1,"안녕하세요. 프리미엄 헬스테크 브랜드, 슬룸입니다.
시간 내어 소중한 후기를 작성해 주셔서 감사드립니다. :)

믿고 찾는 쇼핑몰이 되기 위해 더 좋은 상품과 서비스를 준비하겠습니다.
감사합니다. 💜"
114937,2026-06-07 00:00:00,,,"계산대에 서서 바코드 찍는 동작을 하루 수백 번 반복하다 보니 팔꿈치에 무리가 왔는데, 퇴근 후 이걸 쓰면 다음 날 훨씬 가볍게 일할 수 있어요. 처음엔 크림 바르는 게 번거롭다고 생각했는데, 바르고 나면 EMS 자극이 훨씬 잘 들어와서 꼭 바르게 됩니다. 온열이 은은하게 올라오면서 에어백이 팔꿈치를 감싸주는 느낌이 정말 좋아요. 서비스직 종사자분들께 추천하고 싶어요.",e819c051403b,,980,프리미엄 엘보케어 팔꿈치 마사지기,149000,,기존리뷰,5,,0,0,1,"안녕하세요. 프리미엄 헬스테크 브랜드, 슬룸입니다.
시간 내어 소중한 후기를 작성해 주셔서 감사드립니다. :)

믿고 찾는 쇼핑몰이 되기 위해 더 좋은 상품과 서비스를 준비하겠습니다.
감사합니다. 💜"
114939,2026-06-04 00:00:00,,,"릴 낚시 오래 하다 보면 팔꿈치가 많이 아프거든요. 낚시 갔다 오면 꼭 이걸 쓰는 루틴이 생겼어요. 에어백 마사지가 전완근까지 감싸주니까 팔 전체가 이완되는 느낌이에요. M4 주무름모드가 진짜 시원한데, 오래 사용하면 저온화상 위험이 있다니까 타이머 꼭 지키고 있어요. 아웃도어 즐기시는 분들께도 추천해요.",,,980,프리미엄 엘보케어 팔꿈치 마사지기,149000,,기존리뷰,4,,0,0,1,"안녕하세요. 프리미엄 헬스테크 브랜드, 슬룸입니다.
정성스럽게 올려주신 소중한 후기 감사합니다. 💜

고객님의 목소리로 더 발전하는 슬룸이 되도록 노력하겠습니다.
감사합니다. 🙇‍♀️"
114940,2026-06-06 00:00:00,,,"택배 상하차를 하다 보면 팔꿈치에 무리가 심하게 갔는데, 이걸 쓰기 시작하고 나서 확실히 통증이 줄었어요. 퇴근 후 착용하고 TV 보면서 25분 쓰는 게 일과가 됐어요. EMS 자극이 처음엔 이상하게 느껴졌는데 익숙해지니까 확실히 시원해요. 크기가 적당해서 소파 옆에 놔두기도 편해요. 몸 쓰는 분들한테 진심으로 추천합니다.",,,980,프리미엄 엘보케어 팔꿈치 마사지기,149000,,기존리뷰,5,,0,0,1,"안녕하세요. 프리미엄 헬스테크 브랜드, 슬룸입니다.
시간 내어 소중한 후기를 작성해 주셔서 감사드립니다. :)

믿고 찾는 쇼핑몰이 되기 위해 더 좋은 상품과 서비스를 준비하겠습니다.
감사합니다. 💜"
114941,2026-06-01 00:00:00,,,"볼링 치고 나서 다음 날 팔꿈치가 뻐근했던 적이 많은데, 이 제품 쓰기 시작하고 그런 날이 확실히 줄었어요. M1 종합모드가 여러 자극이 골고루 와서 전체적으로 풀어주는 느낌이에요. 충전 방식이라 선이 없어서 착용 후 움직이기 편해요. 조작도 간단하고 리모컨까지 있어서 편리하게 쓰고 있어요. 스포츠 즐기시는 분들한테 아주 좋은 제품이에요.",,,980,프리미엄 엘보케어 팔꿈치 마사지기,149000,,기존리뷰,5,,0,0,1,"안녕하세요. 프리미엄 헬스테크 브랜드, 슬룸입니다.
시간 내어 소중한 후기를 작성해 주셔서 감사드립니다. :)

믿고 찾는 쇼핑몰이 되기 위해 더 좋은 상품과 서비스를 준비하겠습니다.
감사합니다. 💜"
114943,2026-06-08 00:00:00,,,"뜨개질을 오래 하면 팔꿈치와 전완근이 뭉치는 게 느껴지는데, 이 제품 덕분에 케어가 수월해졌어요. EMS 자극이 처음엔 생소했는데 익숙해지니까 오히려 이게 없으면 허전한 느낌이에요. M5 두드림모드가 부드럽게 시작하기 좋아서 마사지 처음 시작할 때 써요. 리모컨으로 조작하기 편해서 착용한 채로 쉽게 모드 바꿀 수 있어요. 손 작업 많이 하시는 분들께 추천해요.",,,980,프리미엄 엘보케어 팔꿈치 마사지기,149000,,기존리뷰,4,,0,0,1,"안녕하세요. 프리미엄 헬스테크 브랜드, 슬룸입니다.
진심 어린 소중한 후기 감사합니다. 💜

앞으로도 좋은 상품과 서비스로 고객님들을 찾아뵐 수 있도록 노력하겠습니다.
감사합니다. :)"
114946,2026-06-09 00:00:00,,,"헬스 6년째 하고 있는데 팔꿈치 통증은 항상 따라다니는 문제였어요. 팔꿈치에 딱 맞게 착용하고 전완근까지 에어백이 감싸주는 구조가 마음에 들었어요. 강도를 15단계까지 올리면 진짜 강하게 느껴지는데, 운동 후 써도 충분히 자극이 와요. 온열 3단계(48도)는 조심해야 할 만큼 뜨겁고, 그만큼 근육이 확 이완되는 느낌이에요. 운동량이 많은 분들한테 이건 필수품이에요.",,,980,프리미엄 엘보케어 팔꿈치 마사지기,149000,,기존리뷰,5,,0,0,1,"안녕하세요. 프리미엄 헬스테크 브랜드, 슬룸입니다.
진심 어린 소중한 후기 감사합니다. 💜

앞으로도 좋은 상품과 서비스로 고객님들을 찾아뵐 수 있도록 노력하겠습니다.
감사합니다. :)"
114947,2026-06-08 00:00:00,,,공구 들고 작업하다 보면 팔꿈치 통증이 만성이 되기 쉬운데 이 제품 써보니까 자극이 근육 안쪽까지 들어오는 느낌이 확실히 나서 놀랐어요. 에어백 압박이 강하게 들어올 때 전완근이 확 눌리는 느낌인데 그게 시원해요. 타이머가 있어서 쉬는 시간에 켜두고 다른 일 해도 돼서 편해요. 육체노동 하시는 분들이라면 꼭 써보세요.,,,980,프리미엄 엘보케어 팔꿈치 마사지기,149000,,기존리뷰,4,,0,0,1,"안녕하세요. 프리미엄 헬스테크 브랜드, 슬룸입니다.
진심 어린 소중한 후기 감사합니다. 💜

앞으로도 좋은 상품과 서비스로 고객님들을 찾아뵐 수 있도록 노력하겠습니다.
감사합니다. :)"
114950,2026-06-07 00:00:00,,,홈트 하다가 팔꿈치에 무리가 갔는데 병원 가기 전에 이거 먼저 써봤어요. 다행히 쓰면서 많이 나아진 것 같아서 아직은 병원 가지 않아도 될 것 같아요. 초기 단계의 뭉침이나 통증 케어에는 확실히 도움이 돼요. EMS 자극이 처음엔 낯설지만 익숙해지면 시원해요. 홈트 하시는 분들 꼭 한번 써보세요.,,,980,프리미엄 엘보케어 팔꿈치 마사지기,149000,,기존리뷰,4,,0,0,1,"안녕하세요. 프리미엄 헬스테크 브랜드, 슬룸입니다.
정성스럽게 올려주신 소중한 후기 감사합니다. 💜

고객님의 목소리로 더 발전하는 슬룸이 되도록 노력하겠습니다.
감사합니다. 🙇‍♀️"
114953,2026-06-04 00:00:00,,,수업이 많은 날은 팔꿈치가 많이 피로해지는데 이걸 쓰면서 회복이 확실히 빨라진 것 같아요. M2 활력모드가 빠른 리듬으로 팔꿈치를 깨워주는 느낌이라 아침에 쓰기 좋아요. 에어백이 전완근을 감싸주면서 동시에 EMS가 오면 시너지가 대단해요. 온열까지 더하면 진짜 풍성한 케어가 돼요. 강사직이나 선생님들한테도 좋은 제품이에요.,,,980,프리미엄 엘보케어 팔꿈치 마사지기,149000,,기존리뷰,5,,0,0,1,"안녕하세요. 프리미엄 헬스테크 브랜드, 슬룸입니다.
시간 내어 소중한 후기를 작성해 주셔서 감사드립니다. :)

믿고 찾는 쇼핑몰이 되기 위해 더 좋은 상품과 서비스를 준비하겠습니다.
감사합니다. 💜"
114954,2026-06-04 00:00:00,,,"집안 청소 같은 반복적인 가사를 하다 보면 팔꿈치가 항상 고됐는데, 이게 있으면 퇴근 후 케어가 훨씬 편해요. 예전엔 파스 한 장 붙이고 끝이었는데 이제는 제대로 된 마사지가 가능해졌어요. M4 주무름모드가 손으로 꾹 누르는 느낌이 나서 정말 속 시원해요. 타이머가 있어서 켜두고 다른 거 해도 자동으로 꺼지니까 걱정이 없어요. 가사 일 많이 하시는 분들께 정말 좋은 제품이에요.",,,980,프리미엄 엘보케어 팔꿈치 마사지기,149000,,기존리뷰,4,,0,0,1,"안녕하세요. 프리미엄 헬스테크 브랜드, 슬룸입니다.
진심 어린 소중한 후기 감사합니다. 💜

앞으로도 좋은 상품과 서비스로 고객님들을 찾아뵐 수 있도록 노력하겠습니다.
감사합니다. :)"
114955,2026-06-03 00:00:00,,,"피아노를 오래 치면 팔꿈치 안쪽이 뻐근한데, 이 제품 쓰고 나서 연습 후 회복이 빠른 것 같아요. EMS 자극이 근육에 직접적으로 들어오는 느낌이라 효과가 확실히 있어요. 음악 하시는 분들도 팔 관리가 중요하니까 꼭 써보셨으면 해요. 저는 이제 연습 후 필수 루틴이 됐어요. 강도를 서서히 올리면서 쓰다 보면 자기한테 맞는 단계가 생겨요.",,,980,프리미엄 엘보케어 팔꿈치 마사지기,149000,,기존리뷰,5,,0,0,1,"안녕하세요. 프리미엄 헬스테크 브랜드, 슬룸입니다.
진심 어린 소중한 후기 감사합니다. 💜

앞으로도 좋은 상품과 서비스로 고객님들을 찾아뵐 수 있도록 노력하겠습니다.
감사합니다. :)"
114956,2026-06-08 00:00:00,,,"골프엘보가 왔는데 병원에서 치료받으면서 집에서도 추가 케어를 하고 싶어서 구매했어요. 전문의 자문으로 개발됐다는 게 신뢰가 가서 선택했는데, 집에서 편하게 쓸 수 있는 케어 도구로 정말 좋아요. 온열 찜질이랑 EMS를 같이 쓰면 치료받는 느낌이 나요. 재구매 의향 있어요.",,,980,프리미엄 엘보케어 팔꿈치 마사지기,149000,,기존리뷰,5,,0,0,1,"안녕하세요. 프리미엄 헬스테크 브랜드, 슬룸입니다.
시간 내어 소중한 후기를 작성해 주셔서 감사드립니다. :)

믿고 찾는 쇼핑몰이 되기 위해 더 좋은 상품과 서비스를 준비하겠습니다.
감사합니다. 💜"
114958,2026-06-06 00:00:00,,,"20대인데 테니스엘보가 생겨서 당황스러웠어요. 이 제품 써보고 나서 나이 불문하고 팔꿈치 관리가 필요하다는 걸 깨달았어요. EMS+TENS 복합 자극이 확실히 근육을 깨워주는 느낌이에요. 강도를 높일수록 깊은 자극이 들어오는 게 느껴지고, 온열이 더해지면 찜질하는 것처럼 시원해요. 젊어도 관리 잘 해야 한다는 걸 이 제품 쓰면서 배웠어요.",,,980,프리미엄 엘보케어 팔꿈치 마사지기,149000,,기존리뷰,4,,0,0,1,"안녕하세요. 프리미엄 헬스테크 브랜드, 슬룸입니다.
정성스럽게 올려주신 소중한 후기 감사합니다. 💜

고객님의 목소리로 더 발전하는 슬룸이 되도록 노력하겠습니다.
감사합니다. 🙇‍♀️"
114961,2026-06-03 00:00:00,,,"클라이밍을 즐기는데 팔꿈치에 부하가 심하게 가는 운동이라 통증이 자주 왔어요. 이 제품 쓰기 전까지는 그냥 참고 쉬는 게 전부였는데, 이제는 적극적으로 케어할 수 있어서 좋아요. EMS 자극이 깊은 근육까지 들어오는 느낌이 있고, 강도를 올릴수록 효과가 확실히 달라요. 에어백 전완근 마사지가 특히 좋아서 클라이밍 후 필수로 써요. 클라이머들한테도 강추입니다.",,,980,프리미엄 엘보케어 팔꿈치 마사지기,149000,,기존리뷰,4,,0,0,1,"안녕하세요. 프리미엄 헬스테크 브랜드, 슬룸입니다.
시간 내어 소중한 후기를 작성해 주셔서 감사드립니다. :)

믿고 찾는 쇼핑몰이 되기 위해 더 좋은 상품과 서비스를 준비하겠습니다.
감사합니다. 💜"
114962,2026-06-02 00:00:00,,,"팔꿈치를 많이 쓰다 보니 통증이 생겼는데 정작 내 몸은 케어를 못 하고 있었어요. 이 제품 쓰고 나서 직접 손으로 마사지하는 것과 비슷한 자극이 오는 M4 주무름모드가 특히 마음에 들어요. 충전식이라 자유롭게 쓸 수 있어서 편하고, 강도 조절도 세세하게 돼서 컨디션에 맞게 쓸 수 있어요. 꾸준히 쓸수록 좋아지는 것 같아요.",,,980,프리미엄 엘보케어 팔꿈치 마사지기,149000,,기존리뷰,5,,0,0,1,"안녕하세요. 프리미엄 헬스테크 브랜드, 슬룸입니다.
정성스럽게 올려주신 소중한 후기 감사합니다. 💜

고객님의 목소리로 더 발전하는 슬룸이 되도록 노력하겠습니다.
감사합니다. 🙇‍♀️"
114963,2026-06-01 00:00:00,,,"테니스엘보라고 진단받고 치료 병행하면서 집에서도 케어하고 싶어서 이 제품 샀는데, 쓸수록 좋아지는 것 같아요. 정형외과 전문의 자문 개발이라는 게 치료하는 입장에서 더 믿음직스러워요. EMS+TENS 결합이 치료적인 자극과 비슷한 느낌이에요. 통증이 있으신 분들 집에서 케어용으로 정말 좋아요.",,,980,프리미엄 엘보케어 팔꿈치 마사지기,149000,,기존리뷰,5,,0,0,1,"안녕하세요. 프리미엄 헬스테크 브랜드, 슬룸입니다.
진심 어린 소중한 후기 감사합니다. 💜

앞으로도 좋은 상품과 서비스로 고객님들을 찾아뵐 수 있도록 노력하겠습니다.
감사합니다. :)"
114969,2026-06-01 00:00:00,,,"라이딩 후 팔꿈치에 자꾸 통증이 생겼는데, 이 제품 쓰고 나서 많이 나아졌어요. 라이딩 후 착용하고 쉬면서 쓰면 회복이 빠른 것 같아요. 에어백 마사지가 전완근을 풀어주니 팔 전체가 시원해지는 느낌이에요. 충전식이라 관리도 쉽고, 리모컨으로 누워서 조작할 수 있어서 편해요. 자전거 타시는 분들한테도 추천해요.",,,980,프리미엄 엘보케어 팔꿈치 마사지기,149000,,기존리뷰,4,,0,0,1,"안녕하세요. 프리미엄 헬스테크 브랜드, 슬룸입니다.
정성스럽게 올려주신 소중한 후기 감사합니다. 💜

고객님의 목소리로 더 발전하는 슬룸이 되도록 노력하겠습니다.
감사합니다. 🙇‍♀️"
114972,2026-06-07 00:00:00,,,"당구를 즐기는데 오래 치다 보면 팔꿈치가 많이 뻐근해요. 이 제품 쓰기 전에는 뻐근함을 참고 자다가 다음 날 통증으로 일어난 적도 있었는데, 이제는 그런 일이 거의 없어요. EMS 자극이 근육에 직접적으로 들어오니까 뭉친 게 빠르게 풀려요. 강도 조절이 세세해서 부위 컨디션에 맞게 쓸 수 있어요. 당구 즐기시는 분들한테도 추천해요.",,,980,프리미엄 엘보케어 팔꿈치 마사지기,149000,,기존리뷰,4,,0,0,1,"안녕하세요. 프리미엄 헬스테크 브랜드, 슬룸입니다.
시간 내어 소중한 후기를 작성해 주셔서 감사드립니다. :)

믿고 찾는 쇼핑몰이 되기 위해 더 좋은 상품과 서비스를 준비하겠습니다.
감사합니다. 💜"
114973,2026-06-01 00:00:00,,,ETM™ 기술이라는 게 뭔지 궁금해서 구매했어요. 써보니 확실히 EMS+TENS랑 에어백 마사지가 결합된 자극이 일반 마사지기랑 다르게 느껴져요. 팔꿈치 전용으로 설계됐다는 게 착용감부터 티가 나요. 온열까지 더하면 정말 제대로 된 케어를 받는 느낌이에요. 꾸준히 쓸 계획이에요.,,,980,프리미엄 엘보케어 팔꿈치 마사지기,149000,,기존리뷰,5,,0,0,1,"안녕하세요. 프리미엄 헬스테크 브랜드, 슬룸입니다.
진심 어린 소중한 후기 감사합니다. 💜

앞으로도 좋은 상품과 서비스로 고객님들을 찾아뵐 수 있도록 노력하겠습니다.
감사합니다. :)"
114977,2026-06-02 00:00:00,,,"팔꿈치 통증은 운동하는 사람이라면 공감할 것 같아요. 이 제품 써보고 영상으로 소개할 만큼 마음에 들었어요. EMS+TENS 복합 자극이 운동 후 근육 회복에 도움이 되는 느낌이에요. 팔꿈치 전용 설계라 착용감도 딱이고, 에어백 마사지까지 있으니 전완근 케어도 돼요. 운동하시는 모든 분들께 이 제품 적극 추천합니다.",,,980,프리미엄 엘보케어 팔꿈치 마사지기,149000,,기존리뷰,5,,0,0,1,"안녕하세요. 프리미엄 헬스테크 브랜드, 슬룸입니다.
시간 내어 소중한 후기를 작성해 주셔서 감사드립니다. :)

믿고 찾는 쇼핑몰이 되기 위해 더 좋은 상품과 서비스를 준비하겠습니다.
감사합니다. 💜"
114978,2026-06-07 00:00:00,,,박스 포장 작업을 하는데 손목이랑 팔꿈치를 많이 쓰게 돼요. 이 제품 쓰고 나서 팔꿈치 통증이 많이 줄었어요. 에어백 전완근 마사지가 팔 전체를 풀어주는 느낌이라 팔꿈치뿐만 아니라 전완근까지 시원해지는 게 좋아요. 온열 기능이 추운 작업장에서 쓰기 좋아요. 반복 작업 하시는 분들 강추해요.,,,980,프리미엄 엘보케어 팔꿈치 마사지기,149000,,기존리뷰,5,,0,0,1,"안녕하세요. 프리미엄 헬스테크 브랜드, 슬룸입니다.
진심 어린 소중한 후기 감사합니다. 💜

앞으로도 좋은 상품과 서비스로 고객님들을 찾아뵐 수 있도록 노력하겠습니다.
감사합니다. :)"
114981,2026-06-09 00:00:00,,,운동을 꾸준히 즐기는데 팔꿈치 전용으로 설계된 마사지기는 이게 처음이에요. 홈이 팔꿈치에 딱 맞아서 착용하면 편안하게 고정돼요. EMS+TENS 복합 자극이 기능적으로 제대로 된 케어를 해주는 느낌이에요. 운동 좋아하시는 분들 하나씩 장만하시길 추천해요.,,,980,프리미엄 엘보케어 팔꿈치 마사지기,149000,,기존리뷰,5,,0,0,1,"안녕하세요. 프리미엄 헬스테크 브랜드, 슬룸입니다.
시간 내어 소중한 후기를 작성해 주셔서 감사드립니다. :)

믿고 찾는 쇼핑몰이 되기 위해 더 좋은 상품과 서비스를 준비하겠습니다.
감사합니다. 💜"
114984,2026-06-07 00:00:00,,,"오랫동안 팔꿈치 통증으로 고생했어요. 의료기기는 아니지만 집에서 일상적인 케어 도구로 이만한 게 없는 것 같아요. 착용이 어렵지 않고 혼자서도 쉽게 할 수 있어요. 온열 기능이 관절 부위에 특히 도움이 되는 것 같고, EMS 자극이 처음엔 낯설었지만 익숙해지니 오히려 시원해요. 팔꿈치 통증으로 고생하신 분들께 추천해요.",,,980,프리미엄 엘보케어 팔꿈치 마사지기,149000,,기존리뷰,5,,0,0,1,"안녕하세요. 프리미엄 헬스테크 브랜드, 슬룸입니다.
진심 어린 소중한 후기 감사합니다. 💜

앞으로도 좋은 상품과 서비스로 고객님들을 찾아뵐 수 있도록 노력하겠습니다.
감사합니다. :)"
114986,2026-06-04 00:00:00,,,"명절에 전 부치고 설거지 많이 하고 나면 팔꿈치가 항상 아팠는데, 이번 명절엔 이걸로 케어하니 훨씬 괜찮았어요. 집안일 많이 하시는 주부분들한테 진짜 추천하고 싶어요. M4 주무름모드가 깊은 자극을 줘서 제일 자주 쓰게 돼요. 착용도 간편하고 충전도 쉬워서 관리가 어렵지 않아요. 주방 근처 두고 명절마다 쓸 것 같아요.",,,980,프리미엄 엘보케어 팔꿈치 마사지기,149000,,기존리뷰,5,,0,0,1,"안녕하세요. 프리미엄 헬스테크 브랜드, 슬룸입니다.
시간 내어 소중한 후기를 작성해 주셔서 감사드립니다. :)

믿고 찾는 쇼핑몰이 되기 위해 더 좋은 상품과 서비스를 준비하겠습니다.
감사합니다. 💜"
114987,2026-06-01 00:00:00,,,개발자라 하루 종일 타이핑하다 보면 팔꿈치가 뻐근한 날이 많아요. 이 제품 써보고 사무직 분들한테 강력 추천하고 싶어졌어요. EMS+TENS 자극이 처음엔 낯설지만 익숙해지면 진짜 시원해요. 강도를 올릴수록 깊은 자극이 와서 뭉침이 빠르게 풀리는 느낌이에요. 개발자분들 팔꿈치 관리 안 하시면 나중에 고생해요. 지금 시작하세요.,,,980,프리미엄 엘보케어 팔꿈치 마사지기,149000,,기존리뷰,4,,0,0,1,"안녕하세요. 프리미엄 헬스테크 브랜드, 슬룸입니다.
진심 어린 소중한 후기 감사합니다. 💜

앞으로도 좋은 상품과 서비스로 고객님들을 찾아뵐 수 있도록 노력하겠습니다.
감사합니다. :)"
114988,2026-06-05 00:00:00,,,"재봉틀 앞에 오래 앉아 있다 보면 팔꿈치 피로가 심해요. 이 제품 쓰기 전에는 그냥 참았는데, 이제는 퇴근 후 케어가 생활이 됐어요. 에어백 마사지가 전완근까지 감싸주는 게 팔 전체를 케어받는 느낌이라 좋아요. 온열이 피곤한 근육을 따뜻하게 풀어주는 것도 좋고요.",,,980,프리미엄 엘보케어 팔꿈치 마사지기,149000,,기존리뷰,5,,0,0,1,"안녕하세요. 프리미엄 헬스테크 브랜드, 슬룸입니다.
시간 내어 소중한 후기를 작성해 주셔서 감사드립니다. :)

믿고 찾는 쇼핑몰이 되기 위해 더 좋은 상품과 서비스를 준비하겠습니다.
감사합니다. 💜"
114990,2026-06-01 00:00:00,,,"반복 동작이 많은 작업 끝에는 꼭 이걸 쓰는 게 루틴이 됐는데, 통증이 많이 줄었어요. M1 종합모드로 전체적으로 케어하고 나서 온열만 남겨두면 찜질처럼 따뜻하게 끝나요. 리모컨 조작이 쉬워서 힘들게 팔 들지 않아도 돼서 편해요. 꾸준히 쓰면 분명히 효과 있어요.",,,980,프리미엄 엘보케어 팔꿈치 마사지기,149000,,기존리뷰,5,,0,0,1,"안녕하세요. 프리미엄 헬스테크 브랜드, 슬룸입니다.
정성스럽게 올려주신 소중한 후기 감사합니다. 💜

고객님의 목소리로 더 발전하는 슬룸이 되도록 노력하겠습니다.
감사합니다. 🙇‍♀️"
114991,2026-06-04 00:00:00,,,팔을 많이 쓰다 보니 팔꿈치 통증이 생겼어요. 이 제품 퇴근 후 쓰면 다음 날 훨씬 가볍게 일할 수 있어요. 강도 조절이 0~15단계로 세세하게 돼서 그날 컨디션에 맞게 쓸 수 있어요. 온열 기능이 뻐근함을 깊이 풀어주는 것 같아서 특히 좋아요. 반복 업무 하시는 분들한테 이 제품 강추해요.,,,980,프리미엄 엘보케어 팔꿈치 마사지기,149000,,기존리뷰,4,,0,0,1,"안녕하세요. 프리미엄 헬스테크 브랜드, 슬룸입니다.
진심 어린 소중한 후기 감사합니다. 💜

앞으로도 좋은 상품과 서비스로 고객님들을 찾아뵐 수 있도록 노력하겠습니다.
감사합니다. :)"
114995,2026-06-01 00:00:00,,,"오랫동안 요리를 해왔는데 팔꿈치 통증은 오래된 고민이에요. 이 제품 써보고 주방 일 하시는 분들한테도 추천하고 싶어졌어요. EMS+TENS 자극이 단순한 마사지기랑은 차원이 달라요. 강도를 높이면 깊은 근육까지 자극이 오고, 온열이 더해지면 찜질방 느낌이에요. 요리하시는 분들한테 강력 추천합니다.",,,980,프리미엄 엘보케어 팔꿈치 마사지기,149000,,기존리뷰,4,,0,0,1,"안녕하세요. 프리미엄 헬스테크 브랜드, 슬룸입니다.
시간 내어 소중한 후기를 작성해 주셔서 감사드립니다. :)

믿고 찾는 쇼핑몰이 되기 위해 더 좋은 상품과 서비스를 준비하겠습니다.
감사합니다. 💜"
114996,2026-06-01 00:00:00,,,헬스를 열심히 하는 40대인데 팔꿈치 통증이 생겨서 운동을 쉬어야 할까 고민했어요. 이 제품 쓰면서 운동 병행할 수 있을 정도로 통증이 많이 줄었어요. 운동 후 30분 이내에 쓰는 게 효과가 좋은 것 같아요. M1 종합모드로 전체 케어하고 온열로 마무리하는 루틴이 생겼어요. 운동하시면서 통증 때문에 고민하시는 분들 꼭 써보세요.,,,980,프리미엄 엘보케어 팔꿈치 마사지기,149000,,기존리뷰,5,,0,0,1,"안녕하세요. 프리미엄 헬스테크 브랜드, 슬룸입니다.
진심 어린 소중한 후기 감사합니다. 💜

앞으로도 좋은 상품과 서비스로 고객님들을 찾아뵐 수 있도록 노력하겠습니다.
감사합니다. :)"
114999,2026-06-07 00:00:00,,,서류 작업이 많다 보니 팔꿈치 통증이 생겼어요. 이 제품 쓰고 나서 집중력도 올라간 것 같아요. 통증이 줄어드니 업무에 방해가 없어지는 것 같아요. M5 두드림모드가 특히 신경 자극을 풀어주는 느낌이라 컨디션 회복에 좋아요. 앉아서 일하시는 분들한테 추천해요.,,,980,프리미엄 엘보케어 팔꿈치 마사지기,149000,,기존리뷰,5,,0,0,1,"안녕하세요. 프리미엄 헬스테크 브랜드, 슬룸입니다.
진심 어린 소중한 후기 감사합니다. 💜

앞으로도 좋은 상품과 서비스로 고객님들을 찾아뵐 수 있도록 노력하겠습니다.
감사합니다. :)"
115001,2026-06-06 00:00:00,,,5년째 꾸준히 운동하는 직장인인데 팔꿈치는 항상 관리가 필요한 부위예요. 이 제품은 EMS+TENS랑 에어백 마사지가 동시에 되는 게 진짜 장점이에요. 하나로 여러 케어가 가능하니까 비용 대비 효율이 좋아요. 온열까지 더하면 종합적인 케어가 되는 느낌이에요. 운동 오래 하신 분들일수록 이 제품의 가치를 더 알 것 같아요.,,,980,프리미엄 엘보케어 팔꿈치 마사지기,149000,,기존리뷰,5,,0,0,1,"안녕하세요. 프리미엄 헬스테크 브랜드, 슬룸입니다.
시간 내어 소중한 후기를 작성해 주셔서 감사드립니다. :)

믿고 찾는 쇼핑몰이 되기 위해 더 좋은 상품과 서비스를 준비하겠습니다.
감사합니다. 💜"
115007,2026-06-03 00:00:00,,,"부채 들고 오래 연습하면 팔꿈치가 아파요. 이 제품 쓰기 전까지는 그냥 찜질팩을 썼는데, 이건 EMS+TENS까지 더해져서 차원이 달라요. M3 힐링모드가 부드럽게 풀어주는 게 연습 후 딱 맞아요. 에어백이 전완근까지 감싸주는 것도 좋고, 온열이 더해지면 완전히 이완되는 느낌이에요. 오래 연습하시는 분들도 꼭 써보세요.",,,980,프리미엄 엘보케어 팔꿈치 마사지기,149000,,기존리뷰,5,,0,0,1,"안녕하세요. 프리미엄 헬스테크 브랜드, 슬룸입니다.
시간 내어 소중한 후기를 작성해 주셔서 감사드립니다. :)

믿고 찾는 쇼핑몰이 되기 위해 더 좋은 상품과 서비스를 준비하겠습니다.
감사합니다. 💜"
115008,2026-06-04 00:00:00,,,"공구 들고 수리하다 보면 팔꿈치 통증이 직업병이에요. 이 제품 쓰기 시작하고 나서 퇴근 후 회복이 확실히 빨라졌어요. EMS 자극이 근육 안쪽까지 들어오는 느낌이고, 에어백이 전완근을 꽉 잡아줄 때 시원하게 풀리는 느낌이에요. 온열 기능이 특히 겨울에 차가운 금속 만지고 나서 쓰기 딱이에요. 몸 많이 쓰시는 분들 적극 추천해요.",,,980,프리미엄 엘보케어 팔꿈치 마사지기,149000,,기존리뷰,5,,0,0,1,"안녕하세요. 프리미엄 헬스테크 브랜드, 슬룸입니다.
시간 내어 소중한 후기를 작성해 주셔서 감사드립니다. :)

믿고 찾는 쇼핑몰이 되기 위해 더 좋은 상품과 서비스를 준비하겠습니다.
감사합니다. 💜"
115009,2026-06-04 00:00:00,,,장비 나르고 설치하다 보면 팔꿈치에 무리가 많이 가요. 이 제품 쓰기 시작하고 나서 긴 일정도 버텨낼 수 있게 된 것 같아요. M4 주무름모드가 하루 종일 쓴 팔꿈치를 깊이 풀어주는 데 제일 좋아요. 현장 일 하시는 모든 분들한테 추천해요.,,,980,프리미엄 엘보케어 팔꿈치 마사지기,149000,,기존리뷰,4,,0,0,1,"안녕하세요. 프리미엄 헬스테크 브랜드, 슬룸입니다.
진심 어린 소중한 후기 감사합니다. 💜

앞으로도 좋은 상품과 서비스로 고객님들을 찾아뵐 수 있도록 노력하겠습니다.
감사합니다. :)"
115011,2026-06-08 00:00:00,,,"손뜨개를 취미로 하는데 팔꿈치 통증이 생겼어요. 취미 활동으로 팔꿈치 통증이 오리라곤 생각 못 했는데, 이 제품 덕분에 케어하면서 계속 즐길 수 있어요. M5 두드림모드가 부드럽게 시작하기 좋고, M4 주무름모드로 마무리하면 속이 시원해요. 에어백 마사지까지 더해지면 팔 전체가 이완되는 느낌이에요. 손 작업 취미 가진 분들 추천해요.",,,980,프리미엄 엘보케어 팔꿈치 마사지기,149000,,기존리뷰,5,,0,0,1,"안녕하세요. 프리미엄 헬스테크 브랜드, 슬룸입니다.
시간 내어 소중한 후기를 작성해 주셔서 감사드립니다. :)

믿고 찾는 쇼핑몰이 되기 위해 더 좋은 상품과 서비스를 준비하겠습니다.
감사합니다. 💜"
115013,2026-06-02 00:00:00,,,오래 앉아서 작업하다 보니 팔꿈치가 뻐근해요. 이 제품 쓰기 시작하고 나서 작업 후 컨디션 회복이 빨라진 것 같아요. M3 힐링모드가 부드러운 자극으로 긴장을 풀어주는 게 퇴근 후 딱이에요. 리모컨 조작이 쉬워서 착용한 채로 편하게 쓸 수 있어요. 앉아서 일하시는 모든 분들께 추천해요.,,,980,프리미엄 엘보케어 팔꿈치 마사지기,149000,,기존리뷰,4,,0,0,1,"안녕하세요. 프리미엄 헬스테크 브랜드, 슬룸입니다.
시간 내어 소중한 후기를 작성해 주셔서 감사드립니다. :)

믿고 찾는 쇼핑몰이 되기 위해 더 좋은 상품과 서비스를 준비하겠습니다.
감사합니다. 💜"
115018,2026-06-09 20:35:52,2026-06-07 16:35:05,2026-06-09 16:27:03,누울때 허리에 받쳐놓으니 너무너무 편하네요,329698627188,,39,허리베개 허리 편안 베개,43800,수량선택: 허리베개 1개,PC,5,,0,0,1,"안녕하세요. 프리미엄 헬스테크 브랜드, 슬룸입니다.
시간 내어 소중한 후기를 작성해 주셔서 감사드립니다. :)

믿고 찾는 쇼핑몰이 되기 위해 더 좋은 상품과 서비스를 준비하겠습니다.
감사합니다. 💜"
115019,2026-06-09 20:36:18,2026-06-07 23:53:53,2026-06-09 13:45:30,사무실에서 의자에 받쳐놓고 쓰니 넘 좋네유,329698627188,,39,허리베개 허리 편안 베개,43800,수량선택: 허리베개 1개,PC,5,,0,0,1,"안녕하세요. 프리미엄 헬스테크 브랜드, 슬룸입니다.
정성스럽게 올려주신 소중한 후기 감사합니다. 💜

고객님의 목소리로 더 발전하는 슬룸이 되도록 노력하겠습니다.
감사합니다. 🙇‍♀️"
115020,2026-06-09 23:49:35,2026-06-07 09:43:14,2026-06-09 18:42:17,"하루 종일 어린이집 업무와 활동으로 서 있는 시간이 많아 발이 자주 붓고 피곤했는데, 슬룸 발편한케어를 사용해 보았습니다.
처음에는 EMS 자극이 조금 낯설었지만 강도를 낮게 시작하니 금방 적응할 수 있었습니다. 발바닥부터 종아리까지 전해지는 자극이 시원하게 느껴졌고, 사용 후에는 다리가 한결 가벼워진 느낌이 들었습니다.
특히 저처럼 오래 서서 일하거나 걷는 시간이 많은 분들에게 도움이 될 것 같습니다. 무선으로 사용 가능해 TV를 보거나 휴식을 취하면서 간편하게 사용할 수 있는 점도 장점입니다.",d7cf15f20a82,,874,발편한케어 프리미엄 고주파 발 마사지기,91000,수량선택: 발편한케어 프로 2개,반응형(내리뷰),5,,1,0,1,"안녕하세요. 프리미엄 헬스테크 브랜드, 슬룸입니다.
정성스럽게 올려주신 소중한 후기 감사합니다. 💜

고객님의 목소리로 더 발전하는 슬룸이 되도록 노력하겠습니다.
감사합니다. 🙇‍♀️"
115021,2026-06-09 09:39:29,2026-06-04 09:58:10,2026-06-05 16:20:08,굳어있는 목 부위 근육을 풀어주니까 부드럽고 시원합니다,,,291,목베개 플러스 경추 목 마사지기 베개,91000,수량선택: 목베개 플러스 1개,기존리뷰,5,,0,0,1,"안녕하세요. 프리미엄 헬스테크 브랜드, 슬룸입니다.
진심 어린 소중한 후기 감사합니다. 💜

앞으로도 좋은 상품과 서비스로 고객님들을 찾아뵐 수 있도록 노력하겠습니다.
감사합니다. :)"
115022,2026-06-09 10:12:55,2026-05-03 17:42:40,2026-05-05 13:52:00,목 혈을 따뜻하게 마사지 해 주니까 잠도 잘 오고 피로가 풀려서 매일 사용하고 있습니다,,,291,목베개 플러스 경추 목 마사지기 베개,91000,수량선택: 목베개 플러스 2개,기존리뷰,5,,0,0,1,"안녕하세요. 프리미엄 헬스테크 브랜드, 슬룸입니다.
정성스럽게 올려주신 소중한 후기 감사합니다. 💜

고객님의 목소리로 더 발전하는 슬룸이 되도록 노력하겠습니다.
감사합니다. 🙇‍♀️"
115023,2026-06-09 13:28:23,2026-05-22 15:55:55,2026-05-27 20:52:00,다리가항상아파는데 이거하고부터통증사라짐,,,645,발편한케어 프리미엄 발 마사지기,91000,"버전&세트선택: 데일리, 사이즈&세트선택: L (250-295mm), 수량선택: 발편한케어 데일리 1개",기존리뷰,5,,0,0,1,"안녕하세요. 프리미엄 헬스테크 브랜드, 슬룸입니다.
진심 어린 소중한 후기 감사합니다. 💜

앞으로도 좋은 상품과 서비스로 고객님들을 찾아뵐 수 있도록 노력하겠습니다.
감사합니다. :)"
115024,2026-06-09 14:26:33,2026-04-19 20:37:10,2026-04-21 17:17:00,최고의 품질 최고입니다.,,,925,★7일 특별 연장★ 덤순이X슬룸 구독자 한정 역대급 할인,98800,수량선택: 넥숄더 힐링케어V2 1개,기존리뷰,5,,0,0,1,"안녕하세요. 프리미엄 헬스테크 브랜드, 슬룸입니다.
정성스럽게 올려주신 소중한 후기 감사합니다. 💜

고객님의 목소리로 더 발전하는 슬룸이 되도록 노력하겠습니다.
감사합니다. 🙇‍♀️"
115025,2026-06-09 14:30:31,2026-06-03 09:17:45,2026-06-05 18:38:16,목 가볍게 풀기에는 괜찮은거 같아요,,,909,목 마사지 베개 V2 경추 마사지기 베개,112000,수량선택: 목 마사지 베개 V2 1개,기존리뷰,3,,0,0,1,"안녕하세요. 프리미엄 헬스테크 브랜드, 슬룸입니다.
진심 어린 소중한 후기 감사합니다. 💜

앞으로도 좋은 상품과 서비스로 고객님들을 찾아뵐 수 있도록 노력하겠습니다.
감사합니다. :)"
115026,2026-06-09 15:47:21,2026-05-24 11:48:40,2026-05-27 15:56:00,목이랑 허리랑 세트로 같이 샀어요 집에서 하기 젤 좋은듯해요,,,909,목 마사지 베개 V2 경추 마사지기 베개,112000,수량선택: 코어 밸런스 업 세트 (허리편한케어 V2 + 목 마사지 베개 V2),기존리뷰,5,,1,0,1,"안녕하세요. 프리미엄 헬스테크 브랜드, 슬룸입니다.
진심 어린 소중한 후기 감사합니다. 💜

앞으로도 좋은 상품과 서비스로 고객님들을 찾아뵐 수 있도록 노력하겠습니다.
감사합니다. :)"
115027,2026-06-09 15:53:37,2026-04-27 12:24:30,2026-04-28 14:02:00,마사지는 수건감아서 쓰니 좋고 온열은 나한테는 너무좋긴한데 10분은 짧아요,,,928,[타임딜] 목편한케어 목 마사지기,61000,수량선택: 목편한케어 1개 (전용 커버 1개 증정),기존리뷰,5,,1,0,1,"안녕하세요. 프리미엄 헬스테크 브랜드, 슬룸입니다.
진심 어린 소중한 후기 감사합니다. 💜

앞으로도 좋은 상품과 서비스로 고객님들을 찾아뵐 수 있도록 노력하겠습니다.
감사합니다. :)"
115028,2026-06-09 16:02:05,2026-06-04 20:48:50,2026-06-06 16:12:44,맛사지가 약해요  강도 조절기능이 있으면 좋겠어요,,,291,목베개 플러스 경추 목 마사지기 베개,91000,수량선택: 목베개 플러스 1개 (허리베개 1개 증정),기존리뷰,5,,0,0,1,"안녕하세요 고객님, 프리미엄 헬스테크 브랜드, 슬룸입니다.
고객님께 만족스러운 경험을 드리지 못해 대단히 죄송합니다.😥

슬룸의 모든 제품은 인체공학적으로 설계되어 편안한 사용이 가능하나 초기 사용 시 1~2주 이상의 적응 기간이 필요할 수 있습니다. 
다만 수령하신 날짜 기준으로 30일 동안 꾸준히 사용해보시고도 만족하지 못하셨을 경우에는, 슬룸에서 진행하는 <100%환불이벤트> 에 참여하여 왕복배송비 제외 전액 환불이 가능합니다.

※ 제품을 30일간 꾸준히 사용한 경우, 배송완료 후 40일이내 신청이 가능
※ 환불 서비스는 첫 구매 체험을 위한 서비스로 1회만 신청 가능

▶ <100% 환불 이벤트> 상세 환불 조건 : https://sleeplab.co.kr/notice/?q=YToxOntzOjEyOiJrZXl3b3JkX3R5cGUiO3M6MzoiYWxsIjt9&bmode=view&idx=13709226&t=board 

슬룸을 믿고 편하게 사용 및 체험해보시고, 그럼에도 만족하시지 못하셨을 경우 슬룸 공식몰의 채널톡을 통해 이벤트 기간 내 문의 주시면 환불 접수 도움드리겠습니다."
115029,2026-06-09 16:10:49,2026-05-11 16:49:55,2026-05-13 17:13:00,빠른배송감사합니다 잘쓰겠습니다,,,909,목 마사지 베개 V2 경추 마사지기 베개,112000,수량선택: 목 마사지 베개 V2 1개 (마그네슘 시너지 크림 30ml 1개 증정),기존리뷰,5,,0,0,1,"안녕하세요. 프리미엄 헬스테크 브랜드, 슬룸입니다.
진심 어린 소중한 후기 감사합니다. 💜

앞으로도 좋은 상품과 서비스로 고객님들을 찾아뵐 수 있도록 노력하겠습니다.
감사합니다. :)"
115030,2026-06-09 16:30:18,2026-03-27 20:24:00,,진동이 좀 약해서 효과가 있으려나 했는데 생각보다 시원합니다.,,,291,목베개 플러스 경추 목 마사지기 베개,91000,수량선택: 목베개 플러스 1개,기존리뷰,5,,1,0,1,"안녕하세요. 프리미엄 헬스테크 브랜드, 슬룸입니다.
진심 어린 소중한 후기 감사합니다. 💜

앞으로도 좋은 상품과 서비스로 고객님들을 찾아뵐 수 있도록 노력하겠습니다.
감사합니다. :)"
115031,2026-06-09 18:29:19,2026-05-22 11:00:00,2026-05-23 15:36:00,"족저근막염 있어서 샀는데 매일 하게 됩니다
아직은 효과가 있는지 모르겠지만
희망을 갖고 꾸준히 하는중입니다",,,645,발편한케어 프리미엄 발 마사지기,91000,"버전&세트선택: 데일리, 사이즈&세트선택: L (250-295mm), 수량선택: 발편한케어 데일리 1개",기존리뷰,5,,0,0,1,"안녕하세요. 프리미엄 헬스테크 브랜드, 슬룸입니다.
정성스럽게 올려주신 소중한 후기 감사합니다. 💜

고객님의 목소리로 더 발전하는 슬룸이 되도록 노력하겠습니다.
감사합니다. 🙇‍♀️"
115032,2026-06-09 19:26:07,2026-06-07 21:37:35,2026-06-09 19:56:00,글쎄요.충전식이 아닌게 불편하지만 상세정보를 자세히 안읽은 제탓이죠.그런데 사용설명서는 없어서 홈페이지를 다시 봤어요,,,291,목베개 플러스 경추 목 마사지기 베개,91000,수량선택: 목베개 플러스 1개 (허리베개 1개 증정),기존리뷰,3,,0,0,1,"안녕하세요 고객님, 프리미엄 헬스테크 브랜드, 슬룸입니다.
고객님께 만족스러운 경험을 드리지 못해 대단히 죄송합니다.😥

슬룸의 모든 제품은 인체공학적으로 설계되어 편안한 사용이 가능하나 초기 사용 시 1~2주 이상의 적응 기간이 필요할 수 있습니다. 
다만 수령하신 날짜 기준으로 30일 동안 꾸준히 사용해보시고도 만족하지 못하셨을 경우에는, 슬룸에서 진행하는 <100%환불이벤트> 에 참여하여 왕복배송비 제외 전액 환불이 가능합니다.

※ 제품을 30일간 꾸준히 사용한 경우, 배송완료 후 40일이내 신청이 가능
※ 환불 서비스는 첫 구매 체험을 위한 서비스로 1회만 신청 가능

▶ <100% 환불 이벤트> 상세 환불 조건 : https://sleeplab.co.kr/notice/?q=YToxOntzOjEyOiJrZXl3b3JkX3R5cGUiO3M6MzoiYWxsIjt9&bmode=view&idx=13709226&t=board 

슬룸을 믿고 편하게 사용 및 체험해보시고, 그럼에도 만족하시지 못하셨을 경우 슬룸 공식몰의 채널톡을 통해 이벤트 기간 내 문의 주시면 환불 접수 도움드리겠습니다."
115033,2026-06-09 20:06:41,2026-06-06 22:02:20,2026-06-09 13:41:27,배송도 빠르고 사용하기 편하네요 통증이 사라지길 바라며 구매해봅니다,,,980,프리미엄 엘보케어 팔꿈치 마사지기,149000,수량선택: 데일리 릴렉스 세트 (팔꿈치 마사지기 + 마그네슘 시너지 크림),기존리뷰,5,,1,0,1,"안녕하세요. 프리미엄 헬스테크 브랜드, 슬룸입니다.
진심 어린 소중한 후기 감사합니다. 💜

앞으로도 좋은 상품과 서비스로 고객님들을 찾아뵐 수 있도록 노력하겠습니다.
감사합니다. :)"
115034,2026-06-09 22:53:28,2026-06-05 17:42:05,2026-06-09 18:39:23,충전기를 잃어버려 급하게 주문했습니다. 더 간편하게 충전되는것 같아요.,,,376,허리편한케어 V1 전용 케이블,5000,,기존리뷰,4,,1,0,1,"안녕하세요. 프리미엄 헬스테크 브랜드, 슬룸입니다.
정성스럽게 올려주신 소중한 후기 감사합니다. 💜

고객님의 목소리로 더 발전하는 슬룸이 되도록 노력하겠습니다.
감사합니다. 🙇‍♀️"
115035,2026-06-10 09:12:37,2026-06-07 07:13:26,2026-06-09 16:22:32,"애둘 자연분만..  원래부터 틀어진골반이 더 심하게 틀어짐..  그냥 보기에도 다리길이다르고 청바지는 돌아가서 입지도못하고 매일 밴딩바지만입었는데
도수치료 추나치료 별별치료 다받고 남편이 마사지해줘도 아픈건 늘 아팠음 어쩌다 요거발견하고 바로구매 
어제 받지마자 사용하고 오늘아침에도 하는중
사용 직후는 너무너무아픔 
시간지나면 골반통증은 줄어들었고 허리통증도 좀 덜해진듯하네요

골반때문에 허리 무릅통증도심한데  꾸준히 사용해보고 호전있길바래봅니다🙏

진짜좋아지면 전후 나의 바디사진을 올려드리겠어요
제발 사진올릴수있었음 하네요

잘 사용해볼께요!",fde9ea6e66e9,,966,골반 케어 프리미엄 골반 마사지기,191000,수량선택: 골반 마사지기 1개,모바일,5,,1,0,1,"안녕하세요. 프리미엄 헬스테크 브랜드, 슬룸입니다.
진심 어린 소중한 후기 감사합니다. 💜

앞으로도 좋은 상품과 서비스로 고객님들을 찾아뵐 수 있도록 노력하겠습니다.
감사합니다. :)"
115036,2026-06-10 19:50:35,2026-06-03 08:45:10,2026-06-05 16:21:20,"허리,목에 이어 골반 샀는데 정말 좋네요!
감사합니다!",89973fe1a867,,966,골반 케어 프리미엄 골반 마사지기,191000,수량선택: 골반 마사지기 1개,모바일,5,,0,0,1,"안녕하세요. 프리미엄 헬스테크 브랜드, 슬룸입니다.
정성스럽게 올려주신 소중한 후기 감사합니다. 💜

고객님의 목소리로 더 발전하는 슬룸이 되도록 노력하겠습니다.
감사합니다. 🙇‍♀️"
115037,2026-06-10 10:39:01,2026-05-27 00:49:45,2026-05-28 16:19:40,시아버님이 목이 불편하시다고 해서 보내드렸어요. 아주 만족하며 사용 중이시라고 하네요.,,,909,목 마사지 베개 V2 경추 마사지기 베개,112000,수량선택: 목 마사지 베개 V2 1개,기존리뷰,5,,0,0,1,"안녕하세요. 프리미엄 헬스테크 브랜드, 슬룸입니다.
정성스럽게 올려주신 소중한 후기 감사합니다. 💜

고객님의 목소리로 더 발전하는 슬룸이 되도록 노력하겠습니다.
감사합니다. 🙇‍♀️"
115038,2026-06-10 11:06:17,2026-05-27 11:24:15,2026-05-28 18:37:51,근육이 풀리는 느낌이 있어요,,,966,골반 케어 프리미엄 골반 마사지기,191000,수량선택: 골반 마사지기 1개,기존리뷰,5,,1,0,1,"안녕하세요. 프리미엄 헬스테크 브랜드, 슬룸입니다.
정성스럽게 올려주신 소중한 후기 감사합니다. 💜

고객님의 목소리로 더 발전하는 슬룸이 되도록 노력하겠습니다.
감사합니다. 🙇‍♀️"
115039,2026-06-10 11:16:45,2026-06-05 13:46:20,,좌측에어백이 자꾸 위로 튀어나와서 AS 접수하는데 접수 가능시간이 제한적이고 접수해놔도 그쪽 상담 가능시간이 제가 가능한 시간이 아닐 수 있음에도 30분간 답이 없으면 종료시켜버리는 등 제품 불량 및 AS 접수 과정의 어려움으로 반품합니다,,,966,골반 케어 프리미엄 골반 마사지기,191000,수량선택: 바디 밸런스 케어 세트 (골반 마사지기 + 허리베개) + 마그네슘 시너지 크림 1개 증정,기존리뷰,1,,0,0,1,"안녕하세요. 프리미엄 헬스테크 브랜드, 슬룸입니다.
고객님께 만족스러운 경험을 드리지 못해 대단히 죄송합니다. 😥

바쁘신 와중에 어렵게 시간을 내어 문의를 주셨을 텐데, 상담 시간 제한과 30분 미응답 시 자동 종료되는 시스템으로 인해 얼마나 답답하고 번거로우셨을지 감히 헤아리기 어렵습니다.
고객님의 편의를 먼저 생각해야 하는 AS 과정에서 오히려 불편함을 가중해 드린 점 마음에 깊이 묵직한 책임감을 느낍니다.

말씀해 주신 상담 시간 및 종료 규정에 대한 피드백은 귀하게 경청하여, 고객님들의 편의에 맞추어 개선될 수 있도록 내부적으로 적극 검토하겠습니다.
기분 좋게 사용하셔야 했을 제품인데 끝까지 만족스러운 경험을 드리지 못해 다시 한번 죄송하다는 말씀 전달드립니다.

감사합니다."
115040,2026-06-10 12:48:00,2026-06-09 13:25:30,2026-06-10 12:22:00,사용하고 있는데 맛사지도 하고 온열도 되여서 팔이 시원 합니다 잘 사용할것 같아요,,,980,프리미엄 엘보케어 팔꿈치 마사지기,149000,수량선택: 팔꿈치 마사지기 1개,기존리뷰,5,,1,0,1,"안녕하세요. 프리미엄 헬스테크 브랜드, 슬룸입니다.
정성스럽게 올려주신 소중한 후기 감사합니다. 💜

고객님의 목소리로 더 발전하는 슬룸이 되도록 노력하겠습니다.
감사합니다. 🙇‍♀️"
115041,2026-06-10 13:34:21,2026-06-04 19:21:35,2026-06-06 13:41:06,배송이 빠르네요....,,,330,USB 충전 어댑터 멀티 충전기,5900,,기존리뷰,5,,1,0,1,"안녕하세요. 프리미엄 헬스테크 브랜드, 슬룸입니다.
정성스럽게 올려주신 소중한 후기 감사합니다. 💜

고객님의 목소리로 더 발전하는 슬룸이 되도록 노력하겠습니다.
감사합니다. 🙇‍♀️"
115042,2026-06-10 20:20:58,2026-06-06 16:52:40,2026-06-09 21:10:14,생각만큼 마사지가 되는 느낌은 아니네요 ㅎㅎ,,,909,목 마사지 베개 V2 경추 마사지기 베개,112000,수량선택: 목 마사지 베개 V2 1개 (허리베개 1개 증정),기존리뷰,4,,1,0,1,"안녕하세요. 프리미엄 헬스테크 브랜드, 슬룸입니다.
진심 어린 소중한 후기 감사합니다. 💜

앞으로도 좋은 상품과 서비스로 고객님들을 찾아뵐 수 있도록 노력하겠습니다.
감사합니다. :)"
115043,2026-06-10 20:37:10,2026-05-31 20:29:35,2026-06-02 13:45:23,일단 샀으니 잘 써볼게요,,,757,★최대할인 비밀링크★ 발편한케어 프리미엄 발 마사지기,89000,"사이즈선택: M (220 - 270mm), 수량선택: 발편한케어 V1 1개",기존리뷰,5,,0,0,1,"안녕하세요. 프리미엄 헬스테크 브랜드, 슬룸입니다.
진심 어린 소중한 후기 감사합니다. 💜

앞으로도 좋은 상품과 서비스로 고객님들을 찾아뵐 수 있도록 노력하겠습니다.
감사합니다. :)"
115044,2026-06-10 21:52:39,2026-05-09 05:43:30,2026-05-12 19:17:00,"오래서있는 직장에 다녀서 퇴근후 잘사용하고있습니다.
항상 사용하면서 아..시원하다를 혼잣말을 자주하네요.ㅎ",,,645,발편한케어 프리미엄 발 마사지기,91000,"버전&세트선택: V1, 사이즈&세트선택: L (250-295mm), 수량선택: 발편한케어 V1 1개 (마그네슘 시너지 크림 30ml 1개 증정)",기존리뷰,5,,0,0,1,"안녕하세요. 프리미엄 헬스테크 브랜드, 슬룸입니다.
시간 내어 소중한 후기를 작성해 주셔서 감사드립니다. :)

믿고 찾는 쇼핑몰이 되기 위해 더 좋은 상품과 서비스를 준비하겠습니다.
감사합니다. 💜"
115045,2026-06-11 08:15:11,2026-06-09 08:23:27,2026-06-10 13:40:19,배송도 빨라서  너무 좋았습니다  현재 목디스크진단받았는데 통증이 심해서 치료가 필요한데 지금 실습중이라 약으로 버티는중이라서 후기가 좋아서 질렀어요  꾸준히 사용하면 호전이 되었으면 하는 바램이네요 ,69b9844f5296,,909,목 마사지 베개 V2 경추 마사지기 베개,112000,수량선택: 목 마사지 베개 V2 1개 (허리베개 1개 증정),모바일,5,,0,0,1,"안녕하세요. 프리미엄 헬스테크 브랜드, 슬룸입니다.
시간 내어 소중한 후기를 작성해 주셔서 감사드립니다. :)

믿고 찾는 쇼핑몰이 되기 위해 더 좋은 상품과 서비스를 준비하겠습니다.
감사합니다. 💜"
115047,2026-06-10 00:00:00,,,테니스 엘보 2년. 여기저기 다 써봤는데 이게 제일 낫네요. 특히 온열+EMS 조합. 강추.,ec52294bc021,,980,프리미엄 엘보케어 팔꿈치 마사지기,149000,,기존리뷰,5,,0,0,1,"안녕하세요. 프리미엄 헬스테크 브랜드, 슬룸입니다.
시간 내어 소중한 후기를 작성해 주셔서 감사드립니다. :)

믿고 찾는 쇼핑몰이 되기 위해 더 좋은 상품과 서비스를 준비하겠습니다.
감사합니다. 💜"
115050,2026-06-03 00:00:00,,,운동 후 팔꿈치 관리 용도로 구매. 에어백이 생각보다 세서 좋았고 EMS도 적당함. 합격.,9b6838adf393,,980,프리미엄 엘보케어 팔꿈치 마사지기,149000,,기존리뷰,5,,0,0,1,"안녕하세요. 프리미엄 헬스테크 브랜드, 슬룸입니다.
진심 어린 소중한 후기 감사합니다. 💜

앞으로도 좋은 상품과 서비스로 고객님들을 찾아뵐 수 있도록 노력하겠습니다.
감사합니다. :)"
115052,2026-06-10 00:00:00,,,"팔꿈치가 욱신거리던 밤들이 있었어요. 파스 붙이고 자도 아침엔 또 뻣뻣하고. 그러다 이걸 쓰기 시작했는데, 처음으로 아침에 일어났을 때 팔이 가볍다는 느낌을 받았어요. 별거 아닌 것 같아도 저한테는 꽤 큰 변화였어요.",108af5f4e4b1,,980,프리미엄 엘보케어 팔꿈치 마사지기,149000,,기존리뷰,5,,0,0,1,"안녕하세요. 프리미엄 헬스테크 브랜드, 슬룸입니다.
진심 어린 소중한 후기 감사합니다. 💜

앞으로도 좋은 상품과 서비스로 고객님들을 찾아뵐 수 있도록 노력하겠습니다.
감사합니다. :)"
115054,2026-06-04 00:00:00,,,ㅋㅋ 진짜 이거 사길 잘했다 싶음. 팔꿈치 맨날 아팠는데 요즘 많이 나아진 것 같아서. 친구한테도 알려줌.,2abc8a53be01,,980,프리미엄 엘보케어 팔꿈치 마사지기,149000,,기존리뷰,5,,0,0,1,"안녕하세요. 프리미엄 헬스테크 브랜드, 슬룸입니다.
진심 어린 소중한 후기 감사합니다. 💜

앞으로도 좋은 상품과 서비스로 고객님들을 찾아뵐 수 있도록 노력하겠습니다.
감사합니다. :)"
115055,2026-06-03 00:00:00,,,와 에어백 처음 켰을 때 깜짝 놀람ㅋㅋ 팍 잡히는 느낌 중독이에요 진짜. 강도 세게 하면 더 시원하고.,972f4c4300e5,,980,프리미엄 엘보케어 팔꿈치 마사지기,149000,,기존리뷰,5,,0,0,1,"안녕하세요. 프리미엄 헬스테크 브랜드, 슬룸입니다.
진심 어린 소중한 후기 감사합니다. 💜

앞으로도 좋은 상품과 서비스로 고객님들을 찾아뵐 수 있도록 노력하겠습니다.
감사합니다. :)"
115064,2026-06-02 00:00:00,,,미용실 하루 10시간씩 서서 가위질하면 팔이 진짜 죽어요. 팔꿈치 통증이 직업병 수준인데 이거 쓰고부터 퇴근 후 회복이 달라졌어요. 직업적으로 팔 많이 쓰시는 분들 진짜 추천해요.,25c199efcd9c,,980,프리미엄 엘보케어 팔꿈치 마사지기,149000,,기존리뷰,4,,0,0,1,"안녕하세요. 프리미엄 헬스테크 브랜드, 슬룸입니다.
진심 어린 소중한 후기 감사합니다. 💜

앞으로도 좋은 상품과 서비스로 고객님들을 찾아뵐 수 있도록 노력하겠습니다.
감사합니다. :)"
115067,2026-06-02 00:00:00,,,재활의학과 다니면서 병행 사용 중이에요. 선생님이 가정용 EMS 쓰는 거 괜찮다고 하셔서 매일 집에서 쓰고 있어요. 병원 치료 효과가 더 오래 유지되는 느낌이에요.,1bab75cfd3ec,,980,프리미엄 엘보케어 팔꿈치 마사지기,149000,,기존리뷰,4,,0,0,1,"안녕하세요. 프리미엄 헬스테크 브랜드, 슬룸입니다.
진심 어린 소중한 후기 감사합니다. 💜

앞으로도 좋은 상품과 서비스로 고객님들을 찾아뵐 수 있도록 노력하겠습니다.
감사합니다. :)"
115071,2026-06-01 00:00:00,,,남편한테 아버지 선물 뭐 드릴지 물어봤더니 이거 추천받았어요. 받고 나서 진짜 잘 쓰신다고 하셔서 남편 눈썰미를 칭찬하게 됐어요.,652ff9d8b6ac,,980,프리미엄 엘보케어 팔꿈치 마사지기,149000,,기존리뷰,4,,0,0,1,"안녕하세요. 프리미엄 헬스테크 브랜드, 슬룸입니다.
진심 어린 소중한 후기 감사합니다. 💜

앞으로도 좋은 상품과 서비스로 고객님들을 찾아뵐 수 있도록 노력하겠습니다.
감사합니다. :)"
115074,2026-06-03 00:00:00,,,매일 저녁 15분씩 한 달 썼더니 아침에 일어났을 때 팔꿈치 뻣뻣함이 거의 없어졌어요. 전에는 주먹 쥐는 것도 뻑뻑했는데.,b135d66bb382,,980,프리미엄 엘보케어 팔꿈치 마사지기,149000,,기존리뷰,5,,0,0,1,"안녕하세요. 프리미엄 헬스테크 브랜드, 슬룸입니다.
시간 내어 소중한 후기를 작성해 주셔서 감사드립니다. :)

믿고 찾는 쇼핑몰이 되기 위해 더 좋은 상품과 서비스를 준비하겠습니다.
감사합니다. 💜"
115075,2026-06-04 00:00:00,,,3단계 온열에 EMS 10단계로 25분. 이게 제 세팅이에요. 처음엔 1단계 5단계로 시작했는데 3주 만에 여기까지 왔어요. 강도를 올릴수록 효과가 확실해요.,e37b0d4c11b8,,980,프리미엄 엘보케어 팔꿈치 마사지기,149000,,기존리뷰,4,,0,0,1,"안녕하세요. 프리미엄 헬스테크 브랜드, 슬룸입니다.
정성스럽게 올려주신 소중한 후기 감사합니다. 💜

고객님의 목소리로 더 발전하는 슬룸이 되도록 노력하겠습니다.
감사합니다. 🙇‍♀️"
115077,2026-06-11 00:00:00,,,"좋은 점: 팔꿈치 홈 설계가 정확함, 온열+EMS 동시 사용 가능, 무선이라 편함. 아쉬운 점: 크림 별도 구매 필요. 전체적으로 만족해요.",337d6fc970ec,,980,프리미엄 엘보케어 팔꿈치 마사지기,149000,,기존리뷰,5,,0,0,1,"안녕하세요. 프리미엄 헬스테크 브랜드, 슬룸입니다.
정성스럽게 올려주신 소중한 후기 감사합니다. 💜

고객님의 목소리로 더 발전하는 슬룸이 되도록 노력하겠습니다.
감사합니다. 🙇‍♀️"
115078,2026-06-11 00:00:00,,,구매 이유: 테니스 엘보. 사용 기간: 3주. 결과: 통증 확실히 줄었음. 재구매 의사: 있음.,9efcc9d94cfa,,980,프리미엄 엘보케어 팔꿈치 마사지기,149000,,기존리뷰,4,,0,0,1,"안녕하세요. 프리미엄 헬스테크 브랜드, 슬룸입니다.
시간 내어 소중한 후기를 작성해 주셔서 감사드립니다. :)

믿고 찾는 쇼핑몰이 되기 위해 더 좋은 상품과 서비스를 준비하겠습니다.
감사합니다. 💜"
115079,2026-06-02 00:00:00,,,기능 5가지 다 써봄. M3 힐링 모드가 제일 자주 쓰게 됨. 에어백은 2단계가 딱 맞음. 온열은 켜두는 게 기본이 됨.,b0b5d9b90811,,980,프리미엄 엘보케어 팔꿈치 마사지기,149000,,기존리뷰,5,,0,0,1,"안녕하세요. 프리미엄 헬스테크 브랜드, 슬룸입니다.
진심 어린 소중한 후기 감사합니다. 💜

앞으로도 좋은 상품과 서비스로 고객님들을 찾아뵐 수 있도록 노력하겠습니다.
감사합니다. :)"
115081,2026-06-03 00:00:00,,,처음 켰을 때 EMS 찌릿함에 깜짝 놀라서 바로 껐어요. 그냥 약하게 다시 켜보니까 오히려 시원한 거예요. 지금은 8단계도 물처럼 쓰고 있어요.,760b6ac08864,,980,프리미엄 엘보케어 팔꿈치 마사지기,149000,,기존리뷰,5,,0,0,1,"안녕하세요. 프리미엄 헬스테크 브랜드, 슬룸입니다.
시간 내어 소중한 후기를 작성해 주셔서 감사드립니다. :)

믿고 찾는 쇼핑몰이 되기 위해 더 좋은 상품과 서비스를 준비하겠습니다.
감사합니다. 💜"
115083,2026-06-10 00:00:00,,,크림 바르는 게 귀찮아서 처음엔 안 바르고 썼는데 EMS 느낌이 영 약하더라고요. 바르고 쓰니까 완전 달라졌어요. 그 뒤론 귀찮아도 무조건 바르고 써요.,c0a6a701a234,,980,프리미엄 엘보케어 팔꿈치 마사지기,149000,,기존리뷰,5,,0,0,1,"안녕하세요. 프리미엄 헬스테크 브랜드, 슬룸입니다.
진심 어린 소중한 후기 감사합니다. 💜

앞으로도 좋은 상품과 서비스로 고객님들을 찾아뵐 수 있도록 노력하겠습니다.
감사합니다. :)"
115103,2026-06-04 00:00:00,,,M3 힐링 모드는 이름이 딱 맞아요. 진짜 힐링돼요. 부드러운 리듬이 반복되다 보면 긴장이 다 풀려요.,,,980,프리미엄 엘보케어 팔꿈치 마사지기,149000,,기존리뷰,5,,0,0,1,"안녕하세요. 프리미엄 헬스테크 브랜드, 슬룸입니다.
시간 내어 소중한 후기를 작성해 주셔서 감사드립니다. :)

믿고 찾는 쇼핑몰이 되기 위해 더 좋은 상품과 서비스를 준비하겠습니다.
감사합니다. 💜"
115105,2026-06-01 00:00:00,,,크림 따로 사야 한다는 게 처음엔 좀 그랬는데 효과 차이가 나니까 이제 당연하게 쓰고 있어요. 크림 포함해서 팔아주면 좋겠다 싶긴 해요.,,,980,프리미엄 엘보케어 팔꿈치 마사지기,149000,,기존리뷰,5,,0,0,1,"안녕하세요. 프리미엄 헬스테크 브랜드, 슬룸입니다.
시간 내어 소중한 후기를 작성해 주셔서 감사드립니다. :)

믿고 찾는 쇼핑몰이 되기 위해 더 좋은 상품과 서비스를 준비하겠습니다.
감사합니다. 💜"
115109,2026-06-01 00:00:00,,,클라이밍 하는데 팔꿈치 부하가 엄청나요. 벽 타고 내려오면 팔꿈치부터 전완근이 다 터질 것 같은데 이거 쓰고 회복 속도가 진짜 달라졌어요.,,,980,프리미엄 엘보케어 팔꿈치 마사지기,149000,,기존리뷰,5,,0,0,1,"안녕하세요. 프리미엄 헬스테크 브랜드, 슬룸입니다.
정성스럽게 올려주신 소중한 후기 감사합니다. 💜

고객님의 목소리로 더 발전하는 슬룸이 되도록 노력하겠습니다.
감사합니다. 🙇‍♀️"
115125,2026-06-02 00:00:00,,,20대 후반인데 헬스 무리하다가 팔꿈치 부상 왔어요. 회복 기간에 조심조심 썼는데 강도 0단계부터 설정 가능해서 부담 없이 쓸 수 있었어요.,,,980,프리미엄 엘보케어 팔꿈치 마사지기,149000,,기존리뷰,5,,0,0,1,"안녕하세요. 프리미엄 헬스테크 브랜드, 슬룸입니다.
정성스럽게 올려주신 소중한 후기 감사합니다. 💜

고객님의 목소리로 더 발전하는 슬룸이 되도록 노력하겠습니다.
감사합니다. 🙇‍♀️"
115126,2026-06-11 00:00:00,,,30대 직장인이에요. 퇴근 후 쓰는 15분이 진짜 유일한 셀프 케어예요. 이거 없었으면 팔꿈치 통증 그냥 방치했을 것 같아요.,,,980,프리미엄 엘보케어 팔꿈치 마사지기,149000,,기존리뷰,4,,0,0,1,"안녕하세요. 프리미엄 헬스테크 브랜드, 슬룸입니다.
시간 내어 소중한 후기를 작성해 주셔서 감사드립니다. :)

믿고 찾는 쇼핑몰이 되기 위해 더 좋은 상품과 서비스를 준비하겠습니다.
감사합니다. 💜"
115127,2026-06-03 00:00:00,,,마사지숍 한 번 가면 3~5만원인데 이거 한 번 사면 집에서 매일 써요. 세 달만 계산해도 본전은 뽑죠.,,,980,프리미엄 엘보케어 팔꿈치 마사지기,149000,,기존리뷰,5,,0,0,1,"안녕하세요. 프리미엄 헬스테크 브랜드, 슬룸입니다.
시간 내어 소중한 후기를 작성해 주셔서 감사드립니다. :)

믿고 찾는 쇼핑몰이 되기 위해 더 좋은 상품과 서비스를 준비하겠습니다.
감사합니다. 💜"
115129,2026-06-02 00:00:00,,,명절 때 전 부치고 나서 팔꿈치가 끊어질 것 같았는데 이거 한 번 돌리고 나니까 다음날 멀쩡하게 일어났어요. 명절 필수품이에요.,,,980,프리미엄 엘보케어 팔꿈치 마사지기,149000,,기존리뷰,5,,0,0,1,"안녕하세요. 프리미엄 헬스테크 브랜드, 슬룸입니다.
진심 어린 소중한 후기 감사합니다. 💜

앞으로도 좋은 상품과 서비스로 고객님들을 찾아뵐 수 있도록 노력하겠습니다.
감사합니다. :)"
115130,2026-06-04 00:00:00,,,출장 갈 때 챙겨가요. USB 충전이라 호텔에서도 쓸 수 있고 215g이라 가방에 넣어도 부담 없어요.,,,980,프리미엄 엘보케어 팔꿈치 마사지기,149000,,기존리뷰,4,,0,0,1,"안녕하세요. 프리미엄 헬스테크 브랜드, 슬룸입니다.
정성스럽게 올려주신 소중한 후기 감사합니다. 💜

고객님의 목소리로 더 발전하는 슬룸이 되도록 노력하겠습니다.
감사합니다. 🙇‍♀️"
115133,2026-06-01 00:00:00,,,"차고 있어도 티 안 나는 디자인이에요. 회사에서 써도 이상하지 않고, 집에서 TV 볼 때도 자연스러워요.",,,980,프리미엄 엘보케어 팔꿈치 마사지기,149000,,기존리뷰,5,,0,0,1,"안녕하세요. 프리미엄 헬스테크 브랜드, 슬룸입니다.
정성스럽게 올려주신 소중한 후기 감사합니다. 💜

고객님의 목소리로 더 발전하는 슬룸이 되도록 노력하겠습니다.
감사합니다. 🙇‍♀️"
115136,2026-06-04 00:00:00,,,사진으로 볼 땐 플라스틱 감이 날 것 같았는데 실물은 퀄리티가 달라요. 생각보다 훨씬 잘 만들어졌어요.,,,980,프리미엄 엘보케어 팔꿈치 마사지기,149000,,기존리뷰,5,,0,0,1,"안녕하세요. 프리미엄 헬스테크 브랜드, 슬룸입니다.
시간 내어 소중한 후기를 작성해 주셔서 감사드립니다. :)

믿고 찾는 쇼핑몰이 되기 위해 더 좋은 상품과 서비스를 준비하겠습니다.
감사합니다. 💜"
115137,2026-06-11 00:00:00,,,기능이 많아서 복잡할 것 같았는데 실제로 쓰면 직관적이에요. 버튼 하나씩 눌러보면서 금방 익혔어요.,,,980,프리미엄 엘보케어 팔꿈치 마사지기,149000,,기존리뷰,4,,0,0,1,"안녕하세요. 프리미엄 헬스테크 브랜드, 슬룸입니다.
정성스럽게 올려주신 소중한 후기 감사합니다. 💜

고객님의 목소리로 더 발전하는 슬룸이 되도록 노력하겠습니다.
감사합니다. 🙇‍♀️"
115141,2026-06-11 00:00:00,,,온열+EMS+에어백 세 가지가 한 기기에. 이 조합이 팔꿈치 케어의 정석인 것 같아요.,,,980,프리미엄 엘보케어 팔꿈치 마사지기,149000,,기존리뷰,4,,0,0,1,"안녕하세요. 프리미엄 헬스테크 브랜드, 슬룸입니다.
정성스럽게 올려주신 소중한 후기 감사합니다. 💜

고객님의 목소리로 더 발전하는 슬룸이 되도록 노력하겠습니다.
감사합니다. 🙇‍♀️"
115143,2026-06-01 00:00:00,,,가격이 좀 나가지만 효과 있는 제품에 돈 쓰는 건 아깝지 않아요. 몇 달 쓰고 나서 드는 생각이에요.,,,980,프리미엄 엘보케어 팔꿈치 마사지기,149000,,기존리뷰,5,,0,0,1,"안녕하세요. 프리미엄 헬스테크 브랜드, 슬룸입니다.
시간 내어 소중한 후기를 작성해 주셔서 감사드립니다. :)

믿고 찾는 쇼핑몰이 되기 위해 더 좋은 상품과 서비스를 준비하겠습니다.
감사합니다. 💜"
115146,2026-06-11 13:02:58,2026-05-13 21:48:41,2026-06-16 20:11:53,5월16일날 주문했는데 벌써 고장나서 작동이 안되네요. 교환 환불 절차가 너무 복잡하고 절대 사지마세요. 일회용입니다. ,1721fbca84d2,,909,목 마사지 베개 V2 경추 마사지기 베개,112000,수량선택: 목 마사지 베개 V2 1개,반응형(내리뷰),1,,1,0,1,"안녕하세요. 프리미엄 헬스테크 브랜드, 슬룸입니다.
고객님께 만족스러운 경험을 드리지 못해 대단히 죄송합니다. 😥

이미 슬룸 고객센터 측으로 불량 접수해주신 것으로 확인됩니다.
불편을 겪으신 만큼, 최대한 신속하게 환불(또는 교환) 처리가 완료되도록 하겠습니다.

제품 품질과 서비스 절차 개선에 더욱 노력하겠습니다.

관련하여 추가 문의가 있으실 경우 아래 슬룸 채팅 상담 이용 부탁드립니다.
▶ 슬룸 채팅 상담 (※ 월-목 09:30-17:00, 금 09:30-16:00, 주말 및 공휴일 휴무)
http://sloom.channel.io/

고객님의 목소리로 더 발전하는 슬룸이 되도록 노력하겠습니다. 감사합니다."
115147,2026-06-11 06:24:59,2026-06-08 19:56:05,2026-06-10 16:15:24,처음 사용하는 순간 아 ~ 하는 시원함이 느껴졌어요,,,909,목 마사지 베개 V2 경추 마사지기 베개,112000,수량선택: 목 마사지 베개 V2 1개 (허리베개 1개 증정),기존리뷰,3,,1,0,1,"안녕하세요. 프리미엄 헬스테크 브랜드, 슬룸입니다.
시간 내어 소중한 후기를 작성해 주셔서 감사드립니다. :)

믿고 찾는 쇼핑몰이 되기 위해 더 좋은 상품과 서비스를 준비하겠습니다.
감사합니다. 💜"
115148,2026-06-11 08:29:10,2026-05-19 07:30:55,2026-05-20 13:38:00,시원하게 주물러주고 잠도 그냥 잘수있어서 좋아요,,,909,목 마사지 베개 V2 경추 마사지기 베개,112000,수량선택: 목 마사지 베개 V2 1개,기존리뷰,5,,0,0,1,"안녕하세요. 프리미엄 헬스테크 브랜드, 슬룸입니다.
시간 내어 소중한 후기를 작성해 주셔서 감사드립니다. :)

믿고 찾는 쇼핑몰이 되기 위해 더 좋은 상품과 서비스를 준비하겠습니다.
감사합니다. 💜"
115149,2026-06-11 08:42:37,2026-04-23 23:49:25,2026-04-27 13:05:00,목 디스크 인데  엄청 좋아요  너무 좋아요  강추 에요,,,291,목베개 플러스 경추 목 마사지기 베개,91000,"버전&세트선택: V2, 수량선택: 목 마사지 베개 V2 1개 (마그네슘 시너지 크림 30ml 1개 증정)",기존리뷰,5,,0,0,1,"안녕하세요. 프리미엄 헬스테크 브랜드, 슬룸입니다.
시간 내어 소중한 후기를 작성해 주셔서 감사드립니다. :)

믿고 찾는 쇼핑몰이 되기 위해 더 좋은 상품과 서비스를 준비하겠습니다.
감사합니다. 💜"
115150,2026-06-11 09:55:27,2026-06-04 15:44:00,2026-06-08 13:06:16,같은회사 제품 여러가지 쓰고있는데 자는습관의 문제인줄 모르겠으나 조금적응하면 괜찮을지모르나 지금은 좀 배고자기엔 조금 불편하네요,,,909,목 마사지 베개 V2 경추 마사지기 베개,112000,수량선택: 목 마사지 베개 V2 1개 (허리베개 1개 증정),기존리뷰,4,,1,0,1,"안녕하세요 고객님, 프리미엄 헬스테크 브랜드, 슬룸입니다.
고객님께 만족스러운 경험을 드리지 못해 대단히 죄송합니다.😥

슬룸의 모든 제품은 인체공학적으로 설계되어 편안한 사용이 가능하나 초기 사용 시 1~2주 이상의 적응 기간이 필요할 수 있습니다. 
다만 수령하신 날짜 기준으로 30일 동안 꾸준히 사용해보시고도 만족하지 못하셨을 경우에는, 슬룸에서 진행하는 <100%환불이벤트> 에 참여하여 왕복배송비 제외 전액 환불이 가능합니다.

※ 제품을 30일간 꾸준히 사용한 경우, 배송완료 후 40일이내 신청이 가능
※ 환불 서비스는 첫 구매 체험을 위한 서비스로 1회만 신청 가능

▶ <100% 환불 이벤트> 상세 환불 조건 : https://sleeplab.co.kr/notice/?q=YToxOntzOjEyOiJrZXl3b3JkX3R5cGUiO3M6MzoiYWxsIjt9&bmode=view&idx=13709226&t=board 

슬룸을 믿고 편하게 사용 및 체험해보시고, 그럼에도 만족하시지 못하셨을 경우 슬룸 공식몰의 채널톡을 통해 이벤트 기간 내 문의 주시면 환불 접수 도움드리겠습니다."
115151,2026-06-11 10:29:17,2026-06-06 12:19:25,2026-06-09 18:51:41,비용만큼 괜찮네요 굳,,,909,목 마사지 베개 V2 경추 마사지기 베개,112000,수량선택: 목 마사지 베개 V2 1개 (허리베개 1개 증정),기존리뷰,5,,0,0,1,"안녕하세요. 프리미엄 헬스테크 브랜드, 슬룸입니다.
정성스럽게 올려주신 소중한 후기 감사합니다. 💜

고객님의 목소리로 더 발전하는 슬룸이 되도록 노력하겠습니다.
감사합니다. 🙇‍♀️"
115152,2026-06-11 13:30:30,2026-03-19 10:50:00,,목에 마사지 낮아서 느낌이 없고 아쉽네요. 이 외에는 만족합니다. 그리고 주문하자마자 바로 2세대 나왔는데 아... 할말이 없고 번창하세요~^^,,,291,목베개 플러스 경추 목 마사지기 베개,91000,수량선택: 목베개 플러스 1개,기존리뷰,4,,0,0,1,"안녕하세요. 프리미엄 헬스테크 브랜드, 슬룸입니다.
정성스럽게 올려주신 소중한 후기 감사합니다. 💜

고객님의 목소리로 더 발전하는 슬룸이 되도록 노력하겠습니다.
감사합니다. 🙇‍♀️"
115153,2026-06-11 16:58:51,2026-05-30 12:45:20,2026-06-02 16:18:49,장모님이 좋아하십니다 아주 잘 샀네요,,,636,허리편한케어 V2 허리 마사지기,131000,수량선택: 허리편한케어 V2 1개,기존리뷰,5,,1,0,1,"안녕하세요. 프리미엄 헬스테크 브랜드, 슬룸입니다.
시간 내어 소중한 후기를 작성해 주셔서 감사드립니다. :)

믿고 찾는 쇼핑몰이 되기 위해 더 좋은 상품과 서비스를 준비하겠습니다.
감사합니다. 💜"
115154,2026-06-11 19:09:19,2026-05-27 23:19:10,2026-05-29 18:36:41,엄마랑 일본 여행 가면서 많이 걸어다닐걸 대비해서 챙겨갔어요. 덕분에 잘 쓰면서 여행했습니다!,,,924,발편한케어 프리미엄 EMS 발 마사지기,89000,"버전&세트선택: V2, 사이즈&세트선택: F(220-270mm), 수량선택: 발편한케어 V2 1개",기존리뷰,5,,0,0,1,"안녕하세요. 프리미엄 헬스테크 브랜드, 슬룸입니다.
시간 내어 소중한 후기를 작성해 주셔서 감사드립니다. :)

믿고 찾는 쇼핑몰이 되기 위해 더 좋은 상품과 서비스를 준비하겠습니다.
감사합니다. 💜"
115155,2026-06-11 23:40:43,2026-06-08 00:03:10,2026-06-09 16:16:07,집에서 간편하게 사용할 수 있어 좋아요,,,636,허리편한케어 V2 허리 마사지기,131000,수량선택: 허리편한케어 V2 1개 (허리베개 1개 증정),기존리뷰,5,,0,0,1,"안녕하세요. 프리미엄 헬스테크 브랜드, 슬룸입니다.
시간 내어 소중한 후기를 작성해 주셔서 감사드립니다. :)

믿고 찾는 쇼핑몰이 되기 위해 더 좋은 상품과 서비스를 준비하겠습니다.
감사합니다. 💜"
115156,2026-06-12 08:10:35,2026-06-10 13:28:44,2026-06-11 16:15:36,팔꿈치 통증으로 구매했는데 좋아요 그런데 여성만 착용가능한건지 짧아서 잘 풀리네요,babc3679a3d8,,980,프리미엄 엘보케어 팔꿈치 마사지기,149000,수량선택: 핸드 밸런스 세트 (팔꿈치 마사지기 + 손편한케어),모바일,5,,0,0,1,"안녕하세요. 프리미엄 헬스테크 브랜드, 슬룸입니다.
고객님께 만족스러운 경험을 드리지 못해 대단히 죄송합니다. 😥

리뷰로는 상세한 안내가 어려워, 자세한 내용 알림톡(문자) 발송 도와드렸으니 확인 부탁드리겠습니다.
추가로 궁금하신 점이 있으시거나 문자 확인하신 후에도 해결되지 않는 경우
번거로우시겠지만 슬룸 채팅 상담을 통해 연락 주시면 빠르게 안내 도와드리겠습니다.

▶ 슬룸 채팅 상담 (※ 월-목 09:30-17:00, 금 09:30-16:00, 주말 및 공휴일 휴무)
http://sloom.channel.io/

고객님의 목소리로 더 발전하는 슬룸이 되도록 노력하겠습니다. 감사합니다."
115158,2026-06-10 00:00:00,,,"골프 치고 나면 팔꿈치가 항상 욱신거렸는데 이 제품 쓰고 나서 많이 나아졌어요. M4 주무름모드가 특히 마음에 드는데 손으로 꾹꾹 누르는 것처럼 자극이 깊게 들어오거든요. 충전식이라 코드 없이 소파에서 편하게 쓸 수 있고, 리모컨 조작도 어렵지 않아서 좋았어요. 처음에 크림 바르는 게 귀찮을 것 같았는데 EMS 효과가 다르게 느껴져서 꼭 챙겨 바르게 됩니다. 주변 골프 치는 지인들한테도 추천하고 있어요.",d2dce55a65d1,,980,프리미엄 엘보케어 팔꿈치 마사지기,149000,,기존리뷰,5,,0,0,1,"안녕하세요. 프리미엄 헬스테크 브랜드, 슬룸입니다.
진심 어린 소중한 후기 감사합니다. 💜

앞으로도 좋은 상품과 서비스로 고객님들을 찾아뵐 수 있도록 노력하겠습니다.
감사합니다. :)"
115161,2026-06-03 00:00:00,,,"집안일 하다 보면 팔에 무리가 많이 가는데 어느 순간부터 팔꿈치 바깥쪽이 쑤시기 시작했어요. 병원에서는 테니스 엘보라고 하더라고요, 운동도 안 하는데. 온열 3단계인 48도까지 올려쓰니까 찜질팩보다 훨씬 편하게 케어할 수 있었어요. 팔꿈치에 딱 맞게 고정되니까 양손이 자유롭고 TV 보면서도 쓸 수 있어서 좋아요. 구성품으로 크림도 함께 오면 더 좋겠지만 제품 자체는 매우 만족해요.",35ece97a4156,,980,프리미엄 엘보케어 팔꿈치 마사지기,149000,,기존리뷰,5,,0,0,1,"안녕하세요. 프리미엄 헬스테크 브랜드, 슬룸입니다.
정성스럽게 올려주신 소중한 후기 감사합니다. 💜

고객님의 목소리로 더 발전하는 슬룸이 되도록 노력하겠습니다.
감사합니다. 🙇‍♀️"
115163,2026-06-10 00:00:00,,,정형외과를 꾸준히 다녔는데 비용도 만만치 않고 매번 가기도 번거로워서 홈케어 기기를 찾게 됐어요. 정형외과 전문의 자문으로 개발됐다는 점이 선택한 이유 중 하나예요. 첫날은 강도를 낮게 시작했는데 점점 올려가면서 사용하니 통증 부위에 자극이 잘 전달되는 느낌이에요. 온열이랑 에어백까지 더하면 병원 물리치료 받는 느낌이 약간 나기도 해요. 매일 꾸준히 사용하고 있습니다.,31a0de97c391,,980,프리미엄 엘보케어 팔꿈치 마사지기,149000,,기존리뷰,5,,0,0,1,"안녕하세요. 프리미엄 헬스테크 브랜드, 슬룸입니다.
시간 내어 소중한 후기를 작성해 주셔서 감사드립니다. :)

믿고 찾는 쇼핑몰이 되기 위해 더 좋은 상품과 서비스를 준비하겠습니다.
감사합니다. 💜"
115165,2026-06-04 00:00:00,,,반신반의하고 구매했는데 생각보다 훨씬 잘 쓰고 있어요. M3 힐링모드에 온열 1단계 조합이 잠들기 전에 쓰기 딱 좋더라고요. 강도 조절이 0단계부터 15단계까지 세세하게 돼서 처음 쓰는 분들도 부담 없이 시작할 수 있을 것 같아요. 팔꿈치 전용 설계라 착용했을 때 딱 맞는 느낌이 나고 고정도 잘 돼요. 제품 퀄리티 대비 가격이 합리적이라고 느껴졌어요.,181720154e54,,980,프리미엄 엘보케어 팔꿈치 마사지기,149000,,기존리뷰,5,,0,0,1,"안녕하세요. 프리미엄 헬스테크 브랜드, 슬룸입니다.
진심 어린 소중한 후기 감사합니다. 💜

앞으로도 좋은 상품과 서비스로 고객님들을 찾아뵐 수 있도록 노력하겠습니다.
감사합니다. :)"
115166,2026-06-03 00:00:00,,,등산을 자주 가는데 스틱을 오래 잡다 보면 팔꿈치에 무리가 많이 가더라고요. 하산 후에 팔꿈치가 욱신거릴 때 이걸 쓰면 회복이 빠른 편이에요. M4 주무름모드가 깊은 근육까지 자극해준다는데 실제로 손으로 주무를 때랑 비슷한 시원한 느낌이 나요. 배터리 지속시간도 꽤 돼서 며칠은 충전 없이 쓸 수 있어서 편리해요. 작고 가벼워서 보관하기도 좋아요.,efeb0d88a834,,980,프리미엄 엘보케어 팔꿈치 마사지기,149000,,기존리뷰,5,,0,0,1,"안녕하세요. 프리미엄 헬스테크 브랜드, 슬룸입니다.
시간 내어 소중한 후기를 작성해 주셔서 감사드립니다. :)

믿고 찾는 쇼핑몰이 되기 위해 더 좋은 상품과 서비스를 준비하겠습니다.
감사합니다. 💜"
115175,2026-06-02 00:00:00,,,마트 직원으로 일하면서 무거운 물건을 옮기다 보니 팔꿈치 통증이 생겼어요. 직업 특성상 계속 써야 하니 홈케어라도 챙기자 싶어서 구매했는데 퇴근 후 매일 15분씩 쓰면서 통증 관리가 되고 있어요. 에어백이 전완근을 감싸서 혈액순환을 도와주는지 다음날 아침에 팔이 덜 무거운 느낌이에요. 온열 찜질 기능이 특히 좋아요. 겨울철에 더 따뜻하게 케어할 수 있어서 계절 상관없이 쓸 것 같아요.,820f091892a8,,980,프리미엄 엘보케어 팔꿈치 마사지기,149000,,기존리뷰,4,,0,0,1,"안녕하세요. 프리미엄 헬스테크 브랜드, 슬룸입니다.
시간 내어 소중한 후기를 작성해 주셔서 감사드립니다. :)

믿고 찾는 쇼핑몰이 되기 위해 더 좋은 상품과 서비스를 준비하겠습니다.
감사합니다. 💜"
115178,2026-06-02 00:00:00,,,"미용사로 일하면서 하루 종일 팔을 올리고 내리는 동작을 반복하다 보니 팔꿈치가 항상 아팠어요. 퇴근 후 자가 케어가 가능해져서 병원 가는 빈도가 줄었어요. 리모컨으로 조작할 수 있어서 착용한 채로 드라마 보면서 쓰기 편하고요. 강도 조절이 세밀해서 피곤한 날은 약하게, 통증이 심한 날은 강하게 조절하면서 쓰고 있어요. 팔꿈치 전용이라는 타이틀이 괜히 붙은 게 아닌 것 같아요.",caf224c7e5bf,,980,프리미엄 엘보케어 팔꿈치 마사지기,149000,,기존리뷰,4,,0,0,1,"안녕하세요. 프리미엄 헬스테크 브랜드, 슬룸입니다.
시간 내어 소중한 후기를 작성해 주셔서 감사드립니다. :)

믿고 찾는 쇼핑몰이 되기 위해 더 좋은 상품과 서비스를 준비하겠습니다.
감사합니다. 💜"
115182,2026-06-01 00:00:00,,,팔꿈치 통증 관련 검색을 하다가 이 제품을 발견했는데 팔꿈치 전용 카테고리 자체가 생소했어요. 손목 마사지기랑 비교하면 팔꿈치에 훨씬 잘 맞는 느낌이에요. EMS와 TENS가 결합된 방식이라 단순 진동보다 깊은 자극이 오는데 이게 효과의 차이를 만드는 것 같아요. 온열 1단계인 43도가 부드럽게 따뜻해서 부담 없이 쓸 수 있어요. 시간이 갈수록 만족도가 높아지는 제품이에요.,3793581fa813,,980,프리미엄 엘보케어 팔꿈치 마사지기,149000,,기존리뷰,4,,0,0,1,"안녕하세요. 프리미엄 헬스테크 브랜드, 슬룸입니다.
정성스럽게 올려주신 소중한 후기 감사합니다. 💜

고객님의 목소리로 더 발전하는 슬룸이 되도록 노력하겠습니다.
감사합니다. 🙇‍♀️"
115185,2026-06-03 00:00:00,,,헬스 8년 차인데 최근 들어 전완근 피로가 팔꿈치 통증으로 이어지는 패턴이 반복됐어요. 찾아보니 전완근이 굳으면 팔꿈치에 과부하가 걸린다고 하더라고요. 이 제품이 팔꿈치 EMS와 전완근 에어백 마사지를 동시에 해결해주는 구조라서 선택했는데 역시 같이 케어하니까 효과가 달랐어요. M4 주무름모드로 깊은 자극 주고 온열 2단계로 마무리하는 게 제 루틴이 됐어요. 전완근 관리가 팔꿈치 건강의 핵심이라는 걸 이 제품 쓰면서 새삼 느꼈어요.,21a365e4c293,,980,프리미엄 엘보케어 팔꿈치 마사지기,149000,,기존리뷰,5,,0,0,1,"안녕하세요. 프리미엄 헬스테크 브랜드, 슬룸입니다.
진심 어린 소중한 후기 감사합니다. 💜

앞으로도 좋은 상품과 서비스로 고객님들을 찾아뵐 수 있도록 노력하겠습니다.
감사합니다. :)"
115186,2026-06-04 00:00:00,,,아이 둘 키우면서 안아주고 들어올리는 일이 많다 보니 팔꿈치 통증이 생겼어요. 육아맘들에게 이런 케어 제품이 절실하게 필요하다는 걸 느껴요. 아이들 재우고 나서 M3 힐링모드로 15분씩 쓰는데 그 시간이 진짜 내 몸 챙기는 시간 같아서 좋아요. 온열 기능이 따뜻하게 감싸줘서 피로가 풀리는 느낌이에요. 엄마들한테 강력히 추천하고 싶은 제품이에요.,652d09d7d8b7,,980,프리미엄 엘보케어 팔꿈치 마사지기,149000,,기존리뷰,4,,0,0,1,"안녕하세요. 프리미엄 헬스테크 브랜드, 슬룸입니다.
시간 내어 소중한 후기를 작성해 주셔서 감사드립니다. :)

믿고 찾는 쇼핑몰이 되기 위해 더 좋은 상품과 서비스를 준비하겠습니다.
감사합니다. 💜"
115188,2026-06-11 00:00:00,,,"목수 일을 하면서 망치질, 드릴 작업을 하루 종일 하다 보니 팔꿈치 통증이 만성이 됐어요. 파스, 소염제 다 써봤는데 이 제품이 가장 직접적인 케어가 되는 것 같아요. EMS+TENS가 신경과 근육 양쪽에 작용한다니 기능적으로도 이해가 되고, 실제로 쓰면 깊은 자극이 느껴져요. 온열 3단계까지 올리면 뭉친 근육이 이완되는 게 느껴지고요. 현장 일 하는 분들에게 이 제품은 필수품 같아요.",faa3710a13d7,,980,프리미엄 엘보케어 팔꿈치 마사지기,149000,,기존리뷰,5,,0,0,1,"안녕하세요. 프리미엄 헬스테크 브랜드, 슬룸입니다.
진심 어린 소중한 후기 감사합니다. 💜

앞으로도 좋은 상품과 서비스로 고객님들을 찾아뵐 수 있도록 노력하겠습니다.
감사합니다. :)"
115189,2026-06-11 00:00:00,,,낚시를 즐기는데 오래 낚싯대를 잡고 있으면 팔꿈치가 아프더라고요. 낚시 후 피로 케어로 쓰기 시작했어요. M5 두드림모드가 신경을 깨워주는 느낌이 나서 피로 해소에 도움이 되는 것 같아요. 배터리가 오래가서 주말 낚시 갔다오고도 충전 없이 쓸 수 있어서 편리해요. 취미 생활 즐기면서도 몸 관리할 수 있어서 좋아요.,c5583958cc19,,980,프리미엄 엘보케어 팔꿈치 마사지기,149000,,기존리뷰,4,,0,0,1,"안녕하세요. 프리미엄 헬스테크 브랜드, 슬룸입니다.
진심 어린 소중한 후기 감사합니다. 💜

앞으로도 좋은 상품과 서비스로 고객님들을 찾아뵐 수 있도록 노력하겠습니다.
감사합니다. :)"
115190,2026-06-02 00:00:00,,,필라테스 강사로 수업을 여러 개 진행하다 보면 팔꿈치 피로가 쌓여요. 저녁에 케어하는 게 루틴이 됐는데 M3 힐링모드에 온열 2단계 조합이 가장 편안하게 느껴지고 피로 회복에 효과적인 것 같아요. 에어백 전완근 마사지가 팔 전체에 혈액순환을 도와주는 느낌이에요. 수업 퀄리티를 유지하려면 내 몸 관리가 우선이라 꾸준히 쓰게 되는 제품이에요.,7a96e3f6a225,,980,프리미엄 엘보케어 팔꿈치 마사지기,149000,,기존리뷰,5,,0,0,1,"안녕하세요. 프리미엄 헬스테크 브랜드, 슬룸입니다.
정성스럽게 올려주신 소중한 후기 감사합니다. 💜

고객님의 목소리로 더 발전하는 슬룸이 되도록 노력하겠습니다.
감사합니다. 🙇‍♀️"
115192,2026-06-03 00:00:00,,,"카페를 운영하면서 커피 기계 조작, 음료 제조를 하루 종일 하다 보니 팔꿈치가 항상 피로해요. 영업 끝나고 케어하는 게 하루 마무리가 됐는데 M1 종합모드가 여러 자극을 동시에 줘서 바쁜 하루의 피로를 한번에 풀어주는 느낌이에요. 온열 찜질이 더해지면 근육 이완 효과가 확실히 있어요. 자영업자들에게 강력히 추천하고 싶어요.",2df76b81d666,,980,프리미엄 엘보케어 팔꿈치 마사지기,149000,,기존리뷰,5,,0,0,1,"안녕하세요. 프리미엄 헬스테크 브랜드, 슬룸입니다.
정성스럽게 올려주신 소중한 후기 감사합니다. 💜

고객님의 목소리로 더 발전하는 슬룸이 되도록 노력하겠습니다.
감사합니다. 🙇‍♀️"
115194,2026-06-10 00:00:00,,,오케스트라에서 바이올린을 연주하는데 연습량이 많아지면 팔꿈치 안쪽이 항상 뻐근해요. 연습 후 케어하면서 부담이 많이 줄었어요. M3 힐링모드가 부드럽고 일정한 리듬이라 연주 후 긴장된 근육을 달래주는 데 딱 맞아요. 온열이 더해지면 더 빠르게 이완되는 느낌이에요. 연주자들도 몸 관리가 중요한데 이 제품이 큰 도움이 되고 있어요.,4e2550ba6611,,980,프리미엄 엘보케어 팔꿈치 마사지기,149000,,기존리뷰,5,,0,0,1,"안녕하세요. 프리미엄 헬스테크 브랜드, 슬룸입니다.
시간 내어 소중한 후기를 작성해 주셔서 감사드립니다. :)

믿고 찾는 쇼핑몰이 되기 위해 더 좋은 상품과 서비스를 준비하겠습니다.
감사합니다. 💜"
115214,2026-06-04 00:00:00,,,"웨이트 트레이닝 중 데드리프트, 바벨 로우 같은 당기는 운동을 많이 하다 보니 전완근이랑 팔꿈치가 항상 한 세트로 피로해졌어요. 이 제품이 팔꿈치 EMS+TENS에 전완근 에어백 마사지까지 한 번에 해결해준다는 게 딱 필요했던 기능이었어요. M2 활력모드로 운동 직후 쓰면 혈액순환이 되는 느낌이 확실하고 온열 찜질까지 더하면 피로 회복이 빨라요. 정형외과 전문의 자문 제품이라 믿고 쓸 수 있고요. 웨이트 하는 분들한테 강추예요.",472c87915971,,980,프리미엄 엘보케어 팔꿈치 마사지기,149000,,기존리뷰,5,,0,0,1,"안녕하세요. 프리미엄 헬스테크 브랜드, 슬룸입니다.
정성스럽게 올려주신 소중한 후기 감사합니다. 💜

고객님의 목소리로 더 발전하는 슬룸이 되도록 노력하겠습니다.
감사합니다. 🙇‍♀️"
115216,2026-06-01 00:00:00,,,훈련 중 팔꿈치를 무리하게 써서 통증이 생겼어요. 전역 후 회복기에 이 제품을 사용하게 됐는데 M3 힐링모드와 온열 찜질이 회복에 도움이 됐어요. 에어백이 부드럽게 감싸주면서 혈액순환을 도와주는 느낌이에요. 강도를 천천히 올려가면서 사용하니 부담 없이 쓸 수 있었어요. 재활이 필요한 분들에게 홈케어 옵션으로 추천드려요.,5baebee455ca,,980,프리미엄 엘보케어 팔꿈치 마사지기,149000,,기존리뷰,5,,0,0,1,"안녕하세요. 프리미엄 헬스테크 브랜드, 슬룸입니다.
시간 내어 소중한 후기를 작성해 주셔서 감사드립니다. :)

믿고 찾는 쇼핑몰이 되기 위해 더 좋은 상품과 서비스를 준비하겠습니다.
감사합니다. 💜"
115220,2026-06-01 00:00:00,,,팔꿈치 통증으로 고생하는 남편에게 선물했어요. 처음엔 잘 안 쓸 것 같았는데 의외로 매일 챙겨 써요. M4 주무름모드를 가장 좋아한다고 하고 온열 2단계랑 같이 쓰면 시원하다고 하더라고요. 에어백 마사지가 전완근까지 케어해줘서 운동 후 피로 해소에 도움이 된다고 해요. 선물로도 완벽한 제품이에요.,be23bc5ae2dc,,980,프리미엄 엘보케어 팔꿈치 마사지기,149000,,기존리뷰,5,,0,0,1,"안녕하세요. 프리미엄 헬스테크 브랜드, 슬룸입니다.
진심 어린 소중한 후기 감사합니다. 💜

앞으로도 좋은 상품과 서비스로 고객님들을 찾아뵐 수 있도록 노력하겠습니다.
감사합니다. :)"
115236,2026-06-02 00:00:00,,,아버지 생신 선물로 드렸어요. 조작법이 간단해서 금방 익히셨고 매일 케어하신다고 해요. 온열 찜질 기능을 특히 좋아하시고 M3 힐링모드로 주로 쓰신다고 하더라고요. 에어백 마사지가 전완근까지 케어해줘서 만족하신다고 하세요. 부모님 선물로 정말 좋은 선택이었어요.,5420e935740d,,980,프리미엄 엘보케어 팔꿈치 마사지기,149000,,기존리뷰,5,,0,0,1,"안녕하세요. 프리미엄 헬스테크 브랜드, 슬룸입니다.
정성스럽게 올려주신 소중한 후기 감사합니다. 💜

고객님의 목소리로 더 발전하는 슬룸이 되도록 노력하겠습니다.
감사합니다. 🙇‍♀️"
115237,2026-06-11 00:00:00,,,팔꿈치 전용이라는 점에서 이 제품을 선택했어요. EMS+TENS 결합 기술이 다른 제품과 차별화된 포인트이고 실제로 여러 자극이 느껴져서 효과가 다르다고 생각해요. M4 주무름모드와 온열 2단계 조합을 주로 쓰고 에어백까지 더하면 팔 전체 케어가 되는 느낌이에요. 꾸준히 쓸수록 만족도가 높아지는 제품이에요. 팔꿈치 통증으로 고민하시는 분들에게 강력 추천드려요.,83f29ca9d4a6,,980,프리미엄 엘보케어 팔꿈치 마사지기,149000,,기존리뷰,4,,0,0,1,"안녕하세요. 프리미엄 헬스테크 브랜드, 슬룸입니다.
시간 내어 소중한 후기를 작성해 주셔서 감사드립니다. :)

믿고 찾는 쇼핑몰이 되기 위해 더 좋은 상품과 서비스를 준비하겠습니다.
감사합니다. 💜"
115238,2026-06-03 00:00:00,,,"팔꿈치 통증을 오래 방치하다가 이 제품을 써보고 홈케어의 중요성을 깨달았어요. EMS+TENS 결합 기술과 에어백 전완근 마사지, 온열 찜질이 함께 작동하면 정말 효과가 다르게 느껴져요. M1 종합모드로 15분만 써도 팔꿈치가 한결 가벼워지는 느낌이에요. 정형외과 전문의 자문으로 개발된 제품이라는 신뢰도에 실제 효과까지 더해져서 완전히 만족해요. 팔꿈치 통증 있으신 모든 분들에게 적극 추천드려요.",cf34b4e442a4,,980,프리미엄 엘보케어 팔꿈치 마사지기,149000,,기존리뷰,5,,0,0,1,"안녕하세요. 프리미엄 헬스테크 브랜드, 슬룸입니다.
정성스럽게 올려주신 소중한 후기 감사합니다. 💜

고객님의 목소리로 더 발전하는 슬룸이 되도록 노력하겠습니다.
감사합니다. 🙇‍♀️"
115240,2026-06-02 00:00:00,,,도구를 오래 쥐면 팔꿈치가 뻐근해요. 유리 공예 후 M3 힐링모드와 에어백 2단계 조합이 케어로 최고예요. 온열 찜질이 더해지면 근육이 부드럽게 이완되는 느낌이 나요. 타이머 25분으로 맞춰두고 여유롭게 쓰면 충분히 케어돼요. 수공예 하시는 분들에게 이 제품 강력 추천해요.,e28ad30f4d27,,980,프리미엄 엘보케어 팔꿈치 마사지기,149000,,기존리뷰,5,,0,0,1,"안녕하세요. 프리미엄 헬스테크 브랜드, 슬룸입니다.
시간 내어 소중한 후기를 작성해 주셔서 감사드립니다. :)

믿고 찾는 쇼핑몰이 되기 위해 더 좋은 상품과 서비스를 준비하겠습니다.
감사합니다. 💜"
115241,2026-06-04 00:00:00,,,스쿼시를 즐기는데 라켓 스포츠 특성상 팔꿈치에 무리가 많이 가요. M4 주무름모드가 운동 후 케어로 가장 효과적이에요. 온열 2단계와 함께 쓰면 혈액순환이 잘 되는 것 같고 다음날 피로가 덜해요. 에어백이 전완근까지 커버해줘서 팔 전체 케어가 되는 게 좋아요. 라켓 스포츠 하시는 분들에게 특히 추천드려요.,3179c55af2f0,,980,프리미엄 엘보케어 팔꿈치 마사지기,149000,,기존리뷰,4,,0,0,1,"안녕하세요. 프리미엄 헬스테크 브랜드, 슬룸입니다.
진심 어린 소중한 후기 감사합니다. 💜

앞으로도 좋은 상품과 서비스로 고객님들을 찾아뵐 수 있도록 노력하겠습니다.
감사합니다. :)"
115244,2026-06-01 00:00:00,,,목공에서 끌이나 대패를 오래 쓰면 팔꿈치에 부하가 심해요. M4 주무름모드와 온열 3단계 조합이 작업 후 케어에 최고예요. 깊은 근육까지 자극이 들어오는 게 느껴지고 굳은 근육이 이완되는 느낌이 확실해요. 에어백이 전완근까지 케어해줘서 전체적인 팔 피로 해소에 도움이 돼요. 목공 하시는 분들에게 강력 추천이에요.,2750026ef882,,980,프리미엄 엘보케어 팔꿈치 마사지기,149000,,기존리뷰,5,,0,0,1,"안녕하세요. 프리미엄 헬스테크 브랜드, 슬룸입니다.
정성스럽게 올려주신 소중한 후기 감사합니다. 💜

고객님의 목소리로 더 발전하는 슬룸이 되도록 노력하겠습니다.
감사합니다. 🙇‍♀️"
115247,2026-06-04 00:00:00,,,"파이프 수리, 전기 작업 등 집에서 DIY를 자주 하는데 팔꿈치가 자주 뻐근해요. 작업 후 케어하는 게 습관이 됐어요. M1 종합모드가 여러 자극을 동시에 줘서 피로 해소에 효과적이에요. 온열 찜질과 에어백이 함께 작동하면 진짜 편안해져요. DIY 즐기시는 분들에게 추천하고 싶어요.",6d6a28a3e3c0,,980,프리미엄 엘보케어 팔꿈치 마사지기,149000,,기존리뷰,5,,0,0,1,"안녕하세요. 프리미엄 헬스테크 브랜드, 슬룸입니다.
시간 내어 소중한 후기를 작성해 주셔서 감사드립니다. :)

믿고 찾는 쇼핑몰이 되기 위해 더 좋은 상품과 서비스를 준비하겠습니다.
감사합니다. 💜"
115248,2026-06-11 00:00:00,,,헤어 디자이너인데 고객 머리를 하루 종일 만지다 보면 팔꿈치가 쑤셔요. 퇴근 후 M3 힐링모드로 케어하는 게 가장 편안한 루틴이에요. 온열 찜질이 피로한 근육을 달래주는 데 효과적이고 에어백 마사지도 시원해요. 강도 조절이 세밀해서 그날 컨디션에 맞게 쓸 수 있어요. 미용업 종사자들에게 이 제품은 거의 필수예요.,c7f6401123b8,,980,프리미엄 엘보케어 팔꿈치 마사지기,149000,,기존리뷰,4,,0,0,1,"안녕하세요. 프리미엄 헬스테크 브랜드, 슬룸입니다.
시간 내어 소중한 후기를 작성해 주셔서 감사드립니다. :)

믿고 찾는 쇼핑몰이 되기 위해 더 좋은 상품과 서비스를 준비하겠습니다.
감사합니다. 💜"
115252,2026-06-11 00:00:00,,,영화 편집 일을 하면서 마우스를 오래 쓰다 보니 팔꿈치가 뻐근해요. M5 두드림모드가 편집 중 짧은 휴식에 쓰기 좋고 15분 타이머가 딱 맞아요. 온열 1단계로 부드럽게 케어하면서 작업 집중도도 유지할 수 있어요. 에어백 마사지가 전완근까지 커버해서 마우스 피로도 덜어줘요. 미디어 관련 일 하시는 분들에게 추천드려요.,aa63e2b7fe17,,980,프리미엄 엘보케어 팔꿈치 마사지기,149000,,기존리뷰,4,,0,0,1,"안녕하세요. 프리미엄 헬스테크 브랜드, 슬룸입니다.
시간 내어 소중한 후기를 작성해 주셔서 감사드립니다. :)

믿고 찾는 쇼핑몰이 되기 위해 더 좋은 상품과 서비스를 준비하겠습니다.
감사합니다. 💜"
115254,2026-06-01 00:00:00,,,책상 업무가 많은 사무직인데 팔꿈치가 뻐근한 적이 많아요. 점심시간에 짧게 쓰기도 하고 퇴근 후에 쓰기도 해요. M5 두드림모드가 가벼운 자극이라 사무실에서 써도 무리가 없어요. 온열 기능이 아늑하게 따뜻해서 스트레스 해소에도 도움이 되는 것 같아요. 사무직 분들에게 이 제품 추천드려요.,73eebd93ad59,,980,프리미엄 엘보케어 팔꿈치 마사지기,149000,,기존리뷰,5,,0,0,1,"안녕하세요. 프리미엄 헬스테크 브랜드, 슬룸입니다.
진심 어린 소중한 후기 감사합니다. 💜

앞으로도 좋은 상품과 서비스로 고객님들을 찾아뵐 수 있도록 노력하겠습니다.
감사합니다. :)"
115257,2026-06-12 15:56:49,2026-06-08 06:33:05,2026-06-09 13:43:56,"😄 장점. 목을 리프트 시켜주고 적당한 온도로 온열찜질해줘서 목디스크있는 나에게 정말 도움이 많이 됩니다
마사지 모드도 3가지로 다양하고 온열 모드도 3가지라서 좋습니다

🙄 아쉬운점. 커버가 없어서 얼마나 오래사용할 수 있을지 걱정됨
진동기능은 큰도움이 되는것 같이 않아 잘 안쓰게 됨
베개로도 사용가능한데, 목디스크 환자에겐 좀 단단해야 좋은데 말랑해서 아쉬움
배터리 용량 확인이 안되서 아쉬움

몇가지 아쉬움은 있지만 정말 목디스크 환자에게 딱 맞는 제품이여서 너무 좋습니다",d36a403eda2a,,909,목 마사지 베개 V2 경추 마사지기 베개,112000,수량선택: 목 마사지 베개 V2 1개 (허리베개 1개 증정),모바일,5,,1,0,1,"안녕하세요. 프리미엄 헬스테크 브랜드, 슬룸입니다.
시간 내어 소중한 후기를 작성해 주셔서 감사드립니다. :)

믿고 찾는 쇼핑몰이 되기 위해 더 좋은 상품과 서비스를 준비하겠습니다.
감사합니다. 💜"
115258,2026-06-12 18:31:10,2026-06-11 12:12:17,2026-06-12 16:09:48,"평소 컴퓨터를 많이 하다보니 목이 안좋았는데 오늘 사용해보니 목이 편안해지는 게 앞으로 좋아질 것 같아요. 그런데 제품 설명책자에는 컨트롤러가 있던데, 제가 받은 제품에는 컨트롤러가 들어 있지 않았어요. 원래 없는 겁니까? 아님 누락된 겁니까? 누락된 거라면 보내주세요.",7f52b3d849e2,,909,목 마사지 베개 V2 경추 마사지기 베개,112000,수량선택: 목 마사지 베개 V2 1개 (허리베개 1개 증정),PC(상품상세),5,,0,0,1,"안녕하세요. 프리미엄 헬스테크 브랜드, 슬룸입니다.
진심 어린 소중한 후기 감사합니다. 💜

앞으로도 좋은 상품과 서비스로 고객님들을 찾아뵐 수 있도록 노력하겠습니다.
감사합니다. :)"
115259,2026-06-12 08:20:08,2026-06-09 22:19:35,2026-06-11 10:41:16,빠른배송 감사합니다,,,330,USB 충전 어댑터 멀티 충전기,5900,,기존리뷰,5,,0,0,1,"안녕하세요. 프리미엄 헬스테크 브랜드, 슬룸입니다.
시간 내어 소중한 후기를 작성해 주셔서 감사드립니다. :)

믿고 찾는 쇼핑몰이 되기 위해 더 좋은 상품과 서비스를 준비하겠습니다.
감사합니다. 💜"
115260,2026-06-12 08:20:25,2026-03-15 10:10:20,2026-03-17 16:29:00,"육아피로로 샀는데 정말 편해요 손목, 손지압 마사지가 최고네요",,,756,손편한케어 프리미엄 손 마사지기,109000,수량선택: 손편한케어 1개,기존리뷰,5,,0,0,1,"안녕하세요. 프리미엄 헬스테크 브랜드, 슬룸입니다.
시간 내어 소중한 후기를 작성해 주셔서 감사드립니다. :)

믿고 찾는 쇼핑몰이 되기 위해 더 좋은 상품과 서비스를 준비하겠습니다.
감사합니다. 💜"
115261,2026-06-12 09:40:10,2026-06-08 15:38:45,2026-06-10 16:15:36,소음은 조금있지만 저기전에 하면 아주좋으네요,,,909,목 마사지 베개 V2 경추 마사지기 베개,112000,수량선택: 목 마사지 베개 V2 1개 (허리베개 1개 증정),기존리뷰,5,,0,0,1,"안녕하세요. 프리미엄 헬스테크 브랜드, 슬룸입니다.
정성스럽게 올려주신 소중한 후기 감사합니다. 💜

고객님의 목소리로 더 발전하는 슬룸이 되도록 노력하겠습니다.
감사합니다. 🙇‍♀️"
115262,2026-06-12 10:31:49,2026-06-02 10:30:30,2026-06-04 14:13:06,배송도 빠르고 좋아요..,,,980,프리미엄 엘보케어 팔꿈치 마사지기,149000,수량선택: 팔꿈치 마사지기 1개,기존리뷰,5,,3,0,1,"안녕하세요. 프리미엄 헬스테크 브랜드, 슬룸입니다.
진심 어린 소중한 후기 감사합니다. 💜

앞으로도 좋은 상품과 서비스로 고객님들을 찾아뵐 수 있도록 노력하겠습니다.
감사합니다. :)"
115263,2026-06-12 11:41:21,2026-06-06 08:23:40,2026-06-09 18:44:45,슬룸에서 주문한것 중 제일 자주 사용하는거 같아요~~,,,966,골반 케어 프리미엄 골반 마사지기,191000,수량선택: 골반 마사지기 1개,기존리뷰,5,,0,0,1,"안녕하세요. 프리미엄 헬스테크 브랜드, 슬룸입니다.
정성스럽게 올려주신 소중한 후기 감사합니다. 💜

고객님의 목소리로 더 발전하는 슬룸이 되도록 노력하겠습니다.
감사합니다. 🙇‍♀️"
115264,2026-06-12 12:28:18,2026-06-06 07:29:55,2026-06-09 13:42:54,"구매하고 2번 사용했습니다. 
사용하기 편한것 같아요 좀 더 써보고 후기 남길게요",,,909,목 마사지 베개 V2 경추 마사지기 베개,112000,수량선택: 목 마사지 베개 V2 1개 (허리베개 1개 증정),기존리뷰,4,,0,0,1,"안녕하세요. 프리미엄 헬스테크 브랜드, 슬룸입니다.
진심 어린 소중한 후기 감사합니다. 💜

앞으로도 좋은 상품과 서비스로 고객님들을 찾아뵐 수 있도록 노력하겠습니다.
감사합니다. :)"
115265,2026-06-12 12:57:34,2026-06-10 06:59:30,,자 이제부터 사용하고 후기 전달하겠습니다.,,,874,발편한케어 프리미엄 고주파 발 마사지기,91000,"사이즈&세트선택: M (220-270mm), 수량선택: 발편한케어 1개",기존리뷰,5,,0,0,1,"안녕하세요. 프리미엄 헬스테크 브랜드, 슬룸입니다.
시간 내어 소중한 후기를 작성해 주셔서 감사드립니다. :)

믿고 찾는 쇼핑몰이 되기 위해 더 좋은 상품과 서비스를 준비하겠습니다.
감사합니다. 💜"
115266,2026-06-12 13:21:40,2026-06-08 09:27:05,2026-06-09 16:17:49,좋아요 편해요  굿,,,966,골반 케어 프리미엄 골반 마사지기,191000,수량선택: 골반 마사지기 1개,기존리뷰,5,,0,0,1,"안녕하세요. 프리미엄 헬스테크 브랜드, 슬룸입니다.
정성스럽게 올려주신 소중한 후기 감사합니다. 💜

고객님의 목소리로 더 발전하는 슬룸이 되도록 노력하겠습니다.
감사합니다. 🙇‍♀️"
115267,2026-06-12 13:34:39,2026-06-07 11:46:55,2026-06-09 13:45:57,잘 쓰겠습니다. 좋아 보이네요,,,980,프리미엄 엘보케어 팔꿈치 마사지기,149000,수량선택: 팔꿈치 마사지기 1개,기존리뷰,4,,0,0,1,"안녕하세요. 프리미엄 헬스테크 브랜드, 슬룸입니다.
정성스럽게 올려주신 소중한 후기 감사합니다. 💜

고객님의 목소리로 더 발전하는 슬룸이 되도록 노력하겠습니다.
감사합니다. 🙇‍♀️"
115268,2026-06-12 15:07:05,2026-06-09 20:48:15,2026-06-11 16:17:50,목뼈에 살짝 자극이 가면서 부드럽게 마사지가 되네요,,,909,목 마사지 베개 V2 경추 마사지기 베개,112000,수량선택: 목 마사지 베개 V2 1개 (허리베개 1개 증정),기존리뷰,5,,1,0,1,"안녕하세요. 프리미엄 헬스테크 브랜드, 슬룸입니다.
진심 어린 소중한 후기 감사합니다. 💜

앞으로도 좋은 상품과 서비스로 고객님들을 찾아뵐 수 있도록 노력하겠습니다.
감사합니다. :)"
115269,2026-06-12 16:56:08,2026-05-08 19:49:55,2026-05-12 13:42:09,디스크가 안좋아 열심히 하고 있어요,,,636,허리편한케어 V2 허리 마사지기,131000,수량선택: 허리편한케어 V2 1개 (마그네슘 시너지 크림 30ml 1개 증정),기존리뷰,5,,0,0,1,"안녕하세요. 프리미엄 헬스테크 브랜드, 슬룸입니다.
시간 내어 소중한 후기를 작성해 주셔서 감사드립니다. :)

믿고 찾는 쇼핑몰이 되기 위해 더 좋은 상품과 서비스를 준비하겠습니다.
감사합니다. 💜"
115270,2026-06-12 16:57:13,2026-05-08 19:49:55,2026-05-12 13:42:09,"자기전, 기상후 사용중입니다...",,,468,눈편한케어 온열 진동 눈 마사지기,69900,수량선택: 눈편한케어 1개,기존리뷰,5,,0,0,1,"안녕하세요. 프리미엄 헬스테크 브랜드, 슬룸입니다.
정성스럽게 올려주신 소중한 후기 감사합니다. 💜

고객님의 목소리로 더 발전하는 슬룸이 되도록 노력하겠습니다.
감사합니다. 🙇‍♀️"
115271,2026-06-12 17:01:50,2026-06-07 20:50:25,2026-06-09 16:19:25,뒷목. 마사지가 시원하고 아주 좋아요,,,909,목 마사지 베개 V2 경추 마사지기 베개,112000,수량선택: 목 마사지 베개 V2 1개 (허리베개 1개 증정),기존리뷰,5,,0,0,1,"안녕하세요. 프리미엄 헬스테크 브랜드, 슬룸입니다.
정성스럽게 올려주신 소중한 후기 감사합니다. 💜

고객님의 목소리로 더 발전하는 슬룸이 되도록 노력하겠습니다.
감사합니다. 🙇‍♀️"
115272,2026-06-12 18:11:23,2026-06-11 01:01:20,2026-06-12 13:42:38,배송이 무척 빠르게 왔네요. 리뷰를 훓어보고 주문을 했는데 제 오른쪽 발이 족저근막염이라 자주 찌르듯이 아파오네요. 이것으로 잘 회복이 되었으면 좋겠네요.,,,874,발편한케어 프리미엄 고주파 발 마사지기,91000,"사이즈&세트선택: L (250-295mm), 수량선택: 발편한케어 1개",기존리뷰,4,,1,0,1,"안녕하세요. 프리미엄 헬스테크 브랜드, 슬룸입니다.
진심 어린 소중한 후기 감사합니다. 💜

앞으로도 좋은 상품과 서비스로 고객님들을 찾아뵐 수 있도록 노력하겠습니다.
감사합니다. :)"
115273,2026-06-13 15:43:36,2026-06-04 14:53:40,2026-06-06 16:10:30,"목이란등쪽이시원하게풀리는듯해요
항상뒷목이랑승모근쪽에좋은것같아요",bb21b11961c1,,785,넥숄더 힐링케어 V2 목 어깨 마사지기,119800,쇼핑백 & 전용 어댑터 추가: 슬룸 USB 충전 어댑터 1개,모바일(팝업),5,,0,0,1,"안녕하세요. 프리미엄 헬스테크 브랜드, 슬룸입니다.
시간 내어 소중한 후기를 작성해 주셔서 감사드립니다. :)

믿고 찾는 쇼핑몰이 되기 위해 더 좋은 상품과 서비스를 준비하겠습니다.
감사합니다. 💜"
115274,2026-06-13 04:19:19,2026-05-31 23:54:35,2026-06-02 13:45:13,빠른배송  감사드립니다,,,980,프리미엄 엘보케어 팔꿈치 마사지기,149000,수량선택: 팔꿈치 마사지기 1개,기존리뷰,5,,0,0,1,"안녕하세요. 프리미엄 헬스테크 브랜드, 슬룸입니다.
정성스럽게 올려주신 소중한 후기 감사합니다. 💜

고객님의 목소리로 더 발전하는 슬룸이 되도록 노력하겠습니다.
감사합니다. 🙇‍♀️"
115275,2026-06-13 07:53:19,2026-05-24 05:25:15,2026-05-27 15:57:00,마사지 압력이 생각보다 덜쎈거같아요. 그리고 상하로 들어올릴때 한쪽 옆구리 보완패드가 위로 빠집니다. 그리고 소리도 생각보다 크네요. 더 사용해봐야지 알거같아요. 기대보다는 좀 아쉽습니다,,,966,골반 케어 프리미엄 골반 마사지기,191000,수량선택: 골반 마사지기 1개,기존리뷰,4,,1,0,1,"안녕하세요. 프리미엄 헬스테크 브랜드, 슬룸입니다.
정성스럽게 올려주신 소중한 후기 감사합니다. 💜

고객님의 목소리로 더 발전하는 슬룸이 되도록 노력하겠습니다.
감사합니다. 🙇‍♀️"
115276,2026-06-13 08:46:57,2026-06-08 11:36:35,2026-06-09 13:42:51,얘들엄머가 좋다고하네요~ 전 사용을 안해봐서요 ~~ 얘들엄마가 한말이면 100%좋은겁니다 ㅋㅋㅋ 찐요 ㅎㅎㅎ 감사합니다. 많이많이파세요,,,966,골반 케어 프리미엄 골반 마사지기,191000,수량선택: 골반 마사지기 1개,기존리뷰,5,,1,0,1,"안녕하세요. 프리미엄 헬스테크 브랜드, 슬룸입니다.
정성스럽게 올려주신 소중한 후기 감사합니다. 💜

고객님의 목소리로 더 발전하는 슬룸이 되도록 노력하겠습니다.
감사합니다. 🙇‍♀️"
115277,2026-06-13 11:13:24,2026-06-08 20:46:20,2026-06-10 13:43:56,배송빠르고 편하고 좋네용,,,757,★최대할인 비밀링크★ 발편한케어 프리미엄 발 마사지기,89000,"사이즈선택: M (220 - 270mm), 수량선택: 발편한케어 1개",기존리뷰,5,,1,0,1,"안녕하세요. 프리미엄 헬스테크 브랜드, 슬룸입니다.
시간 내어 소중한 후기를 작성해 주셔서 감사드립니다. :)

믿고 찾는 쇼핑몰이 되기 위해 더 좋은 상품과 서비스를 준비하겠습니다.
감사합니다. 💜"
115278,2026-06-13 13:08:50,2026-06-11 21:33:15,2026-06-13 12:14:00,"어깨가 계속 아파서 구입했는데
생각보다 튼튼하고 시원해 지네요
일단 계속 써봐야 할것 같아요",,,785,넥숄더 힐링케어 V2 목 어깨 마사지기,119800,수량선택: 넥숄더 힐링케어 V2 1개,기존리뷰,5,,0,0,1,"안녕하세요. 프리미엄 헬스테크 브랜드, 슬룸입니다.
정성스럽게 올려주신 소중한 후기 감사합니다. 💜

고객님의 목소리로 더 발전하는 슬룸이 되도록 노력하겠습니다.
감사합니다. 🙇‍♀️"
115279,2026-06-13 13:51:47,2026-06-09 09:26:35,2026-06-10 13:42:06,"생각했던 기대치보다 더 좋네요
다만 아쉬운건 전완근쪽 찍찍이가 잘 떨어집니다. 이건 개선이 필요할꺼같아요 
제것만 그런건지 다른 분들도 그런지 궁금하네요 그거 하나빼면 대만족입니다.",,,980,프리미엄 엘보케어 팔꿈치 마사지기,149000,수량선택: 데일리 릴렉스 세트 (팔꿈치 마사지기 + 마그네슘 시너지 크림),기존리뷰,5,,0,0,1,"안녕하세요. 프리미엄 헬스테크 브랜드, 슬룸입니다.
진심 어린 소중한 후기 감사합니다. 💜

앞으로도 좋은 상품과 서비스로 고객님들을 찾아뵐 수 있도록 노력하겠습니다.
감사합니다. :)"
115280,2026-06-13 15:28:13,2026-06-10 19:30:50,2026-06-12 13:47:55,좋아요~~ 완전 만족합니다,,,924,발편한케어 프리미엄 EMS 발 마사지기,89000,"사이즈&세트선택: M (220-270mm), 수량선택: 발편한케어 1개",기존리뷰,5,,1,0,1,"안녕하세요. 프리미엄 헬스테크 브랜드, 슬룸입니다.
시간 내어 소중한 후기를 작성해 주셔서 감사드립니다. :)

믿고 찾는 쇼핑몰이 되기 위해 더 좋은 상품과 서비스를 준비하겠습니다.
감사합니다. 💜"
115281,2026-06-13 16:48:25,2026-06-11 18:25:25,2026-06-13 13:47:29,"받자마자 허리쿠션 대고 마사지가 충전해서 해봤는데 목뭉침,결림이 사라진 느낌? 꾸준히 해보려구요",,,909,목 마사지 베개 V2 경추 마사지기 베개,112000,수량선택: 목 마사지 베개 V2 1개 (허리베개 1개 증정),기존리뷰,5,,2,0,1,"안녕하세요. 프리미엄 헬스테크 브랜드, 슬룸입니다.
진심 어린 소중한 후기 감사합니다. 💜

앞으로도 좋은 상품과 서비스로 고객님들을 찾아뵐 수 있도록 노력하겠습니다.
감사합니다. :)"
115282,2026-06-13 20:59:33,2026-06-04 21:09:35,2026-06-06 16:12:46,목이 한번 불편하고 아프면 오래가는데 써보니간 확실이 좋네요,,,909,목 마사지 베개 V2 경추 마사지기 베개,112000,수량선택: 목 마사지 베개 V2 1개 (허리베개 1개 증정),기존리뷰,5,,0,0,1,"안녕하세요. 프리미엄 헬스테크 브랜드, 슬룸입니다.
시간 내어 소중한 후기를 작성해 주셔서 감사드립니다. :)

믿고 찾는 쇼핑몰이 되기 위해 더 좋은 상품과 서비스를 준비하겠습니다.
감사합니다. 💜"
115283,2026-06-13 22:56:59,2026-06-11 12:30:00,2026-06-12 16:17:18,생각보다 크고 튼튼해요,,,966,골반 케어 프리미엄 골반 마사지기,191000,수량선택: 골반 마사지기 1개,기존리뷰,5,,1,0,1,"안녕하세요. 프리미엄 헬스테크 브랜드, 슬룸입니다.
시간 내어 소중한 후기를 작성해 주셔서 감사드립니다. :)

믿고 찾는 쇼핑몰이 되기 위해 더 좋은 상품과 서비스를 준비하겠습니다.
감사합니다. 💜"
115284,2026-06-14 00:15:28,2026-05-25 10:22:40,2026-05-27 23:07:09,발이 자주 붓고 족저근막염으로 아팠는데..이것 쓰면서 좋아졌어요.,,,924,발편한케어 프리미엄 EMS 발 마사지기,89000,"버전&세트선택: V2, 사이즈&세트선택: F(220-270mm), 수량선택: 발편한케어 V2 1개",기존리뷰,5,,0,0,1,"안녕하세요. 프리미엄 헬스테크 브랜드, 슬룸입니다.
정성스럽게 올려주신 소중한 후기 감사합니다. 💜

고객님의 목소리로 더 발전하는 슬룸이 되도록 노력하겠습니다.
감사합니다. 🙇‍♀️"
115285,2026-06-14 00:47:05,2026-06-11 22:22:50,2026-06-13 13:41:46,팔꿈치 아파서 삿어요 잘쓸게요,,,980,프리미엄 엘보케어 팔꿈치 마사지기,149000,수량선택: 데일리 릴렉스 세트 (팔꿈치 마사지기 + 마그네슘 시너지 크림),기존리뷰,5,,1,0,1,"안녕하세요. 프리미엄 헬스테크 브랜드, 슬룸입니다.
정성스럽게 올려주신 소중한 후기 감사합니다. 💜

고객님의 목소리로 더 발전하는 슬룸이 되도록 노력하겠습니다.
감사합니다. 🙇‍♀️"
115286,2026-06-14 06:17:48,2026-03-11 16:25:45,2026-03-13 10:39:11,목디스크 때문에 구입해서 사용하는데 꾸준히 사용항션 회복에 도움이 될것 같아요,,,291,목베개 플러스 경추 목 마사지기 베개,91000,수량선택: 목베개 플러스 1개,기존리뷰,5,,0,0,1,"안녕하세요. 프리미엄 헬스테크 브랜드, 슬룸입니다.
진심 어린 소중한 후기 감사합니다. 💜

앞으로도 좋은 상품과 서비스로 고객님들을 찾아뵐 수 있도록 노력하겠습니다.
감사합니다. :)"
115287,2026-06-14 09:26:47,2026-05-18 11:53:35,2026-05-19 19:15:00,시원하게 마사지 해주어 허리가 한결 편하네요,,,636,허리편한케어 V2 허리 마사지기,131000,수량선택: 허리편한케어 V2 1개,기존리뷰,5,,0,0,1,"안녕하세요. 프리미엄 헬스테크 브랜드, 슬룸입니다.
진심 어린 소중한 후기 감사합니다. 💜

앞으로도 좋은 상품과 서비스로 고객님들을 찾아뵐 수 있도록 노력하겠습니다.
감사합니다. :)"
115288,2026-06-14 09:58:25,2026-05-12 08:01:05,2026-05-13 23:05:00,좋은 제품 감사합니다,,,909,목 마사지 베개 V2 경추 마사지기 베개,112000,수량선택: 목 마사지 베개 V2 1개 (마그네슘 시너지 크림 30ml 1개 증정),기존리뷰,4,,0,0,1,"안녕하세요. 프리미엄 헬스테크 브랜드, 슬룸입니다.
정성스럽게 올려주신 소중한 후기 감사합니다. 💜

고객님의 목소리로 더 발전하는 슬룸이 되도록 노력하겠습니다.
감사합니다. 🙇‍♀️"
115289,2026-06-14 10:49:00,2026-06-10 23:06:35,2026-06-13 14:05:15,"목 마사지 기능은 좀 아쉽지만
견인이나 베개로는 괜찮네요",,,909,목 마사지 베개 V2 경추 마사지기 베개,112000,수량선택: 목 마사지 베개 V2 1개 (허리베개 1개 증정),기존리뷰,4,,0,0,1,"안녕하세요. 프리미엄 헬스테크 브랜드, 슬룸입니다.
정성스럽게 올려주신 소중한 후기 감사합니다. 💜

고객님의 목소리로 더 발전하는 슬룸이 되도록 노력하겠습니다.
감사합니다. 🙇‍♀️"
115290,2026-06-14 11:02:22,2026-06-12 08:15:40,2026-06-13 16:15:47,와이프 엘보 때문에 구입했습니다. 하루 사용해봤는데 좋은거 같네요~~,,,980,프리미엄 엘보케어 팔꿈치 마사지기,149000,수량선택: 팔꿈치 마사지기 1개,기존리뷰,5,,0,0,1,"안녕하세요. 프리미엄 헬스테크 브랜드, 슬룸입니다.
시간 내어 소중한 후기를 작성해 주셔서 감사드립니다. :)

믿고 찾는 쇼핑몰이 되기 위해 더 좋은 상품과 서비스를 준비하겠습니다.
감사합니다. 💜"
115291,2026-06-14 11:23:52,2026-05-14 22:31:20,2026-05-16 18:03:00,아픈곳을 눌러주니 통증이 줄어들어 하루에 3번씩합니다,,,909,목 마사지 베개 V2 경추 마사지기 베개,112000,수량선택: 목 마사지 베개 V2 1개,기존리뷰,5,,1,0,1,"안녕하세요. 프리미엄 헬스테크 브랜드, 슬룸입니다.
정성스럽게 올려주신 소중한 후기 감사합니다. 💜

고객님의 목소리로 더 발전하는 슬룸이 되도록 노력하겠습니다.
감사합니다. 🙇‍♀️"
115292,2026-06-14 13:24:49,2026-04-19 20:19:10,2026-04-21 19:23:00,"목도 많이 풀리고, 열선기능도 있어 아주 좋아요. 충전식이라 차에서도 이용하기 편리해요",,,925,★7일 특별 연장★ 덤순이X슬룸 구독자 한정 역대급 할인,98800,수량선택: 넥숄더 힐링케어V2 1개,기존리뷰,5,,1,0,1,"안녕하세요. 프리미엄 헬스테크 브랜드, 슬룸입니다.
진심 어린 소중한 후기 감사합니다. 💜

앞으로도 좋은 상품과 서비스로 고객님들을 찾아뵐 수 있도록 노력하겠습니다.
감사합니다. :)"
115293,2026-06-14 13:40:35,2026-05-01 20:24:40,2026-05-06 23:36:11,"배고자면 어깨가 계속 결리네요..
저에겐 안맞는거 같아요",,,909,목 마사지 베개 V2 경추 마사지기 베개,112000,수량선택: 목 마사지 베개 V2 1개 (마그네슘 시너지 크림 30ml 1개 증정),기존리뷰,1,,0,0,1,"안녕하세요 고객님, 프리미엄 헬스테크 브랜드, 슬룸입니다.
고객님께 만족스러운 경험을 드리지 못해 대단히 죄송합니다.😥

슬룸의 모든 제품은 인체공학적으로 설계되어 편안한 사용이 가능하나 초기 사용 시 1~2주 이상의 적응 기간이 필요할 수 있습니다. 
다만 수령하신 날짜 기준으로 30일 동안 꾸준히 사용해보시고도 만족하지 못하셨을 경우에는, 슬룸에서 진행하는 <100%환불이벤트> 에 참여하여 왕복배송비 제외 전액 환불이 가능합니다.

※ 제품을 30일간 꾸준히 사용한 경우, 배송완료 후 40일이내 신청이 가능
※ 환불 서비스는 첫 구매 체험을 위한 서비스로 1회만 신청 가능

▶ <100% 환불 이벤트> 상세 환불 조건 : https://sleeplab.co.kr/notice/?q=YToxOntzOjEyOiJrZXl3b3JkX3R5cGUiO3M6MzoiYWxsIjt9&bmode=view&idx=13709226&t=board 

슬룸을 믿고 편하게 사용 및 체험해보시고, 그럼에도 만족하시지 못하셨을 경우 슬룸 공식몰의 채널톡을 통해 이벤트 기간 내 문의 주시면 환불 접수 도움드리겠습니다."
115294,2026-06-14 15:31:44,2026-05-03 00:20:55,2026-05-05 13:45:07,똑바로누워자게한는베거,,,909,목 마사지 베개 V2 경추 마사지기 베개,112000,수량선택: 목 마사지 베개 V2 1개 (마그네슘 시너지 크림 30ml 1개 증정),기존리뷰,4,,0,0,1,"안녕하세요. 프리미엄 헬스테크 브랜드, 슬룸입니다.
시간 내어 소중한 후기를 작성해 주셔서 감사드립니다. :)

믿고 찾는 쇼핑몰이 되기 위해 더 좋은 상품과 서비스를 준비하겠습니다.
감사합니다. 💜"
115295,2026-06-14 16:52:52,2026-06-12 09:17:15,2026-06-13 16:13:46,아직 초반이라 더 사용해야하지만 그래도 물리치료 받는 기분이네요,,,636,허리편한케어 V2 허리 마사지기,131000,수량선택: 허리편한케어 V2 1개 (허리베개 1개 증정),기존리뷰,5,,1,0,1,"안녕하세요. 프리미엄 헬스테크 브랜드, 슬룸입니다.
시간 내어 소중한 후기를 작성해 주셔서 감사드립니다. :)

믿고 찾는 쇼핑몰이 되기 위해 더 좋은 상품과 서비스를 준비하겠습니다.
감사합니다. 💜"
115296,2026-06-14 19:00:53,2026-05-15 00:09:30,2026-05-16 16:01:00,생각보다 기대 이하 입니다,,,291,목베개 플러스 경추 목 마사지기 베개,91000,수량선택: 목베개 플러스 1개,기존리뷰,5,,0,0,1,"안녕하세요 고객님, 프리미엄 헬스테크 브랜드, 슬룸입니다.
고객님께 만족스러운 경험을 드리지 못해 대단히 죄송합니다.😥

슬룸의 모든 제품은 인체공학적으로 설계되어 편안한 사용이 가능하나 초기 사용 시 1~2주 이상의 적응 기간이 필요할 수 있습니다. 
다만 수령하신 날짜 기준으로 30일 동안 꾸준히 사용해보시고도 만족하지 못하셨을 경우에는, 슬룸에서 진행하는 <100%환불이벤트> 에 참여하여 왕복배송비 제외 전액 환불이 가능합니다.

※ 제품을 30일간 꾸준히 사용한 경우, 배송완료 후 40일이내 신청이 가능
※ 환불 서비스는 첫 구매 체험을 위한 서비스로 1회만 신청 가능

▶ <100% 환불 이벤트> 상세 환불 조건 : https://sleeplab.co.kr/notice/?q=YToxOntzOjEyOiJrZXl3b3JkX3R5cGUiO3M6MzoiYWxsIjt9&bmode=view&idx=13709226&t=board 

슬룸을 믿고 편하게 사용 및 체험해보시고, 그럼에도 만족하시지 못하셨을 경우 슬룸 공식몰의 채널톡을 통해 이벤트 기간 내 문의 주시면 환불 접수 도움드리겠습니다."
115297,2026-06-14 19:44:02,2026-05-22 10:18:45,2026-05-23 12:03:00,집에서도 간편하게 저주파마사지를 받을수 있어서 좋아요,,,645,발편한케어 프리미엄 발 마사지기,91000,"버전&세트선택: 데일리, 사이즈&세트선택: L (250-295mm), 수량선택: 발편한케어 데일리 1개",기존리뷰,5,,1,0,1,"안녕하세요. 프리미엄 헬스테크 브랜드, 슬룸입니다.
시간 내어 소중한 후기를 작성해 주셔서 감사드립니다. :)

믿고 찾는 쇼핑몰이 되기 위해 더 좋은 상품과 서비스를 준비하겠습니다.
감사합니다. 💜"
115298,2026-06-14 22:31:47,2026-06-10 16:32:45,2026-06-12 16:18:54,팔에 아주 좋네요. 사써 써볼만 합니다.,,,980,프리미엄 엘보케어 팔꿈치 마사지기,149000,수량선택: 팔꿈치 마사지기 1개,기존리뷰,5,,1,0,1,"안녕하세요. 프리미엄 헬스테크 브랜드, 슬룸입니다.
진심 어린 소중한 후기 감사합니다. 💜

앞으로도 좋은 상품과 서비스로 고객님들을 찾아뵐 수 있도록 노력하겠습니다.
감사합니다. :)"
115299,2026-06-03 00:00:00,,,진짜 반신반의하고 샀는데 이건 뭐 완전 신세계. 테니스 치고 나서 팔꿈치 통증이 심했는데 M3 힐링모드 25분 쓰고 나면 그 뻑뻑한 느낌이 싹 사라짐. EMS랑 TENS가 같이 돌아가서 그런지 일반 파스랑은 차원이 달라요. 온열까지 같이 되니까 따로 찜질팩 안 챙겨도 되는 것도 너무 편하고. 동호회 회원들한테 이미 다 소문냈어요.,752d47476b0d,,980,프리미엄 엘보케어 팔꿈치 마사지기,149000,,기존리뷰,5,,0,0,1,"안녕하세요. 프리미엄 헬스테크 브랜드, 슬룸입니다.
진심 어린 소중한 후기 감사합니다. 💜

앞으로도 좋은 상품과 서비스로 고객님들을 찾아뵐 수 있도록 노력하겠습니다.
감사합니다. :)"
115300,2026-06-06 00:00:00,,,솔직히 가격 보고 망설였는데 사고 나서 후회 없음. 골프엘보로 반년 넘게 고생했는데 매일 저녁 이거 25분씩 쓰기 시작하고 나서 확실히 달라졌어요. 에어백이 전완근 꾹꾹 눌러주는 느낌이 마사지사한테 받는 것 같고. 리모컨으로 모드 바꾸는 것도 편하고. 남편도 빼앗아 쓰려고 해서 하나 더 살까 고민 중.,c4c2894a2dc2,,980,프리미엄 엘보케어 팔꿈치 마사지기,149000,,기존리뷰,5,,0,0,1,"안녕하세요. 프리미엄 헬스테크 브랜드, 슬룸입니다.
진심 어린 소중한 후기 감사합니다. 💜

앞으로도 좋은 상품과 서비스로 고객님들을 찾아뵐 수 있도록 노력하겠습니다.
감사합니다. :)"
115301,2026-06-09 00:00:00,,,헬스 과하게 하다가 팔꿈치 망가진 사람으로서 이 제품 강추. 병원에서는 쉬라는 말밖에 없었는데 이걸로 꾸준히 케어하면서 운동 다시 시작할 수 있었음. M4 주무름 모드가 심부까지 자극해주는 느낌이라 표면 마사지랑 완전 달라요. 강도 15단계까지 있어서 그날그날 컨디션 보면서 조절하는 것도 좋고. 헬스하는 사람이면 하나씩 있어야 한다고 봄.,f3a761b2ab8d,,980,프리미엄 엘보케어 팔꿈치 마사지기,149000,,기존리뷰,5,,0,0,1,"안녕하세요. 프리미엄 헬스테크 브랜드, 슬룸입니다.
진심 어린 소중한 후기 감사합니다. 💜

앞으로도 좋은 상품과 서비스로 고객님들을 찾아뵐 수 있도록 노력하겠습니다.
감사합니다. :)"
115302,2026-06-01 00:00:00,,,야구 동호회 10년 다니면서 팔꿈치가 항상 걱정이었는데 이 제품 만나고 나서 관리 개념 자체가 바뀜. 정형외과 전문의 자문 제품이라길래 믿고 질렀는데 역시 달랐음. 크림 바르고 쓰면 EMS 자극이 확실히 깊게 들어오는 게 느껴지고. 5가지 모드 다 써봤는데 M1 종합모드가 가장 두루두루 좋더라. 팀원들한테 단체 구매 제안 중.,cb517fbf0b4e,,980,프리미엄 엘보케어 팔꿈치 마사지기,149000,,기존리뷰,4,,0,0,1,"안녕하세요. 프리미엄 헬스테크 브랜드, 슬룸입니다.
진심 어린 소중한 후기 감사합니다. 💜

앞으로도 좋은 상품과 서비스로 고객님들을 찾아뵐 수 있도록 노력하겠습니다.
감사합니다. :)"
115303,2026-06-11 00:00:00,,,"스쿼시 강하게 치다 팔꿈치가 욱신거리기 시작할 때 이 제품 구매했는데 정말 잘 한 결정. 병원 쉬라는 소리 안 듣고 운동 계속하면서도 관리가 되는 게 포인트. 자극 강도를 단계별로 세밀하게 조절할 수 있어서 붓기 심한 날엔 낮게, 컨디션 좋은 날엔 높게 조절해서 씀. 무선이라 소파에 드러누워서도 조작 가능한 게 최고.",9b630d197a8b,,980,프리미엄 엘보케어 팔꿈치 마사지기,149000,,기존리뷰,5,,0,0,1,"안녕하세요. 프리미엄 헬스테크 브랜드, 슬룸입니다.
정성스럽게 올려주신 소중한 후기 감사합니다. 💜

고객님의 목소리로 더 발전하는 슬룸이 되도록 노력하겠습니다.
감사합니다. 🙇‍♀️"
115304,2026-06-15 00:00:00,,,"배드민턴 치면서 생긴 팔꿈치 통증, 파스로 버티다 결국 이 제품 구매. 쓰고 나서 왜 진작 안 샀나 싶었음. EMS TENS 복합으로 작동되는 게 스포츠 마사지 받는 느낌이고 에어백 3단계 강으로 맞추면 진짜 시원하게 눌러줘서 소리 지를 뻔. 클럽 단톡에 올렸더니 세 명이나 바로 구매했어요.",ec676896bd38,,980,프리미엄 엘보케어 팔꿈치 마사지기,149000,,기존리뷰,5,,0,0,1,"안녕하세요. 프리미엄 헬스테크 브랜드, 슬룸입니다.
시간 내어 소중한 후기를 작성해 주셔서 감사드립니다. :)

믿고 찾는 쇼핑몰이 되기 위해 더 좋은 상품과 서비스를 준비하겠습니다.
감사합니다. 💜"
115305,2026-06-15 00:00:00,,,"주짓수 도장 다니면서 팔꿈치 걱정이 늘 컸는데 이 제품으로 예방까지 되는 게 진짜 좋음. 운동 전 M2 활력모드로 5분, 운동 후 M3 힐링모드로 25분 루틴 만들었는데 부상 횟수가 눈에 띄게 줄었어요. 에어백 전완근 마사지가 혈액순환 도와주는 게 확실히 느껴지고. 사범님도 하나 구매하셨다고 함.",554c0911d9fb,,980,프리미엄 엘보케어 팔꿈치 마사지기,149000,,기존리뷰,5,,0,0,1,"안녕하세요. 프리미엄 헬스테크 브랜드, 슬룸입니다.
진심 어린 소중한 후기 감사합니다. 💜

앞으로도 좋은 상품과 서비스로 고객님들을 찾아뵐 수 있도록 노력하겠습니다.
감사합니다. :)"
115306,2026-06-11 00:00:00,,,클라이밍 하다 팔꿈치 충상 입은 후로 관리에 진심이 됐는데 이 제품이 그 핵심. 회복기에 TENS 기능으로 통증 완화하고 이후엔 EMS로 근육 강화하는 식으로 단계별로 활용함. 에어백 마사지가 홀드 잡고 난 뒤 뭉친 전완근 풀어주는 것도 딱이고. 클라이밍 커뮤니티에 후기 올렸더니 반응 장난 아님.,ec32d2bc7663,,980,프리미엄 엘보케어 팔꿈치 마사지기,149000,,기존리뷰,4,,0,0,1,"안녕하세요. 프리미엄 헬스테크 브랜드, 슬룸입니다.
시간 내어 소중한 후기를 작성해 주셔서 감사드립니다. :)

믿고 찾는 쇼핑몰이 되기 위해 더 좋은 상품과 서비스를 준비하겠습니다.
감사합니다. 💜"
115307,2026-06-04 00:00:00,,,"댄스 공연 준비 기간에 팔 동작이 폭발적으로 늘어나면서 팔꿈치가 한계 신호를 보내더라고요. 공연 전 M2 활력모드로 워밍업, 연습 끝나고 M3 힐링모드로 마무리하는 패턴이 자리 잡혔어요. 충전식이라 연습실에 가져다 놓고 쓸 수 있는 것도 편하고. 팀원들이 돌아가면서 쓰다가 결국 각자 한 개씩 샀음.",7eaa093958b8,,980,프리미엄 엘보케어 팔꿈치 마사지기,149000,,기존리뷰,5,,0,0,1,"안녕하세요. 프리미엄 헬스테크 브랜드, 슬룸입니다.
진심 어린 소중한 후기 감사합니다. 💜

앞으로도 좋은 상품과 서비스로 고객님들을 찾아뵐 수 있도록 노력하겠습니다.
감사합니다. :)"
115308,2026-06-09 00:00:00,,,마라톤 대회 시즌에 훈련량 늘리면서 팔꿈치까지 오는 부담이 생겼는데 이 제품이 해결사. 장거리 달리고 나서 온열 켜고 에어백 돌리면서 쉬면 팔꿈치 피로가 확 빠지는 게 느껴짐. 원정 대회 때도 챙겨가서 숙소에서 씀. 러닝 크루 단톡방에서 공동 구매까지 이어졌어요.,7f15eaae412e,,980,프리미엄 엘보케어 팔꿈치 마사지기,149000,,기존리뷰,5,,0,0,1,"안녕하세요. 프리미엄 헬스테크 브랜드, 슬룸입니다.
진심 어린 소중한 후기 감사합니다. 💜

앞으로도 좋은 상품과 서비스로 고객님들을 찾아뵐 수 있도록 노력하겠습니다.
감사합니다. :)"
115309,2026-06-03 00:00:00,,,야근이 일상인 직장인으로서 팔꿈치 통증은 그냥 달고 사는 거라고 생각했는데 이 제품 쓰고 그 고정관념이 깨짐. 퇴근하고 M5 두드림 모드 15분이면 그날 쌓인 팔꿈치 피로가 싹 정리되는 느낌. 리모컨 덕분에 착용하고 나서도 편하게 조작할 수 있어서 넷플릭스 보면서 케어하는 게 루틴. 팀원한테 선물했더니 하나 더 사달라고 함.,76443be2d194,,980,프리미엄 엘보케어 팔꿈치 마사지기,149000,,기존리뷰,4,,0,0,1,"안녕하세요. 프리미엄 헬스테크 브랜드, 슬룸입니다.
정성스럽게 올려주신 소중한 후기 감사합니다. 💜

고객님의 목소리로 더 발전하는 슬룸이 되도록 노력하겠습니다.
감사합니다. 🙇‍♀️"
115310,2026-06-07 00:00:00,,,개발자인데 키보드 오래 치다 보면 팔꿈치가 결리는 게 직업병이었는데 이거 쓰고 나서 많이 나아짐. 강도 15단계가 생각보다 세밀하게 나뉘어 있어서 딱 내 몸에 맞는 강도 찾는 재미도 있음. 충전식이라 회사 책상 서랍에 넣어두고 필요할 때 꺼내 쓰는 것도 편하고. 개발팀 전체에 소문났어요.,c7a2e62e1115,,980,프리미엄 엘보케어 팔꿈치 마사지기,149000,,기존리뷰,5,,0,0,1,"안녕하세요. 프리미엄 헬스테크 브랜드, 슬룸입니다.
진심 어린 소중한 후기 감사합니다. 💜

앞으로도 좋은 상품과 서비스로 고객님들을 찾아뵐 수 있도록 노력하겠습니다.
감사합니다. :)"
115311,2026-06-15 00:00:00,,,"결산 시즌에 밤새 엑셀 작업하다 팔꿈치가 완전히 굳어버렸는데 이 제품이 구세주. 점심시간 15분, 퇴근 후 25분 두 번 나눠서 쓰는 루틴이 생겼음. EMS TENS 복합 자극이 단순 찜질이랑 차원이 다르게 깊이 풀어줘서. 무선이라 자리에 앉아서 쓸 수 있는 것도 직장인한테 딱이에요.",eacc65158d15,,980,프리미엄 엘보케어 팔꿈치 마사지기,149000,,기존리뷰,5,,0,0,1,"안녕하세요. 프리미엄 헬스테크 브랜드, 슬룸입니다.
정성스럽게 올려주신 소중한 후기 감사합니다. 💜

고객님의 목소리로 더 발전하는 슬룸이 되도록 노력하겠습니다.
감사합니다. 🙇‍♀️"
115312,2026-06-08 00:00:00,,,치과 진료실에서 오래 일하다 보면 팔꿈치 각도가 고정되어서 굳는 게 문제인데 이 제품으로 퇴근 후 케어하면서 확실히 나아짐. 병원에서도 TENS EMS 치료 많이 쓰는 걸 아니까 원리 면에서 신뢰가 갔음. 집에서 전문 치료 받는 느낌으로 쓸 수 있어서 따로 물리치료 시간 낼 필요가 줄었어요.,511c53d148c8,,980,프리미엄 엘보케어 팔꿈치 마사지기,149000,,기존리뷰,5,,0,0,1,"안녕하세요. 프리미엄 헬스테크 브랜드, 슬룸입니다.
정성스럽게 올려주신 소중한 후기 감사합니다. 💜

고객님의 목소리로 더 발전하는 슬룸이 되도록 노력하겠습니다.
감사합니다. 🙇‍♀️"
115313,2026-06-12 00:00:00,,,큰 동물 다루는 수의사한테 팔꿈치 통증은 일상인데 이 제품 쓰고 퇴근 후 회복 속도가 달라짐. USB 충전이라 동물병원 테이블 위에 놔두고 쓸 수 있어서 편하고. EMS TENS 복합 자극이 피로 회복을 빠르게 도와주는 게 확실히 느껴짐. 원장님도 관심 가지셔서 병원 비치용으로 추가 구매 고려 중.,70e5b6df9b1b,,980,프리미엄 엘보케어 팔꿈치 마사지기,149000,,기존리뷰,4,,0,0,1,"안녕하세요. 프리미엄 헬스테크 브랜드, 슬룸입니다.
진심 어린 소중한 후기 감사합니다. 💜

앞으로도 좋은 상품과 서비스로 고객님들을 찾아뵐 수 있도록 노력하겠습니다.
감사합니다. :)"
115314,2026-06-14 00:00:00,,,"물리치료사 입장에서 환자한테 홈케어 기기 추천할 때 기준이 까다로운데 이 제품은 통과. EMS TENS 복합 기능이 가정용치고 수준이 있고, 팔꿈치 전용 설계라 착용감이 케어 효율을 높여줌. 강도 조절이 세밀해서 재활 단계별로 맞춰 쓸 수 있는 것도 포인트. 지금 열 명 넘는 환자한테 소개했음.",8d88bfe467ad,,980,프리미엄 엘보케어 팔꿈치 마사지기,149000,,기존리뷰,5,,0,0,1,"안녕하세요. 프리미엄 헬스테크 브랜드, 슬룸입니다.
정성스럽게 올려주신 소중한 후기 감사합니다. 💜

고객님의 목소리로 더 발전하는 슬룸이 되도록 노력하겠습니다.
감사합니다. 🙇‍♀️"
115315,2026-06-06 00:00:00,,,한의원에서 침술 시술 오래 하다 보면 팔꿈치에 쌓이는 피로가 상당한데 이 제품이 그걸 해결해줌. 기혈 순환 관점에서도 전기 자극이 도움이 된다고 생각해서 관심 가졌는데 직접 써보니 기대 이상. 환자분들한테도 홈케어로 병행하도록 소개하고 있는데 피드백이 좋아요.,291178c614ec,,980,프리미엄 엘보케어 팔꿈치 마사지기,149000,,기존리뷰,5,,0,0,1,"안녕하세요. 프리미엄 헬스테크 브랜드, 슬룸입니다.
진심 어린 소중한 후기 감사합니다. 💜

앞으로도 좋은 상품과 서비스로 고객님들을 찾아뵐 수 있도록 노력하겠습니다.
감사합니다. :)"
115316,2026-06-14 00:00:00,,,"피아노 연습량 늘리면서 팔꿈치가 한계를 보내더라고요. 연주 후 M3 힐링모드 돌리면 그 뻑뻑한 긴장이 풀리는 게 확실히 느껴지고. 에어백이 전완근까지 눌러주니까 손목이랑 이어지는 부위가 같이 케어되는 게 좋아요. 연주회 전날엔 낮은 강도로, 연습 직후엔 높게 올려서 쓰는 식으로 활용 중.",a53d2576bd85,,980,프리미엄 엘보케어 팔꿈치 마사지기,149000,,기존리뷰,5,,0,0,1,"안녕하세요. 프리미엄 헬스테크 브랜드, 슬룸입니다.
정성스럽게 올려주신 소중한 후기 감사합니다. 💜

고객님의 목소리로 더 발전하는 슬룸이 되도록 노력하겠습니다.
감사합니다. 🙇‍♀️"
115317,2026-06-12 00:00:00,,,기타 공연 끝나고 항상 팔꿈치가 뻐근한 게 오랜 고민이었는데 이 제품이 답이었음. 에어백 전완근 마사지까지 더해지면 손목부터 팔꿈치까지 연결되어 풀리는 느낌이 진짜 좋아요. 밴드 멤버들한테 공연 끝나고 보여줬더니 다들 다음 날 바로 주문했다고 연락 왔음.,bfba12cc5f3a,,980,프리미엄 엘보케어 팔꿈치 마사지기,149000,,기존리뷰,4,,0,0,1,"안녕하세요. 프리미엄 헬스테크 브랜드, 슬룸입니다.
시간 내어 소중한 후기를 작성해 주셔서 감사드립니다. :)

믿고 찾는 쇼핑몰이 되기 위해 더 좋은 상품과 서비스를 준비하겠습니다.
감사합니다. 💜"
115318,2026-06-08 00:00:00,,,드럼 치는 아마추어인데 연습 강도 올리면서 팔꿈치가 비명 지르기 시작. M4 주무름 모드가 심부까지 자극해줘서 다음 날 팔 상태가 완전히 다름. 에어백이 펌핑된 전완근 이완해주는 것도 정말 시원하고. 드럼 배우는 친구들한테 강제로 써보라고 권유 중.,f514e3c326e3,,980,프리미엄 엘보케어 팔꿈치 마사지기,149000,,기존리뷰,5,,0,0,1,"안녕하세요. 프리미엄 헬스테크 브랜드, 슬룸입니다.
시간 내어 소중한 후기를 작성해 주셔서 감사드립니다. :)

믿고 찾는 쇼핑몰이 되기 위해 더 좋은 상품과 서비스를 준비하겠습니다.
감사합니다. 💜"
115319,2026-06-04 00:00:00,,,집안일로 팔꿈치가 늘 묵직했는데 이 제품 한 달 쓰고 나서 그 느낌이 없어짐. 온열 2단계 45도가 딱 적당히 따뜻하면서 깊숙이 풀어주고 에어백이 더해지면 팔꿈치 주변이 통째로 케어되는 느낌. TV 보면서 쓸 수 있어서 시간 낭비도 없고. 주부들한테 진심으로 추천하고 싶은 제품.,117b2cc0f072,,980,프리미엄 엘보케어 팔꿈치 마사지기,149000,,기존리뷰,5,,0,0,1,"안녕하세요. 프리미엄 헬스테크 브랜드, 슬룸입니다.
시간 내어 소중한 후기를 작성해 주셔서 감사드립니다. :)

믿고 찾는 쇼핑몰이 되기 위해 더 좋은 상품과 서비스를 준비하겠습니다.
감사합니다. 💜"
115320,2026-06-02 00:00:00,,,"아기 안고 재우는 게 일과인 엄마인데 팔꿈치가 계속 아팠는데, 아기 재운 뒤 이거 켜놓는 15분이 하루 중 제일 힐링되는 시간. M3 힐링모드가 부드럽게 달래주는 느낌이라 긴장이 자연스럽게 풀려요. 온열이 더해지면 심리적으로도 편안해지는 게 신기함. 육아맘 선물로 강력 추천.",7a095f615acf,,980,프리미엄 엘보케어 팔꿈치 마사지기,149000,,기존리뷰,4,,0,0,1,"안녕하세요. 프리미엄 헬스테크 브랜드, 슬룸입니다.
진심 어린 소중한 후기 감사합니다. 💜

앞으로도 좋은 상품과 서비스로 고객님들을 찾아뵐 수 있도록 노력하겠습니다.
감사합니다. :)"
115321,2026-06-14 00:00:00,,,아이 셋 키우면서 팔 안 쓰는 날이 없다 보니 팔꿈치가 항상 한계치였는데 이 제품 쓰기 시작하고 나서 달라짐. 온열이랑 에어백이 같이 돌아가면 팔꿈치가 녹는 것 같은 느낌이라 표현이 딱 그거임. 남편도 어깨 쓸 수 있냐고 물어볼 정도로 효과 보는 걸 눈치챈 것 같음.,8036163e756c,,980,프리미엄 엘보케어 팔꿈치 마사지기,149000,,기존리뷰,5,,0,0,1,"안녕하세요. 프리미엄 헬스테크 브랜드, 슬룸입니다.
정성스럽게 올려주신 소중한 후기 감사합니다. 💜

고객님의 목소리로 더 발전하는 슬룸이 되도록 노력하겠습니다.
감사합니다. 🙇‍♀️"
115322,2026-06-01 00:00:00,,,"50대 들어서 팔꿈치가 날씨 따라 반응하기 시작하더니 집안일만 해도 묵직하게 아팠는데 이 제품이 진짜 효자. 타이머 25분 맞춰놓고 드라마 보다 보면 끝나있고, 끝나면 팔꿈치가 가벼워져 있음. 온열이 특히 겨울에 최고예요. 이웃 주부들 모임에서 이미 소문 다 났음.",8baca1d87223,,980,프리미엄 엘보케어 팔꿈치 마사지기,149000,,기존리뷰,5,,0,0,1,"안녕하세요. 프리미엄 헬스테크 브랜드, 슬룸입니다.
진심 어린 소중한 후기 감사합니다. 💜

앞으로도 좋은 상품과 서비스로 고객님들을 찾아뵐 수 있도록 노력하겠습니다.
감사합니다. :)"
115323,2026-06-09 00:00:00,,,설거지랑 빨래 개고 나면 항상 팔꿈치가 욱신거렸는데 이거 쓰고 나서 그 패턴이 끊겼음. 에어백이 꾹꾹 눌러주는 게 마사지사 손 느낌이고 온열이 더해지면 찜질방 코스 됨. 가격은 좀 나가지만 매달 마사지 받는 거 생각하면 훨씬 이득이라고 생각해서 만족.,5da29f44eaac,,980,프리미엄 엘보케어 팔꿈치 마사지기,149000,,기존리뷰,5,,0,0,1,"안녕하세요. 프리미엄 헬스테크 브랜드, 슬룸입니다.
시간 내어 소중한 후기를 작성해 주셔서 감사드립니다. :)

믿고 찾는 쇼핑몰이 되기 위해 더 좋은 상품과 서비스를 준비하겠습니다.
감사합니다. 💜"
115324,2026-06-11 00:00:00,,,명절 음식 준비하다 팔꿈치 통증이 심해진 게 계기였는데 이 제품 쓰고 나서 이게 왜 이제 나왔나 싶었음. M4 주무름 모드 켜면 손가락으로 꾹 눌러주는 느낌이 너무 시원해서 소리가 절로 나옴. 시어머니한테 선물했더니 매일 쓰신다고 전화 오심.,9d8d68fc3a04,,980,프리미엄 엘보케어 팔꿈치 마사지기,149000,,기존리뷰,4,,0,0,1,"안녕하세요. 프리미엄 헬스테크 브랜드, 슬룸입니다.
정성스럽게 올려주신 소중한 후기 감사합니다. 💜

고객님의 목소리로 더 발전하는 슬룸이 되도록 노력하겠습니다.
감사합니다. 🙇‍♀️"
115325,2026-06-03 00:00:00,,,"반찬가게 운영하면서 칼질 오래 하다 보면 팔꿈치가 퉁퉁 붓는 게 일상이었는데 이 제품이 그걸 관리해줌. 가게 마감하고 집에 오자마자 켜놓으면 그게 하루의 마무리. 붓기 심한 날엔 낮은 강도, 괜찮은 날엔 높게 조절해서 쓰는 게 요령이 생김. 시장 상인분들한테 소문내고 있어요.",8d8150e6598a,,980,프리미엄 엘보케어 팔꿈치 마사지기,149000,,기존리뷰,5,,0,0,1,"안녕하세요. 프리미엄 헬스테크 브랜드, 슬룸입니다.
시간 내어 소중한 후기를 작성해 주셔서 감사드립니다. :)

믿고 찾는 쇼핑몰이 되기 위해 더 좋은 상품과 서비스를 준비하겠습니다.
감사합니다. 💜"
115326,2026-06-11 00:00:00,,,어린이집 교사로 아이들 안고 보조하다 보면 팔꿈치가 말 그대로 닳아가는 느낌인데 이 제품이 그걸 회복시켜줌. M5 두드림 모드가 가볍게 톡톡 두드려줘서 저녁에 쓰면 뻐근함이 자연스럽게 빠져요. 원장 선생님도 하나 구매하신 것 같던데. 보육 현장 선생님들한테 강추.,054cf2237c4f,,980,프리미엄 엘보케어 팔꿈치 마사지기,149000,,기존리뷰,5,,0,0,1,"안녕하세요. 프리미엄 헬스테크 브랜드, 슬룸입니다.
진심 어린 소중한 후기 감사합니다. 💜

앞으로도 좋은 상품과 서비스로 고객님들을 찾아뵐 수 있도록 노력하겠습니다.
감사합니다. :)"
115327,2026-06-05 00:00:00,,,홈베이킹 취미로 반죽 자주 하다 보니 팔꿈치가 뭉치는 게 고민이었는데 이 제품 쓰고 그 걱정이 없어짐. 반죽 끝내고 이거 켜면 EMS 자극이 심부까지 닿는 게 표면 마사지랑 완전 다름. 베이킹 모임 단톡에 올렸더니 세 명이 바로 질렀다고 연락 왔음.,ef5f1cb0b839,,980,프리미엄 엘보케어 팔꿈치 마사지기,149000,,기존리뷰,5,,0,0,1,"안녕하세요. 프리미엄 헬스테크 브랜드, 슬룸입니다.
시간 내어 소중한 후기를 작성해 주셔서 감사드립니다. :)

믿고 찾는 쇼핑몰이 되기 위해 더 좋은 상품과 서비스를 준비하겠습니다.
감사합니다. 💜"
115328,2026-06-09 00:00:00,,,새벽 생선 손질 오래 하다 보면 팔꿈치가 그냥 한계인데 이 제품 없으면 어떻게 버텼나 싶음. 온열 3단계 48도로 맞추면 굳었던 근육이 녹는 것 같고 에어백이 더해지면 완전 회복 모드. 무선이라 가게 한쪽에 놔두고 쉬는 시간마다 켬. 시장 언니들한테 다 소문냈어요.,ccfba161cc18,,980,프리미엄 엘보케어 팔꿈치 마사지기,149000,,기존리뷰,4,,0,0,1,"안녕하세요. 프리미엄 헬스테크 브랜드, 슬룸입니다.
시간 내어 소중한 후기를 작성해 주셔서 감사드립니다. :)

믿고 찾는 쇼핑몰이 되기 위해 더 좋은 상품과 서비스를 준비하겠습니다.
감사합니다. 💜"
115329,2026-06-08 00:00:00,,,주방에서 오래 일하다 보면 팔꿈치가 늘 극한까지 쓰이는데 이 제품이 그걸 관리해줌. M1 종합모드 켜놓으면 EMS TENS가 같이 돌면서 팔꿈치 전체 긴장이 풀리는 게 확실히 느껴짐. 에어백 전완근 마사지까지 더해지면 팔이 통째로 케어되는 느낌. 주방 동료들한테 이미 다 알려줬음.,af546d9b69f9,,980,프리미엄 엘보케어 팔꿈치 마사지기,149000,,기존리뷰,5,,0,0,1,"안녕하세요. 프리미엄 헬스테크 브랜드, 슬룸입니다.
진심 어린 소중한 후기 감사합니다. 💜

앞으로도 좋은 상품과 서비스로 고객님들을 찾아뵐 수 있도록 노력하겠습니다.
감사합니다. :)"
115330,2026-06-15 00:00:00,,,탬핑이랑 우유 거품 내는 동작이 팔꿈치에 쌓이는 게 바리스타 직업병인데 이 제품으로 많이 해결됨. 퇴근 후 15분이면 충분히 풀리는 게 바쁜 카페 일 끝나고 쓰기 딱 좋음. M4 주무름 모드가 손목이랑 팔꿈치 연결 부위를 집중 자극해줘서 특히 시원함. 카페 단톡에서 공동 구매까지 이어짐.,4a6547398160,,980,프리미엄 엘보케어 팔꿈치 마사지기,149000,,기존리뷰,5,,0,0,1,"안녕하세요. 프리미엄 헬스테크 브랜드, 슬룸입니다.
시간 내어 소중한 후기를 작성해 주셔서 감사드립니다. :)

믿고 찾는 쇼핑몰이 되기 위해 더 좋은 상품과 서비스를 준비하겠습니다.
감사합니다. 💜"
115331,2026-06-09 00:00:00,,,미용사가 팔꿈치 통증 모르면 거짓말인데 이 제품 쓰고 나서 퇴근 후 팔 상태가 달라짐. 에어백이 전완근까지 풀어주니까 손목이랑 이어지는 부위가 같이 케어되는 게 포인트. 다음 날 시술 품질도 좋아지는 느낌이라 더 적극적으로 쓰게 됨. 원장님도 보고 바로 하나 주문하심.,06727f208633,,980,프리미엄 엘보케어 팔꿈치 마사지기,149000,,기존리뷰,4,,0,0,1,"안녕하세요. 프리미엄 헬스테크 브랜드, 슬룸입니다.
정성스럽게 올려주신 소중한 후기 감사합니다. 💜

고객님의 목소리로 더 발전하는 슬룸이 되도록 노력하겠습니다.
감사합니다. 🙇‍♀️"
115332,2026-06-07 00:00:00,,,네일 작업 오래 하다 보면 팔꿈치가 뻐근하게 굳는 게 다들 경험하는 건데 이 제품이 그걸 제대로 풀어줌. M3 힐링모드가 부드럽고 일정하게 달래줘서 작업 긴장이 자연스럽게 빠짐. 고객 기다리는 사이 잠깐씩 켜두는 것도 활용법. 네일숍 원장들 단체 구매 문의함.,2cf5e4fb3843,,980,프리미엄 엘보케어 팔꿈치 마사지기,149000,,기존리뷰,5,,0,0,1,"안녕하세요. 프리미엄 헬스테크 브랜드, 슬룸입니다.
정성스럽게 올려주신 소중한 후기 감사합니다. 💜

고객님의 목소리로 더 발전하는 슬룸이 되도록 노력하겠습니다.
감사합니다. 🙇‍♀️"
115333,2026-06-10 00:00:00,,,호텔 객실 청소하면서 팔꿈치 통증이 쌓이는 게 그냥 직업병이라고 생각했는데 이 제품 쓰고 관리가 된다는 걸 알았음. 온열이랑 전기 자극이 동시에 되는 게 처음엔 신기했는데 이제는 이게 없으면 케어가 부족한 느낌. 청소팀 전원이 돌아가면서 써보더니 각자 구매했음.,ccccdd80fed1,,980,프리미엄 엘보케어 팔꿈치 마사지기,149000,,기존리뷰,5,,0,0,1,"안녕하세요. 프리미엄 헬스테크 브랜드, 슬룸입니다.
시간 내어 소중한 후기를 작성해 주셔서 감사드립니다. :)

믿고 찾는 쇼핑몰이 되기 위해 더 좋은 상품과 서비스를 준비하겠습니다.
감사합니다. 💜"
115334,2026-06-05 00:00:00,,,편의점 야간 알바 하면서 팔꿈치가 묵직한 게 일상이었는데 이거 쓰고 나서 다음날 아침이 달라짐. M5 두드림 모드가 부담 없이 쓸 수 있어서 자주 켬. 자취방에서 혼자 케어하기 딱 좋고. 가격이 좀 부담됐는데 지금은 진짜 아깝지 않음. 알바 동료들한테 추천했음.,8210cfe86b7d,,980,프리미엄 엘보케어 팔꿈치 마사지기,149000,,기존리뷰,5,,0,0,1,"안녕하세요. 프리미엄 헬스테크 브랜드, 슬룸입니다.
시간 내어 소중한 후기를 작성해 주셔서 감사드립니다. :)

믿고 찾는 쇼핑몰이 되기 위해 더 좋은 상품과 서비스를 준비하겠습니다.
감사합니다. 💜"
115335,2026-06-07 00:00:00,,,행사 당일 세팅하고 뛰어다니면 팔에 무리가 확 오는데 웨딩 플래너한테 이건 피할 수가 없는 숙명. 그래서 이 제품 챙겨다니는 게 루틴이 됨. M2 활력모드가 지친 팔에 에너지 충전해주는 느낌이고 충전식이라 어디든 들고 다닐 수 있어서 편함. 같은 업계 분들한테 소개 중.,ed2e59a39efb,,980,프리미엄 엘보케어 팔꿈치 마사지기,149000,,기존리뷰,4,,0,0,1,"안녕하세요. 프리미엄 헬스테크 브랜드, 슬룸입니다.
진심 어린 소중한 후기 감사합니다. 💜

앞으로도 좋은 상품과 서비스로 고객님들을 찾아뵐 수 있도록 노력하겠습니다.
감사합니다. :)"
115336,2026-06-15 00:00:00,,,꽃다발 묶고 가위질 반복하면서 팔꿈치가 쌓이는 게 플로리스트 직업병인데 이 제품이 그걸 매일 리셋해줌. 작업 끝나고 켜놓으면 에어백이 눌러주고 온열이 감싸줘서 그 조합이 찜질방보다 낫다는 말이 이제 이해됨. 꽃집 동료들한테 소문냈어요.,db212e5a8b61,,980,프리미엄 엘보케어 팔꿈치 마사지기,149000,,기존리뷰,5,,0,0,1,"안녕하세요. 프리미엄 헬스테크 브랜드, 슬룸입니다.
정성스럽게 올려주신 소중한 후기 감사합니다. 💜

고객님의 목소리로 더 발전하는 슬룸이 되도록 노력하겠습니다.
감사합니다. 🙇‍♀️"
115337,2026-06-14 00:00:00,,,카센터에서 공구 다루다 보면 팔꿈치에 진동이랑 충격이 쌓이는 게 느껴지는데 이 제품이 그걸 퇴근 후에 싹 풀어줌. M4 주무름 모드가 깊숙이 자극해서 표면만 마사지하는 것과 완전히 다른 느낌. 팀 동료들 돌아가면서 쓰다가 결국 각자 하나씩 구매함.,3da7d5532f1f,,980,프리미엄 엘보케어 팔꿈치 마사지기,149000,,기존리뷰,5,,0,0,1,"안녕하세요. 프리미엄 헬스테크 브랜드, 슬룸입니다.
시간 내어 소중한 후기를 작성해 주셔서 감사드립니다. :)

믿고 찾는 쇼핑몰이 되기 위해 더 좋은 상품과 서비스를 준비하겠습니다.
감사합니다. 💜"
115338,2026-06-09 00:00:00,,,장례식장 일이 체력적으로 힘든 직종인데 팔꿈치 피로가 특히 쌓임. 야간 근무 전에 이거 15분 켜놓으면 팔이 훨씬 가볍게 시작되고. 타이머 맞춰놓고 잠깐 눈 붙이다 보면 깨어났을 때 팔이 다른 팔 같음. 동료들한테 소개했어요.,6cce89e3bdba,,980,프리미엄 엘보케어 팔꿈치 마사지기,149000,,기존리뷰,5,,0,0,1,"안녕하세요. 프리미엄 헬스테크 브랜드, 슬룸입니다.
시간 내어 소중한 후기를 작성해 주셔서 감사드립니다. :)

믿고 찾는 쇼핑몰이 되기 위해 더 좋은 상품과 서비스를 준비하겠습니다.
감사합니다. 💜"
115339,2026-06-06 00:00:00,,,"12시간 근무하는 간호사한테 팔꿈치 통증은 그냥 달고 사는 건데 이 제품 쓰고 나서 그 고통이 많이 줄었음. M2 활력모드가 지친 팔에 에너지 넣어주는 느낌이고, 15분이면 충분히 케어되니까 퇴근 후 바로 쓸 수 있어서 좋음. 병동 동료들한테 이미 다 소문났고 몇 명은 구매했다고 연락 옴.",faa110f30294,,980,프리미엄 엘보케어 팔꿈치 마사지기,149000,,기존리뷰,4,,0,0,1,"안녕하세요. 프리미엄 헬스테크 브랜드, 슬룸입니다.
시간 내어 소중한 후기를 작성해 주셔서 감사드립니다. :)

믿고 찾는 쇼핑몰이 되기 위해 더 좋은 상품과 서비스를 준비하겠습니다.
감사합니다. 💜"
115340,2026-06-02 00:00:00,,,"구조 활동 특성상 팔에 엄청난 힘이 들어가는 응급구조사인데 이 제품이 교대 근무 후 회복을 단축해줌. 25분 타이머면 충분히 케어되고, 무선이라 어디서든 쓸 수 있어서 차 안에서도 활용함. 정형외과 전문의 자문 제품이라는 게 구조 현장 사람들한테 특히 신뢰 포인트. 구급대 단톡에서 공유했어요.",4f45f9ce04f4,,980,프리미엄 엘보케어 팔꿈치 마사지기,149000,,기존리뷰,5,,0,0,1,"안녕하세요. 프리미엄 헬스테크 브랜드, 슬룸입니다.
시간 내어 소중한 후기를 작성해 주셔서 감사드립니다. :)

믿고 찾는 쇼핑몰이 되기 위해 더 좋은 상품과 서비스를 준비하겠습니다.
감사합니다. 💜"
115341,2026-06-14 00:00:00,,,화재 진압할 때 호스 잡고 버티는 힘이 전부 팔꿈치에서 나오는데 이 제품 쓰고 나서 근무 사이사이 회복이 달라짐. EMS TENS 복합 자극이 격렬한 활동 후 근육 회복에 확실히 효과 있음. 소방서 동료들한테 소개하고 있는데 반응이 좋아요.,6b92b78ff936,,980,프리미엄 엘보케어 팔꿈치 마사지기,149000,,기존리뷰,5,,0,0,1,"안녕하세요. 프리미엄 헬스테크 브랜드, 슬룸입니다.
시간 내어 소중한 후기를 작성해 주셔서 감사드립니다. :)

믿고 찾는 쇼핑몰이 되기 위해 더 좋은 상품과 서비스를 준비하겠습니다.
감사합니다. 💜"
115342,2026-06-14 00:00:00,,,요양원에서 어르신 돌보다 보면 팔꿈치 통증이 피할 수 없는 직업병인데 이 제품이 그걸 해소해줌. 퇴근 후 25분이 그날의 유일한 쉬는 시간인데 그때 이거 켜놓으면 팔 피로가 빠지는 게 느껴짐. EMS TENS 자극이 단순 찜질이랑 차원이 달라요. 동료들 단체 구매 진행 중.,bfc3fad9056d,,980,프리미엄 엘보케어 팔꿈치 마사지기,149000,,기존리뷰,4,,0,0,1,"안녕하세요. 프리미엄 헬스테크 브랜드, 슬룸입니다.
정성스럽게 올려주신 소중한 후기 감사합니다. 💜

고객님의 목소리로 더 발전하는 슬룸이 되도록 노력하겠습니다.
감사합니다. 🙇‍♀️"
115343,2026-06-06 00:00:00,,,"판서 많이 하는 초등 교사인데 팔꿈치가 수업마다 혹사되는 느낌인데 이 제품 쓰고 나서 퇴근 후 피로 관리가 됨. 에어백 전완근 마사지가 판서 후 뭉친 근육 풀기에 딱이고, 15분 타이머 맞춰놓고 채점하면서 동시에 케어하는 게 시간 효율 최고. 학교 교무실에서 이미 소문났음.",7673d6b2e9f5,,980,프리미엄 엘보케어 팔꿈치 마사지기,149000,,기존리뷰,5,,0,0,1,"안녕하세요. 프리미엄 헬스테크 브랜드, 슬룸입니다.
진심 어린 소중한 후기 감사합니다. 💜

앞으로도 좋은 상품과 서비스로 고객님들을 찾아뵐 수 있도록 노력하겠습니다.
감사합니다. :)"
115344,2026-06-02 00:00:00,,,"체육 시범 보이다 보면 팔꿈치가 항상 혹사되는데 이 제품 없으면 어떻게 수업했나 싶음. EMS TENS 복합 자극이 운동 부하 받은 팔꿈치 회복에 딱 맞고, 정형외과 자문 제품이라는 신뢰도가 현직 체육 교사한테도 포인트. 동료 교사들한테 소개하고 있어요.",a2347bbc0c85,,980,프리미엄 엘보케어 팔꿈치 마사지기,149000,,기존리뷰,5,,0,0,1,"안녕하세요. 프리미엄 헬스테크 브랜드, 슬룸입니다.
정성스럽게 올려주신 소중한 후기 감사합니다. 💜

고객님의 목소리로 더 발전하는 슬룸이 되도록 노력하겠습니다.
감사합니다. 🙇‍♀️"
115345,2026-06-12 00:00:00,,,"실험실 피펫 작업이랑 논문 작업 밤새다 보면 팔꿈치에 오는 피로가 만만치 않은데 이 제품이 그걸 해소해줌. 타이머 15분 맞춰놓고 다른 거 하다 보면 끝나있고, 끝나면 팔이 가벼워져 있음. 연구실 동료들한테 공유했더니 다들 관심 가짐.",f9ffa7fdda5d,,980,프리미엄 엘보케어 팔꿈치 마사지기,149000,,기존리뷰,5,,0,0,1,"안녕하세요. 프리미엄 헬스테크 브랜드, 슬룸입니다.
시간 내어 소중한 후기를 작성해 주셔서 감사드립니다. :)

믿고 찾는 쇼핑몰이 되기 위해 더 좋은 상품과 서비스를 준비하겠습니다.
감사합니다. 💜"
115346,2026-06-07 00:00:00,,,방과 후 교사로 다양한 활동 보조하면서 팔꿈치에 쌓이는 피로가 생각보다 상당한데 이 제품이 그 피로를 매일 리셋해줌. M3 힐링모드의 부드러운 리듬이 하루 긴장을 자연스럽게 풀어주는 게 좋아요. 교육 업계 종사자들한테 강력 추천.,391f93a57d6d,,980,프리미엄 엘보케어 팔꿈치 마사지기,149000,,기존리뷰,4,,0,0,1,"안녕하세요. 프리미엄 헬스테크 브랜드, 슬룸입니다.
정성스럽게 올려주신 소중한 후기 감사합니다. 💜

고객님의 목소리로 더 발전하는 슬룸이 되도록 노력하겠습니다.
감사합니다. 🙇‍♀️"
115347,2026-06-09 00:00:00,,,현장 방문 많고 이동 서비스 지원하다 보면 팔꿈치 피로가 쌓이는 사회복지사인데 이 제품 가방에 넣어다니면서 씀. 충전식이라 어디서든 쓸 수 있는 게 이동 많은 현장직한테 최고 장점. 복지관 동료들한테 소개했어요.,4eed4f21b257,,980,프리미엄 엘보케어 팔꿈치 마사지기,149000,,기존리뷰,5,,0,0,1,"안녕하세요. 프리미엄 헬스테크 브랜드, 슬룸입니다.
정성스럽게 올려주신 소중한 후기 감사합니다. 💜

고객님의 목소리로 더 발전하는 슬룸이 되도록 노력하겠습니다.
감사합니다. 🙇‍♀️"
115348,2026-06-06 00:00:00,,,"악기 수리 작업이 섬세하고 오래 걸리다 보면 팔꿈치가 굳는 게 느껴지는데 이 제품이 그걸 풀어줌. 작업 강도 높은 날엔 M4 주무름 모드, 가볍게 케어할 날엔 M5 두드림 모드 구분해서 쓰는 요령이 생겼음. 공방 동료들한테 소개했더니 반응 좋았어요.",a97075df0ddc,,980,프리미엄 엘보케어 팔꿈치 마사지기,149000,,기존리뷰,5,,0,0,1,"안녕하세요. 프리미엄 헬스테크 브랜드, 슬룸입니다.
진심 어린 소중한 후기 감사합니다. 💜

앞으로도 좋은 상품과 서비스로 고객님들을 찾아뵐 수 있도록 노력하겠습니다.
감사합니다. :)"
115349,2026-06-10 00:00:00,,,물류센터에서 박스 들다 보면 팔꿈치가 그냥 한계인데 이 제품 없었으면 버텼을까 싶음. M4 주무름 모드가 심부까지 자극해주는 느낌이 확실해서 퇴근 후 의식처럼 켬. 타이머 맞춰놓고 쉬다 보면 끝나있고 팔이 가벼워져 있음. 직장 동료들 공동 구매까지 이어짐.,fbd4ee5459be,,980,프리미엄 엘보케어 팔꿈치 마사지기,149000,,기존리뷰,5,,0,0,1,"안녕하세요. 프리미엄 헬스테크 브랜드, 슬룸입니다.
시간 내어 소중한 후기를 작성해 주셔서 감사드립니다. :)

믿고 찾는 쇼핑몰이 되기 위해 더 좋은 상품과 서비스를 준비하겠습니다.
감사합니다. 💜"
115350,2026-06-04 00:00:00,,,택배 기사로 하루 종일 박스 들다 보면 팔꿈치가 만신창이가 되는데 동료 추천으로 이 제품 써봤더니 퇴근 후 통증 관리가 완전히 달라짐. 온열이랑 전기 자극이 동시에 돌아가는 게 처음엔 신기했는데 이제는 없으면 케어가 부족한 느낌. 택배 기사 모임에서 소문냈어요.,88b70ceca4f1,,980,프리미엄 엘보케어 팔꿈치 마사지기,149000,,기존리뷰,4,,0,0,1,"안녕하세요. 프리미엄 헬스테크 브랜드, 슬룸입니다.
정성스럽게 올려주신 소중한 후기 감사합니다. 💜

고객님의 목소리로 더 발전하는 슬룸이 되도록 노력하겠습니다.
감사합니다. 🙇‍♀️"
115351,2026-06-15 00:00:00,,,배달 라이딩 오래 하면 핸들 잡은 팔꿈치가 묵직하게 쌓이는데 이 제품이 그걸 매일 리셋해줌. 에어백이 전완근 눌러주는 게 장시간 그립 후에 특히 시원하고. 퇴근 후 25분이면 다음날 출발이 훨씬 가볍게 느껴짐. 라이더 단톡에 올렸더니 반응 장난 아님.,1a0c9b071205,,980,프리미엄 엘보케어 팔꿈치 마사지기,149000,,기존리뷰,5,,0,0,1,"안녕하세요. 프리미엄 헬스테크 브랜드, 슬룸입니다.
진심 어린 소중한 후기 감사합니다. 💜

앞으로도 좋은 상품과 서비스로 고객님들을 찾아뵐 수 있도록 노력하겠습니다.
감사합니다. :)"
115352,2026-06-09 00:00:00,,,인테리어 현장에서 팔을 많이 쓰다 보면 팔꿈치 통증이 피할 수 없는 직업병인데 이 제품 쓰고 나서 현장 후 회복이 달라짐. M4 주무름 모드가 손으로 꾹 눌러주는 느낌이라 뭉친 근육 푸는 데 딱이고. 팀원들한테 소개해서 이미 여러 명이 구매함.,ad8aff5c4c0e,,980,프리미엄 엘보케어 팔꿈치 마사지기,149000,,기존리뷰,5,,0,0,1,"안녕하세요. 프리미엄 헬스테크 브랜드, 슬룸입니다.
진심 어린 소중한 후기 감사합니다. 💜

앞으로도 좋은 상품과 서비스로 고객님들을 찾아뵐 수 있도록 노력하겠습니다.
감사합니다. :)"
115353,2026-06-01 00:00:00,,,건축 현장 감독으로 뛰어다니고 물건 들다 보면 팔꿈치에 쌓이는 게 상당한데 이 제품이 그걸 관리해줌. 겨울 현장 일 끝나고 온열 켜면 차가워진 근육이 녹는 느낌이 최고고. 현장 팀원들도 돌아가면서 써보더니 각자 구매함.,95b46c75bb67,,980,프리미엄 엘보케어 팔꿈치 마사지기,149000,,기존리뷰,4,,0,0,1,"안녕하세요. 프리미엄 헬스테크 브랜드, 슬룸입니다.
시간 내어 소중한 후기를 작성해 주셔서 감사드립니다. :)

믿고 찾는 쇼핑몰이 되기 위해 더 좋은 상품과 서비스를 준비하겠습니다.
감사합니다. 💜"
115354,2026-06-06 00:00:00,,,수제 가구 제작하다 보면 수작업 특성상 팔꿈치가 항상 극한인데 이 제품 쓰고 회복 속도가 달라짐. EMS 자극이 심부까지 도달하는 느낌이 표면 마사지랑 완전히 다르고 온열 3단계면 굳은 근육이 녹는 것 같음. 공방에서 강력 추천 중.,3293d0381a3a,,980,프리미엄 엘보케어 팔꿈치 마사지기,149000,,기존리뷰,5,,0,0,1,"안녕하세요. 프리미엄 헬스테크 브랜드, 슬룸입니다.
진심 어린 소중한 후기 감사합니다. 💜

앞으로도 좋은 상품과 서비스로 고객님들을 찾아뵐 수 있도록 노력하겠습니다.
감사합니다. :)"
115355,2026-06-02 00:00:00,,,공장 반복 작업이 팔꿈치에 누적되는 게 피할 수 없는 직업병인데 개인적으로 이 제품 구매해서 쓰다 보니 팀 전체로 퍼짐. 에어백 강도 3단계면 진짜 시원하게 눌러줘서 소리 지를 뻔. 퇴근 후 25분이 그날의 팔꿈치 리셋 시간이 됨.,5e012b739e72,,980,프리미엄 엘보케어 팔꿈치 마사지기,149000,,기존리뷰,5,,0,0,1,"안녕하세요. 프리미엄 헬스테크 브랜드, 슬룸입니다.
진심 어린 소중한 후기 감사합니다. 💜

앞으로도 좋은 상품과 서비스로 고객님들을 찾아뵐 수 있도록 노력하겠습니다.
감사합니다. :)"
115356,2026-06-02 00:00:00,,,가위질 반복하는 조경사 생활에서 팔꿈치 통증은 당연한 거라고 생각했는데 이 제품 쓰고 그 고정관념이 깨짐. 작업 후 M4 주무름 모드 켜면 그날 뭉친 근육이 제대로 풀리고. 팀원들한테 알려줬더니 반응 좋았어요.,e860f4497a89,,980,프리미엄 엘보케어 팔꿈치 마사지기,149000,,기존리뷰,5,,0,0,1,"안녕하세요. 프리미엄 헬스테크 브랜드, 슬룸입니다.
진심 어린 소중한 후기 감사합니다. 💜

앞으로도 좋은 상품과 서비스로 고객님들을 찾아뵐 수 있도록 노력하겠습니다.
감사합니다. :)"
115357,2026-06-06 00:00:00,,,계절마다 작업 강도가 극과 극인 정원사인데 봄가을 피크 시즌엔 이 제품이 진짜 구세주. EMS TENS가 작업 후 근육 회복을 빠르게 도와주고 온열이 야외 작업 후 차가운 근육 데워줌. 정원 관리 하시는 분들한테 꼭 추천하고 싶어요.,9a6e104e6c7b,,980,프리미엄 엘보케어 팔꿈치 마사지기,149000,,기존리뷰,4,,0,0,1,"안녕하세요. 프리미엄 헬스테크 브랜드, 슬룸입니다.
정성스럽게 올려주신 소중한 후기 감사합니다. 💜

고객님의 목소리로 더 발전하는 슬룸이 되도록 노력하겠습니다.
감사합니다. 🙇‍♀️"
115358,2026-06-05 00:00:00,,,"야간 경비 서면서 팔꿈치가 뭉치는 게 쌓이다 보면 퇴근 후엔 진짜 한계인데 이 제품이 그걸 해소해줌. 타이머 15분 맞춰놓고 눕다 보면 자기도 모르게 잠들고, 알아서 꺼지니까 저온화상 걱정도 없음. 온열이 포근하게 감싸줘서 잠도 잘 오고. 야간 근무자한테 강추.",6db9169f808e,,980,프리미엄 엘보케어 팔꿈치 마사지기,149000,,기존리뷰,5,,0,0,1,"안녕하세요. 프리미엄 헬스테크 브랜드, 슬룸입니다.
진심 어린 소중한 후기 감사합니다. 💜

앞으로도 좋은 상품과 서비스로 고객님들을 찾아뵐 수 있도록 노력하겠습니다.
감사합니다. :)"
115359,2026-06-11 00:00:00,,,"60대 초반인데 젊을 때 운동 많이 한 여파가 팔꿈치에 나타나기 시작했는데 이 제품이 그걸 관리해줌. 낮은 강도에서 시작해서 적응하면서 올리는 게 요령이고, 자극이 자연스러워서 어르신한테도 부담 없음. 온열이 날씨 안 좋을 때 팔꿈치 쑤시는 거 완화해주는 게 특히 좋아요.",940b209da6fe,,980,프리미엄 엘보케어 팔꿈치 마사지기,149000,,기존리뷰,5,,0,0,1,"안녕하세요. 프리미엄 헬스테크 브랜드, 슬룸입니다.
시간 내어 소중한 후기를 작성해 주셔서 감사드립니다. :)

믿고 찾는 쇼핑몰이 되기 위해 더 좋은 상품과 서비스를 준비하겠습니다.
감사합니다. 💜"
115360,2026-06-12 00:00:00,,,오십대 중반인데 팔꿈치가 말을 안 들기 시작해서 이거 써봤는데 며칠 만에 없으면 허전한 아이템이 됨. 강도 15단계가 생각보다 세밀해서 내 몸에 딱 맞는 세기 찾는 재미도 있고. 리모컨 덕분에 착용하고 누워서도 조작 가능한 게 최고 장점.,7989c360e8bf,,980,프리미엄 엘보케어 팔꿈치 마사지기,149000,,기존리뷰,5,,0,0,1,"안녕하세요. 프리미엄 헬스테크 브랜드, 슬룸입니다.
진심 어린 소중한 후기 감사합니다. 💜

앞으로도 좋은 상품과 서비스로 고객님들을 찾아뵐 수 있도록 노력하겠습니다.
감사합니다. :)"
115361,2026-06-03 00:00:00,,,50대 직장인인데 젊을 때 운동으로 혹사한 팔꿈치가 나이 들면서 본격적으로 말썽인데 이 제품이 꾸준한 관리 파트너가 됨. 정형외과 전문의 자문 제품이라는 게 중장년층한테는 특히 신뢰 가는 포인트. 자녀들한테 어른들 선물로 강력 추천하고 있어요.,d23189050375,,980,프리미엄 엘보케어 팔꿈치 마사지기,149000,,기존리뷰,4,,0,0,1,"안녕하세요. 프리미엄 헬스테크 브랜드, 슬룸입니다.
정성스럽게 올려주신 소중한 후기 감사합니다. 💜

고객님의 목소리로 더 발전하는 슬룸이 되도록 노력하겠습니다.
감사합니다. 🙇‍♀️"
115362,2026-06-04 00:00:00,,,노인정에서 소개받아서 산 거라 처음엔 반신반의했는데 1단계 낮은 강도로 시작했더니 전혀 부담 없고 온열이 따뜻하게 감싸줘서 매일 저녁 쓰게 됨. 팔꿈치 찌뿌둥한 게 조금씩 나아지는 게 느껴지고. 노인정 어르신들 사이에서 지금 엄청 유행 중.,6044ed4f4d21,,980,프리미엄 엘보케어 팔꿈치 마사지기,149000,,기존리뷰,5,,0,0,1,"안녕하세요. 프리미엄 헬스테크 브랜드, 슬룸입니다.
진심 어린 소중한 후기 감사합니다. 💜

앞으로도 좋은 상품과 서비스로 고객님들을 찾아뵐 수 있도록 노력하겠습니다.
감사합니다. :)"
115363,2026-06-02 00:00:00,,,은퇴 후 텃밭 가꾸면서 팔꿈치에 부담이 생겼는데 이 제품이 그걸 매일 리셋해줌. 야외 작업 후 온열 켜면 차가워진 근육이 녹는 느낌이 최고고. 에어백 마사지까지 더해지면 농사일 피로가 싹 빠지는 것 같음. 텃밭 모임에서 소문냈어요.,4a80738cb17f,,980,프리미엄 엘보케어 팔꿈치 마사지기,149000,,기존리뷰,5,,0,0,1,"안녕하세요. 프리미엄 헬스테크 브랜드, 슬룸입니다.
정성스럽게 올려주신 소중한 후기 감사합니다. 💜

고객님의 목소리로 더 발전하는 슬룸이 되도록 노력하겠습니다.
감사합니다. 🙇‍♀️"
115364,2026-06-11 00:00:00,,,자녀가 사줘서 처음엔 어떻게 쓰나 걱정했는데 리모컨이 있어서 전원 켜고 모드만 선택하면 되니까 어르신도 어렵지 않았음. 온열이 포근하게 감싸줘서 매일 저녁 안 쓰면 섭섭한 아이템이 됐고. 좋은 선물 받았다고 자녀한테 칭찬해줌.,6f2fe12af646,,980,프리미엄 엘보케어 팔꿈치 마사지기,149000,,기존리뷰,4,,0,0,1,"안녕하세요. 프리미엄 헬스테크 브랜드, 슬룸입니다.
시간 내어 소중한 후기를 작성해 주셔서 감사드립니다. :)

믿고 찾는 쇼핑몰이 되기 위해 더 좋은 상품과 서비스를 준비하겠습니다.
감사합니다. 💜"
115365,2026-06-01 00:00:00,,,55세 주부인데 무릎 치료 다니면서 팔꿈치 통증도 같이 생겼는데 이 제품이 팔꿈치 케어를 담당해줌. 타이머가 있어서 잊어버려도 알아서 꺼지니까 안전하고. 써보고 나서 중년 여성분들한테 강력 추천하고 다니는 중.,b16778fea1d2,,980,프리미엄 엘보케어 팔꿈치 마사지기,149000,,기존리뷰,5,,0,0,1,"안녕하세요. 프리미엄 헬스테크 브랜드, 슬룸입니다.
진심 어린 소중한 후기 감사합니다. 💜

앞으로도 좋은 상품과 서비스로 고객님들을 찾아뵐 수 있도록 노력하겠습니다.
감사합니다. :)"
115366,2026-06-13 00:00:00,,,퇴직 후 골프랑 등산 즐기는 60대 남성인데 두 활동 모두 팔꿈치에 부담이라 이 제품이 필수가 됨. 아침에 운동하고 저녁에 이 제품 쓰는 게 일상 루틴으로 자리 잡았음. 골프 동호회 동창들한테 이미 소문 다 냈음.,a2a6d88e616c,,980,프리미엄 엘보케어 팔꿈치 마사지기,149000,,기존리뷰,5,,0,0,1,"안녕하세요. 프리미엄 헬스테크 브랜드, 슬룸입니다.
시간 내어 소중한 후기를 작성해 주셔서 감사드립니다. :)

믿고 찾는 쇼핑몰이 되기 위해 더 좋은 상품과 서비스를 준비하겠습니다.
감사합니다. 💜"
115367,2026-06-12 00:00:00,,,65세 어머니한테 선물했는데 팔꿈치가 따뜻해지면서 시원하게 풀리는 느낌이 좋다고 매일 챙겨 쓰심. 강도 낮게 해도 효과가 있고 조작이 간단해서 어르신도 혼자 쓰실 수 있음. 효도 선물로 완전 강추.,53f66991ebd4,,980,프리미엄 엘보케어 팔꿈치 마사지기,149000,,기존리뷰,5,,0,0,1,"안녕하세요. 프리미엄 헬스테크 브랜드, 슬룸입니다.
정성스럽게 올려주신 소중한 후기 감사합니다. 💜

고객님의 목소리로 더 발전하는 슬룸이 되도록 노력하겠습니다.
감사합니다. 🙇‍♀️"
115368,2026-06-06 00:00:00,,,아버지 칠순 선물로 질렀는데 선물 중에 이게 제일 잘 쓴다고 매일 연락이 옴. 리모컨이 있어서 혼자서도 조작하기 편하다고 하시고 온열이 따뜻해서 겨울에 특히 좋다고 하심. 가족들도 같이 쓰고 싶다고 눈치 주고 있음.,48eaefe9d4ad,,980,프리미엄 엘보케어 팔꿈치 마사지기,149000,,기존리뷰,4,,0,0,1,"안녕하세요. 프리미엄 헬스테크 브랜드, 슬룸입니다.
진심 어린 소중한 후기 감사합니다. 💜

앞으로도 좋은 상품과 서비스로 고객님들을 찾아뵐 수 있도록 노력하겠습니다.
감사합니다. :)"
115369,2026-06-15 00:00:00,,,무거운 카메라 장비 들고 다니면서 팔꿈치에 쌓이는 게 사진 작가의 직업병인데 이 제품이 그걸 해소해줌. M4 주무름 모드가 제일 자주 쓰게 되는 모드고. 여행 촬영 때 챙겨가는 게 이제 필수 장비 중 하나가 됨.,65771094b9f5,,980,프리미엄 엘보케어 팔꿈치 마사지기,149000,,기존리뷰,5,,0,0,1,"안녕하세요. 프리미엄 헬스테크 브랜드, 슬룸입니다.
시간 내어 소중한 후기를 작성해 주셔서 감사드립니다. :)

믿고 찾는 쇼핑몰이 되기 위해 더 좋은 상품과 서비스를 준비하겠습니다.
감사합니다. 💜"
115370,2026-06-02 00:00:00,,,마감 기간에 밤새 마우스 잡고 있으면 팔꿈치가 완전히 망가지는데 이 제품이 마감 후 회복을 단축해줌. M1 종합모드 25분이면 팔꿈치가 살아나는 느낌이라 표현이 딱 그거임. 프리랜서 동료들한테 꼭 추천하고 싶어요.,3621b0341cdd,,980,프리미엄 엘보케어 팔꿈치 마사지기,149000,,기존리뷰,5,,0,0,1,"안녕하세요. 프리미엄 헬스테크 브랜드, 슬룸입니다.
정성스럽게 올려주신 소중한 후기 감사합니다. 💜

고객님의 목소리로 더 발전하는 슬룸이 되도록 노력하겠습니다.
감사합니다. 🙇‍♀️"
115371,2026-06-15 00:00:00,,,카메라 들고 편집 작업 오래 하는 유튜버인데 팔꿈치 통증이 쌓이는 게 보통 일이 아닌데 이 제품이 그걸 관리해줌. 5가지 모드 다 써봤는데 각각 특색이 달라서 그날 컨디션 맞게 고르는 재미도 있음. 보조 배터리로 충전하면서 어디서나 쓸 수 있는 것도 강점. 구독자들한테 소개했어요.,9758e258b4d5,,980,프리미엄 엘보케어 팔꿈치 마사지기,149000,,기존리뷰,5,,0,0,1,"안녕하세요. 프리미엄 헬스테크 브랜드, 슬룸입니다.
진심 어린 소중한 후기 감사합니다. 💜

앞으로도 좋은 상품과 서비스로 고객님들을 찾아뵐 수 있도록 노력하겠습니다.
감사합니다. :)"
115372,2026-06-07 00:00:00,,,가게 세팅하고 물건 나르다 보면 팔꿈치가 매일 극한에 달하는데 이 제품이 그걸 매일 리셋해줌. 가게에 놔두고 쉬는 시간마다 켜는 루틴이 생겼고. 자영업 모임에서 소개했더니 반응 장난 아님.,c834293cee13,,980,프리미엄 엘보케어 팔꿈치 마사지기,149000,,기존리뷰,4,,0,0,1,"안녕하세요. 프리미엄 헬스테크 브랜드, 슬룸입니다.
시간 내어 소중한 후기를 작성해 주셔서 감사드립니다. :)

믿고 찾는 쇼핑몰이 되기 위해 더 좋은 상품과 서비스를 준비하겠습니다.
감사합니다. 💜"
115373,2026-06-12 00:00:00,,,하루 종일 고객 손 잡고 네일 작업하면서 팔꿈치가 한계인 게 원장 생활의 일상인데 영업 끝나고 이거 켜놓는 시간이 가장 기다려짐. 강도 조절이 세밀해서 그날 컨디션에 맞게 쓸 수 있는 게 좋고. 샵 운영하시는 분들한테 꼭 추천드리고 싶어요.,8c8a9be435f4,,980,프리미엄 엘보케어 팔꿈치 마사지기,149000,,기존리뷰,5,,0,0,1,"안녕하세요. 프리미엄 헬스테크 브랜드, 슬룸입니다.
시간 내어 소중한 후기를 작성해 주셔서 감사드립니다. :)

믿고 찾는 쇼핑몰이 되기 위해 더 좋은 상품과 서비스를 준비하겠습니다.
감사합니다. 💜"
115374,2026-06-14 00:00:00,,,태블릿 앞에 하루 종일 앉아서 웹툰 작업하다 보면 팔꿈치가 굳는 게 느껴지는데 이 제품 쓰고 나서 작업 지속성이 달라짐. M5 두드림 모드를 작업 사이사이 잠깐씩 켜두는 것도 활용법이 됨. 동료 작가들한테 소개했더니 여러 명이 바로 질렀다고 연락 왔음.,e4bf66fae92b,,980,프리미엄 엘보케어 팔꿈치 마사지기,149000,,기존리뷰,5,,0,0,1,"안녕하세요. 프리미엄 헬스테크 브랜드, 슬룸입니다.
진심 어린 소중한 후기 감사합니다. 💜

앞으로도 좋은 상품과 서비스로 고객님들을 찾아뵐 수 있도록 노력하겠습니다.
감사합니다. :)"
115375,2026-06-01 00:00:00,,,농번기엔 팔꿈치가 거의 고장 직전까지 가는데 이 제품이 매일 저녁 그걸 회복시켜줌. 온열 3단계 48도로 맞추면 굳은 근육이 녹는 것 같은 느낌이고 에어백까지 더해지면 완전 회복 모드. 농가 이웃분들한테 소문냈어요.,1392091a38c3,,980,프리미엄 엘보케어 팔꿈치 마사지기,149000,,기존리뷰,4,,0,0,1,"안녕하세요. 프리미엄 헬스테크 브랜드, 슬룸입니다.
진심 어린 소중한 후기 감사합니다. 💜

앞으로도 좋은 상품과 서비스로 고객님들을 찾아뵐 수 있도록 노력하겠습니다.
감사합니다. :)"
115376,2026-06-02 00:00:00,,,투자 발표 준비하면서 밤새 컴퓨터 앞에 있으면 팔꿈치가 심하게 뭉치는데 이 제품이 다음날 컨디션을 살려줌. 팀원들 선물로 사줬는데 다들 좋아해서 팀 분위기까지 올라간 것 같음. 충전식이라 사무실 어디서나 쓸 수 있어서 편해요.,e7e12d14facd,,980,프리미엄 엘보케어 팔꿈치 마사지기,149000,,기존리뷰,4,,0,0,1,"안녕하세요. 프리미엄 헬스테크 브랜드, 슬룸입니다.
진심 어린 소중한 후기 감사합니다. 💜

앞으로도 좋은 상품과 서비스로 고객님들을 찾아뵐 수 있도록 노력하겠습니다.
감사합니다. :)"
115377,2026-06-11 00:00:00,,,카페랑 공유 오피스 이동하면서 장시간 작업하다 보면 팔꿈치가 뻐근하게 굳는데 이 제품이 그 누적을 관리해줌. 보조 배터리로 충전하면서 이동 중에도 쓸 수 있는 게 이동 많은 마케터한테 딱이에요. 재택근무 동료들한테 소개했더니 다들 관심 가짐.,ace6c7491347,,980,프리미엄 엘보케어 팔꿈치 마사지기,149000,,기존리뷰,5,,0,0,1,"안녕하세요. 프리미엄 헬스테크 브랜드, 슬룸입니다.
진심 어린 소중한 후기 감사합니다. 💜

앞으로도 좋은 상품과 서비스로 고객님들을 찾아뵐 수 있도록 노력하겠습니다.
감사합니다. :)"
115378,2026-06-08 00:00:00,,,현장 방문이 많아서 장시간 운전하다 보면 팔꿈치가 쌓이는 게 부동산 중개인의 직업병인데 이 제품이 그걸 관리해줌. 무선이라 차 안에서도 충전하면서 쓸 수 있어서 이동 중에도 활용 가능. 영업직 종사자들한테 강력 추천.,b9c058be787d,,980,프리미엄 엘보케어 팔꿈치 마사지기,149000,,기존리뷰,5,,0,0,1,"안녕하세요. 프리미엄 헬스테크 브랜드, 슬룸입니다.
시간 내어 소중한 후기를 작성해 주셔서 감사드립니다. :)

믿고 찾는 쇼핑몰이 되기 위해 더 좋은 상품과 서비스를 준비하겠습니다.
감사합니다. 💜"
115379,2026-06-04 00:00:00,,,테니스엘보 진단받고 병원 치료랑 병행해서 쓰고 있는데 물리 치료사 선생님도 이런 기기 병행이 회복에 도움된다고 함. 집에서 전문 케어 받는 느낌이라 치료 사이 공백을 채워주고. 치료 기간 단축된 것 같아서 더 적극적으로 쓰고 있어요.,f22ef3eb2fc4,,980,프리미엄 엘보케어 팔꿈치 마사지기,149000,,기존리뷰,4,,0,0,1,"안녕하세요. 프리미엄 헬스테크 브랜드, 슬룸입니다.
시간 내어 소중한 후기를 작성해 주셔서 감사드립니다. :)

믿고 찾는 쇼핑몰이 되기 위해 더 좋은 상품과 서비스를 준비하겠습니다.
감사합니다. 💜"
115380,2026-06-03 00:00:00,,,"팔꿈치 재활 환자한테 홈케어 기기 추천할 때 기준이 까다로운 재활 트레이너인데 이 제품은 통과. 전문 기기 원리랑 같은 EMS TENS 기능이 가정용치고 수준 있고, 강도 조절 세밀해서 재활 단계별로 맞춰 쓸 수 있음. 현재 열 명 넘게 소개했음.",6426626a46a2,,980,프리미엄 엘보케어 팔꿈치 마사지기,149000,,기존리뷰,5,,0,0,1,"안녕하세요. 프리미엄 헬스테크 브랜드, 슬룸입니다.
시간 내어 소중한 후기를 작성해 주셔서 감사드립니다. :)

믿고 찾는 쇼핑몰이 되기 위해 더 좋은 상품과 서비스를 준비하겠습니다.
감사합니다. 💜"
115381,2026-06-15 00:00:00,,,PT 받으면서 팔꿈치 통증이 생겼는데 트레이너 추천으로 이 제품 구매했더니 다음 PT 세션 컨디션이 완전히 달라짐. EMS로 근육 자극하고 TENS로 통증 완화하는 이중 작용이 운동 회복에 딱이에요. 헬스하는 사람이면 하나씩은 있어야 한다고 봄.,fc19e12cb52e,,980,프리미엄 엘보케어 팔꿈치 마사지기,149000,,기존리뷰,5,,0,0,1,"안녕하세요. 프리미엄 헬스테크 브랜드, 슬룸입니다.
진심 어린 소중한 후기 감사합니다. 💜

앞으로도 좋은 상품과 서비스로 고객님들을 찾아뵐 수 있도록 노력하겠습니다.
감사합니다. :)"
115382,2026-06-10 00:00:00,,,선수 시절부터 팔꿈치 혹사하다 은퇴 후에도 통증이 이어지는 수영 선수 출신인데 이 제품이 꾸준한 관리 파트너. EMS 자극이 심부 근육까지 도달하는 느낌이 달라서. 은퇴 선수들한테 강력 추천하고 있어요.,ef467e4877c5,,980,프리미엄 엘보케어 팔꿈치 마사지기,149000,,기존리뷰,5,,0,0,1,"안녕하세요. 프리미엄 헬스테크 브랜드, 슬룸입니다.
진심 어린 소중한 후기 감사합니다. 💜

앞으로도 좋은 상품과 서비스로 고객님들을 찾아뵐 수 있도록 노력하겠습니다.
감사합니다. :)"
115383,2026-06-05 00:00:00,,,수업에서 팔 힘을 많이 쓰는 요가 강사인데 M3 힐링모드의 부드럽고 일정한 리듬이 수업 마무리 감성이랑 비슷해서 마음에 듦. 에어백이 전완근까지 케어해주니까 수업에서 못 풀었던 부위가 같이 해소되는 느낌. 수강생들한테도 소개했어요.,62f6f5c31d88,,980,프리미엄 엘보케어 팔꿈치 마사지기,149000,,기존리뷰,4,,0,0,1,"안녕하세요. 프리미엄 헬스테크 브랜드, 슬룸입니다.
진심 어린 소중한 후기 감사합니다. 💜

앞으로도 좋은 상품과 서비스로 고객님들을 찾아뵐 수 있도록 노력하겠습니다.
감사합니다. :)"
115384,2026-06-05 00:00:00,,,회원 보조하면서 팔꿈치에 부담이 쌓이는 필라테스 강사인데 강습 후 이 제품 없으면 다음날 수업이 힘들 정도. M3 힐링모드 자극이 필라테스 철학이랑 맞닿은 느낌이에요. 에어백 전완근 마사지가 혈액순환 촉진에 효과 있는 것 같아서 더 자주 쓰게 됨.,463b063f276e,,980,프리미엄 엘보케어 팔꿈치 마사지기,149000,,기존리뷰,5,,0,0,1,"안녕하세요. 프리미엄 헬스테크 브랜드, 슬룸입니다.
시간 내어 소중한 후기를 작성해 주셔서 감사드립니다. :)

믿고 찾는 쇼핑몰이 되기 위해 더 좋은 상품과 서비스를 준비하겠습니다.
감사합니다. 💜"
115385,2026-06-02 00:00:00,,,세 종목 모두 팔에 부담이 가는 트라이애슬론 선수인데 팔꿈치 관리가 선수 생명인데 이 제품이 그 역할을 함. 강훈련 후 25분이면 팔꿈치 회복이 확실히 달라지는 게 느껴짐. 선수 동료들한테 소개하고 있어요.,35e07f43b492,,980,프리미엄 엘보케어 팔꿈치 마사지기,149000,,기존리뷰,5,,0,0,1,"안녕하세요. 프리미엄 헬스테크 브랜드, 슬룸입니다.
진심 어린 소중한 후기 감사합니다. 💜

앞으로도 좋은 상품과 서비스로 고객님들을 찾아뵐 수 있도록 노력하겠습니다.
감사합니다. :)"
115386,2026-06-13 00:00:00,,,회원분들 팔꿈치 통증 호소가 많아서 헬스장에 비치해뒀는데 피드백이 다들 좋음. EMS TENS 복합 기능이 일반 마사지기랑 완전히 다르다는 반응이 특히 많고. 헬스장 운영하시는 분들한테 비치 추천합니다.,0ea6c59576b2,,980,프리미엄 엘보케어 팔꿈치 마사지기,149000,,기존리뷰,5,,0,0,1,"안녕하세요. 프리미엄 헬스테크 브랜드, 슬룸입니다.
시간 내어 소중한 후기를 작성해 주셔서 감사드립니다. :)

믿고 찾는 쇼핑몰이 되기 위해 더 좋은 상품과 서비스를 준비하겠습니다.
감사합니다. 💜"
115387,2026-06-06 00:00:00,,,수영 코치로 시범 보이면서 팔을 많이 써서 팔꿈치 케어가 필수인데 이 제품이 그 역할을 함. 온열 기능이 수영장 나온 후 몸 따뜻하게 해주는 역할도 해줘서 일석이조. 수영 선수들한테도 추천하고 있어요.,044288ac62d9,,980,프리미엄 엘보케어 팔꿈치 마사지기,149000,,기존리뷰,5,,0,0,1,"안녕하세요. 프리미엄 헬스테크 브랜드, 슬룸입니다.
정성스럽게 올려주신 소중한 후기 감사합니다. 💜

고객님의 목소리로 더 발전하는 슬룸이 되도록 노력하겠습니다.
감사합니다. 🙇‍♀️"
115388,2026-06-03 00:00:00,,,"큐 잡는 팔꿈치 컨디션이 경기력에 직결되는 당구 선수인데 이 제품이 컨디션 유지에 핵심 역할을 함. 강도 조절이 세밀해서 경기 전날엔 낮게, 훈련 후엔 높게 쓰는 활용이 가능한 게 포인트. 선수들한테 추천하고 있어요.",5817c631233e,,980,프리미엄 엘보케어 팔꿈치 마사지기,149000,,기존리뷰,5,,0,0,1,"안녕하세요. 프리미엄 헬스테크 브랜드, 슬룸입니다.
진심 어린 소중한 후기 감사합니다. 💜

앞으로도 좋은 상품과 서비스로 고객님들을 찾아뵐 수 있도록 노력하겠습니다.
감사합니다. :)"
115389,2026-06-14 00:00:00,,,대량 조리 작업 후 팔꿈치 피로가 상당한 영양사인데 이 제품이 그 피로를 매일 리셋해줌. M4 주무름 모드가 조리 후 뭉친 근육 자극에 딱이고. 강도 조금씩 올리면서 쓰니까 효과도 점점 올라가는 것 같음. 급식소 동료들한테 소개했어요.,3f402c62f633,,980,프리미엄 엘보케어 팔꿈치 마사지기,149000,,기존리뷰,5,,0,0,1,"안녕하세요. 프리미엄 헬스테크 브랜드, 슬룸입니다.
진심 어린 소중한 후기 감사합니다. 💜

앞으로도 좋은 상품과 서비스로 고객님들을 찾아뵐 수 있도록 노력하겠습니다.
감사합니다. :)"
115390,2026-06-09 00:00:00,,,"야간 순찰 많은 교도관인데 팔꿈치 피로가 쌓이다 보면 퇴근 후엔 진짜 한계인데 이 제품이 그걸 해소해줌. 타이머 맞춰놓고 잠깐 눕다 보면 자기도 모르게 자고, 알아서 꺼지니까 저온화상 걱정 없음. 야근 많은 직종에 강추.",621f51a78927,,980,프리미엄 엘보케어 팔꿈치 마사지기,149000,,기존리뷰,4,,0,0,1,"안녕하세요. 프리미엄 헬스테크 브랜드, 슬룸입니다.
정성스럽게 올려주신 소중한 후기 감사합니다. 💜

고객님의 목소리로 더 발전하는 슬룸이 되도록 노력하겠습니다.
감사합니다. 🙇‍♀️"
115391,2026-06-14 00:00:00,,,장시간 운전하는 운전기사로 팔꿈치 뭉치는 게 일상인데 이 제품이 그걸 관리해줌. 충전식이라 차 안에서도 쓸 수 있어서 대기 시간마다 켬. M5 두드림 모드가 긴장된 팔꿈치 깨워주는 느낌이에요. 운전 직종 종사자들한테 강추.,d0dd521073d3,,980,프리미엄 엘보케어 팔꿈치 마사지기,149000,,기존리뷰,5,,0,0,1,"안녕하세요. 프리미엄 헬스테크 브랜드, 슬룸입니다.
시간 내어 소중한 후기를 작성해 주셔서 감사드립니다. :)

믿고 찾는 쇼핑몰이 되기 위해 더 좋은 상품과 서비스를 준비하겠습니다.
감사합니다. 💜"
115392,2026-06-13 00:00:00,,,훈련 중 팔꿈치 충격이 자주 오는 군인인데 내무반에서 이 제품 쓰기 시작하더니 동기들 사이에서 인기 폭발. 온열이 훈련 후 냉각된 근육 데우기에 효과적이고 M1 종합모드가 전반적으로 두루두루 케어해줌. 운동량 많은 분들한테 강력 추천.,43fc96bc8fa9,,980,프리미엄 엘보케어 팔꿈치 마사지기,149000,,기존리뷰,5,,0,0,1,"안녕하세요. 프리미엄 헬스테크 브랜드, 슬룸입니다.
시간 내어 소중한 후기를 작성해 주셔서 감사드립니다. :)

믿고 찾는 쇼핑몰이 되기 위해 더 좋은 상품과 서비스를 준비하겠습니다.
감사합니다. 💜"
115393,2026-06-01 00:00:00,,,수화물 처리 반복 작업으로 팔꿈치가 매일 한계에 달하는 공항 지상직인데 이 제품이 퇴근 후 회복을 담당해줌. 타이머 맞춰놓고 샤워 후 쓰면 꿀잠이 덤으로 따라오고. 공항 동료들 단톡에서 공유했더니 반응 엄청났어요.,f0a9daf5ecd1,,980,프리미엄 엘보케어 팔꿈치 마사지기,149000,,기존리뷰,5,,0,0,1,"안녕하세요. 프리미엄 헬스테크 브랜드, 슬룸입니다.
진심 어린 소중한 후기 감사합니다. 💜

앞으로도 좋은 상품과 서비스로 고객님들을 찾아뵐 수 있도록 노력하겠습니다.
감사합니다. :)"
115394,2026-06-03 00:00:00,,,새벽부터 어류 손질하다 보면 팔꿈치가 하루 종일 한계인데 퇴근하고 바로 이거 켜놓는 게 하루의 마무리. 에어백 3단계 강으로 맞추면 진짜 시원하게 눌러줘서 소리 지를 뻔. 수산 업계 언니들한테 다 소문냈어요.,24e7d3d90ea3,,980,프리미엄 엘보케어 팔꿈치 마사지기,149000,,기존리뷰,4,,0,0,1,"안녕하세요. 프리미엄 헬스테크 브랜드, 슬룸입니다.
진심 어린 소중한 후기 감사합니다. 💜

앞으로도 좋은 상품과 서비스로 고객님들을 찾아뵐 수 있도록 노력하겠습니다.
감사합니다. :)"
115395,2026-06-02 00:00:00,,,귀농해서 농기구 다루면서 팔꿈치가 도시 생활할 때랑 비교도 안 되게 혹사되는데 귀농 선배 추천으로 이 제품 써봤더니 진짜 효과 있음. M4 주무름 모드가 농사일 후 뭉친 근육에 딱이고. 귀농하신 분들한테 강추.,207b1b6b6fd9,,980,프리미엄 엘보케어 팔꿈치 마사지기,149000,,기존리뷰,5,,0,0,1,"안녕하세요. 프리미엄 헬스테크 브랜드, 슬룸입니다.
시간 내어 소중한 후기를 작성해 주셔서 감사드립니다. :)

믿고 찾는 쇼핑몰이 되기 위해 더 좋은 상품과 서비스를 준비하겠습니다.
감사합니다. 💜"
115396,2026-06-02 00:00:00,,,마사지 동작 반복하다 보면 팔꿈치에 무리가 오는 피부 관리사인데 이 제품이 퇴근 후 케어를 담당해줌. 에어백 마사지가 전완근까지 풀어줘서 손까지 가벼워지는 느낌이 좋아요. 다음날 시술 품질도 올라가는 것 같아서 더 적극적으로 쓰게 됨.,aa8d43a9c9e2,,980,프리미엄 엘보케어 팔꿈치 마사지기,149000,,기존리뷰,5,,0,0,1,"안녕하세요. 프리미엄 헬스테크 브랜드, 슬룸입니다.
진심 어린 소중한 후기 감사합니다. 💜

앞으로도 좋은 상품과 서비스로 고객님들을 찾아뵐 수 있도록 노력하겠습니다.
감사합니다. :)"
115397,2026-06-05 00:00:00,,,구조 활동하면서 장비 다루고 팔꿈치에 부담이 많은 해양 경찰인데 이 제품이 임무 후 회복에 효과적임. EMS TENS 복합 자극이 특수 직무 후 근육 회복에 딱 맞고. 현장 직종 분들한테 추천합니다.,01078c3aaa5f,,980,프리미엄 엘보케어 팔꿈치 마사지기,149000,,기존리뷰,4,,0,0,1,"안녕하세요. 프리미엄 헬스테크 브랜드, 슬룸입니다.
정성스럽게 올려주신 소중한 후기 감사합니다. 💜

고객님의 목소리로 더 발전하는 슬룸이 되도록 노력하겠습니다.
감사합니다. 🙇‍♀️"
115398,2026-06-05 00:00:00,,,운동 막 시작해서 무리하다 팔꿈치가 비명 지르기 시작했는데 이 제품으로 케어하면서 운동 강도를 다시 올릴 수 있었음. M1 종합모드가 전반적으로 케어해줘서 초보자한테 딱이고. 강도 낮게 시작해도 효과 충분함. 운동 처음 시작하는 분들 팔꿈치 관리 진심으로 챙기세요.,cf3b22a29dcd,,980,프리미엄 엘보케어 팔꿈치 마사지기,149000,,기존리뷰,5,,0,0,1,"안녕하세요. 프리미엄 헬스테크 브랜드, 슬룸입니다.
진심 어린 소중한 후기 감사합니다. 💜

앞으로도 좋은 상품과 서비스로 고객님들을 찾아뵐 수 있도록 노력하겠습니다.
감사합니다. :)"
115399,2026-06-15 14:10:06,2026-06-06 13:26:04,2026-06-09 21:10:18,V1보다 조금 나아졌어요 V2 목 어깨 마사지 조물조물 마사지 잘해요,9d56cdf5a320,,785,넥숄더 힐링케어 V2 목 어깨 마사지기,119800,수량선택: 넥숄더 힐링케어 V2 1개,모바일(팝업),5,,0,0,1,"안녕하세요. 프리미엄 헬스테크 브랜드, 슬룸입니다.
정성스럽게 올려주신 소중한 후기 감사합니다. 💜

고객님의 목소리로 더 발전하는 슬룸이 되도록 노력하겠습니다.
감사합니다. 🙇‍♀️"
115400,2026-06-15 09:24:06,2026-06-11 22:46:20,2026-06-13 13:47:27,"생각만큼 시원하지 않아요
버섯목 개선을 위해 샀는데... 음... 모르겠어요
자극도 별루 없어요..우선 자기전에 계속 사용은 해보고있는데, 정말 거북목,버섯목이 실제로 있다 라면 실망하실꺼 같아요.  예방차원에서는 괜찮을지 모르지만..",,,909,목 마사지 베개 V2 경추 마사지기 베개,112000,수량선택: 목 마사지 베개 V2 1개 (허리베개 1개 증정),기존리뷰,1,,0,0,1,"안녕하세요 고객님, 프리미엄 헬스테크 브랜드, 슬룸입니다.
고객님께 만족스러운 경험을 드리지 못해 대단히 죄송합니다.😥

슬룸의 모든 제품은 인체공학적으로 설계되어 편안한 사용이 가능하나 초기 사용 시 1~2주 이상의 적응 기간이 필요할 수 있습니다. 
다만 수령하신 날짜 기준으로 30일 동안 꾸준히 사용해보시고도 만족하지 못하셨을 경우에는, 슬룸에서 진행하는 <100%환불이벤트> 에 참여하여 왕복배송비 제외 전액 환불이 가능합니다.

※ 제품을 30일간 꾸준히 사용한 경우, 배송완료 후 40일이내 신청이 가능
※ 환불 서비스는 첫 구매 체험을 위한 서비스로 1회만 신청 가능

▶ <100% 환불 이벤트> 상세 환불 조건 : https://sleeplab.co.kr/notice/?q=YToxOntzOjEyOiJrZXl3b3JkX3R5cGUiO3M6MzoiYWxsIjt9&bmode=view&idx=13709226&t=board 

슬룸을 믿고 편하게 사용 및 체험해보시고, 그럼에도 만족하시지 못하셨을 경우 슬룸 공식몰의 채널톡을 통해 이벤트 기간 내 문의 주시면 환불 접수 도움드리겠습니다."
115401,2026-06-15 10:06:35,2026-06-10 09:43:20,2026-06-11 18:36:45,"찌릿 찌릿 자극이 모드별로 되니 회복이 되는 느낌입니다. 에어 마시지도 좋고, 온열도 잘 되네요~ 받아서 이틀만 써봤지만 꾸준히 잘 써서 꼭 테스니 엘보 정복하겠습니다.",,,980,프리미엄 엘보케어 팔꿈치 마사지기,149000,수량선택: 팔꿈치 마사지기 1개,기존리뷰,5,,3,0,1,"안녕하세요. 프리미엄 헬스테크 브랜드, 슬룸입니다.
진심 어린 소중한 후기 감사합니다. 💜

앞으로도 좋은 상품과 서비스로 고객님들을 찾아뵐 수 있도록 노력하겠습니다.
감사합니다. :)"
115402,2026-06-15 10:09:11,2026-06-11 09:40:30,2026-06-12 13:39:24,엉덩방아 이후로 척추 디스크 튀어나오고 요통도 심했는데 이런저런 제품 찾아보다가 후기가 좋아서 구매하게 되었어요. 사용해보니 꾸준히 사용하면 개선될만한 압백운동같아서 만족은 하는데 후기처럼 죠용하다는건 말도 안되고요 이상한 공기 주입 진동소리가 너무 신경쓰여서 맘껏 못쓰고 있어요. 진동소리가 너무 커요.. 층간소음이 걱정입니다.,,,966,골반 케어 프리미엄 골반 마사지기,191000,수량선택: 골반 마사지기 1개,기존리뷰,4,,0,0,1,"안녕하세요. 프리미엄 헬스테크 브랜드, 슬룸입니다.
정성스럽게 올려주신 소중한 후기 감사합니다. 💜

고객님의 목소리로 더 발전하는 슬룸이 되도록 노력하겠습니다.
감사합니다. 🙇‍♀️"
115403,2026-06-15 12:03:51,2026-06-11 10:32:35,2026-06-12 13:40:02,엘보로 고생하고 있어서 구매했습니다 쭉 사용해 봐야 겠어요,,,980,프리미엄 엘보케어 팔꿈치 마사지기,149000,수량선택: 팔꿈치 마사지기 1개,기존리뷰,5,,4,0,1,"안녕하세요. 프리미엄 헬스테크 브랜드, 슬룸입니다.
시간 내어 소중한 후기를 작성해 주셔서 감사드립니다. :)

믿고 찾는 쇼핑몰이 되기 위해 더 좋은 상품과 서비스를 준비하겠습니다.
감사합니다. 💜"
115404,2026-06-15 12:56:07,2026-05-09 05:57:05,2026-05-12 13:42:03,"누울땐 불편한데 
자고나면 좋다",,,39,허리베개 허리 편안 베개,43800,수량선택: 허리베개 1개,기존리뷰,5,,0,0,1,"안녕하세요. 프리미엄 헬스테크 브랜드, 슬룸입니다.
진심 어린 소중한 후기 감사합니다. 💜

앞으로도 좋은 상품과 서비스로 고객님들을 찾아뵐 수 있도록 노력하겠습니다.
감사합니다. :)"
115405,2026-06-15 13:30:42,2026-06-10 16:18:50,2026-06-13 14:05:20,"온열감이 생가보다 있네요. 감기 기운 있을 때도 활용 가능할 듯. 베고 있기엔 좀 높다네요, 남편 왈. 허리받침, 푹신하고 좋아요~",,,291,목베개 플러스 경추 목 마사지기 베개,91000,수량선택: 목베개 플러스 1개 (허리베개 1개 증정),기존리뷰,5,,2,0,1,"안녕하세요. 프리미엄 헬스테크 브랜드, 슬룸입니다.
시간 내어 소중한 후기를 작성해 주셔서 감사드립니다. :)

믿고 찾는 쇼핑몰이 되기 위해 더 좋은 상품과 서비스를 준비하겠습니다.
감사합니다. 💜"
115406,2026-06-15 18:39:53,2026-05-07 23:29:05,2026-05-09 15:15:00,"다른사람 리뷰처럼 무조건 좋은지는 모르겠네요..
한달 사용후 반품합니다.",,,909,목 마사지 베개 V2 경추 마사지기 베개,112000,수량선택: 목 마사지 베개 V2 1개 (마그네슘 시너지 크림 30ml 1개 증정),기존리뷰,3,,0,0,1,"안녕하세요 고객님, 프리미엄 헬스테크 브랜드, 슬룸입니다.
고객님께 만족스러운 경험을 드리지 못해 대단히 죄송합니다.😥

슬룸의 모든 제품은 인체공학적으로 설계되어 편안한 사용이 가능하나 초기 사용 시 1~2주 이상의 적응 기간이 필요할 수 있습니다. 
다만 수령하신 날짜 기준으로 30일 동안 꾸준히 사용해보시고도 만족하지 못하셨을 경우에는, 슬룸에서 진행하는 <100%환불이벤트> 에 참여하여 왕복배송비 제외 전액 환불이 가능합니다.

※ 제품을 30일간 꾸준히 사용한 경우, 배송완료 후 40일이내 신청이 가능
※ 환불 서비스는 첫 구매 체험을 위한 서비스로 1회만 신청 가능

▶ <100% 환불 이벤트> 상세 환불 조건 : https://sleeplab.co.kr/notice/?q=YToxOntzOjEyOiJrZXl3b3JkX3R5cGUiO3M6MzoiYWxsIjt9&bmode=view&idx=13709226&t=board 

슬룸을 믿고 편하게 사용 및 체험해보시고, 그럼에도 만족하시지 못하셨을 경우 슬룸 공식몰의 채널톡을 통해 이벤트 기간 내 문의 주시면 환불 접수 도움드리겠습니다."
115407,2026-06-16 00:16:26,2026-05-21 13:28:25,2026-05-22 13:14:00,휴대가 편하고 생각보다 마사지가 잘 되요~,,,645,발편한케어 프리미엄 발 마사지기,91000,"버전&세트선택: 데일리, 사이즈&세트선택: M (220-270mm), 수량선택: 발편한케어 데일리 1개",기존리뷰,4,,1,0,1,"안녕하세요. 프리미엄 헬스테크 브랜드, 슬룸입니다.
진심 어린 소중한 후기 감사합니다. 💜

앞으로도 좋은 상품과 서비스로 고객님들을 찾아뵐 수 있도록 노력하겠습니다.
감사합니다. :)"
115408,2026-06-03 00:00:00,,,"테니스 치고 나면 팔꿈치가 너무 아파서 이것저것 써봤는데, 이 제품은 착용하는 순간부터 느낌이 달랐어요. 전기 자극이 처음엔 낯설었는데 금방 익숙해지고 오히려 시원한 느낌. 온열까지 올라오니까 찜질하는 것처럼 뭔가 풀리는 느낌이 들더라고요. 하루 일과 끝나고 착용하는 게 루틴이 됐어요. 네이비 색상도 남자가 쓰기 딱 좋아요.",e581af0fd34f,,980,프리미엄 엘보케어 팔꿈치 마사지기,149000,,기존리뷰,5,,0,0,1,"안녕하세요. 프리미엄 헬스테크 브랜드, 슬룸입니다.
시간 내어 소중한 후기를 작성해 주셔서 감사드립니다. :)

믿고 찾는 쇼핑몰이 되기 위해 더 좋은 상품과 서비스를 준비하겠습니다.
감사합니다. 💜"
115409,2026-06-06 00:00:00,,,"헬스 하다가 팔꿈치 다친 게 벌써 몇 달째인데 낫질 않아서 진짜 별거 다 써봤거든요. 파스는 그때뿐이고 보호대도 임시방편이고요. 그러다 이거 구매했는데 솔직히 처음엔 반신반의했어요.
근데 첫날 착용하고 나서 에어백이 전완근 쪽을 꽉 잡아주는 느낌이 생각보다 강해서 좀 놀랐고, 그게 또 시원하더라고요. EMS 자극은 처음엔 낯선데 2~3번 쓰다 보면 이 느낌 없으면 섭섭해질 정도예요. 리모컨이 있어서 팔에 착용한 상태에서도 강도 조절이 가능하니까 생각보다 훨씬 편하고요.
충전식 무선이라 소파에 누워서 유튜브 보면서 그냥 쓰면 되고, 가볍고 부피도 크지 않아서 가방에 넣고 다니기도 부담 없습니다. 저는 운전할 때도 보호대처럼 착용하고 다니는데 크게 불편하지 않더라고요. 이동 중이나 외출할 때도 부담 없이 사용할 수 있는 게 장점인 것 같아요.
한 일주일 정도 꾸준히 사용하니까 아침에 일어났을 때 느껴지던 그 뻐근함이 확실히 줄었어요. 물론 완치가 된 건 아니지만 일상생활에서 느끼는 불편함이 많이 줄어든 게 체감됩니다. 그래서 지금도 꾸준히 사용하고 있고 앞으로도 계속 쓸 것 같네요.",5110602af867,,980,프리미엄 엘보케어 팔꿈치 마사지기,149000,,기존리뷰,5,,2,0,1,"안녕하세요. 프리미엄 헬스테크 브랜드, 슬룸입니다.
시간 내어 소중한 후기를 작성해 주셔서 감사드립니다. :)

믿고 찾는 쇼핑몰이 되기 위해 더 좋은 상품과 서비스를 준비하겠습니다.
감사합니다. 💜"
115410,2026-06-16 00:00:00,,,"골프를 치고 나면 항상 팔꿈치 안쪽이 당기는 느낌이 있었는데, 이 제품 써보니까 다음 날 회복이 확실히 달랐어요. 뭔가 전기 자극이랑 온열이 같이 오니까 속으로 풀리는 느낌? 보호대랑은 차원이 다른 경험이었어요. 강도 조절도 세세하게 되니까 컨디션에 따라 조절하면서 쓸 수 있어서 좋았어요.",833143d8295c,,980,프리미엄 엘보케어 팔꿈치 마사지기,149000,,기존리뷰,5,,0,0,1,"안녕하세요. 프리미엄 헬스테크 브랜드, 슬룸입니다.
진심 어린 소중한 후기 감사합니다. 💜

앞으로도 좋은 상품과 서비스로 고객님들을 찾아뵐 수 있도록 노력하겠습니다.
감사합니다. :)"
115411,2026-06-01 00:00:00,,,"솔직히 처음엔 이런 거 효과 있겠냐 싶었어요. 그냥 광고 보다가 충동구매에 가까웠는데 막상 써보니 EMS 자극이 생각보다 깊숙이 오는 느낌이 확실히 있어요. 25분 타이머 설정해두고 유튜브 보다 보면 끝나있고, 그다음 날 팔이 달라요. 이런 거 진작 살걸 싶었어요. 네이비 디자인도 깔끔하고 마음에 들어요.",1898f4f23136,,980,프리미엄 엘보케어 팔꿈치 마사지기,149000,,기존리뷰,4,,0,0,1,"안녕하세요. 프리미엄 헬스테크 브랜드, 슬룸입니다.
시간 내어 소중한 후기를 작성해 주셔서 감사드립니다. :)

믿고 찾는 쇼핑몰이 되기 위해 더 좋은 상품과 서비스를 준비하겠습니다.
감사합니다. 💜"
115412,2026-06-11 00:00:00,,,집안일 후에 팔꿈치가 늘 시큰거렸는데 이게 이렇게 오래될 줄 몰랐어요. 착용하면 에어백이 전완근을 꽉 잡아줘서 처음엔 세다 싶었는데 적응하니까 그 느낌이 시원해요. 온열 모드가 마치 핫팩 같은 느낌이라 겨울에 특히 좋겠다 싶었어요. 충전해서 쓰는 거라 코드 없이 어디서나 쓸 수 있는 게 편했어요.,6f13c9006075,,980,프리미엄 엘보케어 팔꿈치 마사지기,149000,,기존리뷰,5,,0,0,1,"안녕하세요. 프리미엄 헬스테크 브랜드, 슬룸입니다.
정성스럽게 올려주신 소중한 후기 감사합니다. 💜

고객님의 목소리로 더 발전하는 슬룸이 되도록 노력하겠습니다.
감사합니다. 🙇‍♀️"
115413,2026-06-15 00:00:00,,,야구 연습 많이 하고 나면 팔꿈치가 묵직하게 무거웠어요. 착용하고 한 15분만 있어도 그 묵직함이 가시는 느낌이에요. 전기 자극 모드 중에 힐링 모드가 제일 편안하고 잠들기 전에 쓰기 딱 좋았어요. 에어백이 꾹꾹 눌러주는 느낌이 누군가 마사지해주는 것 같아서 만족스러워요.,57495d8216aa,,980,프리미엄 엘보케어 팔꿈치 마사지기,149000,,기존리뷰,5,,0,0,1,"안녕하세요. 프리미엄 헬스테크 브랜드, 슬룸입니다.
정성스럽게 올려주신 소중한 후기 감사합니다. 💜

고객님의 목소리로 더 발전하는 슬룸이 되도록 노력하겠습니다.
감사합니다. 🙇‍♀️"
115414,2026-06-15 00:00:00,,,"정형외과에서 팔꿈치에 무리가 됐다는 얘기 듣고 집에서 관리할 방법 찾다가 구매했어요. 자극이 피부 안쪽까지 전달되는 느낌이 확실히 있어요. 보호대랑 같이 쓰려다가 이거 하나면 충분하다는 걸 쓰면서 알게 됐어요. 리모컨이 생각보다 유용하고, 착용 상태에서 조작하기가 수월했어요.",9765fb453b16,,980,프리미엄 엘보케어 팔꿈치 마사지기,149000,,기존리뷰,5,,0,0,1,"안녕하세요. 프리미엄 헬스테크 브랜드, 슬룸입니다.
진심 어린 소중한 후기 감사합니다. 💜

앞으로도 좋은 상품과 서비스로 고객님들을 찾아뵐 수 있도록 노력하겠습니다.
감사합니다. :)"
115415,2026-06-11 00:00:00,,,강도를 15단계까지 올릴 수 있다는 게 처음엔 반신반의했는데 실제로 써보니 10단계 정도에서 제일 시원하더라고요. 에어백이랑 EMS가 동시에 오니까 복합 자극이 꽤 효과적이에요. 팔꿈치 피로가 심한 날도 착용 후 30분이면 많이 가벼워지는 느낌이에요. 전문가 자문을 받아 개발했다는 게 신뢰가 가더라고요.,9f08f14b8565,,980,프리미엄 엘보케어 팔꿈치 마사지기,149000,,기존리뷰,4,,0,0,1,"안녕하세요. 프리미엄 헬스테크 브랜드, 슬룸입니다.
진심 어린 소중한 후기 감사합니다. 💜

앞으로도 좋은 상품과 서비스로 고객님들을 찾아뵐 수 있도록 노력하겠습니다.
감사합니다. :)"
115416,2026-06-04 00:00:00,,,무거운 물건 자주 들다 보면 팔꿈치가 시큰거리는데 이거 착용하면 하루 피로가 풀리는 느낌이 나요. 온열 2단계가 딱 적당하게 따뜻하고 오래 쓰고 싶어지는 온도예요. 충전 시간도 짧고 사용 시간도 넉넉해서 매일 쓰고 있어요.,f80f1ee0816e,,980,프리미엄 엘보케어 팔꿈치 마사지기,149000,,기존리뷰,5,,0,0,1,"안녕하세요. 프리미엄 헬스테크 브랜드, 슬룸입니다.
시간 내어 소중한 후기를 작성해 주셔서 감사드립니다. :)

믿고 찾는 쇼핑몰이 되기 위해 더 좋은 상품과 서비스를 준비하겠습니다.
감사합니다. 💜"
115417,2026-06-09 00:00:00,,,남편이 골프 엘보로 고생해서 선물했는데 받자마자 바로 착용해보고 표정이 달라지더라고요. 자극이 꽤 세다고 했는데 그 세기가 시원하다고 하더라고요. 온열이 겹쳐지니까 더 깊이 이완되는 느낌이라고 했어요. 디자인도 군더더기 없이 깔끔해서 선물로도 좋은 것 같아요.,0bfbd905a367,,980,프리미엄 엘보케어 팔꿈치 마사지기,149000,,기존리뷰,5,,0,0,1,"안녕하세요. 프리미엄 헬스테크 브랜드, 슬룸입니다.
진심 어린 소중한 후기 감사합니다. 💜

앞으로도 좋은 상품과 서비스로 고객님들을 찾아뵐 수 있도록 노력하겠습니다.
감사합니다. :)"
115418,2026-06-03 00:00:00,,,주말마다 테니스 치고 나면 팔이 무거웠는데 이번엔 경기 후에 바로 착용해봤어요. 에어백이 전완근 전체를 감싸주면서 압박과 함께 기분 좋은 자극이 왔어요. 타이머 설정하고 눈 감고 있으면 어느새 풀리는 느낌이에요. 이제는 경기 후 루틴이 됐어요.,3ff32a086e85,,980,프리미엄 엘보케어 팔꿈치 마사지기,149000,,기존리뷰,4,,0,0,1,"안녕하세요. 프리미엄 헬스테크 브랜드, 슬룸입니다.
정성스럽게 올려주신 소중한 후기 감사합니다. 💜

고객님의 목소리로 더 발전하는 슬룸이 되도록 노력하겠습니다.
감사합니다. 🙇‍♀️"
115419,2026-06-07 00:00:00,,,"팔꿈치 바깥쪽이 당기는 느낌이 있어서 구매했어요. 전기 자극이 의외로 부드럽게 시작되어서 거부감이 없었어요. 온열 모드가 마치 온찜질팩 같아서 겹쳐서 쓰기 좋고, 타이머가 있어서 깜박 잠들어도 자동으로 꺼지는 게 편해요.",b725a2f63166,,980,프리미엄 엘보케어 팔꿈치 마사지기,149000,,기존리뷰,5,,0,0,1,"안녕하세요. 프리미엄 헬스테크 브랜드, 슬룸입니다.
정성스럽게 올려주신 소중한 후기 감사합니다. 💜

고객님의 목소리로 더 발전하는 슬룸이 되도록 노력하겠습니다.
감사합니다. 🙇‍♀️"
115420,2026-06-15 00:00:00,,,"친구가 쓰는 걸 보고 나도 사야겠다 싶어서 구매했어요. 처음에 크림 발라야 한다는 게 번거롭다 싶었는데 실제로 크림 바른 것과 안 바른 것이 자극 차이가 확 나더라고요. EMS 모드가 손으로 주무르는 것처럼 느껴지는 게 신기했고, 네이비 컬러가 고급스러워 보여서 기분도 좋았어요.",12a1ec6b55fc,,980,프리미엄 엘보케어 팔꿈치 마사지기,149000,,기존리뷰,5,,0,0,1,"안녕하세요. 프리미엄 헬스테크 브랜드, 슬룸입니다.
시간 내어 소중한 후기를 작성해 주셔서 감사드립니다. :)

믿고 찾는 쇼핑몰이 되기 위해 더 좋은 상품과 서비스를 준비하겠습니다.
감사합니다. 💜"
115421,2026-06-08 00:00:00,,,"스마트폰 오래 하거나 게임할 때 팔꿈치가 자주 뻐근했는데 이거 쓰고 나면 확실히 다음 날 상태가 달라요. 두드림 모드가 생각보다 가벼운 느낌이라 피로할 때 가볍게 쓰기 좋고, 종합 모드는 좀 더 묵직한 자극이에요. 리모컨 조작이 직관적이라 처음 써도 헷갈리지 않았어요.",ab69c0d5ac76,,980,프리미엄 엘보케어 팔꿈치 마사지기,149000,,기존리뷰,5,,0,0,1,"안녕하세요. 프리미엄 헬스테크 브랜드, 슬룸입니다.
진심 어린 소중한 후기 감사합니다. 💜

앞으로도 좋은 상품과 서비스로 고객님들을 찾아뵐 수 있도록 노력하겠습니다.
감사합니다. :)"
115422,2026-06-12 00:00:00,,,카페에서 음료 만드는 동작을 하루 내내 하다 보면 팔이 뻐근해지는데 착용하면 그 뭉침이 가시는 느낌이 나요. 특히 에어백이 올라오면서 팔 전체가 감싸지는 느낌이 위로가 되더라고요. 가볍고 충전도 쉬워서 매일 쓰고 있어요.,6800d9fc7fc5,,980,프리미엄 엘보케어 팔꿈치 마사지기,149000,,기존리뷰,4,,0,0,1,"안녕하세요. 프리미엄 헬스테크 브랜드, 슬룸입니다.
진심 어린 소중한 후기 감사합니다. 💜

앞으로도 좋은 상품과 서비스로 고객님들을 찾아뵐 수 있도록 노력하겠습니다.
감사합니다. :)"
115423,2026-06-14 00:00:00,,,배드민턴 치고 나면 어깨는 괜찮은데 팔꿈치가 항상 문제였어요. 예전엔 파스로 버텼는데 이제는 파스보다 이게 더 시원하다는 걸 알았어요. 전기 자극이랑 따뜻함이 함께 오는 게 확실히 다른 느낌이에요. 이제 운동 후 필수 아이템이 됐어요.,7799386a5ec3,,980,프리미엄 엘보케어 팔꿈치 마사지기,149000,,기존리뷰,5,,0,0,1,"안녕하세요. 프리미엄 헬스테크 브랜드, 슬룸입니다.
진심 어린 소중한 후기 감사합니다. 💜

앞으로도 좋은 상품과 서비스로 고객님들을 찾아뵐 수 있도록 노력하겠습니다.
감사합니다. :)"
115424,2026-06-06 00:00:00,,,팔꿈치 통증이 꽤 오래됐는데 이 제품 쓰고 나서 만성적으로 뻐근했던 느낌이 줄어들었어요. 충전이 오래가서 일주일에 한 번 충전해도 충분히 쓸 수 있더라고요. 무선이라 코드 없이 편하게 소파에서 사용 가능한 점이 제일 좋아요.,5ee2300e5842,,980,프리미엄 엘보케어 팔꿈치 마사지기,149000,,기존리뷰,5,,0,0,1,"안녕하세요. 프리미엄 헬스테크 브랜드, 슬룸입니다.
진심 어린 소중한 후기 감사합니다. 💜

앞으로도 좋은 상품과 서비스로 고객님들을 찾아뵐 수 있도록 노력하겠습니다.
감사합니다. :)"
115425,2026-06-14 00:00:00,,,헬스 벤치프레스하다가 팔꿈치에 무리가 왔는데 이거 착용하고 며칠 지나니까 아침에 덜 뻑뻑하다는 걸 느꼈어요. 온열이랑 에어백 같이 올라오니까 진짜 안마사 손 같은 느낌이에요. 강도를 점점 올리면서 쓰는 재미도 있고요. 디자인도 무게도 부담 없어서 계속 쓸 것 같아요.,99c6dab08d5f,,980,프리미엄 엘보케어 팔꿈치 마사지기,149000,,기존리뷰,5,,0,0,1,"안녕하세요. 프리미엄 헬스테크 브랜드, 슬룸입니다.
진심 어린 소중한 후기 감사합니다. 💜

앞으로도 좋은 상품과 서비스로 고객님들을 찾아뵐 수 있도록 노력하겠습니다.
감사합니다. :)"
115426,2026-06-12 00:00:00,,,어머니한테 선물로 드렸는데 집안일로 늘 불편하셨던 팔꿈치가 한결 나아졌다고 하세요. 처음에 전기 자극이 이상하다 하셨는데 금방 적응하시고 이제 매일 찾으신다고 해요. 온열이 따뜻하게 감싸주니까 찜질방 느낌이라고 좋아하세요. 효도 선물로 딱이었어요.,dcfe73dbe523,,980,프리미엄 엘보케어 팔꿈치 마사지기,149000,,기존리뷰,4,,0,0,1,"안녕하세요. 프리미엄 헬스테크 브랜드, 슬룸입니다.
정성스럽게 올려주신 소중한 후기 감사합니다. 💜

고객님의 목소리로 더 발전하는 슬룸이 되도록 노력하겠습니다.
감사합니다. 🙇‍♀️"
115427,2026-06-08 00:00:00,,,팔꿈치랑 전완근이 자주 당기는 편인데 이 제품이 전완근 에어백 마사지를 같이 해준다는 게 진짜 포인트였어요. 에어백이 팔 전체를 감싸주면서 근육이 이완되는 느낌이 드니까 뭔가 제대로 케어받는 기분이에요. 사용 후엔 팔이 한결 가벼워지는 게 느껴져요. 디자인도 공간에 두고 쓰기에 부담 없이 깔끔해요.,d13b816e7c1c,,980,프리미엄 엘보케어 팔꿈치 마사지기,149000,,기존리뷰,5,,0,0,1,"안녕하세요. 프리미엄 헬스테크 브랜드, 슬룸입니다.
정성스럽게 올려주신 소중한 후기 감사합니다. 💜

고객님의 목소리로 더 발전하는 슬룸이 되도록 노력하겠습니다.
감사합니다. 🙇‍♀️"
115428,2026-06-04 00:00:00,,,달리기하면서 팔꿈치도 많이 쓰다 보니 피로가 쌓였는데 이 제품 덕분에 루틴 후 회복이 달라졌어요. 타이머 15분으로 맞춰두고 스트레칭하면서 같이 쓰는데 시너지가 좋아요. 자극이 저한테는 딱 맞게 와서 부담 없이 매일 쓰고 있어요. 네이비 색상이 운동용 아이템들이랑 잘 어울려요.,ec723e6c90d7,,980,프리미엄 엘보케어 팔꿈치 마사지기,149000,,기존리뷰,5,,0,0,1,"안녕하세요. 프리미엄 헬스테크 브랜드, 슬룸입니다.
시간 내어 소중한 후기를 작성해 주셔서 감사드립니다. :)

믿고 찾는 쇼핑몰이 되기 위해 더 좋은 상품과 서비스를 준비하겠습니다.
감사합니다. 💜"
115429,2026-06-02 00:00:00,,,유튜브 광고 보고 반신반의하며 구매했는데 생각보다 훨씬 좋았어요. 착용이 쉽고 밴드 조절도 간편하더라고요. 한 모드씩 써보면서 내 몸에 맞는 모드를 찾는 재미도 있어요. 힐링 모드가 제일 마음에 들고 자기 전에 쓰기 딱 좋아요.,9a7d3c8a02f5,,980,프리미엄 엘보케어 팔꿈치 마사지기,149000,,기존리뷰,4,,0,0,1,"안녕하세요. 프리미엄 헬스테크 브랜드, 슬룸입니다.
시간 내어 소중한 후기를 작성해 주셔서 감사드립니다. :)

믿고 찾는 쇼핑몰이 되기 위해 더 좋은 상품과 서비스를 준비하겠습니다.
감사합니다. 💜"
115430,2026-06-14 00:00:00,,,처음엔 디자인 보고 샀는데 기능이 더 만족스러워요. 네이비 컬러가 세련되고 제품 마감도 꽤 좋았어요. EMS 자극이 처음엔 낯설었는데 이틀 정도 쓰니까 이 느낌 없으면 섭섭할 것 같더라고요. 뻐근함이 가시는 속도가 기존에 쓰던 파스보다 훨씬 빠른 것 같아요.,8825c5f912bc,,980,프리미엄 엘보케어 팔꿈치 마사지기,149000,,기존리뷰,5,,0,0,1,"안녕하세요. 프리미엄 헬스테크 브랜드, 슬룸입니다.
진심 어린 소중한 후기 감사합니다. 💜

앞으로도 좋은 상품과 서비스로 고객님들을 찾아뵐 수 있도록 노력하겠습니다.
감사합니다. :)"
115431,2026-06-16 00:00:00,,,이것저것 써봤는데 이 제품이 가장 직접적으로 자극을 주는 느낌이에요. 에어백과 전기 자극이 동시에 오는 게 단순 파스나 보호대완 다른 경험이에요. 온열까지 더해지면 몸이 풀린다는 느낌이 확실히 나요. 이 조합이 이 가격에 가능하다는 게 놀라웠어요.,282c06e5869b,,980,프리미엄 엘보케어 팔꿈치 마사지기,149000,,기존리뷰,5,,0,0,1,"안녕하세요. 프리미엄 헬스테크 브랜드, 슬룸입니다.
정성스럽게 올려주신 소중한 후기 감사합니다. 💜

고객님의 목소리로 더 발전하는 슬룸이 되도록 노력하겠습니다.
감사합니다. 🙇‍♀️"
115432,2026-06-09 00:00:00,,,퇴근 후 팔이 무거운 날 착용하면 30분 만에 확실히 가벼워지는 느낌이에요. 온열 3단계까지 올리면 꽤 따뜻하게 오는데 근육이 스르르 풀리는 느낌이 나요. 에어백이 꾹꾹 압박하는 게 마사지사한테 받는 느낌이랑 비슷하게 느껴졌어요. 매일 쓰고 싶은 제품이에요.,6e84defe8368,,980,프리미엄 엘보케어 팔꿈치 마사지기,149000,,기존리뷰,5,,0,0,1,"안녕하세요. 프리미엄 헬스테크 브랜드, 슬룸입니다.
진심 어린 소중한 후기 감사합니다. 💜

앞으로도 좋은 상품과 서비스로 고객님들을 찾아뵐 수 있도록 노력하겠습니다.
감사합니다. :)"
115433,2026-06-11 00:00:00,,,"아이 돌보면서 팔꿈치 안쪽이 자주 시큰거렸어요. 이 제품 쓰고 나서 아침에 덜 불편하다는 걸 느꼈고, 에어백이 전완근 쪽을 잡아주는 느낌이 아이 안을 때도 도움이 된 것 같았어요. 충전해서 쓰는 방식이라 쓰기 편하고 무선이라 아이 곁에 있으면서도 사용 가능했어요.",842c782d5fee,,980,프리미엄 엘보케어 팔꿈치 마사지기,149000,,기존리뷰,4,,0,0,1,"안녕하세요. 프리미엄 헬스테크 브랜드, 슬룸입니다.
진심 어린 소중한 후기 감사합니다. 💜

앞으로도 좋은 상품과 서비스로 고객님들을 찾아뵐 수 있도록 노력하겠습니다.
감사합니다. :)"
115434,2026-06-03 00:00:00,,,운동 후에 파스 붙이고 자는 게 다였는데 이제는 이걸 착용하고 마사지받으면서 자다 보면 다음 날 훨씬 개운해요. 전기 자극이 근육 깊숙이 들어오는 느낌이 달라요. 한 번 쓰면 계속 찾게 되는 제품이에요.,cfba2e969835,,980,프리미엄 엘보케어 팔꿈치 마사지기,149000,,기존리뷰,5,,0,0,1,"안녕하세요. 프리미엄 헬스테크 브랜드, 슬룸입니다.
시간 내어 소중한 후기를 작성해 주셔서 감사드립니다. :)

믿고 찾는 쇼핑몰이 되기 위해 더 좋은 상품과 서비스를 준비하겠습니다.
감사합니다. 💜"
115435,2026-06-11 00:00:00,,,자전거 핸들 잡는 자세 때문에 팔꿈치 바깥쪽이 늘 뻑뻑했어요. 이 제품 쓰니까 라이딩 후 회복이 체감될 정도로 빨랐어요. 에어백이 전완근을 꼼꼼하게 자극해주니까 단순 통증 완화가 아니라 근육 케어 느낌이 나요. 무선이라 어디서든 편하게 쓸 수 있는 것도 마음에 들어요.,40dba738102b,,980,프리미엄 엘보케어 팔꿈치 마사지기,149000,,기존리뷰,5,,0,0,1,"안녕하세요. 프리미엄 헬스테크 브랜드, 슬룸입니다.
정성스럽게 올려주신 소중한 후기 감사합니다. 💜

고객님의 목소리로 더 발전하는 슬룸이 되도록 노력하겠습니다.
감사합니다. 🙇‍♀️"
115436,2026-06-05 00:00:00,,,처음엔 전기 자극이 무섭다 싶었는데 강도 1단계부터 천천히 올리니까 전혀 불편하지 않았어요. 오히려 어느 순간부터 이 자극이 없으면 섭섭한 느낌이 들 정도로 시원해요. 에어백이 팔꿈치 주변을 감싸주니까 뭔가 보호받는 느낌도 있고요. 디자인도 심플해서 거실에 둬도 인테리어 방해가 안 돼요.,8fdb06f0121f,,980,프리미엄 엘보케어 팔꿈치 마사지기,149000,,기존리뷰,5,,0,0,1,"안녕하세요. 프리미엄 헬스테크 브랜드, 슬룸입니다.
정성스럽게 올려주신 소중한 후기 감사합니다. 💜

고객님의 목소리로 더 발전하는 슬룸이 되도록 노력하겠습니다.
감사합니다. 🙇‍♀️"
115437,2026-06-09 00:00:00,,,어깨랑 팔꿈치가 같이 안 좋아져서 집에서 관리할 방법 찾다가 구매했어요. 온열이랑 자극이 같이 오면서 안으로 스며드는 느낌이 나요. 찜질팩이랑 달리 에어백이 같이 움직이니까 더 입체적인 케어 같아요. 리모컨이 있어서 팔이 불편한 상태에서도 조작하기 편했어요.,af5ddf576ecb,,980,프리미엄 엘보케어 팔꿈치 마사지기,149000,,기존리뷰,4,,0,0,1,"안녕하세요. 프리미엄 헬스테크 브랜드, 슬룸입니다.
정성스럽게 올려주신 소중한 후기 감사합니다. 💜

고객님의 목소리로 더 발전하는 슬룸이 되도록 노력하겠습니다.
감사합니다. 🙇‍♀️"
115438,2026-06-08 00:00:00,,,런닝머신 빠르게 오래 뛰고 나면 팔꿈치가 뻐근한데 이 제품 착용하니까 그 뻐근함이 빠르게 사라지는 편이에요. 두드림 모드가 운동 직후에 피로를 풀어주는 데 제일 잘 맞는 것 같아요. 에어백이 올라왔다 내려오는 리듬이 일정해서 오히려 릴렉싱 되는 느낌이에요. 무게도 가볍고 착용감이 좋아요.,167fb4add18b,,980,프리미엄 엘보케어 팔꿈치 마사지기,149000,,기존리뷰,5,,0,0,1,"안녕하세요. 프리미엄 헬스테크 브랜드, 슬룸입니다.
정성스럽게 올려주신 소중한 후기 감사합니다. 💜

고객님의 목소리로 더 발전하는 슬룸이 되도록 노력하겠습니다.
감사합니다. 🙇‍♀️"
115439,2026-06-15 00:00:00,,,마우스를 오래 쓰다 보면 팔꿈치 바깥쪽이 늘 불편했는데 1주일 만에 아침 뻣뻣함이 줄었어요. 전기 자극이 처음엔 낯설었지만 이틀 지나니까 그냥 익숙해지고 오히려 시원한 느낌이에요. 온열이 따뜻하게 감싸주면서 근육이 이완되는 게 체감돼요.,873cb54d315e,,980,프리미엄 엘보케어 팔꿈치 마사지기,149000,,기존리뷰,5,,0,0,1,"안녕하세요. 프리미엄 헬스테크 브랜드, 슬룸입니다.
정성스럽게 올려주신 소중한 후기 감사합니다. 💜

고객님의 목소리로 더 발전하는 슬룸이 되도록 노력하겠습니다.
감사합니다. 🙇‍♀️"
115440,2026-06-09 00:00:00,,,칼질이나 무거운 걸 드는 동작을 자주 하다 보니 팔꿈치 안쪽 근육이 늘 피로했어요. 이 제품 착용하면 종일 혹사당한 팔이 보상받는 느낌이에요. 강도 조절이 세밀해서 그날그날 피로 상태에 맞춰 쓸 수 있어요. 매일 루틴처럼 쓰게 됐어요.,287a37a08685,,980,프리미엄 엘보케어 팔꿈치 마사지기,149000,,기존리뷰,4,,0,0,1,"안녕하세요. 프리미엄 헬스테크 브랜드, 슬룸입니다.
진심 어린 소중한 후기 감사합니다. 💜

앞으로도 좋은 상품과 서비스로 고객님들을 찾아뵐 수 있도록 노력하겠습니다.
감사합니다. :)"
115441,2026-06-07 00:00:00,,,팔꿈치 통증이 있는 제 또래 친구한테 추천받았는데 처음 써보고 이게 이런 느낌이구나 싶었어요. 강도 조절 범위가 넓어서 처음 쓰는 사람도 천천히 높여가면서 적응하기 좋아요. 온열이랑 에어백이 같이 작동하면 진짜 뭉쳤던 부분이 풀리는 게 느껴져요. 네이비 색상이 고급스럽게 느껴져서 좋아요.,9c07953e1679,,980,프리미엄 엘보케어 팔꿈치 마사지기,149000,,기존리뷰,5,,0,0,1,"안녕하세요. 프리미엄 헬스테크 브랜드, 슬룸입니다.
정성스럽게 올려주신 소중한 후기 감사합니다. 💜

고객님의 목소리로 더 발전하는 슬룸이 되도록 노력하겠습니다.
감사합니다. 🙇‍♀️"
115442,2026-06-10 00:00:00,,,자기 전에 15분 쓰고 자면 다음 날 아침이 달라요. 에어백이 팔꿈치 주변을 감싸며 자극하는 게 찜질방에서 마사지받는 느낌이에요. 무선이라 선 정리 안 해도 돼서 편해요.,827210f212d4,,980,프리미엄 엘보케어 팔꿈치 마사지기,149000,,기존리뷰,5,,0,0,1,"안녕하세요. 프리미엄 헬스테크 브랜드, 슬룸입니다.
정성스럽게 올려주신 소중한 후기 감사합니다. 💜

고객님의 목소리로 더 발전하는 슬룸이 되도록 노력하겠습니다.
감사합니다. 🙇‍♀️"
115443,2026-06-05 00:00:00,,,릴 낚시 즐기는데 오래 감다 보면 팔꿈치가 버거워지더라고요. 낚시 후에 이 제품 착용하면 그 피로가 빠르게 회복되는 느낌이에요. 에어백 압박이 강해서 처음엔 놀랐는데 그 압박이 오히려 시원해요. 충전 지속 시간도 길어서 야외 활동 후에 캠핑장에서도 편하게 쓸 수 있었어요.,0f5b8e9c7b26,,980,프리미엄 엘보케어 팔꿈치 마사지기,149000,,기존리뷰,5,,0,0,1,"안녕하세요. 프리미엄 헬스테크 브랜드, 슬룸입니다.
정성스럽게 올려주신 소중한 후기 감사합니다. 💜

고객님의 목소리로 더 발전하는 슬룸이 되도록 노력하겠습니다.
감사합니다. 🙇‍♀️"
115444,2026-06-07 00:00:00,,,책이나 짐을 자주 나르다 보니 팔꿈치 피로가 심해졌어요. 이 제품 쓰면서 온열 모드가 특히 마음에 들었어요. 43도부터 천천히 올라오는 온도가 부담 없이 따뜻하고 그 온기가 뻐근함을 녹이는 것 같아요. 타이머가 자동으로 꺼져서 신경 안 써도 돼서 좋아요.,4cd96ecc65c9,,980,프리미엄 엘보케어 팔꿈치 마사지기,149000,,기존리뷰,4,,0,0,1,"안녕하세요. 프리미엄 헬스테크 브랜드, 슬룸입니다.
진심 어린 소중한 후기 감사합니다. 💜

앞으로도 좋은 상품과 서비스로 고객님들을 찾아뵐 수 있도록 노력하겠습니다.
감사합니다. :)"
115445,2026-06-15 00:00:00,,,"복싱 연습하면서 팔꿈치에 무리가 왔는데 이거 쓰고 회복 속도가 달라진 것 같아요. 전기 자극이 근육 안쪽까지 닿는 느낌이 확실하고, 에어백이 팔 전체를 잡아주니 안정감 있게 마사지받는 느낌이에요. 강도 높이면 꽤 강하게 오는데 그게 시원해서 자꾸 높이게 돼요.",b62cf62192cd,,980,프리미엄 엘보케어 팔꿈치 마사지기,149000,,기존리뷰,5,,0,0,1,"안녕하세요. 프리미엄 헬스테크 브랜드, 슬룸입니다.
진심 어린 소중한 후기 감사합니다. 💜

앞으로도 좋은 상품과 서비스로 고객님들을 찾아뵐 수 있도록 노력하겠습니다.
감사합니다. :)"
115446,2026-06-14 00:00:00,,,목공 작업하고 나면 팔꿈치가 뻐근해지는 게 고민이었어요. 이 제품 쓰고 나서 그 뻐근함이 빨리 사라지는 게 느껴져요. 특히 주무름 모드가 손으로 꾹꾹 누르는 것 같은 느낌이라 제일 좋았어요. 착용도 간단하고 조작도 어렵지 않아서 기계에 약한 분들도 쉽게 쓸 수 있을 것 같아요.,e5c1e23a16c6,,980,프리미엄 엘보케어 팔꿈치 마사지기,149000,,기존리뷰,5,,0,0,1,"안녕하세요. 프리미엄 헬스테크 브랜드, 슬룸입니다.
시간 내어 소중한 후기를 작성해 주셔서 감사드립니다. :)

믿고 찾는 쇼핑몰이 되기 위해 더 좋은 상품과 서비스를 준비하겠습니다.
감사합니다. 💜"
115447,2026-06-09 00:00:00,,,피부에 뭔가 붙이거나 하는 건 싫어하는 편인데 이건 착용하는 방식이라 거부감이 없었어요. 에어백이 꽤 단단하게 잡아주는데 그 단단함이 답답하지 않고 오히려 지지받는 느낌이에요. 온열이랑 결합되면 피로 해소 효과가 배가되는 것 같아요.,af942ea3deaa,,980,프리미엄 엘보케어 팔꿈치 마사지기,149000,,기존리뷰,5,,0,0,1,"안녕하세요. 프리미엄 헬스테크 브랜드, 슬룸입니다.
진심 어린 소중한 후기 감사합니다. 💜

앞으로도 좋은 상품과 서비스로 고객님들을 찾아뵐 수 있도록 노력하겠습니다.
감사합니다. :)"
115448,2026-06-06 00:00:00,,,부모님 두 분 다 관절이 좋지 않으신데 팔꿈치 통증으로 고생하시는 아버지께 선물드렸어요. 처음엔 어떻게 쓰냐고 하셨는데 이제는 드라마 보시면서 혼자 척척 쓰신다고 해요. 온열이 따뜻하게 감싸주니까 찜질 좋아하시는 분들께 딱이에요. 효도 아이템으로 강추예요.,0e1cea705cef,,980,프리미엄 엘보케어 팔꿈치 마사지기,149000,,기존리뷰,4,,0,0,1,"안녕하세요. 프리미엄 헬스테크 브랜드, 슬룸입니다.
진심 어린 소중한 후기 감사합니다. 💜

앞으로도 좋은 상품과 서비스로 고객님들을 찾아뵐 수 있도록 노력하겠습니다.
감사합니다. :)"
115449,2026-06-02 00:00:00,,,클라이밍 하는데 다음 날 팔꿈치 가동 범위가 달랐어요. 에어백이 전완근을 전체적으로 케어해주니까 단순 팔꿈치 보호대랑은 느낌이 달라요. 전기 자극은 처음 1~2회만 익숙해지면 금방 적응돼요.,9e0581d9e3f7,,980,프리미엄 엘보케어 팔꿈치 마사지기,149000,,기존리뷰,5,,0,0,1,"안녕하세요. 프리미엄 헬스테크 브랜드, 슬룸입니다.
시간 내어 소중한 후기를 작성해 주셔서 감사드립니다. :)

믿고 찾는 쇼핑몰이 되기 위해 더 좋은 상품과 서비스를 준비하겠습니다.
감사합니다. 💜"
115450,2026-06-14 00:00:00,,,평소 팔꿈치가 불편했는데 전기 자극 마사지기 처음 써봤어요. 생각보다 훨씬 부드럽게 자극이 시작되어서 무섭지 않았어요. 종합 모드에서 자극이랑 에어백이랑 온열이 한꺼번에 오는데 그게 생각보다 정말 시원해서 놀랐어요. 이렇게 다양한 기능이 한 제품에 들어가 있다는 게 신기했어요.,5f70eeb2c39d,,980,프리미엄 엘보케어 팔꿈치 마사지기,149000,,기존리뷰,5,,0,0,1,"안녕하세요. 프리미엄 헬스테크 브랜드, 슬룸입니다.
진심 어린 소중한 후기 감사합니다. 💜

앞으로도 좋은 상품과 서비스로 고객님들을 찾아뵐 수 있도록 노력하겠습니다.
감사합니다. :)"
115451,2026-06-14 00:00:00,,,드럼 연습을 많이 하는데 팔꿈치를 쓰다 보니 피로가 쌓였어요. 이 제품 착용하면 자극이 리드미컬하게 오는 게 재미있었어요. 에어백이 전완근을 잡아주니까 오랫동안 쓴 근육이 정리되는 느낌이 났어요. 이제 연습 후 루틴이 됐어요.,e118ad872fb6,,980,프리미엄 엘보케어 팔꿈치 마사지기,149000,,기존리뷰,4,,0,0,1,"안녕하세요. 프리미엄 헬스테크 브랜드, 슬룸입니다.
진심 어린 소중한 후기 감사합니다. 💜

앞으로도 좋은 상품과 서비스로 고객님들을 찾아뵐 수 있도록 노력하겠습니다.
감사합니다. :)"
115452,2026-06-06 00:00:00,,,빵 반죽처럼 힘 쓰는 작업을 반복하면 팔꿈치 피로가 쌓여요. 이 제품 쓰니까 퇴근 후 팔 무거움이 확실히 덜해요. 온열 3단계가 꽤 따뜻한데 그 온도가 딱 적당히 깊이 들어오는 느낌이에요. 에어백이 강하게 잡아주는 느낌도 팔 피로 해소에 효과적인 것 같아요.,24ac89e53fc8,,980,프리미엄 엘보케어 팔꿈치 마사지기,149000,,기존리뷰,5,,0,0,1,"안녕하세요. 프리미엄 헬스테크 브랜드, 슬룸입니다.
정성스럽게 올려주신 소중한 후기 감사합니다. 💜

고객님의 목소리로 더 발전하는 슬룸이 되도록 노력하겠습니다.
감사합니다. 🙇‍♀️"
115453,2026-06-02 00:00:00,,,골프 싱글 치는 아버지 생신 선물로 드렸는데 착용 후 바로 효과를 느끼셨는지 연락 오셔서 잘 쓴다고 하시더라고요. EMS 자극이 평소 단순 찜질이랑 다르다고 느끼신다고 했어요. 선물로 성공한 것 같아서 기분이 좋았어요.,baaa11c47eef,,980,프리미엄 엘보케어 팔꿈치 마사지기,149000,,기존리뷰,5,,0,0,1,"안녕하세요. 프리미엄 헬스테크 브랜드, 슬룸입니다.
시간 내어 소중한 후기를 작성해 주셔서 감사드립니다. :)

믿고 찾는 쇼핑몰이 되기 위해 더 좋은 상품과 서비스를 준비하겠습니다.
감사합니다. 💜"
115454,2026-06-12 00:00:00,,,"마우스 쓰는 오른쪽 팔꿈치가 늘 문제였는데 1주일 정도 지나니까 아침에 팔이 덜 뻣뻣한 게 느껴졌어요. EMS 자극이 속에서 근육을 깨우는 것 같은 느낌이고, 온열이 더해지면 더 빠르게 이완되는 것 같아요. 리모컨 조작이 간단해서 착용 후에도 편하게 조절할 수 있어요.",65e0e202ffea,,980,프리미엄 엘보케어 팔꿈치 마사지기,149000,,기존리뷰,5,,0,0,1,"안녕하세요. 프리미엄 헬스테크 브랜드, 슬룸입니다.
진심 어린 소중한 후기 감사합니다. 💜

앞으로도 좋은 상품과 서비스로 고객님들을 찾아뵐 수 있도록 노력하겠습니다.
감사합니다. :)"
115455,2026-06-07 00:00:00,,,"등산 스틱 짚는 동작 때문에 팔꿈치가 자주 피로해요. 이 제품 쓰니까 등산 후 회복이 달라진 것 같아요. 에어백이 팔꿈치 주변을 넓게 케어해주는 느낌이 있고, 전기 자극이 근육 안으로 자극을 주는 게 파스랑은 완전히 다른 경험이에요. 한 번 써보면 계속 쓰게 되는 제품이에요.",3ef2fcefe5fb,,980,프리미엄 엘보케어 팔꿈치 마사지기,149000,,기존리뷰,4,,0,0,1,"안녕하세요. 프리미엄 헬스테크 브랜드, 슬룸입니다.
정성스럽게 올려주신 소중한 후기 감사합니다. 💜

고객님의 목소리로 더 발전하는 슬룸이 되도록 노력하겠습니다.
감사합니다. 🙇‍♀️"
115456,2026-06-09 00:00:00,,,겨울에 팔꿈치가 특히 더 심하게 아팠는데 온열 기능이 있다는 게 결정적이었어요. 실제로 써보니 온열이 피부 깊숙이 들어오는 느낌이고 따뜻함이 오래 지속되는 것 같아요. 에어백 압박과 함께 오니까 단순 찜질팩이랑은 비교가 안 될 만큼 효과적이에요. 겨울철 팔꿈치 케어 필수템이에요.,8952476c5244,,980,프리미엄 엘보케어 팔꿈치 마사지기,149000,,기존리뷰,5,,0,0,1,"안녕하세요. 프리미엄 헬스테크 브랜드, 슬룸입니다.
시간 내어 소중한 후기를 작성해 주셔서 감사드립니다. :)

믿고 찾는 쇼핑몰이 되기 위해 더 좋은 상품과 서비스를 준비하겠습니다.
감사합니다. 💜"
115457,2026-06-06 00:00:00,,,손목 마사지기 쓰다가 팔꿈치용도 나왔다는 거 알고 바로 구매했어요. 전완근 에어백이 생각보다 꽤 강하게 압박을 주는데 그 압박이 근육을 풀어주는 느낌이에요. EMS 강도를 점점 올리면서 내 몸에 맞는 세기를 찾는 과정도 재미있었어요. 리모컨이 있어서 착용 후 조작이 편리해요.,33542bcc1bf4,,980,프리미엄 엘보케어 팔꿈치 마사지기,149000,,기존리뷰,5,,0,0,1,"안녕하세요. 프리미엄 헬스테크 브랜드, 슬룸입니다.
정성스럽게 올려주신 소중한 후기 감사합니다. 💜

고객님의 목소리로 더 발전하는 슬룸이 되도록 노력하겠습니다.
감사합니다. 🙇‍♀️"
115458,2026-06-10 00:00:00,,,운동 수업 많이 하다 보면 팔꿈치에 무리가 오더라고요. 힐링 모드가 편안한 자극이에요. 온열이 더해지면 몸 전체가 이완되는 느낌이 나서 마무리 루틴으로 자리 잡았어요.,d477ad3d16e1,,980,프리미엄 엘보케어 팔꿈치 마사지기,149000,,기존리뷰,5,,0,0,1,"안녕하세요. 프리미엄 헬스테크 브랜드, 슬룸입니다.
정성스럽게 올려주신 소중한 후기 감사합니다. 💜

고객님의 목소리로 더 발전하는 슬룸이 되도록 노력하겠습니다.
감사합니다. 🙇‍♀️"
115459,2026-06-04 00:00:00,,,핸드폰 오래 하면 팔꿈치 뒤쪽이 뻐근해지는데 이 제품 쓰면서 많이 나아졌어요. 두드림 모드가 가볍게 톡톡 두드리는 느낌이라 민감한 분들께 딱 맞는 것 같아요. 에어백이 함께 오니까 더 입체적으로 케어되는 느낌이에요. 네이비 색이 깔끔해서 아무 데나 두고 써도 어색하지 않아요.,69a1b4eda1ef,,980,프리미엄 엘보케어 팔꿈치 마사지기,149000,,기존리뷰,4,,0,0,1,"안녕하세요. 프리미엄 헬스테크 브랜드, 슬룸입니다.
시간 내어 소중한 후기를 작성해 주셔서 감사드립니다. :)

믿고 찾는 쇼핑몰이 되기 위해 더 좋은 상품과 서비스를 준비하겠습니다.
감사합니다. 💜"
115460,2026-06-15 00:00:00,,,컬 동작 많이 하면 팔꿈치 안쪽이 자주 뭉쳤어요. 이 제품이 팔꿈치 전용이라는 게 중요했어요. 실제로 착용하면 EMS가 팔꿈치 주변 근육에 정확히 자극을 주는 느낌이에요. 에어백이 전완근 쪽을 추가로 케어해주니까 운동 후 관리가 훨씬 제대로 되는 느낌이에요.,1397c1fe1d77,,980,프리미엄 엘보케어 팔꿈치 마사지기,149000,,기존리뷰,5,,0,0,1,"안녕하세요. 프리미엄 헬스테크 브랜드, 슬룸입니다.
시간 내어 소중한 후기를 작성해 주셔서 감사드립니다. :)

믿고 찾는 쇼핑몰이 되기 위해 더 좋은 상품과 서비스를 준비하겠습니다.
감사합니다. 💜"
115461,2026-06-09 00:00:00,,,수영 오래 하고 나면 팔꿈치 바깥쪽이 시큰거렸는데 온열 기능이 차가워진 팔을 따뜻하게 해주는 데 좋더라고요. 에어백이 꾹꾹 압박하면서 그 온기가 더 잘 전달되는 느낌이에요. 전기 자극이랑 온열이 같이 오니까 혈액순환이 되는 느낌이 나요.,8e5984e3dc8a,,980,프리미엄 엘보케어 팔꿈치 마사지기,149000,,기존리뷰,5,,0,0,1,"안녕하세요. 프리미엄 헬스테크 브랜드, 슬룸입니다.
진심 어린 소중한 후기 감사합니다. 💜

앞으로도 좋은 상품과 서비스로 고객님들을 찾아뵐 수 있도록 노력하겠습니다.
감사합니다. :)"
115462,2026-06-01 00:00:00,,,"하루 종일 서서 물건 나르는 일을 하는데 팔꿈치가 항상 문제였어요. 이 제품 쓰고 퇴근 후 팔 피로 해소 속도가 달라진 것 같아요. 에어백이 팔 전체를 균일하게 잡아주는 느낌이 좋고, 강도 조절이 되니까 피로도에 따라 맞춰서 쓸 수 있어요.",1c0c6a8a4551,,980,프리미엄 엘보케어 팔꿈치 마사지기,149000,,기존리뷰,4,,0,0,1,"안녕하세요. 프리미엄 헬스테크 브랜드, 슬룸입니다.
진심 어린 소중한 후기 감사합니다. 💜

앞으로도 좋은 상품과 서비스로 고객님들을 찾아뵐 수 있도록 노력하겠습니다.
감사합니다. :)"
115463,2026-06-06 00:00:00,,,자세 교정 동작이 많은 운동을 즐기는데 팔꿈치에 무리가 많이 와요. 특히 온열 2단계가 딱 적당히 따뜻하고 에어백이랑 같이 오면 근육이 이완되는 게 체감돼요. 타이머 기능 덕분에 쓰다 보면 어느새 끝나 있어서 편해요.,2350b1da465f,,980,프리미엄 엘보케어 팔꿈치 마사지기,149000,,기존리뷰,5,,0,0,1,"안녕하세요. 프리미엄 헬스테크 브랜드, 슬룸입니다.
시간 내어 소중한 후기를 작성해 주셔서 감사드립니다. :)

믿고 찾는 쇼핑몰이 되기 위해 더 좋은 상품과 서비스를 준비하겠습니다.
감사합니다. 💜"
115464,2026-06-02 00:00:00,,,야외에서 도구 다루는 작업을 자주 하는데 이 제품 쓰면서 작업 후 팔꿈치 회복이 빨라진 게 느껴져요. 에어백 압박이 강하게 잡아주니까 근육 피로가 빠르게 해소되는 느낌이에요. 무선이라 퇴근 후 어디서든 착용하고 쓸 수 있어서 좋아요.,dd15939571e5,,980,프리미엄 엘보케어 팔꿈치 마사지기,149000,,기존리뷰,5,,0,0,1,"안녕하세요. 프리미엄 헬스테크 브랜드, 슬룸입니다.
시간 내어 소중한 후기를 작성해 주셔서 감사드립니다. :)

믿고 찾는 쇼핑몰이 되기 위해 더 좋은 상품과 서비스를 준비하겠습니다.
감사합니다. 💜"
115465,2026-06-02 00:00:00,,,"팔꿈치에 테니스엘보 초기 증상이 왔는데 이 제품 쓰면서 관리하고 있어요. EMS가 해당 부위를 정확히 자극해주는 게 느껴지고, 온열이 더해지면 회복이 빠른 것 같아요. 전문의 자문 개발이라고 하니 더 믿음이 가고 안심하고 쓸 수 있어요.",82c3ee056cf5,,980,프리미엄 엘보케어 팔꿈치 마사지기,149000,,기존리뷰,5,,0,0,1,"안녕하세요. 프리미엄 헬스테크 브랜드, 슬룸입니다.
진심 어린 소중한 후기 감사합니다. 💜

앞으로도 좋은 상품과 서비스로 고객님들을 찾아뵐 수 있도록 노력하겠습니다.
감사합니다. :)"
115466,2026-06-06 00:00:00,,,"전기 자극 마사지기 처음이라 걱정했는데 리모컨 조작이 직관적이라 쉽게 익혔어요. 강도 조절을 천천히 올리면서 내 몸에 딱 맞는 단계를 찾는 재미가 있어요. 에어백이 전완근을 잡아주는 느낌이 새롭고, 온열까지 오면 정말 제대로 케어받는 것 같아요.",1bfb97084e6c,,980,프리미엄 엘보케어 팔꿈치 마사지기,149000,,기존리뷰,4,,0,0,1,"안녕하세요. 프리미엄 헬스테크 브랜드, 슬룸입니다.
진심 어린 소중한 후기 감사합니다. 💜

앞으로도 좋은 상품과 서비스로 고객님들을 찾아뵐 수 있도록 노력하겠습니다.
감사합니다. :)"
115467,2026-06-05 00:00:00,,,스쿼시 치고 나면 팔꿈치에 무리가 자주 와요. 이 제품 쓰면서 경기 다음 날 팔 상태가 많이 달라졌어요. 에어백이 전완근 전체를 자극해주니까 단순 팔꿈치 마사지보다 더 입체적인 케어 느낌이에요. 활력 모드가 아침에 쓰기 딱 좋은 것 같아요.,c426fbeb80f6,,980,프리미엄 엘보케어 팔꿈치 마사지기,149000,,기존리뷰,5,,0,0,1,"안녕하세요. 프리미엄 헬스테크 브랜드, 슬룸입니다.
진심 어린 소중한 후기 감사합니다. 💜

앞으로도 좋은 상품과 서비스로 고객님들을 찾아뵐 수 있도록 노력하겠습니다.
감사합니다. :)"
115468,2026-06-11 00:00:00,,,가위질이나 팔 쓰는 동작이 많은 날이면 퇴근 후 이 제품 꼭 착용해요. 에어백이 전완근을 꽉 잡아주면서 마사지하는 게 정말 시원해요. 온열이 더해지면 하루 동안 뭉친 근육이 풀리는 느낌이 나요.,44aa9aa4e007,,980,프리미엄 엘보케어 팔꿈치 마사지기,149000,,기존리뷰,5,,0,0,1,"안녕하세요. 프리미엄 헬스테크 브랜드, 슬룸입니다.
진심 어린 소중한 후기 감사합니다. 💜

앞으로도 좋은 상품과 서비스로 고객님들을 찾아뵐 수 있도록 노력하겠습니다.
감사합니다. :)"
115469,2026-06-12 00:00:00,,,"테니스 동호회 20년째 하는데 팔꿈치 통증이 늘 따라다녔어요. 전기 자극이 근육 속에서부터 자극을 주는 느낌이고, 에어백 압박이 같이 오니까 혈액순환이 되는 느낌이 나요. 오래된 통증인데도 착용하는 동안 확실히 편해지는 게 느껴져요.",d2c5e8989c86,,980,프리미엄 엘보케어 팔꿈치 마사지기,149000,,기존리뷰,5,,0,0,1,"안녕하세요. 프리미엄 헬스테크 브랜드, 슬룸입니다.
정성스럽게 올려주신 소중한 후기 감사합니다. 💜

고객님의 목소리로 더 발전하는 슬룸이 되도록 노력하겠습니다.
감사합니다. 🙇‍♀️"
115470,2026-06-03 00:00:00,,,오른팔을 많이 쓰다 보니 팔꿈치 피로가 만성화됐는데 이 제품 쓰면서 루틴 관리가 돼요. 25분 타이머로 맞춰두고 드라마 한 편 보면 끝나 있고 그 다음 날 팔 상태가 다르다는 게 느껴져요. 편리함이랑 효과를 같이 잡은 제품이에요.,c810de600a27,,980,프리미엄 엘보케어 팔꿈치 마사지기,149000,,기존리뷰,4,,0,0,1,"안녕하세요. 프리미엄 헬스테크 브랜드, 슬룸입니다.
진심 어린 소중한 후기 감사합니다. 💜

앞으로도 좋은 상품과 서비스로 고객님들을 찾아뵐 수 있도록 노력하겠습니다.
감사합니다. :)"
115471,2026-06-04 00:00:00,,,텃밭 가꾸다 보면 호미질이나 삽질 후에 팔꿈치가 자주 뻐근해요. 이 제품 쓰면서 야외 작업 후 회복이 빨라진 것 같아요. 온열 기능이 차가워진 팔을 녹여주는 데 특히 좋아요. 조작이 간단해서 기계에 약한 분들도 쉽게 쓸 수 있어요.,036e5ac76571,,980,프리미엄 엘보케어 팔꿈치 마사지기,149000,,기존리뷰,5,,0,0,1,"안녕하세요. 프리미엄 헬스테크 브랜드, 슬룸입니다.
시간 내어 소중한 후기를 작성해 주셔서 감사드립니다. :)

믿고 찾는 쇼핑몰이 되기 위해 더 좋은 상품과 서비스를 준비하겠습니다.
감사합니다. 💜"
115472,2026-06-02 00:00:00,,,무거운 장비 들고 이동하다 보니 팔꿈치 피로가 늘 있어요. 에어백 압박이 강하게 잡아주면서 전기 자극이 내부를 자극하는 느낌이 복합적으로 케어되는 것 같아요. 무선이라 이동 중에도 착용하고 다닐 수 있어서 좋아요.,df0025c1d419,,980,프리미엄 엘보케어 팔꿈치 마사지기,149000,,기존리뷰,5,,0,0,1,"안녕하세요. 프리미엄 헬스테크 브랜드, 슬룸입니다.
시간 내어 소중한 후기를 작성해 주셔서 감사드립니다. :)

믿고 찾는 쇼핑몰이 되기 위해 더 좋은 상품과 서비스를 준비하겠습니다.
감사합니다. 💜"
115473,2026-06-11 00:00:00,,,착용한 상태에서 조작하는 게 어렵지 않을까 걱정했는데 리모컨으로 간편하게 모드 바꾸고 강도 조절이 가능해서 편리해요. EMS 자극이 전기 찜질 느낌이랑 비슷한데 더 시원하고 깊이 오는 것 같아요.,c512e160d90a,,980,프리미엄 엘보케어 팔꿈치 마사지기,149000,,기존리뷰,4,,0,0,1,"안녕하세요. 프리미엄 헬스테크 브랜드, 슬룸입니다.
진심 어린 소중한 후기 감사합니다. 💜

앞으로도 좋은 상품과 서비스로 고객님들을 찾아뵐 수 있도록 노력하겠습니다.
감사합니다. :)"
115474,2026-06-01 00:00:00,,,"아이 재우고 나서 팔꿈치 안쪽 피로를 풀 때 이 제품 써요. 에어백이 전완근을 부드럽게 압박해주니까 자극이 강하지 않게 시작할 수 있고, 강도 올리면서 맞춰 쓸 수 있어서 좋아요. 온열이 더해지면 진짜 힐링 되는 느낌이에요.",a2f7cf79bcc6,,980,프리미엄 엘보케어 팔꿈치 마사지기,149000,,기존리뷰,5,,0,0,1,"안녕하세요. 프리미엄 헬스테크 브랜드, 슬룸입니다.
시간 내어 소중한 후기를 작성해 주셔서 감사드립니다. :)

믿고 찾는 쇼핑몰이 되기 위해 더 좋은 상품과 서비스를 준비하겠습니다.
감사합니다. 💜"
115475,2026-06-13 00:00:00,,,볼링 즐기는데 볼링공 들어 올리는 동작 때문에 팔꿈치 바깥쪽이 자주 아파요. 전기 자극이 팔꿈치 주변 근육에 직접적으로 자극을 주는 느낌이 속에서부터 케어되는 것 같아요. 에어백 압박도 시원하고요.,0381292cdbcd,,980,프리미엄 엘보케어 팔꿈치 마사지기,149000,,기존리뷰,5,,0,0,1,"안녕하세요. 프리미엄 헬스테크 브랜드, 슬룸입니다.
시간 내어 소중한 후기를 작성해 주셔서 감사드립니다. :)

믿고 찾는 쇼핑몰이 되기 위해 더 좋은 상품과 서비스를 준비하겠습니다.
감사합니다. 💜"
115476,2026-06-12 00:00:00,,,기구 운동하면서 팔꿈치에 무리가 생겼어요. 힐링 모드가 부드럽고 리드미컬해서 몸이 이완되는 느낌이 나요. 온열이 근육 속으로 스며드는 것 같아서 찜질팩보다 효과가 좋게 느껴졌어요.,0439cbce2d92,,980,프리미엄 엘보케어 팔꿈치 마사지기,149000,,기존리뷰,5,,0,0,1,"안녕하세요. 프리미엄 헬스테크 브랜드, 슬룸입니다.
시간 내어 소중한 후기를 작성해 주셔서 감사드립니다. :)

믿고 찾는 쇼핑몰이 되기 위해 더 좋은 상품과 서비스를 준비하겠습니다.
감사합니다. 💜"
115477,2026-06-06 00:00:00,,,"농구 하다가 드리블이나 패스 동작 반복하면 팔꿈치가 뻐근해지더라고요. 운동 직후에 착용하면 빠르게 회복되는 느낌이에요. 활력 모드가 운동 직후 자극하기 딱 좋고, 힐링 모드는 잠들기 전에 쓰기 좋아요.",95b440af2ca2,,980,프리미엄 엘보케어 팔꿈치 마사지기,149000,,기존리뷰,4,,0,0,1,"안녕하세요. 프리미엄 헬스테크 브랜드, 슬룸입니다.
진심 어린 소중한 후기 감사합니다. 💜

앞으로도 좋은 상품과 서비스로 고객님들을 찾아뵐 수 있도록 노력하겠습니다.
감사합니다. :)"
115478,2026-06-15 00:00:00,,,"PT 받으면서 팔 운동 강도가 올라가다 보니 팔꿈치가 자주 뻐근해졌어요. 에어백이 팔꿈치 주변을 전체적으로 잡아주는 느낌이고, 전기 자극이 근육 깊이 들어오는 게 단순 마사지볼이랑 차원이 달라요. 네이비 색이 스포티하고 딱 좋아요.",15882a5ff1ef,,980,프리미엄 엘보케어 팔꿈치 마사지기,149000,,기존리뷰,5,,0,0,1,"안녕하세요. 프리미엄 헬스테크 브랜드, 슬룸입니다.
진심 어린 소중한 후기 감사합니다. 💜

앞으로도 좋은 상품과 서비스로 고객님들을 찾아뵐 수 있도록 노력하겠습니다.
감사합니다. :)"
115479,2026-06-16 00:00:00,,,반복적인 작업 후 팔꿈치 통증이 있어요. 에어백 압박이 강하게 잡아주고 온열이 더해지면 피로가 해소되는 게 빠르게 느껴져요. 충전해서 쓰는 방식이라 선 없이 편하게 사용할 수 있어요.,69b7c68776b3,,980,프리미엄 엘보케어 팔꿈치 마사지기,149000,,기존리뷰,5,,0,0,1,"안녕하세요. 프리미엄 헬스테크 브랜드, 슬룸입니다.
시간 내어 소중한 후기를 작성해 주셔서 감사드립니다. :)

믿고 찾는 쇼핑몰이 되기 위해 더 좋은 상품과 서비스를 준비하겠습니다.
감사합니다. 💜"
115480,2026-06-15 00:00:00,,,야근 많은 날 타이핑으로 팔꿈치까지 문제가 생겼어요. 이 제품 쓰면서 퇴근 후 팔 피로 해소가 훨씬 수월해졌어요. 온열이 더해지면 팔뿐 아니라 몸 전체가 릴렉스되는 느낌이에요.,67ab188fa531,,980,프리미엄 엘보케어 팔꿈치 마사지기,149000,,기존리뷰,5,,0,0,1,"안녕하세요. 프리미엄 헬스테크 브랜드, 슬룸입니다.
진심 어린 소중한 후기 감사합니다. 💜

앞으로도 좋은 상품과 서비스로 고객님들을 찾아뵐 수 있도록 노력하겠습니다.
감사합니다. :)"
115481,2026-06-07 00:00:00,,,마사지 받으러 가기엔 시간이 없어서 집에서 혼자 케어하고 싶어 구매했어요. 에어백이랑 전기 자극이랑 온열이 한꺼번에 오니까 마사지사한테 받는 것과 비슷한 효과가 나는 것 같아요. 타이머 덕분에 자다 깨도 꺼져 있어서 편해요.,ac9ab54e8d40,,980,프리미엄 엘보케어 팔꿈치 마사지기,149000,,기존리뷰,4,,0,0,1,"안녕하세요. 프리미엄 헬스테크 브랜드, 슬룸입니다.
진심 어린 소중한 후기 감사합니다. 💜

앞으로도 좋은 상품과 서비스로 고객님들을 찾아뵐 수 있도록 노력하겠습니다.
감사합니다. :)"
115482,2026-06-12 00:00:00,,,조깅하다가 팔꿈치가 갑자기 아팠는데 이 제품 쓰면서 회복 관리 중이에요. 에어백이 자극을 넓게 분산시켜주는 느낌이라 특정 부위만 아닌 전체적으로 케어되는 느낌이에요. 전기 자극 강도를 낮게 시작하면 처음 쓰는 분들도 부담 없이 시작할 수 있어요.,82adfeb997b0,,980,프리미엄 엘보케어 팔꿈치 마사지기,149000,,기존리뷰,5,,0,0,1,"안녕하세요. 프리미엄 헬스테크 브랜드, 슬룸입니다.
정성스럽게 올려주신 소중한 후기 감사합니다. 💜

고객님의 목소리로 더 발전하는 슬룸이 되도록 노력하겠습니다.
감사합니다. 🙇‍♀️"
115483,2026-06-14 00:00:00,,,"테니스, 골프 같이 라켓 스포츠 좋아하는데 팔꿈치 통증이 늘 따라다녔어요. EMS 자극이 팔꿈치 근육에 직접 들어오는 느낌이 확실하고, 에어백이 전완근까지 케어해주니까 훨씬 입체적으로 느껴져요.",42651b518e2d,,980,프리미엄 엘보케어 팔꿈치 마사지기,149000,,기존리뷰,5,,0,0,1,"안녕하세요. 프리미엄 헬스테크 브랜드, 슬룸입니다.
정성스럽게 올려주신 소중한 후기 감사합니다. 💜

고객님의 목소리로 더 발전하는 슬룸이 되도록 노력하겠습니다.
감사합니다. 🙇‍♀️"
115484,2026-06-01 00:00:00,,,손목터널증후군도 있는데 팔꿈치까지 통증이 퍼지는 것 같아서 구매했어요. 전완근을 에어백으로 마사지해주는 게 팔꿈치랑 손목 연결 부위까지 자극을 주는 느낌이에요. 전문의 자문 개발 제품이라 믿고 쓸 수 있어서 좋아요.,75ab576ea248,,980,프리미엄 엘보케어 팔꿈치 마사지기,149000,,기존리뷰,4,,0,0,1,"안녕하세요. 프리미엄 헬스테크 브랜드, 슬룸입니다.
정성스럽게 올려주신 소중한 후기 감사합니다. 💜

고객님의 목소리로 더 발전하는 슬룸이 되도록 노력하겠습니다.
감사합니다. 🙇‍♀️"
115485,2026-06-02 00:00:00,,,"딱히 통증이 심한 건 아닌데 팔꿈치가 늘 불편한 느낌이 있었는데 이 제품 쓰고 그 불편함이 많이 줄었어요. 매일 자기 전에 15분씩 쓰는 게 루틴이 됐고, 타이머가 자동으로 꺼지니까 그대로 잠들어도 걱정 없어요.",a72736d684de,,980,프리미엄 엘보케어 팔꿈치 마사지기,149000,,기존리뷰,4,,0,0,1,"안녕하세요. 프리미엄 헬스테크 브랜드, 슬룸입니다.
시간 내어 소중한 후기를 작성해 주셔서 감사드립니다. :)

믿고 찾는 쇼핑몰이 되기 위해 더 좋은 상품과 서비스를 준비하겠습니다.
감사합니다. 💜"
115486,2026-06-11 00:00:00,,,시범 보이는 동작이 많다 보니 팔꿈치에 무리가 와요. 주무름 모드가 실제로 손으로 주무르는 것 같은 압박감이 있어서 제일 좋아요. 에어백이랑 같이 오면 진짜 마사지받는 것 같은 느낌이에요.,049857406b4d,,980,프리미엄 엘보케어 팔꿈치 마사지기,149000,,기존리뷰,5,,0,0,1,"안녕하세요. 프리미엄 헬스테크 브랜드, 슬룸입니다.
시간 내어 소중한 후기를 작성해 주셔서 감사드립니다. :)

믿고 찾는 쇼핑몰이 되기 위해 더 좋은 상품과 서비스를 준비하겠습니다.
감사합니다. 💜"
115487,2026-06-08 00:00:00,,,"상하차처럼 팔 쓰는 작업이 많은데 팔꿈치 통증이 늘 있었어요. 에어백이 강하게 전완근을 압박해주는 게 시원하고, 전기 자극이 근육 피로를 풀어주는 느낌이에요. 무선이라 퇴근 버스 안에서도 착용하고 이동할 수 있어서 편해요.",cf89dcc78965,,980,프리미엄 엘보케어 팔꿈치 마사지기,149000,,기존리뷰,5,,0,0,1,"안녕하세요. 프리미엄 헬스테크 브랜드, 슬룸입니다.
정성스럽게 올려주신 소중한 후기 감사합니다. 💜

고객님의 목소리로 더 발전하는 슬룸이 되도록 노력하겠습니다.
감사합니다. 🙇‍♀️"
115488,2026-06-04 00:00:00,,,손을 많이 쓰는 취미 활동을 하다 보니 팔꿈치가 뭉쳐요. 힐링 모드가 근육을 부드럽게 풀어주는 데 딱 맞아요. 온열이 더해지면 손끝까지 따뜻해지는 느낌이 들어서 겨울에 특히 좋아요.,ae297dfc34bb,,980,프리미엄 엘보케어 팔꿈치 마사지기,149000,,기존리뷰,4,,0,0,1,"안녕하세요. 프리미엄 헬스테크 브랜드, 슬룸입니다.
정성스럽게 올려주신 소중한 후기 감사합니다. 💜

고객님의 목소리로 더 발전하는 슬룸이 되도록 노력하겠습니다.
감사합니다. 🙇‍♀️"
115489,2026-06-03 00:00:00,,,오랫동안 팔꿈치 통증으로 여러 제품 써봤는데 이 제품이 제일 직접적으로 효과가 느껴졌어요. EMS가 피부 안으로 자극을 주는 게 파스나 찜질팩이랑은 다른 경험이에요. 이제 이 제품 없이는 못 살 것 같아요.,53fa245098fc,,980,프리미엄 엘보케어 팔꿈치 마사지기,149000,,기존리뷰,5,,0,0,1,"안녕하세요. 프리미엄 헬스테크 브랜드, 슬룸입니다.
시간 내어 소중한 후기를 작성해 주셔서 감사드립니다. :)

믿고 찾는 쇼핑몰이 되기 위해 더 좋은 상품과 서비스를 준비하겠습니다.
감사합니다. 💜"
115490,2026-06-15 00:00:00,,,타이핑 작업이 많아서 팔꿈치 피로가 누적됐어요. 강도 조절이 세밀하게 돼서 컨디션에 따라 조절하면서 쓸 수 있는 게 편리해요. 온열 기능이 에어컨으로 차가워진 팔을 따뜻하게 해주는 데도 좋더라고요.,f2db53b1205f,,980,프리미엄 엘보케어 팔꿈치 마사지기,149000,,기존리뷰,5,,0,0,1,"안녕하세요. 프리미엄 헬스테크 브랜드, 슬룸입니다.
시간 내어 소중한 후기를 작성해 주셔서 감사드립니다. :)

믿고 찾는 쇼핑몰이 되기 위해 더 좋은 상품과 서비스를 준비하겠습니다.
감사합니다. 💜"
115491,2026-06-10 00:00:00,,,"팔에 부하가 많이 가다 보니 팔꿈치 피로가 만성이 됐어요. 에어백 압박이 강하게 오는 게 자극적이면서도 시원하고, 전기 자극이 깊숙이 오니까 근육 피로가 빠지는 느낌이 나요. 무선이라 어디서든 착용하고 쉽게 쓸 수 있어요.",75ddc6d89342,,980,프리미엄 엘보케어 팔꿈치 마사지기,149000,,기존리뷰,5,,0,0,1,"안녕하세요. 프리미엄 헬스테크 브랜드, 슬룸입니다.
시간 내어 소중한 후기를 작성해 주셔서 감사드립니다. :)

믿고 찾는 쇼핑몰이 되기 위해 더 좋은 상품과 서비스를 준비하겠습니다.
감사합니다. 💜"
115492,2026-06-05 00:00:00,,,재활 트레이닝 중에 팔꿈치를 보조적으로 케어할 수단이 필요해서 구매했어요. 전문의 자문 개발 제품이라는 게 믿음이 가서 선택했어요. 실제로 EMS 자극이 재활 운동 후 근육을 정리해주는 느낌이 나요.,8adb9011dff9,,980,프리미엄 엘보케어 팔꿈치 마사지기,149000,,기존리뷰,4,,0,0,1,"안녕하세요. 프리미엄 헬스테크 브랜드, 슬룸입니다.
시간 내어 소중한 후기를 작성해 주셔서 감사드립니다. :)

믿고 찾는 쇼핑몰이 되기 위해 더 좋은 상품과 서비스를 준비하겠습니다.
감사합니다. 💜"
115493,2026-06-05 00:00:00,,,"마우스 작업이 많다 보니 팔꿈치 바깥쪽이 자주 뻐근해요. 두드림 모드가 가볍게 자극을 줘서 예민한 날에 쓰기 좋고, 주무름 모드는 뭉침이 심할 때 써요. 강도 조절이 세밀해서 그날그날 컨디션에 맞춰 쓸 수 있어요.",0d8fab8f0520,,980,프리미엄 엘보케어 팔꿈치 마사지기,149000,,기존리뷰,5,,0,0,1,"안녕하세요. 프리미엄 헬스테크 브랜드, 슬룸입니다.
시간 내어 소중한 후기를 작성해 주셔서 감사드립니다. :)

믿고 찾는 쇼핑몰이 되기 위해 더 좋은 상품과 서비스를 준비하겠습니다.
감사합니다. 💜"
115494,2026-06-02 00:00:00,,,장비 들고 강한 훈련을 반복하면 팔꿈치에 무리가 많이 와요. 에어백이 강하게 전완근을 압박해주니까 근육 피로가 빠지는 느낌이에요. 전기 자극이랑 온열이 같이 오면 체감 회복 속도가 확실히 달라요.,3b708d192e9f,,980,프리미엄 엘보케어 팔꿈치 마사지기,149000,,기존리뷰,5,,0,0,1,"안녕하세요. 프리미엄 헬스테크 브랜드, 슬룸입니다.
정성스럽게 올려주신 소중한 후기 감사합니다. 💜

고객님의 목소리로 더 발전하는 슬룸이 되도록 노력하겠습니다.
감사합니다. 🙇‍♀️"
115495,2026-06-13 00:00:00,,,악기 연주하고 나면 팔꿈치가 자주 피로해요. 힐링 모드가 부드럽게 자극을 줘서 예민해진 근육에 딱 좋아요. 온열이 근육을 부드럽게 이완시켜주는 느낌이라 공연 후 필수 루틴이 됐어요.,5e7a8d58582f,,980,프리미엄 엘보케어 팔꿈치 마사지기,149000,,기존리뷰,5,,0,0,1,"안녕하세요. 프리미엄 헬스테크 브랜드, 슬룸입니다.
시간 내어 소중한 후기를 작성해 주셔서 감사드립니다. :)

믿고 찾는 쇼핑몰이 되기 위해 더 좋은 상품과 서비스를 준비하겠습니다.
감사합니다. 💜"
115496,2026-06-16 00:00:00,,,호미질이나 삽질처럼 팔을 쓰는 작업을 반복하다 보니 팔꿈치 피로가 심해요. 에어백이 전완근 전체를 넓게 자극해주니까 단순 보호대랑은 느낌이 달라요. 온열이 더해지면 근육이 스르르 풀리는 느낌이 나요.,c1ec55a7e93c,,980,프리미엄 엘보케어 팔꿈치 마사지기,149000,,기존리뷰,5,,0,0,1,"안녕하세요. 프리미엄 헬스테크 브랜드, 슬룸입니다.
시간 내어 소중한 후기를 작성해 주셔서 감사드립니다. :)

믿고 찾는 쇼핑몰이 되기 위해 더 좋은 상품과 서비스를 준비하겠습니다.
감사합니다. 💜"
115497,2026-06-03 00:00:00,,,"무거운 짐을 자주 들다 보니 팔꿈치가 만성적으로 뻐근해요. 에어백이 전완근을 꽉 잡아주면서 압박하는 느낌이 시원하고, 온열이 더해지면 하루 동안 뭉친 근육이 스르르 풀리는 게 느껴져요. 이제 쉬는 시간마다 착용할 만큼 루틴이 됐어요.",9ab7b0e6f78a,,980,프리미엄 엘보케어 팔꿈치 마사지기,149000,,기존리뷰,5,,0,0,1,"안녕하세요. 프리미엄 헬스테크 브랜드, 슬룸입니다.
진심 어린 소중한 후기 감사합니다. 💜

앞으로도 좋은 상품과 서비스로 고객님들을 찾아뵐 수 있도록 노력하겠습니다.
감사합니다. :)"
115498,2026-06-14 00:00:00,,,병원 근무 중 환자 보조 동작이 많다 보니 팔꿈치에 무리가 자주 와요. 힐링 모드가 지친 근육을 부드럽게 달래주는 느낌이라 야간 근무 후 쓰기 딱 좋아요. 온열이 더해지면 몸 전체가 이완되는 느낌이 나서 수면에도 도움이 되는 것 같아요.,83c64b35a8b0,,980,프리미엄 엘보케어 팔꿈치 마사지기,149000,,기존리뷰,5,,0,0,1,"안녕하세요. 프리미엄 헬스테크 브랜드, 슬룸입니다.
시간 내어 소중한 후기를 작성해 주셔서 감사드립니다. :)

믿고 찾는 쇼핑몰이 되기 위해 더 좋은 상품과 서비스를 준비하겠습니다.
감사합니다. 💜"
115499,2026-06-09 00:00:00,,,헬스 풀업 동작 많이 하다가 팔꿈치 안쪽이 당기기 시작해서 구매했어요. EMS 자극이 팔꿈치 주변 근육에 직접 들어오는 느낌이 확실해서 놀랐어요. 에어백이 전완근까지 잡아주니까 단순 팔꿈치 마사지보다 훨씬 넓은 범위가 케어되는 느낌이에요.,52cc00574d8c,,980,프리미엄 엘보케어 팔꿈치 마사지기,149000,,기존리뷰,4,,0,0,1,"안녕하세요. 프리미엄 헬스테크 브랜드, 슬룸입니다.
진심 어린 소중한 후기 감사합니다. 💜

앞으로도 좋은 상품과 서비스로 고객님들을 찾아뵐 수 있도록 노력하겠습니다.
감사합니다. :)"
115500,2026-06-14 00:00:00,,,꽃다발 묶거나 장식 작업을 하루 종일 하다 보니 팔꿈치 피로가 쌓였어요. 두드림 모드가 가볍게 자극을 줘서 섬세한 작업 후 예민한 근육에 딱 맞아요. 온열이 더해지면 손끝까지 따뜻해지는 느낌이 들어서 겨울에 특히 좋아요.,1e59b48a5657,,980,프리미엄 엘보케어 팔꿈치 마사지기,149000,,기존리뷰,5,,0,0,1,"안녕하세요. 프리미엄 헬스테크 브랜드, 슬룸입니다.
진심 어린 소중한 후기 감사합니다. 💜

앞으로도 좋은 상품과 서비스로 고객님들을 찾아뵐 수 있도록 노력하겠습니다.
감사합니다. :)"
115501,2026-06-13 00:00:00,,,반복 작업으로 팔꿈치가 항상 무거웠는데 이 제품 쓰면서 작업 마친 후 팔 회복이 빨라진 게 확실히 느껴져요. 주무름 모드가 손으로 꾹꾹 눌러주는 것 같은 압박감이 있어서 뭉침이 심할 때 딱이에요.,6c8cee469652,,980,프리미엄 엘보케어 팔꿈치 마사지기,149000,,기존리뷰,5,,0,0,1,"안녕하세요. 프리미엄 헬스테크 브랜드, 슬룸입니다.
정성스럽게 올려주신 소중한 후기 감사합니다. 💜

고객님의 목소리로 더 발전하는 슬룸이 되도록 노력하겠습니다.
감사합니다. 🙇‍♀️"
115502,2026-06-01 00:00:00,,,집게나 도구 쥐는 동작이 많은 작업을 즐기다 보니 팔꿈치 통증이 생겼어요. EMS 자극이 피부 안으로 깊숙이 들어오는 느낌이 파스나 찜질팩이랑은 차원이 달라요. 온열이 더해지면 손목부터 팔꿈치까지 전체가 이완되는 느낌이에요.,04d8012d019e,,980,프리미엄 엘보케어 팔꿈치 마사지기,149000,,기존리뷰,5,,0,0,1,"안녕하세요. 프리미엄 헬스테크 브랜드, 슬룸입니다.
시간 내어 소중한 후기를 작성해 주셔서 감사드립니다. :)

믿고 찾는 쇼핑몰이 되기 위해 더 좋은 상품과 서비스를 준비하겠습니다.
감사합니다. 💜"
115503,2026-06-03 00:00:00,,,칠판 쪽으로 팔을 자주 들다 보니 팔꿈치 바깥쪽이 자주 뻐근해요. 온열 1단계가 부드럽게 따뜻하게 시작되어서 민감한 분들도 거부감 없이 쓸 수 있어요. 에어백이 전완근을 균일하게 압박해주니까 전체적으로 케어되는 느낌이에요.,a93972c2fd91,,980,프리미엄 엘보케어 팔꿈치 마사지기,149000,,기존리뷰,4,,0,0,1,"안녕하세요. 프리미엄 헬스테크 브랜드, 슬룸입니다.
정성스럽게 올려주신 소중한 후기 감사합니다. 💜

고객님의 목소리로 더 발전하는 슬룸이 되도록 노력하겠습니다.
감사합니다. 🙇‍♀️"
115504,2026-06-02 00:00:00,,,차가운 환경에서 팔 쓰는 작업을 하다 보면 팔꿈치가 늘 뻑뻑하고 시려요. 온열 기능이 그 시린 느낌을 녹여주는 데 정말 효과적이에요. 에어백이 꽉 잡아주면서 따뜻함이 전달되니까 혈액순환이 되는 느낌이 나요.,85d57a62d653,,980,프리미엄 엘보케어 팔꿈치 마사지기,149000,,기존리뷰,5,,0,0,1,"안녕하세요. 프리미엄 헬스테크 브랜드, 슬룸입니다.
진심 어린 소중한 후기 감사합니다. 💜

앞으로도 좋은 상품과 서비스로 고객님들을 찾아뵐 수 있도록 노력하겠습니다.
감사합니다. :)"
115505,2026-06-02 00:00:00,,,서핑 패들링 후에 팔꿈치 바깥쪽이 자주 피로해요. 활력 모드가 운동 후 근육을 깨워주는 느낌이라 서핑 직후에 딱 맞아요. 에어백이 전완근 전체를 케어해주니까 단순 보호대보다 훨씬 넓은 범위가 관리되는 느낌이에요.,eab4c67f1d23,,980,프리미엄 엘보케어 팔꿈치 마사지기,149000,,기존리뷰,5,,0,0,1,"안녕하세요. 프리미엄 헬스테크 브랜드, 슬룸입니다.
정성스럽게 올려주신 소중한 후기 감사합니다. 💜

고객님의 목소리로 더 발전하는 슬룸이 되도록 노력하겠습니다.
감사합니다. 🙇‍♀️"
115506,2026-06-16 00:00:00,,,물레처럼 팔을 반복적으로 쓰다 보니 팔꿈치에 무리가 많이 와요. 주무름 모드가 손으로 주무르는 것 같은 깊은 자극이라 뭉침 해소에 딱이에요. 온열이 더해지면 굳어진 근육이 스르르 풀리는 느낌이 나요.,9d6e400c3ba0,,980,프리미엄 엘보케어 팔꿈치 마사지기,149000,,기존리뷰,4,,0,0,1,"안녕하세요. 프리미엄 헬스테크 브랜드, 슬룸입니다.
진심 어린 소중한 후기 감사합니다. 💜

앞으로도 좋은 상품과 서비스로 고객님들을 찾아뵐 수 있도록 노력하겠습니다.
감사합니다. :)"
115507,2026-06-05 00:00:00,,,하루 종일 키보드 치다 보니 팔꿈치 바깥쪽이 만성적으로 불편해졌어요. 무선이라 소파에서 편하게 쓸 수 있고 타이머 설정해두면 유튜브 보다 보면 어느새 끝나 있어요. EMS 자극이 깊숙이 들어와서 피로 해소가 빠른 것 같아요.,b6d05d9c8a39,,980,프리미엄 엘보케어 팔꿈치 마사지기,149000,,기존리뷰,5,,0,0,1,"안녕하세요. 프리미엄 헬스테크 브랜드, 슬룸입니다.
시간 내어 소중한 후기를 작성해 주셔서 감사드립니다. :)

믿고 찾는 쇼핑몰이 되기 위해 더 좋은 상품과 서비스를 준비하겠습니다.
감사합니다. 💜"
115508,2026-06-16 09:47:34,2026-06-11 09:39:15,2026-06-12 13:40:08,배송도 빠르고 시원하네요,,,909,목 마사지 베개 V2 경추 마사지기 베개,112000,수량선택: 목 마사지 베개 V2 1개 (허리베개 1개 증정),기존리뷰,5,,0,0,1,"안녕하세요. 프리미엄 헬스테크 브랜드, 슬룸입니다.
시간 내어 소중한 후기를 작성해 주셔서 감사드립니다. :)

믿고 찾는 쇼핑몰이 되기 위해 더 좋은 상품과 서비스를 준비하겠습니다.
감사합니다. 💜"
115509,2026-06-16 11:20:42,2026-05-30 13:04:05,2026-06-02 16:18:15,좋아요좋아요좋아요좋아요,,,980,프리미엄 엘보케어 팔꿈치 마사지기,149000,수량선택: 팔꿈치 마사지기 1개,기존리뷰,5,,0,0,1,"안녕하세요. 프리미엄 헬스테크 브랜드, 슬룸입니다.
진심 어린 소중한 후기 감사합니다. 💜

앞으로도 좋은 상품과 서비스로 고객님들을 찾아뵐 수 있도록 노력하겠습니다.
감사합니다. :)"
115510,2026-06-16 13:34:00,2026-06-12 03:31:55,2026-06-13 15:56:20,슬룸 제품 전까지 잘 써왔는데 이번엔 대실망이네요. 제품 뜯어 제품을 써보고 허접해서 반품 요청했는데 이제품 반품 퇴짜 맞았어요.구매 하시는 분있으시면 이점 숙지하시고 사시길 암튼 슬룸 제품은 이번 마지막 입니다.,,,468,눈편한케어 온열 진동 눈 마사지기,69900,수량선택: 눈편한케어 1개,기존리뷰,1,,1,0,1,"안녕하세요 고객님, 프리미엄 헬스테크 브랜드, 슬룸입니다.
고객님께 만족스러운 경험을 드리지 못해 대단히 죄송합니다.😥

슬룸의 모든 제품은 인체공학적으로 설계되어 편안한 사용이 가능하나 초기 사용 시 1~2주 이상의 적응 기간이 필요할 수 있습니다. 
다만 수령하신 날짜 기준으로 30일 동안 꾸준히 사용해보시고도 만족하지 못하셨을 경우에는, 슬룸에서 진행하는 <100%환불이벤트> 에 참여하여 왕복배송비 제외 전액 환불이 가능합니다.

※ 제품을 30일간 꾸준히 사용한 경우, 배송완료 후 40일이내 신청이 가능
※ 환불 서비스는 첫 구매 체험을 위한 서비스로 1회만 신청 가능

▶ <100% 환불 이벤트> 상세 환불 조건 : https://sleeplab.co.kr/notice/?q=YToxOntzOjEyOiJrZXl3b3JkX3R5cGUiO3M6MzoiYWxsIjt9&bmode=view&idx=13709226&t=board 

슬룸을 믿고 편하게 사용 및 체험해보시고, 그럼에도 만족하시지 못하셨을 경우 슬룸 공식몰의 채널톡을 통해 이벤트 기간 내 문의 주시면 환불 접수 도움드리겠습니다."
115511,2026-06-16 19:52:55,2026-06-13 07:54:55,2026-06-16 16:17:37,찜질 기능도 있어서 좋아요,,,909,목 마사지 베개 V2 경추 마사지기 베개,112000,수량선택: 목 마사지 베개 V2 1개 (허리베개 1개 증정),기존리뷰,5,,0,0,1,"안녕하세요. 프리미엄 헬스테크 브랜드, 슬룸입니다.
시간 내어 소중한 후기를 작성해 주셔서 감사드립니다. :)

믿고 찾는 쇼핑몰이 되기 위해 더 좋은 상품과 서비스를 준비하겠습니다.
감사합니다. 💜"
115512,2026-06-16 20:17:43,2026-06-15 10:04:30,2026-06-16 19:01:00,아직 사용해보지는 않았는데 목이 아파서 잠도 제대로 못자다 광고보고 주문했는데 효과가 있었으면 좋겠네요..생각보다는 크기기 작아보여요,,,909,목 마사지 베개 V2 경추 마사지기 베개,112000,수량선택: 목 마사지 베개 V2 2개 (허리베개 2개 증정),기존리뷰,5,,2,0,1,"안녕하세요. 프리미엄 헬스테크 브랜드, 슬룸입니다.
시간 내어 소중한 후기를 작성해 주셔서 감사드립니다. :)

믿고 찾는 쇼핑몰이 되기 위해 더 좋은 상품과 서비스를 준비하겠습니다.
감사합니다. 💜"
115513,2026-06-16 20:48:00,2026-06-06 09:00:25,2026-06-09 16:27:04,정자세에서 너무 편하고 목이 늘어나는 느낌이구 굳이 단점은 옆으로 자기에는 불편함이 있긴해요,,,909,목 마사지 베개 V2 경추 마사지기 베개,112000,수량선택: 목 마사지 베개 V2 1개 (허리베개 1개 증정),기존리뷰,5,,0,0,1,"안녕하세요. 프리미엄 헬스테크 브랜드, 슬룸입니다.
정성스럽게 올려주신 소중한 후기 감사합니다. 💜

고객님의 목소리로 더 발전하는 슬룸이 되도록 노력하겠습니다.
감사합니다. 🙇‍♀️"
115514,2026-06-16 21:04:35,2026-05-07 23:29:05,2026-05-09 15:15:00,잘 모르겠어서 반품했어요,,,909,목 마사지 베개 V2 경추 마사지기 베개,112000,수량선택: 목 마사지 베개 V2 1개 (마그네슘 시너지 크림 30ml 1개 증정),기존리뷰,3,,0,0,1,"안녕하세요 고객님, 프리미엄 헬스테크 브랜드, 슬룸입니다.

소중한 후기 남겨주셔서 감사드리며, 기대하셨던 것만큼 만족감을 드리지 못한 점 진심으로 사과드립니다. 😥

슬룸 제품은 개인의 체형과 사용 습관에 따라 효과를 느끼시는 시기가 다를 수 있습니다.
이후 다시 한번 슬룸 제품을 구매하실 때 사용 중 불편하거나 궁금하신 점이 있으시다면 언제든지 슬룸 공식몰 채널톡으로 편하게 문의해 주세요. 고객님의 상황에 맞게 안내해 드리겠습니다.

고객님의 의견을 수렴하여 더 발전하는 슬룸이 되도록 노력하겠습니다. 감사합니다."
115515,2026-06-16 22:14:35,2026-06-13 17:24:10,2026-06-16 13:43:45,충전케이블을 잃어버려서 주문했어요. 따로 이렇게 판매하는게 있어서 좋아요.,,,376,허리편한케어 V1 전용 케이블,5000,,기존리뷰,5,,1,0,1,"안녕하세요. 프리미엄 헬스테크 브랜드, 슬룸입니다.
시간 내어 소중한 후기를 작성해 주셔서 감사드립니다. :)

믿고 찾는 쇼핑몰이 되기 위해 더 좋은 상품과 서비스를 준비하겠습니다.
감사합니다. 💜"
115516,2026-06-16 22:35:40,2026-06-14 12:24:05,2026-06-16 18:40:26,아주 좋아요. 그냥 베고자도 좋지만 자극도 좋아서 추천합니다,,,291,목베개 플러스 경추 목 마사지기 베개,91000,수량선택: 목베개 플러스 1개 (허리베개 1개 증정),기존리뷰,5,,1,0,1,"안녕하세요. 프리미엄 헬스테크 브랜드, 슬룸입니다.
정성스럽게 올려주신 소중한 후기 감사합니다. 💜

고객님의 목소리로 더 발전하는 슬룸이 되도록 노력하겠습니다.
감사합니다. 🙇‍♀️"
115517,2026-06-17 12:41:08,2026-06-03 23:48:46,2026-06-05 13:44:34,튼튼하게 잘 잡아줘서 평상 시 자세 교정에도 도움이 많이 됩니다. 회사에서 사용할 것도 추가 구매하려고 합니다.,d36c4a5d7e44,,257,코어 요추벨트 허리 보호대,59900,수량선택: 코어 요추벨트 1개,반응형(내리뷰),5,,1,0,1,"안녕하세요. 프리미엄 헬스테크 브랜드, 슬룸입니다.
진심 어린 소중한 후기 감사합니다. 💜

앞으로도 좋은 상품과 서비스로 고객님들을 찾아뵐 수 있도록 노력하겠습니다.
감사합니다. :)"
115518,2026-06-03 00:00:00,,,"처음엔 그냥 운동 후 뻐근한 거려니 했는데, 어느 순간부터 테니스 라켓을 잡는 것 자체가 무서워지더라고요. 이 제품 쓰기 시작하면서 온열이랑 EMS가 같이 되니까 속까지 시원한 느낌이 나더라고요. 네이비 색상도 고급스럽고 무게도 가벼워서 사용하기 편해요. 퇴근 후 소파에 앉아서 리모컨으로 조작하니까 너무 편리하고요. 정형외과 다니던 횟수가 줄어든 것 같아서 만족하고 있습니다.",17c245b396e8,,980,프리미엄 엘보케어 팔꿈치 마사지기,149000,,기존리뷰,5,,0,0,1,"안녕하세요. 프리미엄 헬스테크 브랜드, 슬룸입니다.
정성스럽게 올려주신 소중한 후기 감사합니다. 💜

고객님의 목소리로 더 발전하는 슬룸이 되도록 노력하겠습니다.
감사합니다. 🙇‍♀️"
115519,2026-06-06 00:00:00,,,"파스 붙이고 골프 나갔다가 결국 라운딩 중간에 포기한 날, 이 제품 찾아봤어요. 에어백이 전완근을 꽉 쥐어주는 느낌이 처음엔 낯설었는데 적응되니까 엄청 시원하더라고요. 온열 기능도 있어서 찜질하는 느낌까지 나서 좋았어요. 네이비 색상이 인테리어랑도 잘 어울리고, 충전해서 무선으로 쓰는 점도 마음에 들어요. 꾸준히 쓰고 있는데 팔꿈치 불편함이 많이 줄었습니다.",8ef31cde1a21,,980,프리미엄 엘보케어 팔꿈치 마사지기,149000,,기존리뷰,5,,0,0,1,"안녕하세요. 프리미엄 헬스테크 브랜드, 슬룸입니다.
시간 내어 소중한 후기를 작성해 주셔서 감사드립니다. :)

믿고 찾는 쇼핑몰이 되기 위해 더 좋은 상품과 서비스를 준비하겠습니다.
감사합니다. 💜"
115520,2026-06-16 00:00:00,,,PT 선생님이 팔꿈치 쪽 힘줄에 무리가 간다고 경고했는데 그냥 넘겼다가 결국 탈이 났어요. 이 제품 써보니까 마사지 모드가 다양해서 그날그날 컨디션에 맞게 쓸 수 있는 게 좋더라고요. 힐링모드는 진짜 부드러워서 자기 전에 쓰면 스르르 풀리는 느낌이에요. 리모컨이 따로 있어서 팔을 올린 채로 조작하기 편하고요. 꽤 오래 고민하다 샀는데 후회 없어요.,a802cc2aa6b4,,980,프리미엄 엘보케어 팔꿈치 마사지기,149000,,기존리뷰,5,,0,0,1,"안녕하세요. 프리미엄 헬스테크 브랜드, 슬룸입니다.
정성스럽게 올려주신 소중한 후기 감사합니다. 💜

고객님의 목소리로 더 발전하는 슬룸이 되도록 노력하겠습니다.
감사합니다. 🙇‍♀️"
115521,2026-06-17 00:00:00,,,"키보드 두드리는 게 일상인데, 어느 날 마우스를 클릭할 때마다 팔꿈치 안쪽이 찌릿하더라고요. 팔꿈치 전용이라는 점에서 구매를 결심했는데, 실제로 착용하면 팔꿈치 위치에 딱 맞게 설계돼 있어서 놀랐어요. EMS 강도를 천천히 올리면서 적응하니까 이제는 15단계까지도 괜찮더라고요. 색도 네이비라 깔끔하고 디자인도 단정해서 사무실에서 써도 어색하지 않아요. 꾸준히 쓰다 보니 확실히 가볍다는 느낌이 생겼습니다.",7a3efba944b6,,980,프리미엄 엘보케어 팔꿈치 마사지기,149000,,기존리뷰,4,,0,0,1,"안녕하세요. 프리미엄 헬스테크 브랜드, 슬룸입니다.
시간 내어 소중한 후기를 작성해 주셔서 감사드립니다. :)

믿고 찾는 쇼핑몰이 되기 위해 더 좋은 상품과 서비스를 준비하겠습니다.
감사합니다. 💜"
115522,2026-06-11 00:00:00,,,"주말 야구 끝나고 팔꿈치를 구부리면 안쪽이 당기는 느낌이 반복되다 보니 결국 이 제품까지 오게 됐어요. 두드림모드가 톡톡 두드려주는 느낌이라 신기하고 시원했어요. 에어백이랑 온열이 같이 되니까 한 번에 케어가 되는 게 편리하고요. 크림 발라야 EMS가 잘 느껴진다는 거 처음엔 몰랐는데, 크림 바르고 나서 확실히 달라지더라고요. 주변 운동 친구들한테도 추천해줬어요.",f33fa530d374,,980,프리미엄 엘보케어 팔꿈치 마사지기,149000,,기존리뷰,5,,0,0,1,"안녕하세요. 프리미엄 헬스테크 브랜드, 슬룸입니다.
정성스럽게 올려주신 소중한 후기 감사합니다. 💜

고객님의 목소리로 더 발전하는 슬룸이 되도록 노력하겠습니다.
감사합니다. 🙇‍♀️"
115523,2026-06-15 00:00:00,,,"빨래하고 나서 팔꿈치를 펼 때 뻐근한 느낌이 쌓이더니, 어느 순간 물건 들기도 불편해지더라고요. 처음에 착용법이 살짝 헷갈렸는데 설명서 보면서 하니까 어렵지 않았어요. 주무름모드가 진짜 손으로 꾹꾹 누르는 느낌이라 제일 자주 쓰게 되더라고요. 온열 올리면서 찜질 느낌까지 나니까 마치 마사지샵 간 것 같은 기분이에요. 네이비 색도 이쁘고 선물용으로도 딱인 것 같아요.",e092012f4123,,980,프리미엄 엘보케어 팔꿈치 마사지기,149000,,기존리뷰,5,,0,0,1,"안녕하세요. 프리미엄 헬스테크 브랜드, 슬룸입니다.
시간 내어 소중한 후기를 작성해 주셔서 감사드립니다. :)

믿고 찾는 쇼핑몰이 되기 위해 더 좋은 상품과 서비스를 준비하겠습니다.
감사합니다. 💜"
115524,2026-06-15 00:00:00,,,"병원에서 테니스 엘보라는 진단 받고도 바빠서 치료를 제대로 못 했더니 점점 심해졌어요. 처음 며칠은 강도를 낮게 쓰다가 조금씩 높였는데 그게 맞는 방법이었던 것 같아요. 온열이 팔꿈치 깊숙이 스며드는 느낌이라 찜질 효과가 있는 것 같고, 매일 잠들기 전에 15분씩 쓰고 있어요. 리모컨 조작이 단순해서 불편함 없이 쓸 수 있었고요. 한 달 쓰고 나서 전보다 많이 편해진 게 느껴져요.",6493c9bd9dbe,,980,프리미엄 엘보케어 팔꿈치 마사지기,149000,,기존리뷰,5,,0,0,1,"안녕하세요. 프리미엄 헬스테크 브랜드, 슬룸입니다.
진심 어린 소중한 후기 감사합니다. 💜

앞으로도 좋은 상품과 서비스로 고객님들을 찾아뵐 수 있도록 노력하겠습니다.
감사합니다. :)"
115525,2026-06-11 00:00:00,,,택배를 하루에 수백 개씩 나르다 보니 팔꿈치가 버텨줄 리 없더라고요. 이 제품은 팔꿈치 전용으로 만들어졌다는 게 확실히 다르게 느껴져요. 전완근 에어백이 팔 전체를 감싸주면서 마사지해주니까 팔꿈치만 아니라 팔 전체가 시원해지는 느낌이에요. 퇴근 후 충전해서 쓰는데 배터리도 꽤 오래 가더라고요. 네이비 색상이 남자가 쓰기에도 딱 좋아요.,b7e749c105a0,,980,프리미엄 엘보케어 팔꿈치 마사지기,149000,,기존리뷰,4,,0,0,1,"안녕하세요. 프리미엄 헬스테크 브랜드, 슬룸입니다.
정성스럽게 올려주신 소중한 후기 감사합니다. 💜

고객님의 목소리로 더 발전하는 슬룸이 되도록 노력하겠습니다.
감사합니다. 🙇‍♀️"
115526,2026-06-04 00:00:00,,,"스트레칭 한 번 제대로 안 하고 수년을 보냈더니 팔꿈치 쪽이 석회처럼 굳어버린 것 같았어요. 이 제품 쓰고 나서 아침마다 팔 상태가 확실히 달라지는 게 느껴져요. 활력모드는 빠른 리듬이라 아침에 쓰면 개운해지고, 힐링모드는 자기 전에 쓰면 잠이 잘 오는 것 같아요. 밴드 조절이 쉬워서 착용하기도 편하고, 리모컨 크기도 딱 손에 잡혀서 좋아요. 디자인도 네이비라 세련되고 마음에 들어요.",4139d44035fc,,980,프리미엄 엘보케어 팔꿈치 마사지기,149000,,기존리뷰,5,,0,0,1,"안녕하세요. 프리미엄 헬스테크 브랜드, 슬룸입니다.
정성스럽게 올려주신 소중한 후기 감사합니다. 💜

고객님의 목소리로 더 발전하는 슬룸이 되도록 노력하겠습니다.
감사합니다. 🙇‍♀️"
115527,2026-06-09 00:00:00,,,"같이 배드민턴 치는 멤버 중 셋이 동시에 팔꿈치 통증이 왔는데, 제가 제일 먼저 이 제품 질렀어요. 팔꿈치에 딱 맞게 착용되니까 흘러내리지 않고 안정감 있게 쓸 수 있어요. 온열 찜질 기능이 세 단계나 되는데 저는 2단계가 제일 좋더라고요. EMS 강도도 조금씩 높여서 지금은 8단계로 쓰고 있고 그 정도면 시원하게 느껴져요. 3주 정도 매일 쓰고 있는데 통증이 많이 줄었고 앞으로도 계속 쓸 것 같아요.",74247fac63ee,,980,프리미엄 엘보케어 팔꿈치 마사지기,149000,,기존리뷰,5,,0,0,1,"안녕하세요. 프리미엄 헬스테크 브랜드, 슬룸입니다.
진심 어린 소중한 후기 감사합니다. 💜

앞으로도 좋은 상품과 서비스로 고객님들을 찾아뵐 수 있도록 노력하겠습니다.
감사합니다. :)"
115528,2026-06-03 00:00:00,,,"손목 마사지기로 팔 케어 시작했다가, 팔꿈치 전용이 따로 있다는 걸 알고 바로 추가 구매했어요. 에어백 마사지 압이 꽤 강한 편인데 밴드 조이는 정도에 따라 다르더라고요. 처음엔 느슨하게 했다가 좀 타이트하게 하니까 훨씬 시원해졌어요. 충전도 USB로 돼서 편리하고, 완충 후 꽤 오래 쓸 수 있는 점도 좋았어요. 두 개 쓰고 나서 팔 관리가 훨씬 수월해졌어요.",8fab1974b040,,980,프리미엄 엘보케어 팔꿈치 마사지기,149000,,기존리뷰,4,,0,0,1,"안녕하세요. 프리미엄 헬스테크 브랜드, 슬룸입니다.
진심 어린 소중한 후기 감사합니다. 💜

앞으로도 좋은 상품과 서비스로 고객님들을 찾아뵐 수 있도록 노력하겠습니다.
감사합니다. :)"
115529,2026-06-07 00:00:00,,,골프 레슨 등록하고 한 달도 안 돼서 팔꿈치가 먼저 항복 선언을 했어요. 전완근 에어백이 주물러주는 느낌이 골프 후에 쓰면 정말 개운해요. 온열이랑 같이 쓰면 찜질팩 붙이는 것보다 훨씬 시원한 느낌이 나요. 가격이 살짝 부담됐는데 매일 쓰다 보니 충분히 값어치 하는 것 같아요. 이제 클럽백에 항상 챙겨 다녀요.,570b088ab4af,,980,프리미엄 엘보케어 팔꿈치 마사지기,149000,,기존리뷰,5,,0,0,1,"안녕하세요. 프리미엄 헬스테크 브랜드, 슬룸입니다.
진심 어린 소중한 후기 감사합니다. 💜

앞으로도 좋은 상품과 서비스로 고객님들을 찾아뵐 수 있도록 노력하겠습니다.
감사합니다. :)"
115530,2026-06-15 00:00:00,,,"타이핑 할 때마다 팔꿈치 안쪽에서 뭔가 당기는 느낌이 수개월째 이어지던 참이었어요. 팔꿈치 전용이라는 점에서 구매를 결심했는데, 실제로 착용하면 팔꿈치 위치에 딱 맞게 설계돼 있어서 놀랐어요. EMS 자극이 처음엔 이상하게 느껴졌는데 2~3번 쓰다 보니 그 느낌이 좋아지더라고요. 타이머로 25분 설정해두고 유튜브 보면서 쓰면 시간도 금방 가요. 이제 퇴근 후 루틴이 됐어요.",b830115309e2,,980,프리미엄 엘보케어 팔꿈치 마사지기,149000,,기존리뷰,5,,0,0,1,"안녕하세요. 프리미엄 헬스테크 브랜드, 슬룸입니다.
진심 어린 소중한 후기 감사합니다. 💜

앞으로도 좋은 상품과 서비스로 고객님들을 찾아뵐 수 있도록 노력하겠습니다.
감사합니다. :)"
115531,2026-06-08 00:00:00,,,"동호회 단톡방에서 팔꿈치 마사지기 추천 물어봤더니 이 제품이 압도적으로 많이 나오더라고요. 쓰다 보면 처음엔 몰랐던 디테일들이 보이는데, 컨트롤러가 일체형이라 빠지지 않아서 편하고 관리도 쉬워요. 에어백이 전완근 전체를 감싸주니까 팔꿈치 힘줄이 연결된 근육까지 풀리는 느낌이에요. 온열 3단계는 꽤 뜨거운 편이라 저는 2단계로 쓰고 있어요. 단톡방에서 추천해줬어요.",f4a240ba15e1,,980,프리미엄 엘보케어 팔꿈치 마사지기,149000,,기존리뷰,5,,0,0,1,"안녕하세요. 프리미엄 헬스테크 브랜드, 슬룸입니다.
시간 내어 소중한 후기를 작성해 주셔서 감사드립니다. :)

믿고 찾는 쇼핑몰이 되기 위해 더 좋은 상품과 서비스를 준비하겠습니다.
감사합니다. 💜"
115532,2026-06-12 00:00:00,,,"보호대만 끼면 된다고 생각했는데, 그건 그냥 임시방편이더라고요. 근본적으로 근육을 풀어줘야 한다는 걸 이 제품 쓰면서 느꼈어요. EMS랑 TENS가 함께 작동되면서 뭔가 근육 깊숙이 자극되는 느낌이 다른 제품이랑 달라요. 에어백 마사지까지 같이 되니까 팔꿈치 관절이랑 전완근이 동시에 케어되는 게 확실히 느껴져요. 리모컨이 있어서 착용 중에도 조작이 편하고, 네이비 색상이 고급스러워 보여서 만족해요.",1f4affe77544,,980,프리미엄 엘보케어 팔꿈치 마사지기,149000,,기존리뷰,4,,0,0,1,"안녕하세요. 프리미엄 헬스테크 브랜드, 슬룸입니다.
정성스럽게 올려주신 소중한 후기 감사합니다. 💜

고객님의 목소리로 더 발전하는 슬룸이 되도록 노력하겠습니다.
감사합니다. 🙇‍♀️"
115533,2026-06-14 00:00:00,,,"운동 가르쳐주면서 정작 내 몸은 못 챙기고 있었는데, 팔꿈치가 먼저 한계를 알려줬어요. 이 제품은 팔꿈치 전용으로 만들어진 거라 다른 부위에 맞춘 제품이랑은 확실히 다르더라고요. EMS 강도를 15단계까지 올릴 수 있는데 저는 10~12단계로 쓰고 있어요. 에어백이 전완근을 꽉 잡아주니까 운동 후 피로 회복에 진짜 좋은 것 같아요. 하루 한 번씩 꾸준히 쓰고 있는데 팔 상태가 훨씬 나아졌어요.",6dedc10fb965,,980,프리미엄 엘보케어 팔꿈치 마사지기,149000,,기존리뷰,5,,0,0,1,"안녕하세요. 프리미엄 헬스테크 브랜드, 슬룸입니다.
시간 내어 소중한 후기를 작성해 주셔서 감사드립니다. :)

믿고 찾는 쇼핑몰이 되기 위해 더 좋은 상품과 서비스를 준비하겠습니다.
감사합니다. 💜"
115534,2026-06-06 00:00:00,,,남편 선물 뭐 살까 고민하다가 요즘 팔꿈치 불편하다고 계속 얘기하길래 냉큼 샀어요. 본인이 너무 좋아해서 저도 자꾸 빌려 쓰게 되네요. 활력모드가 빠른 리듬이라 아침에 쓰면 팔이 깨어나는 느낌이라고 남편이 그러더라고요. 온열이랑 에어백 같이 쓰면 진짜 마사지샵 부럽지 않아요. 다음엔 하나 더 살 것 같아요.,7e51098ec421,,980,프리미엄 엘보케어 팔꿈치 마사지기,149000,,기존리뷰,5,,0,0,1,"안녕하세요. 프리미엄 헬스테크 브랜드, 슬룸입니다.
시간 내어 소중한 후기를 작성해 주셔서 감사드립니다. :)

믿고 찾는 쇼핑몰이 되기 위해 더 좋은 상품과 서비스를 준비하겠습니다.
감사합니다. 💜"
115535,2026-06-14 00:00:00,,,"박스 개봉하고 바로 착용해서 써봤는데 EMS가 거의 안 느껴져서 불량인 줄 알았어요. 알고 보니 크림을 안 발랐던 거였고, 크림 바르고 쓰니까 완전히 달라지더라고요. 그 차이가 정말 커서 처음 쓰는 분들은 꼭 크림 바르고 쓰셔야 해요. 주무름모드랑 온열 함께 쓰면 정말 시원하고 뭉친 게 풀리는 게 느껴져요. 이제는 없으면 아쉬울 것 같은 제품이 됐어요.",e35a3a375889,,980,프리미엄 엘보케어 팔꿈치 마사지기,149000,,기존리뷰,5,,0,0,1,"안녕하세요. 프리미엄 헬스테크 브랜드, 슬룸입니다.
시간 내어 소중한 후기를 작성해 주셔서 감사드립니다. :)

믿고 찾는 쇼핑몰이 되기 위해 더 좋은 상품과 서비스를 준비하겠습니다.
감사합니다. 💜"
115536,2026-06-12 00:00:00,,,"설악산 다녀온 다음 날 팔꿈치가 예상외로 뻣뻣하길래 뭔가 관리해야겠다 싶었어요. 이 제품 한 번 써보고 나서 등산 후 루틴으로 자리 잡았어요. 온열 찜질이 피로한 근육 풀어주는 데 진짜 도움이 되는 것 같고, 에어백도 있어서 마사지 효과도 쏠쏠해요. 25분 타이머 켜두고 TV 보면서 쓰면 편하게 케어할 수 있어요. 충전식이라 선 없이 편하게 쓸 수 있는 것도 장점이에요.",f29d45724e75,,980,프리미엄 엘보케어 팔꿈치 마사지기,149000,,기존리뷰,4,,0,0,1,"안녕하세요. 프리미엄 헬스테크 브랜드, 슬룸입니다.
진심 어린 소중한 후기 감사합니다. 💜

앞으로도 좋은 상품과 서비스로 고객님들을 찾아뵐 수 있도록 노력하겠습니다.
감사합니다. :)"
115537,2026-06-08 00:00:00,,,"재활 치료 3개월 받았는데 증상이 들쭉날쭉해서 집에서도 꾸준히 관리할 방법을 찾았어요. 정형외과 자문을 받아서 개발됐다는 게 구매 결정에 도움이 많이 됐어요. 처음엔 약하게 시작해서 조금씩 강도 올리는 게 맞는 방법 같아요. 이제 매일 저녁 쓰는 게 습관이 됐는데, 예전보다 팔꿈치가 가뿐해진 느낌이 확실히 나요. 가격 대비 만족도가 높은 제품이에요.",db59f3274e13,,980,프리미엄 엘보케어 팔꿈치 마사지기,149000,,기존리뷰,5,,0,0,1,"안녕하세요. 프리미엄 헬스테크 브랜드, 슬룸입니다.
정성스럽게 올려주신 소중한 후기 감사합니다. 💜

고객님의 목소리로 더 발전하는 슬룸이 되도록 노력하겠습니다.
감사합니다. 🙇‍♀️"
115538,2026-06-04 00:00:00,,,"영상 편집하면서 마우스 오른손으로만 쓰다 보니 오른쪽 팔꿈치가 눈에 띄게 예민해졌어요. 두드림모드가 신기하게 시원해요. 톡톡 두드려주는 느낌이 뻐근한 걸 깨주는 것 같달까요. 에어백 3단계는 좀 강한 편이라 저는 2단계로 쓰는데 딱 좋아요. 리모컨이 작고 가벼워서 들고 조작하기도 편하고, 네이비 색상도 깔끔해서 마음에 들어요.",3c27c955d3e9,,980,프리미엄 엘보케어 팔꿈치 마사지기,149000,,기존리뷰,5,,0,0,1,"안녕하세요. 프리미엄 헬스테크 브랜드, 슬룸입니다.
정성스럽게 올려주신 소중한 후기 감사합니다. 💜

고객님의 목소리로 더 발전하는 슬룸이 되도록 노력하겠습니다.
감사합니다. 🙇‍♀️"
115539,2026-06-17 00:00:00,,,"자기 전마다 팔꿈치 안쪽이 욱신거려서 자세를 바꿔도 편하질 않았는데, 이 제품이 구세주였어요. 자기 전에 힐링모드로 25분 쓰고 나면 훨씬 편안하게 잘 수 있게 됐어요. 온열도 같이 켜두면 진짜 찜질하는 느낌이라 좋고요. 처음엔 강도를 너무 높였다가 불편했는데, 낮게 맞추니까 오히려 더 오래 쓸 수 있고 효과도 좋은 것 같아요. 수면의 질이 좋아진 것 같아서 계속 쓸 예정이에요.",c99ff2b2b083,,980,프리미엄 엘보케어 팔꿈치 마사지기,149000,,기존리뷰,4,,0,0,1,"안녕하세요. 프리미엄 헬스테크 브랜드, 슬룸입니다.
진심 어린 소중한 후기 감사합니다. 💜

앞으로도 좋은 상품과 서비스로 고객님들을 찾아뵐 수 있도록 노력하겠습니다.
감사합니다. :)"
115540,2026-06-14 00:00:00,,,"아내가 팔꿈치가 아프다고 할 때마다 파스나 붙여줬는데, 이번엔 제대로 된 걸 사줘야겠다 싶어서 골랐어요. 쓰더니 너무 좋다고 본인이 직접 후기 써달라고 했어요. 에어백이 전완근 꽉 감싸주는 게 처음엔 낯설었는데 적응되니까 시원하다고 하더라고요. 온열도 따뜻하게 감싸주는 느낌이라 겨울에 더 좋을 것 같다고 해요. 리모컨 조작이 쉬워서 혼자서도 잘 쓰고 있어요.",5bdeca097e5f,,980,프리미엄 엘보케어 팔꿈치 마사지기,149000,,기존리뷰,5,,0,0,1,"안녕하세요. 프리미엄 헬스테크 브랜드, 슬룸입니다.
시간 내어 소중한 후기를 작성해 주셔서 감사드립니다. :)

믿고 찾는 쇼핑몰이 되기 위해 더 좋은 상품과 서비스를 준비하겠습니다.
감사합니다. 💜"
115541,2026-06-16 00:00:00,,,반년 넘게 낚시 다니면서 쌓인 팔꿈치 피로가 어느 날 한꺼번에 터진 것 같은 느낌이었어요. 낚시 끝나고 집에서 이거 쓰면 진짜 개운해요. 활력모드로 시작해서 주무름모드로 마무리하는 게 제 루틴이 됐어요. 온열도 켜두면 뭉친 근육이 서서히 녹는 느낌이라 좋고요. 처음엔 사용법이 좀 복잡해 보였는데 한 번만 해보면 금방 익숙해져요.,ed1122a22133,,980,프리미엄 엘보케어 팔꿈치 마사지기,149000,,기존리뷰,5,,0,0,1,"안녕하세요. 프리미엄 헬스테크 브랜드, 슬룸입니다.
정성스럽게 올려주신 소중한 후기 감사합니다. 💜

고객님의 목소리로 더 발전하는 슬룸이 되도록 노력하겠습니다.
감사합니다. 🙇‍♀️"
115542,2026-06-09 00:00:00,,,"장거리 출장 뛰고 나면 팔꿈치가 핸들 잡은 모양 그대로 굳어있는 것 같더라고요. 핸들 많이 잡다 보면 전완근도 많이 쓰는 건지, 에어백 마사지가 특히 시원하게 느껴져요. 출퇴근하고 나서 30분 정도 쓰면 다음 날 훨씬 가뿐해요. 충전식인데 배터리가 꽤 오래 가서 매일 충전 안 해도 되는 게 편리해요. 네이비 색도 이쁘고 사이즈도 휴대하기 적당해요.",be1f59d5c7a3,,980,프리미엄 엘보케어 팔꿈치 마사지기,149000,,기존리뷰,5,,0,0,1,"안녕하세요. 프리미엄 헬스테크 브랜드, 슬룸입니다.
시간 내어 소중한 후기를 작성해 주셔서 감사드립니다. :)

믿고 찾는 쇼핑몰이 되기 위해 더 좋은 상품과 서비스를 준비하겠습니다.
감사합니다. 💜"
115543,2026-06-11 00:00:00,,,"몸 가르치는 일 하면서 내 팔꿈치는 뒷전이었는데, 어느 날 팔을 들어 올리는 게 버거워지더라고요. 이 제품은 자극이 과하지 않고 부드럽게 시작할 수 있어서 좋아요. 힐링모드로 시작해서 몸 상태 보면서 모드 바꾸는 게 좋더라고요. 크림 바르고 쓰니까 EMS 자극이 전달이 훨씬 잘 되는 게 느껴지고요. 전완근 에어백이 팔꿈치 주변 근육을 전체적으로 케어해주는 느낌이라 마음에 들어요.",d33e29d71c38,,980,프리미엄 엘보케어 팔꿈치 마사지기,149000,,기존리뷰,4,,0,0,1,"안녕하세요. 프리미엄 헬스테크 브랜드, 슬룸입니다.
정성스럽게 올려주신 소중한 후기 감사합니다. 💜

고객님의 목소리로 더 발전하는 슬룸이 되도록 노력하겠습니다.
감사합니다. 🙇‍♀️"
115544,2026-06-03 00:00:00,,,후기를 꼼꼼히 읽다가 팔꿈치 전용 설계라는 표현이 계속 눈에 걸려서 결국 질렀어요. 착용했을 때 팔꿈치 위치가 딱 맞아서 안정감이 달라요. EMS 모드가 5가지나 돼서 그날 기분에 따라 다르게 쓸 수 있는 게 좋고요. 사길 잘했다는 생각이 매일 들어요. 단순 보호대랑은 차원이 달라요.,3e9630733907,,980,프리미엄 엘보케어 팔꿈치 마사지기,149000,,기존리뷰,5,,0,0,1,"안녕하세요. 프리미엄 헬스테크 브랜드, 슬룸입니다.
정성스럽게 올려주신 소중한 후기 감사합니다. 💜

고객님의 목소리로 더 발전하는 슬룸이 되도록 노력하겠습니다.
감사합니다. 🙇‍♀️"
115545,2026-06-11 00:00:00,,,"입주민 민원 처리하다 팔꿈치 한계를 몸이 먼저 알려주더라고요. 퇴근하고 나서 이걸 쓰면 다음 날 훨씬 가뿐하게 출근할 수 있어요. 온열 기능이 있어서 찜질팩 따로 안 써도 되고, 마사지도 같이 되니까 시간 절약이 되는 것 같아요. 처음엔 복잡해 보였는데 컨트롤러랑 리모컨 조작이 생각보다 직관적이에요. 지인들한테도 추천하고 있어요.",c1f1094e74ba,,980,프리미엄 엘보케어 팔꿈치 마사지기,149000,,기존리뷰,5,,0,0,1,"안녕하세요. 프리미엄 헬스테크 브랜드, 슬룸입니다.
시간 내어 소중한 후기를 작성해 주셔서 감사드립니다. :)

믿고 찾는 쇼핑몰이 되기 위해 더 좋은 상품과 서비스를 준비하겠습니다.
감사합니다. 💜"
115546,2026-06-05 00:00:00,,,볼링공 잡을 때마다 팔꿈치 안쪽이 당기기 시작하더니 어느 날 거의 통증 수준이 됐어요. 주무름모드가 정말 손으로 꾹꾹 눌러주는 것 같아서 제일 마음에 들어요. 온열이랑 같이 켜면 마치 뜨거운 손으로 마사지해주는 느낌이랄까요. 에어백도 같이 돌아가니까 전반적으로 팔 컨디션이 좋아지는 게 느껴져요. 볼링 전날에도 미리 한 번 쓰면 도움이 되는 것 같더라고요.,6a857f209315,,980,프리미엄 엘보케어 팔꿈치 마사지기,149000,,기존리뷰,5,,0,0,1,"안녕하세요. 프리미엄 헬스테크 브랜드, 슬룸입니다.
시간 내어 소중한 후기를 작성해 주셔서 감사드립니다. :)

믿고 찾는 쇼핑몰이 되기 위해 더 좋은 상품과 서비스를 준비하겠습니다.
감사합니다. 💜"
115547,2026-06-09 00:00:00,,,"레슨 선생님이 폼 교정하면서 팔꿈치 조심하라는 말을 계속 했는데, 이미 늦었더라고요. EMS가 처음엔 낯선 자극이었는데 이제는 없으면 허전할 정도로 익숙해졌어요. 에어백이 전완근까지 케어해주는 게 팔꿈치 통증 완화에 중요하다고 하더라고요. 꾸준히 관리하면서 운동도 계속할 수 있을 것 같아서 다행이에요. 레슨도 다시 시작했어요.",8c5ce602a315,,980,프리미엄 엘보케어 팔꿈치 마사지기,149000,,기존리뷰,4,,0,0,1,"안녕하세요. 프리미엄 헬스테크 브랜드, 슬룸입니다.
시간 내어 소중한 후기를 작성해 주셔서 감사드립니다. :)

믿고 찾는 쇼핑몰이 되기 위해 더 좋은 상품과 서비스를 준비하겠습니다.
감사합니다. 💜"
115548,2026-06-08 00:00:00,,,"수업이 쌓이다 보니 어느 순간 팔꿈치가 하루 종일 당기는 느낌이 익숙해져 버렸어요. 이 제품 쓰고 나서 퇴근 후 팔꿈치 상태가 전보다 많이 나아졌어요. 집에서 리모컨 들고 소파에 앉아서 쓰는 게 저한테는 최고의 휴식이에요. 강도 조절이 세밀해서 컨디션 나쁜 날은 낮게, 좋은 날은 높게 쓸 수 있는 게 좋아요. 주변에서 어디서 샀냐고 자꾸 물어봐요.",e88b450b6b37,,980,프리미엄 엘보케어 팔꿈치 마사지기,149000,,기존리뷰,5,,0,0,1,"안녕하세요. 프리미엄 헬스테크 브랜드, 슬룸입니다.
정성스럽게 올려주신 소중한 후기 감사합니다. 💜

고객님의 목소리로 더 발전하는 슬룸이 되도록 노력하겠습니다.
감사합니다. 🙇‍♀️"
115549,2026-06-15 00:00:00,,,월세 아끼려고 마사지샵 안 가던 게 결국 팔꿈치 통증으로 돌아왔어요. 가격이 좀 있긴 한데 마사지샵 몇 번 가는 거보다 훨씬 경제적인 것 같아요. 매일 쓸 수 있으니까요. 힐링모드 + 온열 조합이 자기 전에 쓰기 딱이에요. 에어백까지 같이 켜두면 진짜 몸 전체가 이완되는 느낌이에요. 살면서 잘 산 물건 중에 하나 될 것 같아요.,95f7cf73d381,,980,프리미엄 엘보케어 팔꿈치 마사지기,149000,,기존리뷰,5,,0,0,1,"안녕하세요. 프리미엄 헬스테크 브랜드, 슬룸입니다.
시간 내어 소중한 후기를 작성해 주셔서 감사드립니다. :)

믿고 찾는 쇼핑몰이 되기 위해 더 좋은 상품과 서비스를 준비하겠습니다.
감사합니다. 💜"
115550,2026-06-09 00:00:00,,,하루 내내 손에 뭔가를 쥐고 일하다 보니 팔꿈치가 더 이상 버텨주질 않더라고요. 에어백이 전완근을 쫙 감싸주면서 마사지해주는 게 딱 필요한 케어였어요. 퇴근 후에 온열까지 켜서 25분 쓰면 다음 날 훨씬 편하게 일할 수 있어요. 충전식이라 소파에서 편하게 쓸 수 있고요. 네이비 색상이 깔끔하고 보관할 때도 예쁘게 놓여요.,f5db866e848b,,980,프리미엄 엘보케어 팔꿈치 마사지기,149000,,기존리뷰,4,,0,0,1,"안녕하세요. 프리미엄 헬스테크 브랜드, 슬룸입니다.
진심 어린 소중한 후기 감사합니다. 💜

앞으로도 좋은 상품과 서비스로 고객님들을 찾아뵐 수 있도록 노력하겠습니다.
감사합니다. :)"
115551,2026-06-07 00:00:00,,,운동 욕심이 앞서다 보니 무리한 동작을 반복했고 결국 팔꿈치 힘줄이 항의하기 시작했어요. 강도 15단계까지 있는데 운동하는 사람한테는 중간 이상이 딱인 것 같아요. 전완근 에어백이 꽤 강하게 잡아주니까 운동 후 피로 회복에 좋은 것 같아요. 온열이랑 같이 켜면 근육이 빨리 이완되는 느낌이고요. 운동 후 루틴으로 자리 잡아서 이제는 빠질 수가 없어요.,4304d7b31a95,,980,프리미엄 엘보케어 팔꿈치 마사지기,149000,,기존리뷰,5,,0,0,1,"안녕하세요. 프리미엄 헬스테크 브랜드, 슬룸입니다.
진심 어린 소중한 후기 감사합니다. 💜

앞으로도 좋은 상품과 서비스로 고객님들을 찾아뵐 수 있도록 노력하겠습니다.
감사합니다. :)"
115552,2026-06-10 00:00:00,,,"왼쪽은 멀쩡한데 오른쪽만 항상 더 무겁고 뻐근한 게 수년째 이어졌어요. 매일 같은 시간에 쓰다 보니 효과가 누적되는 것 같더라고요. 모드별로 느낌이 확실히 다른데 종합모드가 여러 자극이 섞여서 좋고, 힐링모드는 부드러워서 피곤할 때 좋아요. 온열 기능은 겨울에 더 느껴지는데 진짜 따뜻하게 감싸주는 느낌이에요. 꾸준히 쓸 예정입니다.",638ddc257059,,980,프리미엄 엘보케어 팔꿈치 마사지기,149000,,기존리뷰,5,,0,0,1,"안녕하세요. 프리미엄 헬스테크 브랜드, 슬룸입니다.
진심 어린 소중한 후기 감사합니다. 💜

앞으로도 좋은 상품과 서비스로 고객님들을 찾아뵐 수 있도록 노력하겠습니다.
감사합니다. :)"
115553,2026-06-05 00:00:00,,,"스플릿 스텝 하다가 팔 쪽에 무리가 갔는지 이후로 팔꿈치 바깥쪽이 계속 예민했어요. 자문 받아서 만든 제품이라는 게 믿음직스러웠고 실제로 써보니 완성도가 좋더라고요. EMS 패드 위치가 팔꿈치 양쪽을 자극하게 설계돼 있어서 테니스 엘보, 골프 엘보 모두 케어되는 것 같아요. 에어백이 전완근까지 마사지해주니까 힘줄이 연결된 곳까지 풀리는 느낌이에요. 꾸준히 쓰면서 운동 복귀 준비 중이에요.",0388fb18a700,,980,프리미엄 엘보케어 팔꿈치 마사지기,149000,,기존리뷰,5,,0,0,1,"안녕하세요. 프리미엄 헬스테크 브랜드, 슬룸입니다.
시간 내어 소중한 후기를 작성해 주셔서 감사드립니다. :)

믿고 찾는 쇼핑몰이 되기 위해 더 좋은 상품과 서비스를 준비하겠습니다.
감사합니다. 💜"
115554,2026-06-07 00:00:00,,,"가사일 도중에 물건을 놓쳤을 때 팔꿈치 쪽에서 찌릿한 느낌이 오더니 며칠째 지속됐어요. 처음에 조작법이 복잡해 보여서 걱정했는데 설명서 보면서 한 번 해보니까 어렵지 않더라고요. 리모컨이 있어서 착용 중에도 조작하기 편하고, 버튼 크기도 적당해서 쓰기 좋아요. 온열 찜질 기능이 제일 마음에 드는데 따뜻하게 감싸주는 느낌이 아주 편안해요. 아들이 사줬는데 효도 선물 제대로 받은 것 같아요.",af7d01860368,,980,프리미엄 엘보케어 팔꿈치 마사지기,149000,,기존리뷰,4,,0,0,1,"안녕하세요. 프리미엄 헬스테크 브랜드, 슬룸입니다.
진심 어린 소중한 후기 감사합니다. 💜

앞으로도 좋은 상품과 서비스로 고객님들을 찾아뵐 수 있도록 노력하겠습니다.
감사합니다. :)"
115555,2026-06-15 00:00:00,,,취미로 시작한 악기가 일상이 되면서 연습 시간이 길어지다 보니 팔꿈치가 신호를 보내기 시작했어요. 이 제품은 강도 조절이 세밀해서 좋아요. 처음엔 낮게 시작해서 적응되면 올리는 방식으로 쓰고 있어요. EMS 자극이 처음엔 낯설지만 몇 번 쓰다 보면 그 느낌이 시원하게 느껴져요. 에어백이 전완근까지 케어해주니까 연습 후 팔 피로 회복에 도움이 되는 것 같아요.,3f2ff1f39ded,,980,프리미엄 엘보케어 팔꿈치 마사지기,149000,,기존리뷰,5,,0,0,1,"안녕하세요. 프리미엄 헬스테크 브랜드, 슬룸입니다.
진심 어린 소중한 후기 감사합니다. 💜

앞으로도 좋은 상품과 서비스로 고객님들을 찾아뵐 수 있도록 노력하겠습니다.
감사합니다. :)"
115556,2026-06-14 00:00:00,,,"힘 쓰는 일 하다 보면 팔꿈치가 늘 한계치에서 버티는 느낌인데, 이 제품 쓰고 나서 확실히 달라졌어요. 전용 설계라서 착용했을 때 팔꿈치 위치가 딱 맞고 흘러내리지 않는 게 좋아요. 온열이랑 EMS가 같이 작동되니까 효율적으로 케어할 수 있고, 25분이면 충분히 시원해지는 느낌이에요. 주변에도 추천해줬어요.",906a1e223508,,980,프리미엄 엘보케어 팔꿈치 마사지기,149000,,기존리뷰,5,,0,0,1,"안녕하세요. 프리미엄 헬스테크 브랜드, 슬룸입니다.
진심 어린 소중한 후기 감사합니다. 💜

앞으로도 좋은 상품과 서비스로 고객님들을 찾아뵐 수 있도록 노력하겠습니다.
감사합니다. :)"
115557,2026-06-09 00:00:00,,,"9홀만 돌고 팔꿈치를 못 쓰게 된 날, 다음 라운딩은 꼭 준비하고 나가겠다고 다짐했어요. 이 제품 쓰고 나서 팔꿈치 상태가 나아지는 게 느껴져서 다시 코스에 나갈 수 있게 됐어요. 라운딩 전날이랑 후에 꼭 쓰고 있는데 진짜 차이가 나요. 에어백이 전완근을 마사지해주는 게 특히 좋고, 온열이랑 같이 쓰면 더 효과적인 것 같아요. 골프 치는 분들한테 강력 추천이에요.",6db441bd9ad3,,980,프리미엄 엘보케어 팔꿈치 마사지기,149000,,기존리뷰,5,,0,0,1,"안녕하세요. 프리미엄 헬스테크 브랜드, 슬룸입니다.
진심 어린 소중한 후기 감사합니다. 💜

앞으로도 좋은 상품과 서비스로 고객님들을 찾아뵐 수 있도록 노력하겠습니다.
감사합니다. :)"
115558,2026-06-06 00:00:00,,,야근이 이어지면서 팔꿈치가 책상에 닿을 때마다 불편한 느낌이 커지더라고요. 이 제품 구매 후 퇴근 후 쓰는 게 하루 루틴이 됐어요. 힐링모드로 쓰면서 유튜브 보는 게 최고의 힐링이에요. EMS 자극이 처음엔 이상했는데 이제는 그 느낌이 시원하게 느껴지고 없으면 아쉬울 정도예요. 케이블 없이 무선으로 쓸 수 있는 게 정말 편리해요.,9c80ddf009c7,,980,프리미엄 엘보케어 팔꿈치 마사지기,149000,,기존리뷰,4,,0,0,1,"안녕하세요. 프리미엄 헬스테크 브랜드, 슬룸입니다.
시간 내어 소중한 후기를 작성해 주셔서 감사드립니다. :)

믿고 찾는 쇼핑몰이 되기 위해 더 좋은 상품과 서비스를 준비하겠습니다.
감사합니다. 💜"
115559,2026-06-02 00:00:00,,,침 치료 받으면서 선생님께 집에서 할 수 있는 케어 방법 여쭤봤더니 EMS 기기 써보라고 하셔서 찾아봤어요. 온열이랑 EMS가 같이 돼서 뜸 뜨는 느낌도 좀 나는 것 같아요. 에어백까지 있으니까 종합적인 케어가 되는 것 같고요. 침 치료 간격이 줄어든 것 같아서 만족스러워요.,e5c5ff454931,,980,프리미엄 엘보케어 팔꿈치 마사지기,149000,,기존리뷰,5,,0,0,1,"안녕하세요. 프리미엄 헬스테크 브랜드, 슬룸입니다.
진심 어린 소중한 후기 감사합니다. 💜

앞으로도 좋은 상품과 서비스로 고객님들을 찾아뵐 수 있도록 노력하겠습니다.
감사합니다. :)"
115560,2026-06-14 00:00:00,,,20년 넘게 테니스를 치면서 팔꿈치가 조금씩 망가져 온 게 한꺼번에 느껴지는 시기가 왔어요. 이 제품 꾸준히 쓰고 나서 조금씩 나아지는 게 느껴져요. 온열 기능이 특히 좋은데 3단계는 꽤 뜨거워서 저는 2단계로 쓰고 있어요. EMS 강도도 조금씩 올리면서 적응했는데 지금은 10단계도 거뜬해요. 오래 쓸 것 같아서 관리 잘 하고 있어요.,c10342927b3d,,980,프리미엄 엘보케어 팔꿈치 마사지기,149000,,기존리뷰,5,,0,0,1,"안녕하세요. 프리미엄 헬스테크 브랜드, 슬룸입니다.
정성스럽게 올려주신 소중한 후기 감사합니다. 💜

고객님의 목소리로 더 발전하는 슬룸이 되도록 노력하겠습니다.
감사합니다. 🙇‍♀️"
115561,2026-06-14 00:00:00,,,드럼 독학하면서 패드 연습에 빠져있다가 팔꿈치가 보내는 신호를 너무 늦게 알아챘어요. 이 제품 쓰고 나서 연습 후 회복이 빨라진 것 같아요. 주무름모드랑 두드림모드를 번갈아 가면서 쓰는데 그 조합이 제일 좋더라고요. 온열이랑 같이 쓰면 근육이 더 빨리 이완되는 느낌이에요. 무선이라 드럼 치고 나서 바로 착용하고 음악 들으면서 케어할 수 있어서 편해요.,c067aa70900c,,980,프리미엄 엘보케어 팔꿈치 마사지기,149000,,기존리뷰,4,,0,0,1,"안녕하세요. 프리미엄 헬스테크 브랜드, 슬룸입니다.
진심 어린 소중한 후기 감사합니다. 💜

앞으로도 좋은 상품과 서비스로 고객님들을 찾아뵐 수 있도록 노력하겠습니다.
감사합니다. :)"
115562,2026-06-06 00:00:00,,,수백 킬로 짜리 화물을 매일 이동시키다 보니 팔꿈치가 마모되는 게 느껴질 정도였어요. 에어백이 전완근을 감싸주면서 눌러주는 게 진짜 시원해요. 처음에 3단계 쓰다가 너무 강해서 2단계로 내렸는데 그게 저한테 딱 맞아요. 온열도 같이 켜두면 뭔가 피로가 빨리 풀리는 것 같더라고요. 아침에도 한 번 쓰면 하루 시작이 가뿐해요.,9ef2347a4f96,,980,프리미엄 엘보케어 팔꿈치 마사지기,149000,,기존리뷰,5,,0,0,1,"안녕하세요. 프리미엄 헬스테크 브랜드, 슬룸입니다.
진심 어린 소중한 후기 감사합니다. 💜

앞으로도 좋은 상품과 서비스로 고객님들을 찾아뵐 수 있도록 노력하겠습니다.
감사합니다. :)"
115563,2026-06-02 00:00:00,,,결국 병원에서 '과사용 증후군'이라는 말을 듣고 나서야 집에서 꾸준히 관리해야겠다고 마음먹었어요. 매일 쓰다 보니 병원 가는 횟수가 줄었어요. 집에서 관리할 수 있다는 게 이 제품의 제일 큰 장점 같아요. EMS가 근육을 자극해주는 느낌이 처음엔 낯설었지만 이제는 시원한 자극으로 느껴져요. 온열이랑 에어백까지 갖춰져 있어서 종합적인 케어가 되는 게 좋아요.,f334ada5ab56,,980,프리미엄 엘보케어 팔꿈치 마사지기,149000,,기존리뷰,5,,0,0,1,"안녕하세요. 프리미엄 헬스테크 브랜드, 슬룸입니다.
정성스럽게 올려주신 소중한 후기 감사합니다. 💜

고객님의 목소리로 더 발전하는 슬룸이 되도록 노력하겠습니다.
감사합니다. 🙇‍♀️"
115564,2026-06-12 00:00:00,,,"데드리프트 중량 올리면서 팔꿈치 안쪽이 뒤틀리는 느낌이 날 때 멈췄어야 했는데, 뒤늦게 후회했어요. 운동 후에 이 제품 쓰면 다음 날 훨씬 가볍게 느껴져요. 에어백이 강하게 잡아줬다 놓았다 하는 느낌이 신기하고 시원해요. 온열이랑 같이 켜두면 근육 이완이 더 잘 되는 것 같아서 같이 쓰는 게 좋더라고요.",4a65dfff5adf,,980,프리미엄 엘보케어 팔꿈치 마사지기,149000,,기존리뷰,5,,0,0,1,"안녕하세요. 프리미엄 헬스테크 브랜드, 슬룸입니다.
진심 어린 소중한 후기 감사합니다. 💜

앞으로도 좋은 상품과 서비스로 고객님들을 찾아뵐 수 있도록 노력하겠습니다.
감사합니다. :)"
115565,2026-06-07 00:00:00,,,"종목 특성상 손목 스냅을 많이 써서 그런지 팔꿈치 바깥쪽이 유독 예민한 상태였어요. 팔꿈치 전용이라는 게 확실히 차이가 있어요. 착용하면 딱 맞는 느낌이라 흘러내리지 않고 안정적으로 쓸 수 있어요. EMS 모드 5가지 중에 M4 주무름모드를 제일 좋아하는데, 깊이 자극되는 느낌이 최고에요. 온열 기능도 있어서 찜질팩 필요 없게 됐어요.",c9240ea0abb5,,980,프리미엄 엘보케어 팔꿈치 마사지기,149000,,기존리뷰,4,,0,0,1,"안녕하세요. 프리미엄 헬스테크 브랜드, 슬룸입니다.
시간 내어 소중한 후기를 작성해 주셔서 감사드립니다. :)

믿고 찾는 쇼핑몰이 되기 위해 더 좋은 상품과 서비스를 준비하겠습니다.
감사합니다. 💜"
115566,2026-06-09 00:00:00,,,장시간 같은 자세로 팔을 쭉 뻗는 동작을 반복하다 보니 팔꿈치 안쪽이 조금씩 뻑뻑해졌어요. 두드림모드로 쓰면 신경이 깨어나는 느낌이라 아침에 쓰기 좋아요. 온열이랑 에어백 조합으로 쓰면 진짜 시원하고 편안해요. 장기간 꾸준히 쓰는 게 중요할 것 같아서 매일 쓰고 있어요.,d2eb299f7fb5,,980,프리미엄 엘보케어 팔꿈치 마사지기,149000,,기존리뷰,5,,0,0,1,"안녕하세요. 프리미엄 헬스테크 브랜드, 슬룸입니다.
시간 내어 소중한 후기를 작성해 주셔서 감사드립니다. :)

믿고 찾는 쇼핑몰이 되기 위해 더 좋은 상품과 서비스를 준비하겠습니다.
감사합니다. 💜"
115567,2026-06-06 00:00:00,,,"대회 준비로 운동량을 급격히 늘렸더니 팔꿈치가 제동을 걸었어요. 쉴 수가 없는 상황이라 관리를 병행할 방법을 찾다가 이 제품을 샀어요. 에어백이 전완근 마사지해주는 게 특히 좋고, 온열이랑 EMS 조합이 근육 피로 회복에 효과적인 것 같아요. 강도를 세밀하게 조절할 수 있어서 컨디션에 맞게 쓸 수 있는 게 장점이에요. 훈련 일정에 빠질 수 없는 도구가 됐어요.",05e4c997e5ff,,980,프리미엄 엘보케어 팔꿈치 마사지기,149000,,기존리뷰,5,,0,0,1,"안녕하세요. 프리미엄 헬스테크 브랜드, 슬룸입니다.
진심 어린 소중한 후기 감사합니다. 💜

앞으로도 좋은 상품과 서비스로 고객님들을 찾아뵐 수 있도록 노력하겠습니다.
감사합니다. :)"
115568,2026-06-10 00:00:00,,,"팔꿈치 안쪽이 찌릿하더니 이튿날 아침 팔이 잘 안 펴지길래 이건 제대로 관리해야겠다 싶었어요. 전문의 자문으로 개발됐다는 게 믿음이 갔고 실제로 써보니 그냥 만든 제품이랑은 다른 것 같아요. 온열이랑 EMS가 동시에 작동되는 게 효과적인 것 같고, 에어백이 전완근까지 케어해줘서 종합적인 느낌이에요. 꾸준히 쓰고 있어요.",b51dba8bee75,,980,프리미엄 엘보케어 팔꿈치 마사지기,149000,,기존리뷰,5,,0,0,1,"안녕하세요. 프리미엄 헬스테크 브랜드, 슬룸입니다.
시간 내어 소중한 후기를 작성해 주셔서 감사드립니다. :)

믿고 찾는 쇼핑몰이 되기 위해 더 좋은 상품과 서비스를 준비하겠습니다.
감사합니다. 💜"
115569,2026-06-04 00:00:00,,,"코드 작업을 몇 시간 하고 나면 팔꿈치가 책상 모서리에 얹어진 것처럼 무거웠는데, 쉬는 시간에 이거 착용하고 있으면 달라요. 주무름모드가 제일 좋은데 손가락으로 꾹꾹 눌러주는 느낌이에요. 온열이랑 같이 켜면 깊숙이 이완되는 느낌이라 좋아요. 리모컨이 있어서 착용 중에도 모드 바꾸기 편하고, 네이비 색상이 책상 위에 놔뒀을 때도 이쁘게 어울려요.",7533647bb48a,,980,프리미엄 엘보케어 팔꿈치 마사지기,149000,,기존리뷰,4,,0,0,1,"안녕하세요. 프리미엄 헬스테크 브랜드, 슬룸입니다.
진심 어린 소중한 후기 감사합니다. 💜

앞으로도 좋은 상품과 서비스로 고객님들을 찾아뵐 수 있도록 노력하겠습니다.
감사합니다. :)"
115570,2026-06-15 00:00:00,,,"현장 답사 다니면서 서류 가방 들고 이동하는 게 일상인데, 팔꿈치가 먼저 경고를 주더라고요. 출장이 잦아서 충전식인 게 좋았고, 배터리가 오래 가서 며칠은 충전 안 해도 되는 게 편리해요. 에어백이 전완근을 마사지해주는 게 진짜 시원하고, 온열이랑 같이 켜면 더 효과적인 것 같아요. 숙소에서도 편하게 쓸 수 있어서 출장 가방에 항상 챙겨요.",3fe867a11dbd,,980,프리미엄 엘보케어 팔꿈치 마사지기,149000,,기존리뷰,5,,0,0,1,"안녕하세요. 프리미엄 헬스테크 브랜드, 슬룸입니다.
진심 어린 소중한 후기 감사합니다. 💜

앞으로도 좋은 상품과 서비스로 고객님들을 찾아뵐 수 있도록 노력하겠습니다.
감사합니다. :)"
115571,2026-06-09 00:00:00,,,"시범을 자주 보여주는 편인데, 어느 날 팔꿈치에 과부하가 쌓였다는 걸 몸이 먼저 알려줬어요. 이 제품 운동 후 루틴으로 쓰고 있는데 회복 속도가 빨라진 것 같아요. EMS 강도를 높게 설정해도 전달이 잘 되고 시원한 느낌이에요. 에어백이 전완근을 감싸주는 압박감이 좋고, 온열까지 같이 켜면 마치 전문 마사지 받는 것 같아요. 주변에서 어디서 샀냐고 물어봐요.",035a2036540c,,980,프리미엄 엘보케어 팔꿈치 마사지기,149000,,기존리뷰,5,,0,0,1,"안녕하세요. 프리미엄 헬스테크 브랜드, 슬룸입니다.
진심 어린 소중한 후기 감사합니다. 💜

앞으로도 좋은 상품과 서비스로 고객님들을 찾아뵐 수 있도록 노력하겠습니다.
감사합니다. :)"
115572,2026-06-17 00:00:00,,,하루 종일 손을 쓰는 작업을 반복하다 보니 퇴근할 즈음엔 팔꿈치가 제일 먼저 지쳐 있더라고요. EMS 5가지 모드 중에 종합모드랑 힐링모드를 주로 써요. 온열이 깊이 스며드는 느낌이 찜질보다 오래 가는 것 같더라고요. 꾸준히 쓰면 확실히 도움이 되는 제품이에요.,63c222b8861a,,980,프리미엄 엘보케어 팔꿈치 마사지기,149000,,기존리뷰,4,,0,0,1,"안녕하세요. 프리미엄 헬스테크 브랜드, 슬룸입니다.
시간 내어 소중한 후기를 작성해 주셔서 감사드립니다. :)

믿고 찾는 쇼핑몰이 되기 위해 더 좋은 상품과 서비스를 준비하겠습니다.
감사합니다. 💜"
115573,2026-06-06 00:00:00,,,"도면 검토하면서 같은 자세로 팔꿈치를 책상에 기대고 있는 시간이 길다 보니 팔꿈치 안쪽이 눌려서 피로해졌어요. 이 제품 꾸준히 쓰고 나서 조금씩 나아지고 있어요. 에어백이 강하게 압박해줬다 풀어주는 게 신기하고 시원해요. 온열이 겨울에 특히 좋은 것 같고, 현장 나가기 전에 한 번 쓰고 나가면 하루가 달라요. 네이비 색상이 무겁지 않고 세련돼서 마음에 들어요.",c55d14817fd6,,980,프리미엄 엘보케어 팔꿈치 마사지기,149000,,기존리뷰,5,,0,0,1,"안녕하세요. 프리미엄 헬스테크 브랜드, 슬룸입니다.
진심 어린 소중한 후기 감사합니다. 💜

앞으로도 좋은 상품과 서비스로 고객님들을 찾아뵐 수 있도록 노력하겠습니다.
감사합니다. :)"
115574,2026-06-02 00:00:00,,,"원고 마감이 몰리면 키보드에서 손을 못 떼는데, 그 시간이 팔꿈치 쪽 힘줄에 그대로 쌓이더라고요. 두드림모드로 먼저 깨워주고 주무름모드로 마무리하는 게 저만의 루틴이에요. 글 쓰다가 쉬는 시간에 잠깐 쓰면 개운해져서 집중도 더 잘 돼요. 오래 쓸 것 같은 제품이에요.",dd9f25e8da71,,980,프리미엄 엘보케어 팔꿈치 마사지기,149000,,기존리뷰,5,,0,0,1,"안녕하세요. 프리미엄 헬스테크 브랜드, 슬룸입니다.
시간 내어 소중한 후기를 작성해 주셔서 감사드립니다. :)

믿고 찾는 쇼핑몰이 되기 위해 더 좋은 상품과 서비스를 준비하겠습니다.
감사합니다. 💜"
115575,2026-06-02 00:00:00,,,동작을 직접 반복하는 일을 하다 보니 팔꿈치 힘줄 쪽이 자꾸 신호를 보냈어요. 강도를 낮게 유지하면서 오래 쓰는 게 저한테는 맞는 방법이더라고요. 온열이랑 에어백 함께 쓰면 혈액순환이 좋아지는 느낌이에요. 꾸준히 관리하면서 몸 상태가 훨씬 나아졌어요.,6600cdf66b67,,980,프리미엄 엘보케어 팔꿈치 마사지기,149000,,기존리뷰,5,,0,0,1,"안녕하세요. 프리미엄 헬스테크 브랜드, 슬룸입니다.
정성스럽게 올려주신 소중한 후기 감사합니다. 💜

고객님의 목소리로 더 발전하는 슬룸이 되도록 노력하겠습니다.
감사합니다. 🙇‍♀️"
115576,2026-06-06 00:00:00,,,"출사 가서 삼각대 세팅하고 장비 옮기는 게 반복되다 보니 팔꿈치가 다음 날 항상 묵직했어요. 이 제품 촬영 끝나고 쓰면 다음 날 훨씬 가뿐해요. 무선이라 어디서든 편하게 쓸 수 있고, 리모컨이 있어서 착용 중에 조작하기 편해요. 주무름모드가 제일 시원한 것 같고, 온열이랑 같이 켜면 진짜 마사지 받는 것 같아요. 장비 가방에 항상 챙겨요.",783bdd0ef944,,980,프리미엄 엘보케어 팔꿈치 마사지기,149000,,기존리뷰,4,,0,0,1,"안녕하세요. 프리미엄 헬스테크 브랜드, 슬룸입니다.
시간 내어 소중한 후기를 작성해 주셔서 감사드립니다. :)

믿고 찾는 쇼핑몰이 되기 위해 더 좋은 상품과 서비스를 준비하겠습니다.
감사합니다. 💜"
115577,2026-06-05 00:00:00,,,"하루 내내 같은 동작을 반복하다 보니 어느 순간 팔꿈치 쪽에서 이상한 느낌이 나더라고요. 이 제품 쓰고 나서 일과 후 회복이 훨씬 빨라진 것 같아요. 힐링모드가 부드러워서 피곤할 때 쓰기 좋고, 온열이 따뜻하게 감싸주는 게 좋아요. 에어백이 전완근까지 케어해주니까 팔꿈치 힘줄이 연결된 곳까지 풀리는 느낌이에요.",e4dd42284a6d,,980,프리미엄 엘보케어 팔꿈치 마사지기,149000,,기존리뷰,5,,0,0,1,"안녕하세요. 프리미엄 헬스테크 브랜드, 슬룸입니다.
진심 어린 소중한 후기 감사합니다. 💜

앞으로도 좋은 상품과 서비스로 고객님들을 찾아뵐 수 있도록 노력하겠습니다.
감사합니다. :)"
115578,2026-06-11 00:00:00,,,"V10 루트 시도하면서 전완근을 너무 혹사시켰는지 팔꿈치 힘줄 쪽이 당기기 시작했어요. EMS 강도가 0~15단계라 강하게 쓸 수 있어서 좋아요. 전완근 에어백이 클라이밍으로 뭉친 전완근을 풀어주는 데 딱이에요. 온열이랑 같이 쓰면 근육이 빠르게 이완되는 느낌이고요. 클라이밍 후 필수 루틴이 됐는데, 정기적으로 쓰면서 팔 상태가 많이 나아졌어요.",3394d9be0434,,980,프리미엄 엘보케어 팔꿈치 마사지기,149000,,기존리뷰,5,,0,0,1,"안녕하세요. 프리미엄 헬스테크 브랜드, 슬룸입니다.
정성스럽게 올려주신 소중한 후기 감사합니다. 💜

고객님의 목소리로 더 발전하는 슬룸이 되도록 노력하겠습니다.
감사합니다. 🙇‍♀️"
115579,2026-06-12 00:00:00,,,"영상 찍다가 소품 들고 버티는 시간이 길어지면서 팔꿈치 쪽이 무거워지기 시작했어요. 힐링모드로 촬영 후에 쓰면 개운하고, 온열이랑 같이 하면 더 좋아요. 네이비 색상이 세련돼서 영상에 나와도 이쁘더라고요. 구독자들도 많이 물어봐서 자주 추천하고 있어요.",6547d072dbd7,,980,프리미엄 엘보케어 팔꿈치 마사지기,149000,,기존리뷰,5,,0,0,1,"안녕하세요. 프리미엄 헬스테크 브랜드, 슬룸입니다.
시간 내어 소중한 후기를 작성해 주셔서 감사드립니다. :)

믿고 찾는 쇼핑몰이 되기 위해 더 좋은 상품과 서비스를 준비하겠습니다.
감사합니다. 💜"
115580,2026-06-03 00:00:00,,,"주변 사람들 케어해주느라 내 팔꿈치는 정작 방치됐다가 결국 탈이 났어요. EMS 패드 위치가 팔꿈치 양쪽을 정확히 자극하도록 돼 있고, 에어백이 전완근 전체를 케어해줘요. 온열 기능도 있어서 찜질과 마사지를 동시에 할 수 있는 게 효율적이에요. 함께 쓰는 분들한테도 추천하고 있어요.",52c083843059,,980,프리미엄 엘보케어 팔꿈치 마사지기,149000,,기존리뷰,4,,0,0,1,"안녕하세요. 프리미엄 헬스테크 브랜드, 슬룸입니다.
시간 내어 소중한 후기를 작성해 주셔서 감사드립니다. :)

믿고 찾는 쇼핑몰이 되기 위해 더 좋은 상품과 서비스를 준비하겠습니다.
감사합니다. 💜"
115581,2026-06-04 00:00:00,,,"마트 카트 밀고 끌다 보면 팔꿈치에 보이지 않는 피로가 쌓이는데 어느 날 한계가 왔어요. 이 제품 쓰고 나서 집안일 할 때 훨씬 편해졌어요. 에어백이 팔을 꽉 잡아줬다 놓아주는 느낌이 처음엔 낯설었는데 이제는 그게 시원해요. 온열이 찜질팩처럼 따뜻하게 감싸주는 게 좋고, 혼자 착용하기도 어렵지 않아요. 이제는 없으면 불안한 필수품이 됐어요.",3b89f2c0d149,,980,프리미엄 엘보케어 팔꿈치 마사지기,149000,,기존리뷰,5,,0,0,1,"안녕하세요. 프리미엄 헬스테크 브랜드, 슬룸입니다.
진심 어린 소중한 후기 감사합니다. 💜

앞으로도 좋은 상품과 서비스로 고객님들을 찾아뵐 수 있도록 노력하겠습니다.
감사합니다. :)"
115582,2026-06-02 00:00:00,,,"오래 서서 팔을 계속 쓰는 일을 반복하다 보니 팔꿈치 힘줄이 당기는 게 느껴졌어요. 이 제품 덕분에 일과 후 관리가 수월해졌어요. 모드가 다양해서 그날 상태에 맞게 쓸 수 있는 게 좋아요. 주무름모드가 진짜 손으로 눌러주는 것 같아서 특히 좋아하고, 온열이랑 같이 쓰면 더 개운해요.",ef5845b26bf5,,980,프리미엄 엘보케어 팔꿈치 마사지기,149000,,기존리뷰,5,,0,0,1,"안녕하세요. 프리미엄 헬스테크 브랜드, 슬룸입니다.
정성스럽게 올려주신 소중한 후기 감사합니다. 💜

고객님의 목소리로 더 발전하는 슬룸이 되도록 노력하겠습니다.
감사합니다. 🙇‍♀️"
115583,2026-06-11 00:00:00,,,"철골 구조물 고정하면서 팔꿈치가 계속 힘을 받다 보니 퇴근할 때쯤이면 팔이 나무 같아요. 에어백이 강하게 전완근 잡아주는 게 일하면서 뭉친 근육 풀어주는 데 최고예요. 온열도 같이 켜면 깊숙이 풀리는 느낌이고, EMS 자극이 더해지니까 신기하게 시원해요. 무겁고 힘든 일 하는 분들한테 진짜 추천하고 싶어요. 퇴근 후 필수 루틴이에요.",03d1ec63c764,,980,프리미엄 엘보케어 팔꿈치 마사지기,149000,,기존리뷰,4,,0,0,1,"안녕하세요. 프리미엄 헬스테크 브랜드, 슬룸입니다.
정성스럽게 올려주신 소중한 후기 감사합니다. 💜

고객님의 목소리로 더 발전하는 슬룸이 되도록 노력하겠습니다.
감사합니다. 🙇‍♀️"
115584,2026-06-17 00:00:00,,,"코바늘 작업에 빠져서 몇 시간씩 하다 보니 팔꿈치 힘줄 쪽이 늘어난 것처럼 뻐근했어요. 뜨개질 후에 쓰면 확실히 다음 날 상태가 달라요. 힐링모드가 부드러워서 처음 쓰는 분한테 좋고, 에어백이 전완근 마사지해주는 게 의외로 시원해요. 이제 뜨개질 바구니 옆에 항상 두고 있어요.",9023f3665b42,,980,프리미엄 엘보케어 팔꿈치 마사지기,149000,,기존리뷰,5,,0,0,1,"안녕하세요. 프리미엄 헬스테크 브랜드, 슬룸입니다.
정성스럽게 올려주신 소중한 후기 감사합니다. 💜

고객님의 목소리로 더 발전하는 슬룸이 되도록 노력하겠습니다.
감사합니다. 🙇‍♀️"
115585,2026-06-13 00:00:00,,,"어머니가 설거지하고 나면 팔을 못 쓰겠다고 하실 때마다 뭔가 해드리고 싶었는데 이 제품을 골랐어요. 조작법이 간단해서 어르신도 쉽게 쓸 수 있어요. 온열이 따뜻하게 감싸주는 게 제일 좋다고 하시고, 에어백 마사지도 시원하다고 하세요. 리모컨 버튼이 크고 간단해서 불편함 없이 쓰신대요. 효도 선물 제대로 한 것 같아요.",44f24362321c,,980,프리미엄 엘보케어 팔꿈치 마사지기,149000,,기존리뷰,5,,0,0,1,"안녕하세요. 프리미엄 헬스테크 브랜드, 슬룸입니다.
정성스럽게 올려주신 소중한 후기 감사합니다. 💜

고객님의 목소리로 더 발전하는 슬룸이 되도록 노력하겠습니다.
감사합니다. 🙇‍♀️"
115586,2026-06-12 00:00:00,,,"클릭 수십만 번이 일상인 직업인데, 결국 팔꿈치 인대가 항의하기 시작했어요. 이 제품 매일 퇴근 후에 쓰고 있는데 2주 정도 지나니까 확실히 달라지는 게 느껴졌어요. EMS 자극이 처음엔 이상했는데 이제는 그게 없으면 아쉬울 정도예요. 온열이랑 에어백까지 갖춰진 게 진짜 종합 케어예요.",6a38c2dd052f,,980,프리미엄 엘보케어 팔꿈치 마사지기,149000,,기존리뷰,5,,0,0,1,"안녕하세요. 프리미엄 헬스테크 브랜드, 슬룸입니다.
시간 내어 소중한 후기를 작성해 주셔서 감사드립니다. :)

믿고 찾는 쇼핑몰이 되기 위해 더 좋은 상품과 서비스를 준비하겠습니다.
감사합니다. 💜"
115587,2026-06-06 00:00:00,,,헬스 친구가 팔꿈치 케어 한다며 이 제품 들고 왔길래 저도 바로 따라 샀어요. 처음엔 가격 때문에 망설였는데 써보고 나니까 충분히 가치 있는 제품이에요. 에어백이 전완근을 감싸주는 느낌이 다른 마사지기랑 확실히 달라요. 온열이랑 EMS가 동시에 작동되는 게 팔꿈치 케어에 효율적인 것 같아요. 이젠 친구한테 고맙다고 했어요.,e3d5b08ad1f7,,980,프리미엄 엘보케어 팔꿈치 마사지기,149000,,기존리뷰,4,,0,0,1,"안녕하세요. 프리미엄 헬스테크 브랜드, 슬룸입니다.
정성스럽게 올려주신 소중한 후기 감사합니다. 💜

고객님의 목소리로 더 발전하는 슬룸이 되도록 노력하겠습니다.
감사합니다. 🙇‍♀️"
115588,2026-06-15 00:00:00,,,공사 현장에서 전동공구를 하루 종일 쥐고 일하다 보니 팔꿈치 힘줄이 버텨주질 않더라고요. 진동이 계속 팔꿈치로 전달되는 게 누적되면 꽤 심각해진다는 걸 이 제품 쓰면서 느꼈어요. 강도를 낮게 유지하면서 오래 쓰는 방식이 저한테 잘 맞더라고요. 온열이랑 에어백 함께 쓰면 하루 진동으로 굳어버린 팔 근육이 풀리는 느낌이에요. 현장 동료들한테도 소문이 났어요.,70e1309521f3,,980,프리미엄 엘보케어 팔꿈치 마사지기,149000,,기존리뷰,5,,0,0,1,"안녕하세요. 프리미엄 헬스테크 브랜드, 슬룸입니다.
정성스럽게 올려주신 소중한 후기 감사합니다. 💜

고객님의 목소리로 더 발전하는 슬룸이 되도록 노력하겠습니다.
감사합니다. 🙇‍♀️"
115589,2026-06-16 00:00:00,,,"망치질과 끌 작업을 반복하다 보니 팔꿈치 힘줄이 항상 팽팽하게 당겨 있었어요. 일 끝나고 쓰면 다음 날 훨씬 가뿐해요. 에어백이 강하게 잡아줬다 풀어주는 게 뭉친 전완근 풀어주는 데 딱이에요. 온열이랑 같이 켜면 근육이 빠르게 이완되는 것 같고, EMS까지 더해지니까 속까지 시원한 느낌이에요. 일하는 분들한테 진짜 추천하고 싶어요.",3628e2d09765,,980,프리미엄 엘보케어 팔꿈치 마사지기,149000,,기존리뷰,5,,0,0,1,"안녕하세요. 프리미엄 헬스테크 브랜드, 슬룸입니다.
시간 내어 소중한 후기를 작성해 주셔서 감사드립니다. :)

믿고 찾는 쇼핑몰이 되기 위해 더 좋은 상품과 서비스를 준비하겠습니다.
감사합니다. 💜"
115590,2026-06-15 00:00:00,,,"동호회에서 가장 먼저 써본 사람으로서 솔직하게 말하면, 기대 이상이에요. EMS 모드가 5가지나 돼서 질리지 않고 쓸 수 있고, 에어백이 전완근까지 케어해주는 게 포인트예요. 온열이랑 같이 쓰면 진짜 마사지샵 부럽지 않아요. 배터리가 오래 가서 매일 충전 안 해도 되는 것도 편리하고요. 동호회원들한테도 추천해줬어요.",9b6b87d6fd74,,980,프리미엄 엘보케어 팔꿈치 마사지기,149000,,기존리뷰,5,,0,0,1,"안녕하세요. 프리미엄 헬스테크 브랜드, 슬룸입니다.
정성스럽게 올려주신 소중한 후기 감사합니다. 💜

고객님의 목소리로 더 발전하는 슬룸이 되도록 노력하겠습니다.
감사합니다. 🙇‍♀️"
115591,2026-06-07 00:00:00,,,"세밀한 손 작업 시간이 늘어날수록 팔꿈치 힘줄이 예민해지는 게 느껴지더니 결국 통증이 왔어요. 주무름모드가 깊이 자극되는 느낌이라 제일 좋아하고, 온열이랑 같이 켜면 더 효과적이에요. 에어백이 전완근을 꽉 잡아줬다 놓아주는 게 신기하고 시원해요. 직업병처럼 된 팔꿈치 통증 관리에 도움이 많이 되고 있어요.",6ff64cfdbf5e,,980,프리미엄 엘보케어 팔꿈치 마사지기,149000,,기존리뷰,4,,0,0,1,"안녕하세요. 프리미엄 헬스테크 브랜드, 슬룸입니다.
시간 내어 소중한 후기를 작성해 주셔서 감사드립니다. :)

믿고 찾는 쇼핑몰이 되기 위해 더 좋은 상품과 서비스를 준비하겠습니다.
감사합니다. 💜"
115592,2026-06-12 00:00:00,,,"폼 교정 이후로 팔꿈치 쪽에 생소한 부하가 생겼는데 경기 일정이 있어서 쉴 수가 없었어요. 에어백이 전완근 마사지해주는 게 특히 좋아요. EMS 강도를 높게 설정해도 잘 전달되고 시원한 느낌이에요. 온열이랑 같이 켜면 근육 이완이 빨라지는 것 같고, 15분이면 충분히 개운해져요. 같이 운동하는 친구들한테도 추천해서 다들 쓰고 있어요.",224a7b8f697e,,980,프리미엄 엘보케어 팔꿈치 마사지기,149000,,기존리뷰,5,,0,0,1,"안녕하세요. 프리미엄 헬스테크 브랜드, 슬룸입니다.
시간 내어 소중한 후기를 작성해 주셔서 감사드립니다. :)

믿고 찾는 쇼핑몰이 되기 위해 더 좋은 상품과 서비스를 준비하겠습니다.
감사합니다. 💜"
115593,2026-06-14 00:00:00,,,"라인 속도 맞추느라 팔을 쉴 틈 없이 움직이다 보면 퇴근할 때쯤 팔꿈치가 벽돌같이 굳어 있어요. 에어백이 전완근을 꽉 잡아주는 압박감이 처음엔 강하게 느껴졌는데 적응되니까 시원해요. 온열이 겨울 공장에서 쓰면 진짜 따뜻하게 감싸주는 느낌이에요. 퇴근 후 집에서 쓰는 게 습관이 됐고, 덕분에 팔 상태가 많이 나아졌어요.",b7d94a6e12bc,,980,프리미엄 엘보케어 팔꿈치 마사지기,149000,,기존리뷰,5,,0,0,1,"안녕하세요. 프리미엄 헬스테크 브랜드, 슬룸입니다.
정성스럽게 올려주신 소중한 후기 감사합니다. 💜

고객님의 목소리로 더 발전하는 슬룸이 되도록 노력하겠습니다.
감사합니다. 🙇‍♀️"
115594,2026-06-01 00:00:00,,,"하루 100명 넘게 커트하다 보면 가위질 반복 동작이 팔꿈치에 그대로 쌓여요. 이 제품 쓰고 나서 영업 후 회복이 훨씬 빨라졌어요. 에어백이 전완근을 마사지해주는 게 의외로 효과적이에요. 온열이랑 EMS 같이 쓰면 깊숙이 풀리는 느낌이 나요. 무선이라 편하게 쓸 수 있고, 리모컨으로 조작하기도 편해요. 스텝들한테도 추천해줬어요.",63d14b58702a,,980,프리미엄 엘보케어 팔꿈치 마사지기,149000,,기존리뷰,4,,0,0,1,"안녕하세요. 프리미엄 헬스테크 브랜드, 슬룸입니다.
정성스럽게 올려주신 소중한 후기 감사합니다. 💜

고객님의 목소리로 더 발전하는 슬룸이 되도록 노력하겠습니다.
감사합니다. 🙇‍♀️"
115595,2026-06-02 00:00:00,,,"업힐 구간에서 핸들 잡는 힘이 세져서 그런지 라이딩 후 팔꿈치가 유독 무거운 날이 많아졌어요. 이 제품 라이딩 후에 쓰면 회복이 빠른 것 같아요. 에어백이 전완근을 마사지해주는 게 특히 좋고, 온열이랑 같이 켜면 더 효과적이에요. 주무름모드가 깊이 자극되는 느낌이라 운동 후에 딱이에요. 충전식이라 배터리 걱정 없이 쓸 수 있는 것도 장점이에요.",802b6842869c,,980,프리미엄 엘보케어 팔꿈치 마사지기,149000,,기존리뷰,4,,0,0,1,"안녕하세요. 프리미엄 헬스테크 브랜드, 슬룸입니다.
진심 어린 소중한 후기 감사합니다. 💜

앞으로도 좋은 상품과 서비스로 고객님들을 찾아뵐 수 있도록 노력하겠습니다.
감사합니다. :)"
115596,2026-06-11 00:00:00,,,"나이트 근무 연속 사흘 뛰고 나면 팔꿈치가 퉁퉁 부은 것처럼 둔한 느낌이 돼요. 힐링모드로 쓰면 피로가 빨리 풀리는 것 같고, 온열이랑 같이 켜면 더 좋아요. 에어백이 전완근을 마사지해주는 게 의외로 팔꿈치 케어에 중요하더라고요. 동료들한테도 추천해줬어요.",33eabc51c41d,,980,프리미엄 엘보케어 팔꿈치 마사지기,149000,,기존리뷰,5,,0,0,1,"안녕하세요. 프리미엄 헬스테크 브랜드, 슬룸입니다.
정성스럽게 올려주신 소중한 후기 감사합니다. 💜

고객님의 목소리로 더 발전하는 슬룸이 되도록 노력하겠습니다.
감사합니다. 🙇‍♀️"
115597,2026-06-08 00:00:00,,,"같은 동작을 수백 번 반복하는 게 일상이다 보니 어느 시점부터 팔꿈치 안쪽이 계속 뭉치더라고요. 이 제품 일 끝나고 쓰면 진짜 개운해요. 주무름모드가 꾹꾹 눌러주는 느낌이라 제일 좋아하고, 온열이랑 같이 켜면 더 효과적이에요. 에어백까지 같이 돌아가면 팔 전체가 케어되는 느낌이에요.",c1da96852407,,980,프리미엄 엘보케어 팔꿈치 마사지기,149000,,기존리뷰,5,,0,0,1,"안녕하세요. 프리미엄 헬스테크 브랜드, 슬룸입니다.
정성스럽게 올려주신 소중한 후기 감사합니다. 💜

고객님의 목소리로 더 발전하는 슬룸이 되도록 노력하겠습니다.
감사합니다. 🙇‍♀️"
115598,2026-06-04 00:00:00,,,천장 시공할 때 팔을 들고 있는 시간이 길어지면서 팔꿈치 통증이 생겼어요. 퇴근 후 쓰면 다음 날 훨씬 가뿐해요. 에어백이 강하게 잡아줬다 놓아주는 게 뭉친 전완근 풀어주는 데 딱이에요. 온열이랑 EMS 같이 켜면 속까지 시원한 느낌이에요. 같이 일하는 동료들한테도 추천해줬어요.,76fd53a66ec9,,980,프리미엄 엘보케어 팔꿈치 마사지기,149000,,기존리뷰,4,,0,0,1,"안녕하세요. 프리미엄 헬스테크 브랜드, 슬룸입니다.
진심 어린 소중한 후기 감사합니다. 💜

앞으로도 좋은 상품과 서비스로 고객님들을 찾아뵐 수 있도록 노력하겠습니다.
감사합니다. :)"
115599,2026-06-03 00:00:00,,,"이 분야 지식이 좀 있어서 제품 구조를 꼼꼼히 봤는데, EMS 패드 배치가 생각보다 잘 설계됐더라고요. 실제로 써보니까 에어백 설계도 팔꿈치 구조를 잘 고려한 것 같아요. 온열이랑 에어백이 동시에 작동되는 게 혈액순환에 도움이 되는 것 같고요. 강도 조절이 세밀해서 개인 컨디션에 맞게 쓸 수 있는 것도 좋아요.",4f0ae8a59548,,980,프리미엄 엘보케어 팔꿈치 마사지기,149000,,기존리뷰,5,,0,0,1,"안녕하세요. 프리미엄 헬스테크 브랜드, 슬룸입니다.
시간 내어 소중한 후기를 작성해 주셔서 감사드립니다. :)

믿고 찾는 쇼핑몰이 되기 위해 더 좋은 상품과 서비스를 준비하겠습니다.
감사합니다. 💜"
115600,2026-06-15 00:00:00,,,레시피 영상 찍다가 소스 젓고 반죽 치대는 동작이 쌓이더니 팔꿈치가 소리를 질렀어요. 힐링모드로 시작해서 주무름모드로 마무리하는 게 제 루틴이에요. 온열이랑 같이 켜면 진짜 마사지샵 부럽지 않아요. 네이비 색상이 깔끔해서 영상에 나와도 이쁘더라고요. 구독자들도 많이 물어봐서 자주 추천하고 있어요.,34b3c355c149,,980,프리미엄 엘보케어 팔꿈치 마사지기,149000,,기존리뷰,5,,0,0,1,"안녕하세요. 프리미엄 헬스테크 브랜드, 슬룸입니다.
진심 어린 소중한 후기 감사합니다. 💜

앞으로도 좋은 상품과 서비스로 고객님들을 찾아뵐 수 있도록 노력하겠습니다.
감사합니다. :)"
115601,2026-06-10 00:00:00,,,"박스 나르고 쌓는 게 하루 종일 반복되다 보니 팔꿈치 통증이 일상 자체를 위협하는 수준이 됐어요. 에어백이 전완근을 강하게 마사지해주는 게 하루 피로 회복에 최고예요. 온열이랑 EMS 같이 켜면 뭉친 게 빠르게 풀리는 것 같고, 25분 타이머 켜두고 쉬면 충분히 케어돼요. 이 제품 없이 어떻게 버텼나 싶어요.",937696f0cc54,,980,프리미엄 엘보케어 팔꿈치 마사지기,149000,,기존리뷰,5,,0,0,1,"안녕하세요. 프리미엄 헬스테크 브랜드, 슬룸입니다.
정성스럽게 올려주신 소중한 후기 감사합니다. 💜

고객님의 목소리로 더 발전하는 슬룸이 되도록 노력하겠습니다.
감사합니다. 🙇‍♀️"
115602,2026-06-05 00:00:00,,,"팔꿈치 마사지기를 여러 개 비교해봤는데 이게 기능이 제일 많더라고요. EMS, TENS, 에어백, 온열이 다 들어있는 게 차별점이에요. 실제로 써보니까 운동 후 피로 회복에 효과적이고, 모드가 다양해서 그날 상태에 맞게 쓸 수 있어요. 주변에 추천했는데 반응이 좋아요. 장기간 쓸수록 효과가 누적되는 것 같아요.",06281ab046b4,,980,프리미엄 엘보케어 팔꿈치 마사지기,149000,,기존리뷰,4,,0,0,1,"안녕하세요. 프리미엄 헬스테크 브랜드, 슬룸입니다.
정성스럽게 올려주신 소중한 후기 감사합니다. 💜

고객님의 목소리로 더 발전하는 슬룸이 되도록 노력하겠습니다.
감사합니다. 🙇‍♀️"
115603,2026-06-05 00:00:00,,,"주변에 골프 엘보로 고생하는 사람이 많길래 이 제품 알아보다가 저도 같이 구매했어요. 전완근 에어백이 골프 엘보 예방에 중요한 전완근을 케어해줘서 좋아요. EMS가 팔꿈치 관절 주변을 자극해주는 것도 좋고, 온열이랑 같이 쓰면 더 효과적이에요. 강도 조절이 세밀해서 컨디션에 맞게 쓸 수 있는 게 장점이에요. 같이 산 사람들 반응도 좋더라고요.",a1a7bf812a27,,980,프리미엄 엘보케어 팔꿈치 마사지기,149000,,기존리뷰,5,,0,0,1,"안녕하세요. 프리미엄 헬스테크 브랜드, 슬룸입니다.
정성스럽게 올려주신 소중한 후기 감사합니다. 💜

고객님의 목소리로 더 발전하는 슬룸이 되도록 노력하겠습니다.
감사합니다. 🙇‍♀️"
115604,2026-06-17 00:00:00,,,"아기를 한쪽 팔로 안다 보니 그쪽 팔꿈치만 유독 피로하고 당기는 느낌이 이어졌어요. 아이 재운 후에 쓰는 게 하루 루틴이 됐는데, 힐링모드로 부드럽게 쓰면 피로가 풀리는 느낌이에요. 온열이랑 같이 켜면 진짜 찜질하는 것 같아서 좋고, 에어백까지 돌아가면 더 개운해요. 육아로 고생하는 분들한테 추천하고 싶어요.",b0b09b2b0a07,,980,프리미엄 엘보케어 팔꿈치 마사지기,149000,,기존리뷰,5,,0,0,1,"안녕하세요. 프리미엄 헬스테크 브랜드, 슬룸입니다.
진심 어린 소중한 후기 감사합니다. 💜

앞으로도 좋은 상품과 서비스로 고객님들을 찾아뵐 수 있도록 노력하겠습니다.
감사합니다. :)"
115605,2026-06-13 00:00:00,,,"어깨 수술 후 재활하면서 팔꿈치 쪽에 보상성 피로가 누적됐는데 관리 방법이 마땅히 없었어요. EMS가 근육을 자극해주는 느낌이 좋고, 에어백이 전완근까지 케어해주는 게 종합적이에요. 온열이랑 같이 쓰면 더 효과적인 것 같고, 강도를 세밀하게 조절할 수 있어서 회복 단계에 맞게 쓸 수 있어요. 재활 중에 꼭 필요한 도구가 됐어요.",89dc7166c62c,,980,프리미엄 엘보케어 팔꿈치 마사지기,149000,,기존리뷰,5,,0,0,1,"안녕하세요. 프리미엄 헬스테크 브랜드, 슬룸입니다.
정성스럽게 올려주신 소중한 후기 감사합니다. 💜

고객님의 목소리로 더 발전하는 슬룸이 되도록 노력하겠습니다.
감사합니다. 🙇‍♀️"
115606,2026-06-16 00:00:00,,,"텃밭 가꾸면서 호미질 삽질을 반복하다 보니 어느 날 팔꿈치가 묵직하게 내려앉는 느낌이 왔어요. 에어백이 전완근을 마사지해주는 게 진짜 시원하고, 온열이랑 같이 켜면 깊숙이 풀리는 느낌이에요. EMS가 더해지니까 속까지 시원한 느낌이 나요. 농사일 하는 분들한테 강력 추천이에요.",992e9b7cbf2c,,980,프리미엄 엘보케어 팔꿈치 마사지기,149000,,기존리뷰,5,,0,0,1,"안녕하세요. 프리미엄 헬스테크 브랜드, 슬룸입니다.
시간 내어 소중한 후기를 작성해 주셔서 감사드립니다. :)

믿고 찾는 쇼핑몰이 되기 위해 더 좋은 상품과 서비스를 준비하겠습니다.
감사합니다. 💜"
115607,2026-06-03 00:00:00,,,남 팔꿈치 케어해주다가 정작 내 팔꿈치가 말썽이 생겼어요. 몸으로 하는 일이다 보니 이런 게 쌓이더라고요. 실제로 써보니 설계가 팔꿈치 구조를 잘 반영한 것 같아요. 에어백이 전완근을 케어해주는 게 힘줄 회복에 도움이 되는 것 같아요. 온열이랑 EMS 같이 쓰면 혈액순환이 좋아지는 느낌이에요.,fa1f9689d24c,,980,프리미엄 엘보케어 팔꿈치 마사지기,149000,,기존리뷰,5,,0,0,1,"안녕하세요. 프리미엄 헬스테크 브랜드, 슬룸입니다.
시간 내어 소중한 후기를 작성해 주셔서 감사드립니다. :)

믿고 찾는 쇼핑몰이 되기 위해 더 좋은 상품과 서비스를 준비하겠습니다.
감사합니다. 💜"
115608,2026-06-14 00:00:00,,,"특정 기술 연습을 집중적으로 하던 기간에 팔꿈치에 무리가 가면서 출전 자체가 불투명해졌어요. 이 제품 훈련 후 루틴으로 쓰고 있는데 회복 속도가 빨라진 것 같아요. EMS 강도를 높게 설정해도 잘 전달되고, 에어백이 강하게 전완근 잡아주는 게 좋아요. 온열이랑 같이 켜면 근육 이완이 더 빠른 것 같고요. 팀 전체로 퍼져나갔어요.",643fa4143d46,,980,프리미엄 엘보케어 팔꿈치 마사지기,149000,,기존리뷰,5,,0,0,1,"안녕하세요. 프리미엄 헬스테크 브랜드, 슬룸입니다.
정성스럽게 올려주신 소중한 후기 감사합니다. 💜

고객님의 목소리로 더 발전하는 슬룸이 되도록 노력하겠습니다.
감사합니다. 🙇‍♀️"
115609,2026-06-09 00:00:00,,,마이크 잡은 팔이 지리기 시작하더니 이후로 팔꿈치가 뻑뻑해졌어요. 두드림모드로 시작해서 힐링모드로 마무리하는 게 제 루틴이에요. 온열이랑 에어백 같이 켜두고 15분 쉬면 꽤 개운해져요. 오래 서서 팔 많이 쓰는 분들한테 추천하고 싶은 제품이에요.,21dbdeab9941,,980,프리미엄 엘보케어 팔꿈치 마사지기,149000,,기존리뷰,4,,0,0,1,"안녕하세요. 프리미엄 헬스테크 브랜드, 슬룸입니다.
시간 내어 소중한 후기를 작성해 주셔서 감사드립니다. :)

믿고 찾는 쇼핑몰이 되기 위해 더 좋은 상품과 서비스를 준비하겠습니다.
감사합니다. 💜"
115610,2026-06-14 00:00:00,,,"태클 포지션에서 팔꿈치가 자주 충격을 받다 보니 시즌 내내 팔꿈치 관리가 숙제였어요. EMS 강도가 15단계까지 있는데 저는 12~13단계로 쓰고 있어요. 에어백이 전완근을 강하게 잡아줬다 놓아주는 게 진짜 시원해요. 온열이랑 같이 켜면 더 효과적이고, 팀원들한테도 추천해서 다들 쓰고 있어요.",43a8097b8bc9,,980,프리미엄 엘보케어 팔꿈치 마사지기,149000,,기존리뷰,5,,0,0,1,"안녕하세요. 프리미엄 헬스테크 브랜드, 슬룸입니다.
진심 어린 소중한 후기 감사합니다. 💜

앞으로도 좋은 상품과 서비스로 고객님들을 찾아뵐 수 있도록 노력하겠습니다.
감사합니다. :)"
115611,2026-06-13 00:00:00,,,"꽃다발 하나 만드는 데 손목부터 팔꿈치까지 총동원되는데, 성수기 때는 진짜 한계가 와요. 하루 일 끝나고 쓰면 다음 날 훨씬 가뿐해요. 힐링모드가 부드러워서 피곤한 날 쓰기 딱이고, 온열이랑 같이 켜면 따뜻하게 감싸주는 느낌이 좋아요. 에어백이 전완근까지 케어해주니까 팔 전체가 시원해지는 것 같아요.",8f016c198a46,,980,프리미엄 엘보케어 팔꿈치 마사지기,149000,,기존리뷰,5,,0,0,1,"안녕하세요. 프리미엄 헬스테크 브랜드, 슬룸입니다.
정성스럽게 올려주신 소중한 후기 감사합니다. 💜

고객님의 목소리로 더 발전하는 슬룸이 되도록 노력하겠습니다.
감사합니다. 🙇‍♀️"
115612,2026-06-17 00:00:00,,,"칠판 가득 판서하고 나면 팔꿈치 안쪽이 당기는 게 수업 루틴처럼 돼버렸어요. 이 제품 퇴근 후에 쓰는 게 습관이 됐어요. 주무름모드로 쓰면 꾹꾹 눌러주는 느낌이 시원하고, 온열이랑 같이 켜면 더 효과적이에요. 에어백까지 같이 돌아가면 팔꿈치 주변 전체가 케어되는 것 같아요. 학교 선생님들한테도 추천해줬어요.",dee3d98e552d,,980,프리미엄 엘보케어 팔꿈치 마사지기,149000,,기존리뷰,5,,0,0,1,"안녕하세요. 프리미엄 헬스테크 브랜드, 슬룸입니다.
진심 어린 소중한 후기 감사합니다. 💜

앞으로도 좋은 상품과 서비스로 고객님들을 찾아뵐 수 있도록 노력하겠습니다.
감사합니다. :)"
115613,2026-06-03 00:00:00,,,세공 작업이 정밀할수록 팔꿈치 고정 시간이 길어지다 보니 힘줄 피로가 쌓이는 속도가 빨라졌어요. 작업 끝나고 쓰면 다음 날 더 오래 작업할 수 있는 것 같아요. 에어백이 전완근을 마사지해주는 게 의외로 효과적이에요. 온열이랑 EMS 같이 쓰면 뭉친 것들이 풀리는 느낌이 나요. 무선이라 작업실 어디서든 편하게 쓸 수 있어서 좋아요.,10e2d468ec97,,980,프리미엄 엘보케어 팔꿈치 마사지기,149000,,기존리뷰,4,,0,0,1,"안녕하세요. 프리미엄 헬스테크 브랜드, 슬룸입니다.
진심 어린 소중한 후기 감사합니다. 💜

앞으로도 좋은 상품과 서비스로 고객님들을 찾아뵐 수 있도록 노력하겠습니다.
감사합니다. :)"
115614,2026-06-17 00:00:00,,,"시범을 자주 보이는 편인데 어느 날 팔꿈치 쪽에서 이상한 느낌이 나더니 이후로 계속 예민해졌어요. 쓰고 나서 일과 후 에어백이 전완근 마사지해주는 게 진짜 시원해요. EMS 모드가 다양해서 그날 상태에 맞게 쓸 수 있고, 온열이랑 같이 켜면 더 효과적이에요. 힐링모드로 자기 전에 쓰면 수면의 질도 좋아지는 것 같아요.",c5658242750b,,980,프리미엄 엘보케어 팔꿈치 마사지기,149000,,기존리뷰,5,,0,0,1,"안녕하세요. 프리미엄 헬스테크 브랜드, 슬룸입니다.
정성스럽게 올려주신 소중한 후기 감사합니다. 💜

고객님의 목소리로 더 발전하는 슬룸이 되도록 노력하겠습니다.
감사합니다. 🙇‍♀️"
115615,2026-06-02 00:00:00,,,물건 계약 현장마다 서류 들고 뛰어다니다 보니 팔꿈치가 늘 묵직하게 쌓이더라고요. 두드림모드로 신경 깨워주고 주무름모드로 마무리하는 게 좋더라고요. 온열이랑 에어백 같이 켜면 진짜 시원하고 편안해요. 충전식이라 출장 가방에 챙겨서 다닐 수 있는 것도 장점이에요.,c8f3eb617978,,980,프리미엄 엘보케어 팔꿈치 마사지기,149000,,기존리뷰,5,,0,0,1,"안녕하세요. 프리미엄 헬스테크 브랜드, 슬룸입니다.
정성스럽게 올려주신 소중한 후기 감사합니다. 💜

고객님의 목소리로 더 발전하는 슬룸이 되도록 노력하겠습니다.
감사합니다. 🙇‍♀️"
115616,2026-06-16 00:00:00,,,"평소 수영으로 체력 관리하는데 접영 연습을 늘리면서 팔꿈치 힘줄이 당기기 시작했어요. 에어백이 전완근을 감싸주는 압박감이 딱 좋고, 온열이랑 같이 켜면 근육이 빠르게 이완되는 느낌이에요. EMS 모드가 다양해서 훈련 강도에 따라 다르게 쓸 수 있는 게 마음에 들어요. 힐링모드로 자기 전에 쓰면 다음 날 훈련도 더 잘 되는 것 같아요. 수영장 라커룸 친구들한테도 추천해줬어요.",1e80584da47a,,980,프리미엄 엘보케어 팔꿈치 마사지기,149000,,기존리뷰,4,,0,0,1,"안녕하세요. 프리미엄 헬스테크 브랜드, 슬룸입니다.
시간 내어 소중한 후기를 작성해 주셔서 감사드립니다. :)

믿고 찾는 쇼핑몰이 되기 위해 더 좋은 상품과 서비스를 준비하겠습니다.
감사합니다. 💜"
115617,2026-06-05 00:00:00,,,"집 근처 공원에서 매일 아침 달리기 후 철봉 운동을 하다 보니 팔꿈치가 버텨주질 않더라고요. 이 제품 쓰고 나서 아침 운동 후 루틴으로 자리잡았어요. 주무름모드가 꾹꾹 눌러주는 느낌이 철봉으로 뭉친 팔꿈치 근육 풀어주는 데 딱이에요. 온열이랑 같이 켜면 혈액순환이 좋아지는 느낌이고, 에어백까지 돌아가면 팔 전체가 시원해져요. 꾸준히 쓰다 보니 운동 강도를 올려도 팔꿈치 걱정이 줄었어요.",f2c592e5bc27,,980,프리미엄 엘보케어 팔꿈치 마사지기,149000,,기존리뷰,5,,0,0,1,"안녕하세요. 프리미엄 헬스테크 브랜드, 슬룸입니다.
시간 내어 소중한 후기를 작성해 주셔서 감사드립니다. :)

믿고 찾는 쇼핑몰이 되기 위해 더 좋은 상품과 서비스를 준비하겠습니다.
감사합니다. 💜"
115618,2026-06-17 05:51:47,2026-06-14 21:12:10,2026-06-16 10:49:44,발끗이 찌릿찌릿한거이 자극 제대로 입니다,,,874,발편한케어 프리미엄 고주파 발 마사지기,91000,"사이즈&세트선택: M (220-270mm), 수량선택: 발편한케어 1개",기존리뷰,5,,0,0,1,"안녕하세요. 프리미엄 헬스테크 브랜드, 슬룸입니다.
진심 어린 소중한 후기 감사합니다. 💜

앞으로도 좋은 상품과 서비스로 고객님들을 찾아뵐 수 있도록 노력하겠습니다.
감사합니다. :)"
115619,2026-06-17 07:06:00,2026-05-04 11:30:25,2026-05-05 17:34:00,기능들이나 두드림의 세기가 아주 적당합니다. 30분씩 사용하는 데 효과 좋아요,,,291,목베개 플러스 경추 목 마사지기 베개,91000,수량선택: 목베개 플러스 1개 (마그네슘 시너지 크림 30ml 1개 증정),기존리뷰,4,,1,0,1,"안녕하세요. 프리미엄 헬스테크 브랜드, 슬룸입니다.
정성스럽게 올려주신 소중한 후기 감사합니다. 💜

고객님의 목소리로 더 발전하는 슬룸이 되도록 노력하겠습니다.
감사합니다. 🙇‍♀️"
115620,2026-06-17 07:11:53,2026-06-09 22:54:45,2026-06-11 16:12:07,"잘쓰고있어요
신랑이 좋다고 시원한 느낌든다네요",,,980,프리미엄 엘보케어 팔꿈치 마사지기,149000,수량선택: 데일리 릴렉스 세트 (팔꿈치 마사지기 + 마그네슘 시너지 크림),기존리뷰,5,,0,0,1,"안녕하세요. 프리미엄 헬스테크 브랜드, 슬룸입니다.
진심 어린 소중한 후기 감사합니다. 💜

앞으로도 좋은 상품과 서비스로 고객님들을 찾아뵐 수 있도록 노력하겠습니다.
감사합니다. :)"
115621,2026-06-17 09:00:09,2026-06-14 20:36:15,2026-06-16 16:15:36,아직 첫날 사용해서 잘모르겠지만 목은 두드리는게 아니라서 시원함은 덜한데 조였다가 풀어주는 방식이라 편안하고 긴장을 풀어주는 건 괜찮아서 숙면할 수 있는거 같아요 허리는 조금 더써봐야 알겟어요,,,964,[코어 밸런스 업 세트] 허리편한케어 V2 + 목 마사지 베개 V2,242000,수량선택: 코어 밸런스 업 세트 (허리편한케어 V2 + 목 마사지 베개 V2),기존리뷰,4,,1,0,1,"안녕하세요. 프리미엄 헬스테크 브랜드, 슬룸입니다.
진심 어린 소중한 후기 감사합니다. 💜

앞으로도 좋은 상품과 서비스로 고객님들을 찾아뵐 수 있도록 노력하겠습니다.
감사합니다. :)"
115622,2026-06-17 09:04:51,2026-06-04 19:29:40,2026-06-06 13:38:46,장인어른 생일 선물로 만족 하십니다,,,645,발편한케어 프리미엄 발 마사지기,91000,"버전&세트선택: 프로, 사이즈&세트선택: F(220-270mm), 수량선택: 발편한케어 프로 1개",기존리뷰,5,,0,0,1,"안녕하세요. 프리미엄 헬스테크 브랜드, 슬룸입니다.
진심 어린 소중한 후기 감사합니다. 💜

앞으로도 좋은 상품과 서비스로 고객님들을 찾아뵐 수 있도록 노력하겠습니다.
감사합니다. :)"
115623,2026-06-17 10:00:01,2026-05-08 22:06:00,2026-05-12 15:14:00,소음이 넘 심해요 불편하기도 하고요,,,909,목 마사지 베개 V2 경추 마사지기 베개,112000,수량선택: 목 마사지 베개 V2 1개 (마그네슘 시너지 크림 30ml 1개 증정),기존리뷰,1,,0,0,1,"안녕하세요 고객님, 프리미엄 헬스테크 브랜드, 슬룸입니다.
고객님께 만족스러운 경험을 드리지 못해 대단히 죄송합니다.😥

슬룸의 모든 제품은 인체공학적으로 설계되어 편안한 사용이 가능하나 초기 사용 시 1~2주 이상의 적응 기간이 필요할 수 있습니다. 
다만 수령하신 날짜 기준으로 30일 동안 꾸준히 사용해보시고도 만족하지 못하셨을 경우에는, 슬룸에서 진행하는 <100%환불이벤트> 에 참여하여 왕복배송비 제외 전액 환불이 가능합니다.

※ 제품을 30일간 꾸준히 사용한 경우, 배송완료 후 40일이내 신청이 가능
※ 환불 서비스는 첫 구매 체험을 위한 서비스로 1회만 신청 가능

▶ <100% 환불 이벤트> 상세 환불 조건 : https://sleeplab.co.kr/notice/?q=YToxOntzOjEyOiJrZXl3b3JkX3R5cGUiO3M6MzoiYWxsIjt9&bmode=view&idx=13709226&t=board 

슬룸을 믿고 편하게 사용 및 체험해보시고, 그럼에도 만족하시지 못하셨을 경우 슬룸 공식몰의 채널톡을 통해 이벤트 기간 내 문의 주시면 환불 접수 도움드리겠습니다."
115624,2026-06-17 11:47:31,2025-06-23 13:23:35,2025-07-01 17:49:47,허리가 안좋은편인데 뻐근할때 사용하니 근육풀어주는데 도움이 됩니다.,,,100,허리편한케어 V1 허리 마사지기,129000,수량선택: 허리편한케어 V1,기존리뷰,4,,1,0,1,"안녕하세요. 프리미엄 헬스테크 브랜드, 슬룸입니다.
시간 내어 소중한 후기를 작성해 주셔서 감사드립니다. :)

믿고 찾는 쇼핑몰이 되기 위해 더 좋은 상품과 서비스를 준비하겠습니다.
감사합니다. 💜"
115625,2026-06-17 13:18:08,2026-06-13 23:45:30,2026-06-16 18:40:10,받자 마자 사용했습니다. 작동은 직감적으로 가능해서 크게 설명서 필요는 없고. 잠이 너무 잘오네요. 일단 믿음을 가지고 사용해보겠습니다. 과하게 들어 올리지 않아 좋습니다.,,,909,목 마사지 베개 V2 경추 마사지기 베개,112000,수량선택: 목 마사지 베개 V2 1개 (허리베개 1개 증정),기존리뷰,5,,1,0,1,"안녕하세요. 프리미엄 헬스테크 브랜드, 슬룸입니다.
정성스럽게 올려주신 소중한 후기 감사합니다. 💜

고객님의 목소리로 더 발전하는 슬룸이 되도록 노력하겠습니다.
감사합니다. 🙇‍♀️"
115626,2026-06-17 16:02:09,2026-06-03 13:35:10,2026-06-05 18:38:22,좋아요..좋아요..,,,966,골반 케어 프리미엄 골반 마사지기,191000,수량선택: 바디 밸런스 케어 세트 (골반 마사지기 + 허리베개) + 마그네슘 시너지 크림 1개 증정,기존리뷰,5,,0,0,1,"안녕하세요. 프리미엄 헬스테크 브랜드, 슬룸입니다.
진심 어린 소중한 후기 감사합니다. 💜

앞으로도 좋은 상품과 서비스로 고객님들을 찾아뵐 수 있도록 노력하겠습니다.
감사합니다. :)"
115627,2026-06-17 16:55:13,2026-06-14 09:23:55,2026-06-16 10:51:55,싸이즈가 탄력적으로 대응은 어려울것 같아요. 조금 아쉽네요,,,980,프리미엄 엘보케어 팔꿈치 마사지기,149000,수량선택: 데일리 릴렉스 세트 (팔꿈치 마사지기 + 마그네슘 시너지 크림),기존리뷰,4,,1,0,1,"안녕하세요 고객님, 프리미엄 헬스테크 브랜드, 슬룸입니다.
고객님께 만족스러운 경험을 드리지 못해 대단히 죄송합니다.😥

슬룸의 모든 제품은 인체공학적으로 설계되어 편안한 사용이 가능하나 초기 사용 시 1~2주 이상의 적응 기간이 필요할 수 있습니다. 
다만 수령하신 날짜 기준으로 30일 동안 꾸준히 사용해보시고도 만족하지 못하셨을 경우에는, 슬룸에서 진행하는 <100%환불이벤트> 에 참여하여 왕복배송비 제외 전액 환불이 가능합니다.

※ 제품을 30일간 꾸준히 사용한 경우, 배송완료 후 40일이내 신청이 가능
※ 환불 서비스는 첫 구매 체험을 위한 서비스로 1회만 신청 가능

▶ <100% 환불 이벤트> 상세 환불 조건 : https://sleeplab.co.kr/notice/?q=YToxOntzOjEyOiJrZXl3b3JkX3R5cGUiO3M6MzoiYWxsIjt9&bmode=view&idx=13709226&t=board 

슬룸을 믿고 편하게 사용 및 체험해보시고, 그럼에도 만족하시지 못하셨을 경우 슬룸 공식몰의 채널톡을 통해 이벤트 기간 내 문의 주시면 환불 접수 도움드리겠습니다."
115628,2026-06-17 17:00:55,2026-05-18 11:21:40,2026-05-19 13:43:13,허리 아프신 부모님댁에 보내드렸어요. 두분이서 교대로 사용하고 계세요. 사용법이 어려울까봐 걱정했는데 그래도 잘 쓰고 계시다니 좋아요.,,,636,허리편한케어 V2 허리 마사지기,131000,수량선택: 허리편한케어 V2 1개,기존리뷰,5,,0,0,1,"안녕하세요. 프리미엄 헬스테크 브랜드, 슬룸입니다.
정성스럽게 올려주신 소중한 후기 감사합니다. 💜

고객님의 목소리로 더 발전하는 슬룸이 되도록 노력하겠습니다.
감사합니다. 🙇‍♀️"
115629,2026-06-17 17:24:10,2026-04-22 05:24:35,2026-04-23 11:10:00,목디스크 있어서 팔이 많이저리는. 베게 덕분인지. 많이 편해졌습니디ㅡ,,,291,목베개 플러스 경추 목 마사지기 베개,91000,"버전&세트선택: V2, 수량선택: 목 마사지 베개 V2 1개 (마그네슘 시너지 크림 30ml 1개 증정)",기존리뷰,5,,1,0,1,"안녕하세요. 프리미엄 헬스테크 브랜드, 슬룸입니다.
시간 내어 소중한 후기를 작성해 주셔서 감사드립니다. :)

믿고 찾는 쇼핑몰이 되기 위해 더 좋은 상품과 서비스를 준비하겠습니다.
감사합니다. 💜"
115630,2026-06-17 18:19:15,2026-06-14 09:05:25,2026-06-16 13:46:12,어제 배송 잘 받았습니다 사용은 바로 목 경추베개 싸이즈 딱편안해요 플러스 허리베게 좋아요 잘 사용할거 같아요,,,291,목베개 플러스 경추 목 마사지기 베개,91000,수량선택: 목베개 플러스 1개 (허리베개 1개 증정),기존리뷰,5,,1,0,1,"안녕하세요. 프리미엄 헬스테크 브랜드, 슬룸입니다.
진심 어린 소중한 후기 감사합니다. 💜

앞으로도 좋은 상품과 서비스로 고객님들을 찾아뵐 수 있도록 노력하겠습니다.
감사합니다. :)"
115631,2026-06-17 19:36:51,2026-05-15 17:17:10,2026-05-19 11:09:00,압이 조금만 더 쎘으면 좋겠고 배터리 용량이 작은가 몇번 안했는데 방전 자주 됩니다,,,929,[타임딜] 넥숄더 프로 목 어깨 마사지기,99000,수량선택: 넥숄더 프로 1개,기존리뷰,4,,1,0,1,"안녕하세요 고객님, 프리미엄 헬스테크 브랜드, 슬룸입니다.
고객님께 만족스러운 경험을 드리지 못해 대단히 죄송합니다.😥

슬룸의 모든 제품은 인체공학적으로 설계되어 편안한 사용이 가능하나 초기 사용 시 1~2주 이상의 적응 기간이 필요할 수 있습니다. 
다만 수령하신 날짜 기준으로 30일 동안 꾸준히 사용해보시고도 만족하지 못하셨을 경우에는, 슬룸에서 진행하는 <100%환불이벤트> 에 참여하여 왕복배송비 제외 전액 환불이 가능합니다.

※ 제품을 30일간 꾸준히 사용한 경우, 배송완료 후 40일이내 신청이 가능
※ 환불 서비스는 첫 구매 체험을 위한 서비스로 1회만 신청 가능

▶ <100% 환불 이벤트> 상세 환불 조건 : https://sleeplab.co.kr/notice/?q=YToxOntzOjEyOiJrZXl3b3JkX3R5cGUiO3M6MzoiYWxsIjt9&bmode=view&idx=13709226&t=board 

슬룸을 믿고 편하게 사용 및 체험해보시고, 그럼에도 만족하시지 못하셨을 경우 슬룸 공식몰의 채널톡을 통해 이벤트 기간 내 문의 주시면 환불 접수 도움드리겠습니다."
115632,2026-06-17 20:24:43,2026-06-12 08:51:45,2026-06-13 16:14:13,적당해요 매일 두번씩 하고 있어요,,,909,목 마사지 베개 V2 경추 마사지기 베개,112000,수량선택: 목 마사지 베개 V2 1개 (허리베개 1개 증정),기존리뷰,5,,1,0,1,"안녕하세요. 프리미엄 헬스테크 브랜드, 슬룸입니다.
정성스럽게 올려주신 소중한 후기 감사합니다. 💜

고객님의 목소리로 더 발전하는 슬룸이 되도록 노력하겠습니다.
감사합니다. 🙇‍♀️"
115633,2026-06-18 01:16:05,2026-05-17 14:34:35,2026-05-19 15:48:00,"목이 불편했는데, 이 베게 사용하고나서 좋아졌어요",,,909,목 마사지 베개 V2 경추 마사지기 베개,112000,수량선택: 목 마사지 베개 V2 1개,기존리뷰,4,,1,0,1,"안녕하세요. 프리미엄 헬스테크 브랜드, 슬룸입니다.
정성스럽게 올려주신 소중한 후기 감사합니다. 💜

고객님의 목소리로 더 발전하는 슬룸이 되도록 노력하겠습니다.
감사합니다. 🙇‍♀️"
115634,2026-06-18 06:39:12,2026-06-10 21:47:58,2026-06-12 13:48:03,일자목인데 이 목베개  꾸준히 사용하면 c커버가 될꺼같네요 사용부위가 좀 아프면서 너무 시윈합니다,1901c32c0716,,909,목 마사지 베개 V2 경추 마사지기 베개,112000,수량선택: 목 마사지 베개 V2 2개 (허리베개 2개 증정),모바일,5,,0,0,1,"안녕하세요. 프리미엄 헬스테크 브랜드, 슬룸입니다.
정성스럽게 올려주신 소중한 후기 감사합니다. 💜

고객님의 목소리로 더 발전하는 슬룸이 되도록 노력하겠습니다.
감사합니다. 🙇‍♀️"
115635,2026-06-18 08:20:02,2026-06-16 10:36:10,2026-06-17 21:07:01,"목베게 플러스 먼저 사용해보고 좋아서,
허리 V2도 구매해서 처음 사용했는데
너무 좋은거예요~  쭉 사용해서 아프지 않게
살았으면 좋겠습니다 ..",13225bcb86e0,,636,허리편한케어 V2 허리 마사지기,131000,수량선택: 허리편한케어 V2 1개 (허리베개 1개 증정),모바일,5,,0,0,1,"안녕하세요. 프리미엄 헬스테크 브랜드, 슬룸입니다.
정성스럽게 올려주신 소중한 후기 감사합니다. 💜

고객님의 목소리로 더 발전하는 슬룸이 되도록 노력하겠습니다.
감사합니다. 🙇‍♀️"
115636,2026-06-18 08:40:06,2026-06-16 12:06:29,2026-06-17 16:13:27,허리협착증으로 고생을 하고 있는데 V2허리 마사지기로 허리가 편하게 하루를 보냅니다 퇴근후 피로를 풀고 증정해 주신 허리베개로 잠을 자고 나면 하루가 편안합니다 강추합니다,8e686d504274,,636,허리편한케어 V2 허리 마사지기,131000,수량선택: 허리편한케어 V2 1개 (허리베개 1개 증정),모바일,5,,0,0,1,"안녕하세요. 프리미엄 헬스테크 브랜드, 슬룸입니다.
진심 어린 소중한 후기 감사합니다. 💜

앞으로도 좋은 상품과 서비스로 고객님들을 찾아뵐 수 있도록 노력하겠습니다.
감사합니다. :)"
115637,2026-06-18 09:23:40,2026-06-15 15:16:25,2026-06-17 18:41:09,"친구꺼 잠시 사용하니 좋아서  구매했는데  배봉하구  작동한후  바로 잠들었네요 너무 좋은 제품이네요
와이프두 너무좋다구 하네요",6e6234d3e6ab,,636,허리편한케어 V2 허리 마사지기,131000,수량선택: 허리편한케어 V2 1개 (허리베개 1개 증정),반응형(내리뷰),5,,0,0,1,"안녕하세요. 프리미엄 헬스테크 브랜드, 슬룸입니다.
정성스럽게 올려주신 소중한 후기 감사합니다. 💜

고객님의 목소리로 더 발전하는 슬룸이 되도록 노력하겠습니다.
감사합니다. 🙇‍♀️"
115638,2026-06-03 00:00:00,,,테니스 치고 나면 팔꿈치가 너무 아팠는데 이거 쓰고 나서 진짜 달라졌음. EMS 처음엔 좀 찌릿한데 그게 또 시원하고 온열이랑 같이 하면 풀리는 속도가 확실히 빨라요. 강도 조절도 세세하게 되고 충전 오래가서 편함. 강추.,753ddf61a66d,,980,프리미엄 엘보케어 팔꿈치 마사지기,149000,,기존리뷰,5,,0,0,1,"안녕하세요. 프리미엄 헬스테크 브랜드, 슬룸입니다.
진심 어린 소중한 후기 감사합니다. 💜

앞으로도 좋은 상품과 서비스로 고객님들을 찾아뵐 수 있도록 노력하겠습니다.
감사합니다. :)"
115639,2026-06-06 00:00:00,,,골프 엘보 때문에 구매했습니다. 에어백이 전완근 꽉 눌러주는 게 생각보다 강하고 모드가 다양해서 상태에 따라 골라 쓸 수 있어요. 쓰고 나면 팔이 가벼워지는 게 느껴지고 충전도 오래가서 편리해요.,87ebaf253f30,,980,프리미엄 엘보케어 팔꿈치 마사지기,149000,,기존리뷰,5,,0,0,1,"안녕하세요. 프리미엄 헬스테크 브랜드, 슬룸입니다.
정성스럽게 올려주신 소중한 후기 감사합니다. 💜

고객님의 목소리로 더 발전하는 슬룸이 되도록 노력하겠습니다.
감사합니다. 🙇‍♀️"
115640,2026-06-16 00:00:00,,,키보드 직업이에요. 팔꿈치가 직업병이 됐는데 이거 쓰면서 많이 나아졌어요. 온열이 제일 좋고 15분짜리 타이머로 퇴근하고 딱 한 번씩 하는 루틴 생겼어요. 안 쓰면 허전할 것 같아요.,ada710978ca2,,980,프리미엄 엘보케어 팔꿈치 마사지기,149000,,기존리뷰,5,,0,0,1,"안녕하세요. 프리미엄 헬스테크 브랜드, 슬룸입니다.
시간 내어 소중한 후기를 작성해 주셔서 감사드립니다. :)

믿고 찾는 쇼핑몰이 되기 위해 더 좋은 상품과 서비스를 준비하겠습니다.
감사합니다. 💜"
115641,2026-06-17 00:00:00,,,헬스하다가 팔꿈치 혹사했는데 이거 진짜 좋아요!! M3 모드 자기 전에 15분씩 쓰는데 다음날 아침이 진짜 다르고 에어백이 꽉 눌러주는 것도 시원해요. 크림 바르는 거 귀찮긴 한데 효과 때문에 하게 됨ㅋㅋ,2f26d79ed128,,980,프리미엄 엘보케어 팔꿈치 마사지기,149000,,기존리뷰,4,,0,0,1,"안녕하세요. 프리미엄 헬스테크 브랜드, 슬룸입니다.
정성스럽게 올려주신 소중한 후기 감사합니다. 💜

고객님의 목소리로 더 발전하는 슬룸이 되도록 노력하겠습니다.
감사합니다. 🙇‍♀️"
115642,2026-06-11 00:00:00,,,야구 동호회. 팔꿈치 통증으로 구매. 에어백 3단계 압이 꽤 강하고 EMS 자극도 확실히 있음. 일주일째 쓰는 중인데 통증이 전보다 줄었고 온열 찜질 기능까지 있어서 만족함.,335de97de597,,980,프리미엄 엘보케어 팔꿈치 마사지기,149000,,기존리뷰,5,,0,0,1,"안녕하세요. 프리미엄 헬스테크 브랜드, 슬룸입니다.
정성스럽게 올려주신 소중한 후기 감사합니다. 💜

고객님의 목소리로 더 발전하는 슬룸이 되도록 노력하겠습니다.
감사합니다. 🙇‍♀️"
115643,2026-06-15 00:00:00,,,집안일 하다 보니까 팔꿈치가 자꾸 욱신거리더라고요~ 그래서 샀는데 온열 기능이 진짜 따뜻하고 좋아요. 리모컨 있어서 팔에 착용하고도 편하게 조절할 수 있고 에어백 압박도 딱 적당해서 만족해요~,51b26ca02bb8,,980,프리미엄 엘보케어 팔꿈치 마사지기,149000,,기존리뷰,5,,0,0,1,"안녕하세요. 프리미엄 헬스테크 브랜드, 슬룸입니다.
정성스럽게 올려주신 소중한 후기 감사합니다. 💜

고객님의 목소리로 더 발전하는 슬룸이 되도록 노력하겠습니다.
감사합니다. 🙇‍♀️"
115644,2026-06-15 00:00:00,,,테니스 엘보 진단 후 구매했어요. M4 주무름모드가 깊이 눌러주는 게 마음에 들고 타이머 기능이 있어서 쓰다가 잠들어도 괜찮아요. 쓸수록 팔이 가벼워지는 게 느껴져서 전반적으로 만족합니다.,84902e39340e,,980,프리미엄 엘보케어 팔꿈치 마사지기,149000,,기존리뷰,5,,0,0,1,"안녕하세요. 프리미엄 헬스테크 브랜드, 슬룸입니다.
진심 어린 소중한 후기 감사합니다. 💜

앞으로도 좋은 상품과 서비스로 고객님들을 찾아뵐 수 있도록 노력하겠습니다.
감사합니다. :)"
115645,2026-06-11 00:00:00,,,컴퓨터 작업 많이 하는 직장인인데요. 에어백이 생각보다 강하게 눌러주고 온열이랑 같이 하면 더 잘 풀려요. 모드가 5가지라 지루하지 않게 쓸 수 있고 리모컨 있어서 조작 편리한 괜찮은 제품이에요.,ef8b8372e7b4,,980,프리미엄 엘보케어 팔꿈치 마사지기,149000,,기존리뷰,4,,0,0,1,"안녕하세요. 프리미엄 헬스테크 브랜드, 슬룸입니다.
시간 내어 소중한 후기를 작성해 주셔서 감사드립니다. :)

믿고 찾는 쇼핑몰이 되기 위해 더 좋은 상품과 서비스를 준비하겠습니다.
감사합니다. 💜"
115646,2026-06-04 00:00:00,,,골프 엘보 때문에 샀는데 솔직히 완치되는 건 아니에요. 근데 쓰고 나면 확실히 덜 아프고 전완근이 부드러워지는 게 느껴져요. M5 두드림모드 아침에 쓰면 깨워주는 느낌이라 꾸준히 쓰면 도움이 될 것 같아요.,b14a65e3d69b,,980,프리미엄 엘보케어 팔꿈치 마사지기,149000,,기존리뷰,5,,0,0,1,"안녕하세요. 프리미엄 헬스테크 브랜드, 슬룸입니다.
정성스럽게 올려주신 소중한 후기 감사합니다. 💜

고객님의 목소리로 더 발전하는 슬룸이 되도록 노력하겠습니다.
감사합니다. 🙇‍♀️"
115647,2026-06-09 00:00:00,,,남편 선물로 샀는데 받자마자 계속 쓰더라고요ㅋㅋ 온열이 따뜻하다고 엄청 좋아하고 에어백 압이 좀 세다고 해서 1단계로 쓴다고 하더라고요. 요즘은 저도 써보자고 할 정도라 선물 완전 성공이에요.,7245ef6685cc,,980,프리미엄 엘보케어 팔꿈치 마사지기,149000,,기존리뷰,5,,0,0,1,"안녕하세요. 프리미엄 헬스테크 브랜드, 슬룸입니다.
정성스럽게 올려주신 소중한 후기 감사합니다. 💜

고객님의 목소리로 더 발전하는 슬룸이 되도록 노력하겠습니다.
감사합니다. 🙇‍♀️"
115648,2026-06-03 00:00:00,,,헬스 후 팔꿈치 열감이 심했는데 25분 켜두면 확실히 가라앉아요. EMS 자극 처음엔 강했는데 이제는 이 느낌이 좋고 온열이랑 같이 쓰면 마사지 효과가 올라가는 것 같아요. 꾸준히 쓸 것 같아요.,9dd810507138,,980,프리미엄 엘보케어 팔꿈치 마사지기,149000,,기존리뷰,4,,0,0,1,"안녕하세요. 프리미엄 헬스테크 브랜드, 슬룸입니다.
정성스럽게 올려주신 소중한 후기 감사합니다. 💜

고객님의 목소리로 더 발전하는 슬룸이 되도록 노력하겠습니다.
감사합니다. 🙇‍♀️"
115649,2026-06-07 00:00:00,,,운전 오래 하는 직업이에요. 팔꿈치 바깥쪽이 자꾸 뻐근해서 샀는데 집 와서 잠깐씩 쓰는 게 루틴이 됐어요. 온열 2단계가 딱 좋은 온도고 에어백 3단계는 좀 세지만 시원한 맛이 있어서 이게 더 좋더라고요.,ec2b1f1b8f57,,980,프리미엄 엘보케어 팔꿈치 마사지기,149000,,기존리뷰,5,,0,0,1,"안녕하세요. 프리미엄 헬스테크 브랜드, 슬룸입니다.
진심 어린 소중한 후기 감사합니다. 💜

앞으로도 좋은 상품과 서비스로 고객님들을 찾아뵐 수 있도록 노력하겠습니다.
감사합니다. :)"
115650,2026-06-15 00:00:00,,,팔꿈치 마사지기 두 개 써봤는데 이게 확실히 낫더라고요. 팔꿈치 홈에 맞게 설계된 거라 자극이 딱 집중되는 느낌이고 에어백이랑 EMS 같이 쓰면 훨씬 좋아요. 가격 대비 만족도 높아요.,a6a98c4629e1,,980,프리미엄 엘보케어 팔꿈치 마사지기,149000,,기존리뷰,5,,0,0,1,"안녕하세요. 프리미엄 헬스테크 브랜드, 슬룸입니다.
진심 어린 소중한 후기 감사합니다. 💜

앞으로도 좋은 상품과 서비스로 고객님들을 찾아뵐 수 있도록 노력하겠습니다.
감사합니다. :)"
115651,2026-06-08 00:00:00,,,전완근 에어백이 다른 제품이랑 확실히 달라요. M1 종합모드로 다 켜놓고 쓰는데 한 번에 케어되는 느낌이고 쓰고 나면 팔이 가볍고 상쾌해요. 친구한테도 이미 추천했어요.,7f11511697cc,,980,프리미엄 엘보케어 팔꿈치 마사지기,149000,,기존리뷰,5,,0,0,1,"안녕하세요. 프리미엄 헬스테크 브랜드, 슬룸입니다.
시간 내어 소중한 후기를 작성해 주셔서 감사드립니다. :)

믿고 찾는 쇼핑몰이 되기 위해 더 좋은 상품과 서비스를 준비하겠습니다.
감사합니다. 💜"
115652,2026-06-12 00:00:00,,,배드민턴 치고 나서 팔꿈치 바깥쪽이 늘 아팠는데 지금은 훨씬 나아요. EMS 자극이 처음엔 낯설었는데 이제는 그 느낌이 좋고 두드림모드 마무리가 특히 개운해요. 운동하시는 분들한테 추천이에요.,1875d2d15896,,980,프리미엄 엘보케어 팔꿈치 마사지기,149000,,기존리뷰,4,,0,0,1,"안녕하세요. 프리미엄 헬스테크 브랜드, 슬룸입니다.
시간 내어 소중한 후기를 작성해 주셔서 감사드립니다. :)

믿고 찾는 쇼핑몰이 되기 위해 더 좋은 상품과 서비스를 준비하겠습니다.
감사합니다. 💜"
115653,2026-06-14 00:00:00,,,어머니 팔꿈치 통증 때문에 선물했어요. 버튼이 직관적이라 금방 익히셨고 지금은 찜질팩 대신 이거 쓰신다고 해요. 에어백 마사지도 마음에 든다고 하셔서 잘 산 것 같아서 뿌듯합니다.,d0d9348b1d4b,,980,프리미엄 엘보케어 팔꿈치 마사지기,149000,,기존리뷰,5,,0,0,1,"안녕하세요. 프리미엄 헬스테크 브랜드, 슬룸입니다.
정성스럽게 올려주신 소중한 후기 감사합니다. 💜

고객님의 목소리로 더 발전하는 슬룸이 되도록 노력하겠습니다.
감사합니다. 🙇‍♀️"
115654,2026-06-06 00:00:00,,,골프 시작한 지 얼마 안 됐는데 팔꿈치가 아프기 시작해서 여러 제품 알아보다가 샀어요. EMS 강도 처음엔 낮게 시작해서 조금씩 올리는 게 좋고 온열이랑 같이 하면 근육이 부드러워지는 게 느껴져요. 지금은 매일 쓰고 있어요.,8c6ac4bbe782,,980,프리미엄 엘보케어 팔꿈치 마사지기,149000,,기존리뷰,5,,0,0,1,"안녕하세요. 프리미엄 헬스테크 브랜드, 슬룸입니다.
시간 내어 소중한 후기를 작성해 주셔서 감사드립니다. :)

믿고 찾는 쇼핑몰이 되기 위해 더 좋은 상품과 서비스를 준비하겠습니다.
감사합니다. 💜"
115655,2026-06-14 00:00:00,,,별 기대 없이 샀는데 의외로 좋아요. EMS가 안에서 풀어주는 느낌이 확실하고 에어백도 순환 도와주는 것 같아요. 강도 조절 폭이 넓어서 컨디션에 따라 맞출 수 있는 게 계속 쓰게 만드는 것 같아요.,8c0a125a8eaa,,980,프리미엄 엘보케어 팔꿈치 마사지기,149000,,기존리뷰,5,,0,0,1,"안녕하세요. 프리미엄 헬스테크 브랜드, 슬룸입니다.
진심 어린 소중한 후기 감사합니다. 💜

앞으로도 좋은 상품과 서비스로 고객님들을 찾아뵐 수 있도록 노력하겠습니다.
감사합니다. :)"
115656,2026-06-12 00:00:00,,,아버지 선물로 샀어요. 낚시 좋아하시는데 팔꿈치 통증이 있으셔서요. 온열 기능 엄청 좋아하셔서 매일 쓰신다고 하고 에어백 1단계로 하시는데 딱 좋다고 하세요. 선물 잘 한 것 같아요.,03e2de88846d,,980,프리미엄 엘보케어 팔꿈치 마사지기,149000,,기존리뷰,4,,0,0,1,"안녕하세요. 프리미엄 헬스테크 브랜드, 슬룸입니다.
진심 어린 소중한 후기 감사합니다. 💜

앞으로도 좋은 상품과 서비스로 고객님들을 찾아뵐 수 있도록 노력하겠습니다.
감사합니다. :)"
115657,2026-06-08 00:00:00,,,운동 좋아해서 저한테 샀는데 퀄리티가 가격보다 좋아요. 크림 바르고 써야 EMS 효과가 확실히 나더라고요. M3 힐링모드가 피곤할 때 진짜 좋고 근육 스르르 풀리는 느낌이에요.,d456d4489e0e,,980,프리미엄 엘보케어 팔꿈치 마사지기,149000,,기존리뷰,5,,0,0,1,"안녕하세요. 프리미엄 헬스테크 브랜드, 슬룸입니다.
진심 어린 소중한 후기 감사합니다. 💜

앞으로도 좋은 상품과 서비스로 고객님들을 찾아뵐 수 있도록 노력하겠습니다.
감사합니다. :)"
115658,2026-06-04 00:00:00,,,헬스 트레이너예요. EMS랑 에어백 조합이 단순 진동 마사지랑은 달라요. 강도 높여도 불쾌하지 않고 시원한 자극이고 온열 찜질까지 더하면 마사지 효과가 훨씬 풍부해져요. 회원들한테도 소개하고 싶어요.,463b7121a60f,,980,프리미엄 엘보케어 팔꿈치 마사지기,149000,,기존리뷰,5,,0,0,1,"안녕하세요. 프리미엄 헬스테크 브랜드, 슬룸입니다.
진심 어린 소중한 후기 감사합니다. 💜

앞으로도 좋은 상품과 서비스로 고객님들을 찾아뵐 수 있도록 노력하겠습니다.
감사합니다. :)"
115659,2026-06-17 00:00:00,,,목공 작업 많이 해요. 팔꿈치 통증 생겨서 샀는데 쓰고 나면 팔이 가벼워지는 게 확실해요. 리모컨 있어서 편하고 충전식이라 코드 신경 안 써도 되고 온열이 근육 이완시켜주는 것도 좋아요.,2cd69fa555b0,,980,프리미엄 엘보케어 팔꿈치 마사지기,149000,,기존리뷰,4,,0,0,1,"안녕하세요. 프리미엄 헬스테크 브랜드, 슬룸입니다.
진심 어린 소중한 후기 감사합니다. 💜

앞으로도 좋은 상품과 서비스로 고객님들을 찾아뵐 수 있도록 노력하겠습니다.
감사합니다. :)"
115660,2026-06-14 00:00:00,,,요리사예요. 퇴근하면 팔이 무거운데 이거 쓰면 많이 풀려요. 에어백이 혈액순환 도와주는 것 같고 EMS 낮은 단계부터 시작하는 게 저한테는 잘 맞았어요. 같은 직종 분들한테 진짜 추천해요.,28d63f9ae50a,,980,프리미엄 엘보케어 팔꿈치 마사지기,149000,,기존리뷰,5,,0,0,1,"안녕하세요. 프리미엄 헬스테크 브랜드, 슬룸입니다.
시간 내어 소중한 후기를 작성해 주셔서 감사드립니다. :)

믿고 찾는 쇼핑몰이 되기 위해 더 좋은 상품과 서비스를 준비하겠습니다.
감사합니다. 💜"
115661,2026-06-16 00:00:00,,,테니스 동호회 2달째 쓰고 있는데요. 통증이 눈에 띄게 줄었어요. 운동 전 M2로 워밍업하고 후에 M3로 마무리하는 게 루틴이 됐고 착용감도 편해서 운동 전후로 쓰기 딱이에요.,bf5fd9467af4,,980,프리미엄 엘보케어 팔꿈치 마사지기,149000,,기존리뷰,5,,0,0,1,"안녕하세요. 프리미엄 헬스테크 브랜드, 슬룸입니다.
진심 어린 소중한 후기 감사합니다. 💜

앞으로도 좋은 상품과 서비스로 고객님들을 찾아뵐 수 있도록 노력하겠습니다.
감사합니다. :)"
115662,2026-06-09 00:00:00,,,마우스 많이 쓰는 직업인데요. 팔꿈치 바깥이 자꾸 아팠는데 이거 쓰면서 나아졌어요. 사용법도 간단하고 온열 2단계로 쓰는 게 제일 좋고 배터리도 오래가서 편리하게 쓰고 있어요.,b453a0ea4c2c,,980,프리미엄 엘보케어 팔꿈치 마사지기,149000,,기존리뷰,5,,0,0,1,"안녕하세요. 프리미엄 헬스테크 브랜드, 슬룸입니다.
시간 내어 소중한 후기를 작성해 주셔서 감사드립니다. :)

믿고 찾는 쇼핑몰이 되기 위해 더 좋은 상품과 서비스를 준비하겠습니다.
감사합니다. 💜"
115663,2026-06-11 00:00:00,,,물리치료 받으면서 집에서 보조로 써요. 에어백이 마사지사 손이랑 비슷한 느낌이에요. EMS는 낮은 단계부터 시작하는 게 좋고 쓰고 나면 혈액순환 된다는 느낌이 와요.,bbca815e6f7c,,980,프리미엄 엘보케어 팔꿈치 마사지기,149000,,기존리뷰,4,,0,0,1,"안녕하세요. 프리미엄 헬스테크 브랜드, 슬룸입니다.
진심 어린 소중한 후기 감사합니다. 💜

앞으로도 좋은 상품과 서비스로 고객님들을 찾아뵐 수 있도록 노력하겠습니다.
감사합니다. :)"
115664,2026-06-03 00:00:00,,,40대인데 팔꿈치가 이렇게 아플 줄 몰랐어요. TV 볼 때 착용하고 있으면 되니까 좋고요. 온열이랑 EMS 같이 하면 속까지 자극되는 느낌이고 매일 저녁 루틴이 됐어요.,716f666043ad,,980,프리미엄 엘보케어 팔꿈치 마사지기,149000,,기존리뷰,5,,0,0,1,"안녕하세요. 프리미엄 헬스테크 브랜드, 슬룸입니다.
시간 내어 소중한 후기를 작성해 주셔서 감사드립니다. :)

믿고 찾는 쇼핑몰이 되기 위해 더 좋은 상품과 서비스를 준비하겠습니다.
감사합니다. 💜"
115665,2026-06-11 00:00:00,,,축구하다 팔꿈치 다쳤는데 회복하면서 썼어요. 온열 1단계로 조심스럽게 썼는데 도움됐어요. 에어백 강도 세세하게 조절되는 게 예민한 회복 시기에 맞게 쓸 수 있어서 좋았어요.,f2fe530c8733,,980,프리미엄 엘보케어 팔꿈치 마사지기,149000,,기존리뷰,5,,0,0,1,"안녕하세요. 프리미엄 헬스테크 브랜드, 슬룸입니다.
진심 어린 소중한 후기 감사합니다. 💜

앞으로도 좋은 상품과 서비스로 고객님들을 찾아뵐 수 있도록 노력하겠습니다.
감사합니다. :)"
115666,2026-06-05 00:00:00,,,배드민턴 테니스 다 하는데 팔꿈치 통증 항상 있었어요. 팔꿈치에 딱 맞는 설계가 달라요. EMS랑 에어백 같이 쓰면 전체적으로 케어되는 느낌이고 온열까지 켜면 진짜 전문 마사지 받는 느낌이에요. 강추!!,24a645fb7f6b,,980,프리미엄 엘보케어 팔꿈치 마사지기,149000,,기존리뷰,5,,0,0,1,"안녕하세요. 프리미엄 헬스테크 브랜드, 슬룸입니다.
진심 어린 소중한 후기 감사합니다. 💜

앞으로도 좋은 상품과 서비스로 고객님들을 찾아뵐 수 있도록 노력하겠습니다.
감사합니다. :)"
115667,2026-06-09 00:00:00,,,하루 종일 타이핑하면 팔꿈치 안쪽이 뻐근한데 이거 쓰면서 많이 나아졌어요. M3 시작해서 M4 마무리하는 게 루틴이 됐고 에어백이 팔 전체를 가볍게 해줘요. 충전 오래가서 매일 써도 편해요.,94c326b9b0ca,,980,프리미엄 엘보케어 팔꿈치 마사지기,149000,,기존리뷰,4,,0,0,1,"안녕하세요. 프리미엄 헬스테크 브랜드, 슬룸입니다.
정성스럽게 올려주신 소중한 후기 감사합니다. 💜

고객님의 목소리로 더 발전하는 슬룸이 되도록 노력하겠습니다.
감사합니다. 🙇‍♀️"
115668,2026-06-08 00:00:00,,,운동하면서 팔꿈치 케어를 안 했더니 결국 통증이 왔어요. EMS 자극이 기존 마사지 도구랑 확실히 다르고 에어백도 팔꿈치 주변을 감싸줘서 순환 도와주는 것 같아요. 이제 운동 루틴에 포함됐어요.,28c99e08ff7d,,980,프리미엄 엘보케어 팔꿈치 마사지기,149000,,기존리뷰,5,,0,0,1,"안녕하세요. 프리미엄 헬스테크 브랜드, 슬룸입니다.
시간 내어 소중한 후기를 작성해 주셔서 감사드립니다. :)

믿고 찾는 쇼핑몰이 되기 위해 더 좋은 상품과 서비스를 준비하겠습니다.
감사합니다. 💜"
115669,2026-06-15 00:00:00,,,오십견 치료 중에 팔꿈치도 불편해서 써봤어요. 낮은 강도부터 시작했는데 처음부터 효과 있었어요. 온열이 관절 주변 따뜻하게 데워주면서 근육이 풀리는 게 느껴지고 타이머 있어서 잠들어도 괜찮아요.,52062a3bccb8,,980,프리미엄 엘보케어 팔꿈치 마사지기,149000,,기존리뷰,5,,0,0,1,"안녕하세요. 프리미엄 헬스테크 브랜드, 슬룸입니다.
진심 어린 소중한 후기 감사합니다. 💜

앞으로도 좋은 상품과 서비스로 고객님들을 찾아뵐 수 있도록 노력하겠습니다.
감사합니다. :)"
115670,2026-06-09 00:00:00,,,클라이밍 하면서 팔꿈치가 많이 혹사됐는데 이거 쓰고 나면 다음날 회복이 확실히 빨라요. EMS가 깊숙이 자극 주고 에어백이 순환 도와줘요. 운동 후 온열은 항상 켜고 클라이밍 하시는 분들한테 추천이에요.,d439d193df3a,,980,프리미엄 엘보케어 팔꿈치 마사지기,149000,,기존리뷰,4,,0,0,1,"안녕하세요. 프리미엄 헬스테크 브랜드, 슬룸입니다.
시간 내어 소중한 후기를 작성해 주셔서 감사드립니다. :)

믿고 찾는 쇼핑몰이 되기 위해 더 좋은 상품과 서비스를 준비하겠습니다.
감사합니다. 💜"
115671,2026-06-07 00:00:00,,,출판사 마감마다 팔꿈치가 긴장했는데 이거 쓰면서 이완 시간이 생겼어요. 자기 전에 M3 힐링모드 쓰는 게 루틴이 됐고 쓰고 나면 다음날 아침이 달라요. 없으면 허전할 것 같아요.,45c53f16e5df,,980,프리미엄 엘보케어 팔꿈치 마사지기,149000,,기존리뷰,5,,0,0,1,"안녕하세요. 프리미엄 헬스테크 브랜드, 슬룸입니다.
정성스럽게 올려주신 소중한 후기 감사합니다. 💜

고객님의 목소리로 더 발전하는 슬룸이 되도록 노력하겠습니다.
감사합니다. 🙇‍♀️"
115672,2026-06-10 00:00:00,,,아들 야구 팔꿈치 통증 때문에 사줬어요. 며칠 만에 효과 있다고 좋아하더라고요. EMS랑 에어백 다 마음에 든다고 하고 온열 기능도 좋다고 해서 부모로서 잘 선택한 것 같아요.,82fb28871e21,,980,프리미엄 엘보케어 팔꿈치 마사지기,149000,,기존리뷰,5,,0,0,1,"안녕하세요. 프리미엄 헬스테크 브랜드, 슬룸입니다.
시간 내어 소중한 후기를 작성해 주셔서 감사드립니다. :)

믿고 찾는 쇼핑몰이 되기 위해 더 좋은 상품과 서비스를 준비하겠습니다.
감사합니다. 💜"
115673,2026-06-05 00:00:00,,,유도 오래 해서 팔꿈치 관절이 약한데 이거로 꾸준히 관리하고 있어요. EMS가 관절 주변 집중으로 자극하는 게 맞는 것 같고 에어백 압박감도 적당해서 꾸준히 쓸 것 같아요.,6adfba74a7c8,,980,프리미엄 엘보케어 팔꿈치 마사지기,149000,,기존리뷰,5,,0,0,1,"안녕하세요. 프리미엄 헬스테크 브랜드, 슬룸입니다.
시간 내어 소중한 후기를 작성해 주셔서 감사드립니다. :)

믿고 찾는 쇼핑몰이 되기 위해 더 좋은 상품과 서비스를 준비하겠습니다.
감사합니다. 💜"
115674,2026-06-07 00:00:00,,,농사일 많이 하면 팔꿈치가 버텨주질 못해요. 저녁에 쓰면 다음날 아침에 팔이 가볍고 에어백이 전완근 쪽까지 케어해주는 게 중요한 것 같아요. 7~8단계로 쓰는데 시원해요.,6d37fd0015cf,,980,프리미엄 엘보케어 팔꿈치 마사지기,149000,,기존리뷰,4,,0,0,1,"안녕하세요. 프리미엄 헬스테크 브랜드, 슬룸입니다.
시간 내어 소중한 후기를 작성해 주셔서 감사드립니다. :)

믿고 찾는 쇼핑몰이 되기 위해 더 좋은 상품과 서비스를 준비하겠습니다.
감사합니다. 💜"
115675,2026-06-15 00:00:00,,,미용사예요. 가위질 많이 하다 보니 팔꿈치 통증 생겼어요. 저녁에 이거 쓰면 다음날 팔이 달라요. M4 주무름모드가 깊이 자극해줘서 제일 마음에 들고 온열까지 켜면 개운해요.,b21f4621d45d,,980,프리미엄 엘보케어 팔꿈치 마사지기,149000,,기존리뷰,5,,0,0,1,"안녕하세요. 프리미엄 헬스테크 브랜드, 슬룸입니다.
시간 내어 소중한 후기를 작성해 주셔서 감사드립니다. :)

믿고 찾는 쇼핑몰이 되기 위해 더 좋은 상품과 서비스를 준비하겠습니다.
감사합니다. 💜"
115676,2026-06-14 00:00:00,,,배드민턴 동호회 팔꿈치 때문에 샀어요. EMS랑 에어백 동시에 느껴지는 게 독특하고 낮은 단계로 시작했는데 생각보다 부드러워서 금방 적응했어요. 운동 전에 쓰면 미리 풀리는 느낌이에요.,e0facf56bbf9,,980,프리미엄 엘보케어 팔꿈치 마사지기,149000,,기존리뷰,5,,0,0,1,"안녕하세요. 프리미엄 헬스테크 브랜드, 슬룸입니다.
시간 내어 소중한 후기를 작성해 주셔서 감사드립니다. :)

믿고 찾는 쇼핑몰이 되기 위해 더 좋은 상품과 서비스를 준비하겠습니다.
감사합니다. 💜"
115677,2026-06-09 00:00:00,,,책 오래 읽으면 팔꿈치를 오래 받치고 있어서 뻐근한데 이거 쓰면서 케어하고 있어요. 가벼운 강도로 에어백 쓰면 순환이 되는 것 같고 EMS가 뭉친 근육 풀어줘요. 독서하시는 분들한테도 추천이에요.,f40df85d6fd2,,980,프리미엄 엘보케어 팔꿈치 마사지기,149000,,기존리뷰,5,,0,0,1,"안녕하세요. 프리미엄 헬스테크 브랜드, 슬룸입니다.
정성스럽게 올려주신 소중한 후기 감사합니다. 💜

고객님의 목소리로 더 발전하는 슬룸이 되도록 노력하겠습니다.
감사합니다. 🙇‍♀️"
115678,2026-06-06 00:00:00,,,산악자전거 핸들 오래 잡다 보면 팔꿈치가 뻐근한데 라이딩 후 이거 쓰면 회복이 빨라요. 에어백이 전완근 케어해주는 게 포인트고 온열 찜질까지 더하면 혈액순환이 개선되는 것 같아요.,2ba363abeae5,,980,프리미엄 엘보케어 팔꿈치 마사지기,149000,,기존리뷰,4,,0,0,1,"안녕하세요. 프리미엄 헬스테크 브랜드, 슬룸입니다.
시간 내어 소중한 후기를 작성해 주셔서 감사드립니다. :)

믿고 찾는 쇼핑몰이 되기 위해 더 좋은 상품과 서비스를 준비하겠습니다.
감사합니다. 💜"
115679,2026-06-02 00:00:00,,,실험 작업 많아서 팔꿈치가 늘 피로했어요. M3 힐링모드가 조용히 풀어주는 느낌이라 좋고 배터리 오래가서 매일 써도 충전 걱정 없어요. 연구직 분들한테도 필요한 제품인 것 같아요.,5d307ab48121,,980,프리미엄 엘보케어 팔꿈치 마사지기,149000,,기존리뷰,5,,0,0,1,"안녕하세요. 프리미엄 헬스테크 브랜드, 슬룸입니다.
정성스럽게 올려주신 소중한 후기 감사합니다. 💜

고객님의 목소리로 더 발전하는 슬룸이 되도록 노력하겠습니다.
감사합니다. 🙇‍♀️"
115680,2026-06-14 00:00:00,,,스쿼시 하면서 팔꿈치 통증이 생겼어요. 팔꿈치 전용이라는 게 쓸수록 느껴지고 통증 심한 날이랑 가벼운 날 강도 다르게 쓸 수 있어서 좋아요. EMS랑 에어백 같이 켜면 팔꿈치 주변 전체가 자극받는 느낌이에요.,fbccc477f1a6,,980,프리미엄 엘보케어 팔꿈치 마사지기,149000,,기존리뷰,5,,0,0,1,"안녕하세요. 프리미엄 헬스테크 브랜드, 슬룸입니다.
시간 내어 소중한 후기를 작성해 주셔서 감사드립니다. :)

믿고 찾는 쇼핑몰이 되기 위해 더 좋은 상품과 서비스를 준비하겠습니다.
감사합니다. 💜"
115681,2026-06-14 00:00:00,,,간호사예요. 환자 이동 보조하다 보면 팔꿈치 부하 많이 가요. 퇴근 후 이거 쓰면서 루틴이 생겼고 EMS랑 에어백 같이 하면 전반적으로 풀려요. 의료 종사자들한테도 추천하고 싶어요.,d3dcdcbd9bc5,,980,프리미엄 엘보케어 팔꿈치 마사지기,149000,,기존리뷰,4,,0,0,1,"안녕하세요. 프리미엄 헬스테크 브랜드, 슬룸입니다.
진심 어린 소중한 후기 감사합니다. 💜

앞으로도 좋은 상품과 서비스로 고객님들을 찾아뵐 수 있도록 노력하겠습니다.
감사합니다. :)"
115682,2026-06-06 00:00:00,,,건설 현장 일해요. 팔꿈치 통증이 만성이 됐는데 집에서도 케어 가능한 게 좋아요. 에어백 3단계 시원하게 눌러주고 온열 찜질이 딱딱하게 굳은 근육 이완시켜줘요. 현장일 하시는 분들한테 필요한 제품이에요.,1bfe729f1645,,980,프리미엄 엘보케어 팔꿈치 마사지기,149000,,기존리뷰,5,,0,0,1,"안녕하세요. 프리미엄 헬스테크 브랜드, 슬룸입니다.
진심 어린 소중한 후기 감사합니다. 💜

앞으로도 좋은 상품과 서비스로 고객님들을 찾아뵐 수 있도록 노력하겠습니다.
감사합니다. :)"
115683,2026-06-02 00:00:00,,,필라테스 강사예요. 데모 많이 하면 팔꿈치가 지쳐요. 수업 후에 이거 쓰는데 EMS랑 에어백 조합이 좋고 온열 더하면 마사지 효과가 올라가요. 강사들한테 추천할만한 제품이에요.,c5db92484bb5,,980,프리미엄 엘보케어 팔꿈치 마사지기,149000,,기존리뷰,5,,0,0,1,"안녕하세요. 프리미엄 헬스테크 브랜드, 슬룸입니다.
정성스럽게 올려주신 소중한 후기 감사합니다. 💜

고객님의 목소리로 더 발전하는 슬룸이 되도록 노력하겠습니다.
감사합니다. 🙇‍♀️"
115684,2026-06-12 00:00:00,,,서류 작업 많은 직업이에요. 팔꿈치 통증 생겨서 샀는데 온열이랑 EMS 같이 하면 따뜻하게 풀려요. 리모컨 조절 편리하고 충전식이라 자유롭게 써요. 사무직 분들한테 추천이에요.,332c56c070fc,,980,프리미엄 엘보케어 팔꿈치 마사지기,149000,,기존리뷰,5,,0,0,1,"안녕하세요. 프리미엄 헬스테크 브랜드, 슬룸입니다.
진심 어린 소중한 후기 감사합니다. 💜

앞으로도 좋은 상품과 서비스로 고객님들을 찾아뵐 수 있도록 노력하겠습니다.
감사합니다. :)"
115685,2026-06-07 00:00:00,,,영상 편집하다 보니 팔꿈치가 뻐근해지더라고요. 편집하면서 착용하고 있으면 자연스럽게 마사지되는 느낌이고 온열 켜두면 더 편안해요. 크리에이터들한테도 추천해요.,bcfbf068a4f6,,980,프리미엄 엘보케어 팔꿈치 마사지기,149000,,기존리뷰,4,,0,0,1,"안녕하세요. 프리미엄 헬스테크 브랜드, 슬룸입니다.
정성스럽게 올려주신 소중한 후기 감사합니다. 💜

고객님의 목소리로 더 발전하는 슬룸이 되도록 노력하겠습니다.
감사합니다. 🙇‍♀️"
115686,2026-06-09 00:00:00,,,치과의사예요. 진료하다 보면 팔꿈치 많이 써요. EMS가 관절 주변 자극하고 에어백이 전완근 케어해줘요. 온열이 굳은 근육 이완시키는 데 도움되고 의료 종사자들한테도 추천할만해요.,e1a9dd76375f,,980,프리미엄 엘보케어 팔꿈치 마사지기,149000,,기존리뷰,5,,0,0,1,"안녕하세요. 프리미엄 헬스테크 브랜드, 슬룸입니다.
정성스럽게 올려주신 소중한 후기 감사합니다. 💜

고객님의 목소리로 더 발전하는 슬룸이 되도록 노력하겠습니다.
감사합니다. 🙇‍♀️"
115687,2026-06-06 00:00:00,,,요가 강사예요. 동작 지도 반복하다 보면 팔꿈치가 피로해요. EMS 자극이 근육 이완시켜주는 게 독특한 느낌이에요. 온열 더하면 몸이 가벼워지고 수업 후 케어 루틴으로 쓰고 있어요.,5a88a709c9b6,,980,프리미엄 엘보케어 팔꿈치 마사지기,149000,,기존리뷰,5,,0,0,1,"안녕하세요. 프리미엄 헬스테크 브랜드, 슬룸입니다.
정성스럽게 올려주신 소중한 후기 감사합니다. 💜

고객님의 목소리로 더 발전하는 슬룸이 되도록 노력하겠습니다.
감사합니다. 🙇‍♀️"
115688,2026-06-10 00:00:00,,,인테리어 작업하다 보면 팔꿈치 통증 생겨요. 에어백 3단계 쓰면 강하게 눌러줘서 시원하고 EMS가 깊이 자극해줘요. 온열이 더해지면 굳은 근육이 이완되는 것 같아요. 현장 일하시는 분들한테 추천이에요.,cb89324948c2,,980,프리미엄 엘보케어 팔꿈치 마사지기,149000,,기존리뷰,5,,0,0,1,"안녕하세요. 프리미엄 헬스테크 브랜드, 슬룸입니다.
정성스럽게 올려주신 소중한 후기 감사합니다. 💜

고객님의 목소리로 더 발전하는 슬룸이 되도록 노력하겠습니다.
감사합니다. 🙇‍♀️"
115689,2026-06-04 00:00:00,,,촬영 스태프예요. 카메라 장비 오래 들고 있으면 팔꿈치 먼저 지쳐요. 촬영 후 이거 쓰면 회복이 빠르고 EMS랑 에어백 동시에 하면 전체적으로 풀려요. 크루 멤버들한테도 소개할 것 같아요.,380400cd5ef9,,980,프리미엄 엘보케어 팔꿈치 마사지기,149000,,기존리뷰,4,,0,0,1,"안녕하세요. 프리미엄 헬스테크 브랜드, 슬룸입니다.
시간 내어 소중한 후기를 작성해 주셔서 감사드립니다. :)

믿고 찾는 쇼핑몰이 되기 위해 더 좋은 상품과 서비스를 준비하겠습니다.
감사합니다. 💜"
115690,2026-06-15 00:00:00,,,체육 교사예요. 시범 많이 보이다 보니 팔꿈치 통증 생겼어요. EMS가 집중 케어하고 에어백이 전완근 압박해줘요. 온열까지 더하면 마사지 효과 배가되는 것 같아요.,8b2c036e944f,,980,프리미엄 엘보케어 팔꿈치 마사지기,149000,,기존리뷰,5,,0,0,1,"안녕하세요. 프리미엄 헬스테크 브랜드, 슬룸입니다.
시간 내어 소중한 후기를 작성해 주셔서 감사드립니다. :)

믿고 찾는 쇼핑몰이 되기 위해 더 좋은 상품과 서비스를 준비하겠습니다.
감사합니다. 💜"
115691,2026-06-09 00:00:00,,,피아노 선생님이에요. 레슨 많이 하면 팔꿈치까지 긴장해요. 팔꿈치 전용 EMS가 관절 주변 효과적으로 자극하고 에어백이랑 온열 더하면 긴장이 풀려요. 음악인들한테도 좋은 케어 도구예요.,d920a140df49,,980,프리미엄 엘보케어 팔꿈치 마사지기,149000,,기존리뷰,5,,0,0,1,"안녕하세요. 프리미엄 헬스테크 브랜드, 슬룸입니다.
시간 내어 소중한 후기를 작성해 주셔서 감사드립니다. :)

믿고 찾는 쇼핑몰이 되기 위해 더 좋은 상품과 서비스를 준비하겠습니다.
감사합니다. 💜"
115692,2026-06-17 00:00:00,,,물류 창고에서 일해요. 중량 작업 반복하다 보면 팔꿈치가 못 버텨요. 에어백 3단계로 쓰고 나면 다음날 팔이 훨씬 가볍고 EMS랑 온열 찜질도 도움 돼요. 물류 종사자들한테 꼭 필요한 제품이에요.,4860841f09f1,,980,프리미엄 엘보케어 팔꿈치 마사지기,149000,,기존리뷰,4,,0,0,1,"안녕하세요. 프리미엄 헬스테크 브랜드, 슬룸입니다.
시간 내어 소중한 후기를 작성해 주셔서 감사드립니다. :)

믿고 찾는 쇼핑몰이 되기 위해 더 좋은 상품과 서비스를 준비하겠습니다.
감사합니다. 💜"
115693,2026-06-06 00:00:00,,,수영하다 팔꿈치 통증 생겨서 샀어요. EMS랑 에어백 같이 쓰면 팔꿈치 주변이 이완되고 온열이 근육 따뜻하게 데워줘서 회복이 빠른 것 같아요. 수영하시는 분들한테도 추천이에요.,698be43e59a8,,980,프리미엄 엘보케어 팔꿈치 마사지기,149000,,기존리뷰,5,,0,0,1,"안녕하세요. 프리미엄 헬스테크 브랜드, 슬룸입니다.
시간 내어 소중한 후기를 작성해 주셔서 감사드립니다. :)

믿고 찾는 쇼핑몰이 되기 위해 더 좋은 상품과 서비스를 준비하겠습니다.
감사합니다. 💜"
115694,2026-06-02 00:00:00,,,도서관 사서예요. 책 정리 많이 하면 팔꿈치가 뻐근해요. M3 힐링모드로 시작하면 서서히 풀리고 온열이랑 같이 하면 찜질하는 것 같아서 기분 좋아요. 꾸준히 쓰고 있어요.,a6368824d926,,980,프리미엄 엘보케어 팔꿈치 마사지기,149000,,기존리뷰,5,,0,0,1,"안녕하세요. 프리미엄 헬스테크 브랜드, 슬룸입니다.
진심 어린 소중한 후기 감사합니다. 💜

앞으로도 좋은 상품과 서비스로 고객님들을 찾아뵐 수 있도록 노력하겠습니다.
감사합니다. :)"
115695,2026-06-02 00:00:00,,,스케이트보드 타면서 팔꿈치 충격이 쌓였어요. 팔꿈치 전용 EMS가 확실히 자극 주고 에어백이 순환 도와줘요. 온열 찜질이 피로 회복에 도움 되는 것 같아요. 보드 타시는 분들한테도 추천이에요.,b6f51cb7100b,,980,프리미엄 엘보케어 팔꿈치 마사지기,149000,,기존리뷰,5,,0,0,1,"안녕하세요. 프리미엄 헬스테크 브랜드, 슬룸입니다.
정성스럽게 올려주신 소중한 후기 감사합니다. 💜

고객님의 목소리로 더 발전하는 슬룸이 되도록 노력하겠습니다.
감사합니다. 🙇‍♀️"
115696,2026-06-06 00:00:00,,,재봉 일 해요. 팔꿈치 통증 만성이었는데 이거 쓰면서 많이 나아졌어요. 에어백이 꾹꾹 눌러줘서 시원하고 EMS가 깊은 근육까지 자극해요. 온열 찜질 켜면 피로가 빠르게 풀리는 것 같아요.,482658d01791,,980,프리미엄 엘보케어 팔꿈치 마사지기,149000,,기존리뷰,4,,0,0,1,"안녕하세요. 프리미엄 헬스테크 브랜드, 슬룸입니다.
진심 어린 소중한 후기 감사합니다. 💜

앞으로도 좋은 상품과 서비스로 고객님들을 찾아뵐 수 있도록 노력하겠습니다.
감사합니다. :)"
115697,2026-06-05 00:00:00,,,마라톤 훈련하면서 팔 스윙이 팔꿈치에 영향 줄 줄 몰랐어요. 훈련 후 이거 쓰면 이완이 잘 되고 강도 조절 세세해서 훈련 강도에 맞게 쓸 수 있어요. 달리기 좋아하시는 분들한테도 추천이에요.,1d29a047fa35,,980,프리미엄 엘보케어 팔꿈치 마사지기,149000,,기존리뷰,5,,0,0,1,"안녕하세요. 프리미엄 헬스테크 브랜드, 슬룸입니다.
시간 내어 소중한 후기를 작성해 주셔서 감사드립니다. :)

믿고 찾는 쇼핑몰이 되기 위해 더 좋은 상품과 서비스를 준비하겠습니다.
감사합니다. 💜"
115698,2026-06-11 00:00:00,,,자동차 정비사예요. 공구 많이 쓰면 팔꿈치가 뻑뻑해지는데 이거 없으면 불편할 것 같아요. 에어백 3단계 강하게 쓰면 시원하고 EMS가 관절 주변 케어해줘요. 정비업 종사자들한테 필요한 제품이에요.,b2dfe4c1fbc8,,980,프리미엄 엘보케어 팔꿈치 마사지기,149000,,기존리뷰,5,,0,0,1,"안녕하세요. 프리미엄 헬스테크 브랜드, 슬룸입니다.
정성스럽게 올려주신 소중한 후기 감사합니다. 💜

고객님의 목소리로 더 발전하는 슬룸이 되도록 노력하겠습니다.
감사합니다. 🙇‍♀️"
115699,2026-06-12 00:00:00,,,피부과 의사예요. 시술하다 보면 팔꿈치 많이 써요. EMS랑 에어백이 근육 이완에 도움 되고 온열까지 더하면 더 효과적이에요. 의료 종사자 입장에서도 케어 도구로 활용하기 좋아요.,28221d939f1a,,980,프리미엄 엘보케어 팔꿈치 마사지기,149000,,기존리뷰,5,,0,0,1,"안녕하세요. 프리미엄 헬스테크 브랜드, 슬룸입니다.
정성스럽게 올려주신 소중한 후기 감사합니다. 💜

고객님의 목소리로 더 발전하는 슬룸이 되도록 노력하겠습니다.
감사합니다. 🙇‍♀️"
115700,2026-06-03 00:00:00,,,제빵사예요. 반죽 오래 하면 팔꿈치가 굳는데 퇴근 후 이거 필수예요. M4 주무름모드가 손으로 주무르는 것처럼 시원하고 온열이 더해지면 굳은 근육이 이완돼요.,1927110cb9ff,,980,프리미엄 엘보케어 팔꿈치 마사지기,149000,,기존리뷰,4,,0,0,1,"안녕하세요. 프리미엄 헬스테크 브랜드, 슬룸입니다.
정성스럽게 올려주신 소중한 후기 감사합니다. 💜

고객님의 목소리로 더 발전하는 슬룸이 되도록 노력하겠습니다.
감사합니다. 🙇‍♀️"
115701,2026-06-04 00:00:00,,,스키 시즌마다 팔꿈치 통증이 반복됐는데 이거 쓰면서 많이 나아졌어요. EMS랑 에어백 같이 하면 전체적으로 케어되고 온열이 차가운 팔 데워줘서 좋아요. 스키 타시는 분들한테도 추천이에요.,7fa112763065,,980,프리미엄 엘보케어 팔꿈치 마사지기,149000,,기존리뷰,5,,0,0,1,"안녕하세요. 프리미엄 헬스테크 브랜드, 슬룸입니다.
시간 내어 소중한 후기를 작성해 주셔서 감사드립니다. :)

믿고 찾는 쇼핑몰이 되기 위해 더 좋은 상품과 서비스를 준비하겠습니다.
감사합니다. 💜"
115702,2026-06-02 00:00:00,,,패션 디자이너예요. 드로잉 오래 하면 팔꿈치가 먼저 피곤해져요. 이거 쓰면서 작업 후 케어가 가능해졌어요. M3 힐링모드로 시작하면 이완되고 온열이 더해지면 긴장이 풀려요.,31ff25cb50e5,,980,프리미엄 엘보케어 팔꿈치 마사지기,149000,,기존리뷰,5,,0,0,1,"안녕하세요. 프리미엄 헬스테크 브랜드, 슬룸입니다.
진심 어린 소중한 후기 감사합니다. 💜

앞으로도 좋은 상품과 서비스로 고객님들을 찾아뵐 수 있도록 노력하겠습니다.
감사합니다. :)"
115703,2026-06-11 00:00:00,,,소방관이에요. 장비 들고 뛰어다니면 팔꿈치가 혹사돼요. 에어백 3단계로 눌러주고 EMS로 근육 자극하면 피로 회복에 도움 돼요. 온열 찜질까지 더하면 개운하고 소방관들한테도 필요한 제품이에요.,8b0bcdad8971,,980,프리미엄 엘보케어 팔꿈치 마사지기,149000,,기존리뷰,4,,0,0,1,"안녕하세요. 프리미엄 헬스테크 브랜드, 슬룸입니다.
진심 어린 소중한 후기 감사합니다. 💜

앞으로도 좋은 상품과 서비스로 고객님들을 찾아뵐 수 있도록 노력하겠습니다.
감사합니다. :)"
115704,2026-06-17 00:00:00,,,악기 연주자예요. 연주 끝나면 팔꿈치가 아프더라고요. 팔꿈치 전용 EMS가 관절 주변 자극하고 에어백이랑 온열 더하면 근육 이완돼요. 음악인들한테도 케어 도구로 추천하고 싶어요.,b8d1ccd9f3da,,980,프리미엄 엘보케어 팔꿈치 마사지기,149000,,기존리뷰,5,,0,0,1,"안녕하세요. 프리미엄 헬스테크 브랜드, 슬룸입니다.
시간 내어 소중한 후기를 작성해 주셔서 감사드립니다. :)

믿고 찾는 쇼핑몰이 되기 위해 더 좋은 상품과 서비스를 준비하겠습니다.
감사합니다. 💜"
115705,2026-06-13 00:00:00,,,수상스포츠 즐기다가 팔꿈치에 무리가 생겼어요. 활동 후 이거 쓰면 이완이 잘 되고 EMS랑 에어백 같이 하면 전체적으로 풀려요. 강도 조절 세세해서 컨디션에 맞게 쓸 수 있어요.,e0a98a2b6921,,980,프리미엄 엘보케어 팔꿈치 마사지기,149000,,기존리뷰,5,,0,0,1,"안녕하세요. 프리미엄 헬스테크 브랜드, 슬룸입니다.
진심 어린 소중한 후기 감사합니다. 💜

앞으로도 좋은 상품과 서비스로 고객님들을 찾아뵐 수 있도록 노력하겠습니다.
감사합니다. :)"
115706,2026-06-12 00:00:00,,,택배 기사예요. 물건 하루 종일 들다 보면 팔꿈치 통증 심해요. 집에서 케어 가능한 게 최대 장점이에요. 에어백 3단계 꽉 눌러주면 시원하고 EMS가 깊이 자극해줘요.,7f0b876d3547,,980,프리미엄 엘보케어 팔꿈치 마사지기,149000,,기존리뷰,5,,0,0,1,"안녕하세요. 프리미엄 헬스테크 브랜드, 슬룸입니다.
진심 어린 소중한 후기 감사합니다. 💜

앞으로도 좋은 상품과 서비스로 고객님들을 찾아뵐 수 있도록 노력하겠습니다.
감사합니다. :)"
115707,2026-06-06 00:00:00,,,그래픽 작업 오래 하면 팔꿈치 뻐근함이 생겨요. M3 힐링모드로 부드럽게 쓰면 이완되고 EMS랑 온열 같이 켜면 긴장이 풀려요. 크리에이티브 종사자들한테도 추천이에요.,5f394ba283c6,,980,프리미엄 엘보케어 팔꿈치 마사지기,149000,,기존리뷰,4,,0,0,1,"안녕하세요. 프리미엄 헬스테크 브랜드, 슬룸입니다.
정성스럽게 올려주신 소중한 후기 감사합니다. 💜

고객님의 목소리로 더 발전하는 슬룸이 되도록 노력하겠습니다.
감사합니다. 🙇‍♀️"
115708,2026-06-15 00:00:00,,,골키퍼 출신 코치예요. 팔꿈치 관리가 중요한데 이거 팔꿈치 전용 설계라 효과적이에요. EMS랑 에어백 같이 하면 전체적으로 케어받는 느낌이고 컨디션에 따라 강도 조절해서 쓰고 있어요.,14e0ba711b6b,,980,프리미엄 엘보케어 팔꿈치 마사지기,149000,,기존리뷰,5,,0,0,1,"안녕하세요. 프리미엄 헬스테크 브랜드, 슬룸입니다.
진심 어린 소중한 후기 감사합니다. 💜

앞으로도 좋은 상품과 서비스로 고객님들을 찾아뵐 수 있도록 노력하겠습니다.
감사합니다. :)"
115709,2026-06-16 00:00:00,,,도예 취미로 하는데 흙 작업 후 팔꿈치 주변이 뭉쳐요. M4 주무름모드가 시원하게 눌러주고 에어백이랑 온열 더하면 굳은 근육이 이완돼요. 취미 활동 후 케어로 딱이에요.,0dca572cc157,,980,프리미엄 엘보케어 팔꿈치 마사지기,149000,,기존리뷰,5,,0,0,1,"안녕하세요. 프리미엄 헬스테크 브랜드, 슬룸입니다.
진심 어린 소중한 후기 감사합니다. 💜

앞으로도 좋은 상품과 서비스로 고객님들을 찾아뵐 수 있도록 노력하겠습니다.
감사합니다. :)"
115710,2026-06-15 00:00:00,,,복싱 훈련 강도 올라갈수록 팔꿈치 통증도 같이 올라가더라고요. 훈련 후 이거 쓰면 이완이 잘 되고 EMS랑 에어백 같이 하면 팔꿈치 주변 전체가 풀려요. 격투기 하시는 분들한테 추천이에요.,0f9cde53ff70,,980,프리미엄 엘보케어 팔꿈치 마사지기,149000,,기존리뷰,5,,0,0,1,"안녕하세요. 프리미엄 헬스테크 브랜드, 슬룸입니다.
시간 내어 소중한 후기를 작성해 주셔서 감사드립니다. :)

믿고 찾는 쇼핑몰이 되기 위해 더 좋은 상품과 서비스를 준비하겠습니다.
감사합니다. 💜"
115711,2026-06-07 00:00:00,,,영양사인데 사무 작업도 많아서 팔꿈치 통증 생겼어요. M3 힐링모드로 쓰면 이완되고 EMS랑 온열 같이 켜면 긴장이 풀려요. 사무직 분들한테도 추천이에요.,0a102b8b1aa0,,980,프리미엄 엘보케어 팔꿈치 마사지기,149000,,기존리뷰,4,,0,0,1,"안녕하세요. 프리미엄 헬스테크 브랜드, 슬룸입니다.
시간 내어 소중한 후기를 작성해 주셔서 감사드립니다. :)

믿고 찾는 쇼핑몰이 되기 위해 더 좋은 상품과 서비스를 준비하겠습니다.
감사합니다. 💜"
115712,2026-06-12 00:00:00,,,볼링 꾸준히 하다 팔꿈치에 자극이 쌓였어요. EMS랑 에어백 같이 하면 이완이 잘 되고 강도 조절 세세해서 컨디션에 맞게 쓸 수 있어요. 볼링 즐기시는 분들한테도 추천이에요.,f51664ad5c98,,980,프리미엄 엘보케어 팔꿈치 마사지기,149000,,기존리뷰,5,,0,0,1,"안녕하세요. 프리미엄 헬스테크 브랜드, 슬룸입니다.
정성스럽게 올려주신 소중한 후기 감사합니다. 💜

고객님의 목소리로 더 발전하는 슬룸이 되도록 노력하겠습니다.
감사합니다. 🙇‍♀️"
115713,2026-06-14 00:00:00,,,칠판 판서 많이 하면 팔꿈치 안쪽이 뻐근한데 M3 힐링모드로 쓰면 이완돼요. 온열 더하면 긴장이 풀리고 충전식이라 편하게 쓸 수 있어요. 선생님들한테 추천이에요.,37d1cb214901,,980,프리미엄 엘보케어 팔꿈치 마사지기,149000,,기존리뷰,5,,0,0,1,"안녕하세요. 프리미엄 헬스테크 브랜드, 슬룸입니다.
정성스럽게 올려주신 소중한 후기 감사합니다. 💜

고객님의 목소리로 더 발전하는 슬룸이 되도록 노력하겠습니다.
감사합니다. 🙇‍♀️"
115714,2026-06-01 00:00:00,,,서핑 패들링이 팔꿈치에 영향 줄 줄 몰랐어요. EMS랑 에어백 같이 하면 이완이 잘 되고 온열이 바닷물로 차가워진 팔 데워줘서 더 좋아요. 서핑 즐기시는 분들한테도 추천이에요.,b9ee79f18ec4,,980,프리미엄 엘보케어 팔꿈치 마사지기,149000,,기존리뷰,4,,0,0,1,"안녕하세요. 프리미엄 헬스테크 브랜드, 슬룸입니다.
정성스럽게 올려주신 소중한 후기 감사합니다. 💜

고객님의 목소리로 더 발전하는 슬룸이 되도록 노력하겠습니다.
감사합니다. 🙇‍♀️"
115715,2026-06-02 00:00:00,,,전기 기사예요. 작업하다 보면 팔꿈치 많이 써요. 에어백 3단계로 시원하게 누르고 EMS로 근육 자극하면 피로 회복에 도움 돼요. 기술직 종사자들한테도 추천이에요.,52cd0d91ac2a,,980,프리미엄 엘보케어 팔꿈치 마사지기,149000,,기존리뷰,4,,0,0,1,"안녕하세요. 프리미엄 헬스테크 브랜드, 슬룸입니다.
정성스럽게 올려주신 소중한 후기 감사합니다. 💜

고객님의 목소리로 더 발전하는 슬룸이 되도록 노력하겠습니다.
감사합니다. 🙇‍♀️"
115716,2026-06-11 00:00:00,,,드럼 연습 오래 하면 팔꿈치 주변이 달아올라요. EMS가 관절 주변 집중 케어하고 에어백이 전완근 감싸줘요. 온열 더하면 근육이 이완되는 것 같아요. 드러머들한테도 케어 도구로 추천이에요.,e30db20fa3b4,,980,프리미엄 엘보케어 팔꿈치 마사지기,149000,,기존리뷰,5,,0,0,1,"안녕하세요. 프리미엄 헬스테크 브랜드, 슬룸입니다.
시간 내어 소중한 후기를 작성해 주셔서 감사드립니다. :)

믿고 찾는 쇼핑몰이 되기 위해 더 좋은 상품과 서비스를 준비하겠습니다.
감사합니다. 💜"
115717,2026-06-08 00:00:00,,,아이스하키 스틱 오래 잡다 보면 팔꿈치가 굳어요. EMS랑 에어백 같이 하면 이완이 잘 되고 온열이 얼음 경기 후 차가운 팔 따뜻하게 데워줘요. 아이스하키 하시는 분들한테도 추천이에요.,c21d4f1fbaa6,,980,프리미엄 엘보케어 팔꿈치 마사지기,149000,,기존리뷰,5,,0,0,1,"안녕하세요. 프리미엄 헬스테크 브랜드, 슬룸입니다.
시간 내어 소중한 후기를 작성해 주셔서 감사드립니다. :)

믿고 찾는 쇼핑몰이 되기 위해 더 좋은 상품과 서비스를 준비하겠습니다.
감사합니다. 💜"
115718,2026-06-04 00:00:00,,,한의사예요. 침술 시술하면서 팔꿈치 피로가 쌓여요. 혈액순환 개선에 도움이 되는 것 같고 EMS랑 에어백이 이완에 도움 돼요. 온열 찜질까지 더하면 마사지 효과가 풍부해져요.,9c08f00bd286,,980,프리미엄 엘보케어 팔꿈치 마사지기,149000,,기존리뷰,4,,0,0,1,"안녕하세요. 프리미엄 헬스테크 브랜드, 슬룸입니다.
시간 내어 소중한 후기를 작성해 주셔서 감사드립니다. :)

믿고 찾는 쇼핑몰이 되기 위해 더 좋은 상품과 서비스를 준비하겠습니다.
감사합니다. 💜"
115719,2026-06-03 00:00:00,,,웨이트 코치예요. 시범 동작 반복하다 보면 팔꿈치 부하가 와요. EMS랑 에어백 같이 하면 이완이 잘 되고 강도 조절 가능해서 피로도에 맞게 쓸 수 있어요. 피트니스 관계자들한테 추천이에요.,a04367d965fd,,980,프리미엄 엘보케어 팔꿈치 마사지기,149000,,기존리뷰,5,,0,0,1,"안녕하세요. 프리미엄 헬스테크 브랜드, 슬룸입니다.
정성스럽게 올려주신 소중한 후기 감사합니다. 💜

고객님의 목소리로 더 발전하는 슬룸이 되도록 노력하겠습니다.
감사합니다. 🙇‍♀️"
115720,2026-06-15 00:00:00,,,게임 오래 하다 팔꿈치 통증 생겼어요. 뭔가 해야겠다 싶어서 샀는데 M3 힐링모드로 쓰면 이완이 잘 돼요. EMS랑 온열 더하면 긴장 풀리고 게이머들한테도 추천이에요.,c9caf6ee5833,,980,프리미엄 엘보케어 팔꿈치 마사지기,149000,,기존리뷰,5,,0,0,1,"안녕하세요. 프리미엄 헬스테크 브랜드, 슬룸입니다.
진심 어린 소중한 후기 감사합니다. 💜

앞으로도 좋은 상품과 서비스로 고객님들을 찾아뵐 수 있도록 노력하겠습니다.
감사합니다. :)"
115721,2026-06-10 00:00:00,,,양궁 훈련하면서 팔꿈치 안쪽 피로가 쌓여요. EMS랑 에어백 같이 하면 이완이 잘 되고 강도 조절 세세해서 컨디션에 맞게 쓸 수 있어요. 양궁 하시는 분들한테도 추천이에요.,978cc7494950,,980,프리미엄 엘보케어 팔꿈치 마사지기,149000,,기존리뷰,5,,0,0,1,"안녕하세요. 프리미엄 헬스테크 브랜드, 슬룸입니다.
진심 어린 소중한 후기 감사합니다. 💜

앞으로도 좋은 상품과 서비스로 고객님들을 찾아뵐 수 있도록 노력하겠습니다.
감사합니다. :)"
115722,2026-06-05 00:00:00,,,조각 취미인데 작업 후 팔꿈치 주변이 뭉쳐요. M4 주무름모드가 시원하게 눌러주고 에어백이랑 온열 더하면 굳은 근육이 이완돼요. 취미 작업 후 케어로 좋아요.,4d017d4532f6,,980,프리미엄 엘보케어 팔꿈치 마사지기,149000,,기존리뷰,4,,0,0,1,"안녕하세요. 프리미엄 헬스테크 브랜드, 슬룸입니다.
진심 어린 소중한 후기 감사합니다. 💜

앞으로도 좋은 상품과 서비스로 고객님들을 찾아뵐 수 있도록 노력하겠습니다.
감사합니다. :)"
115723,2026-06-05 00:00:00,,,철봉 매달리기 반복하면 팔꿈치 관절이 뻐근해요. EMS랑 에어백 같이 하면 이완이 잘 되고 온열 더하면 근육 회복이 빨라요. 맨몸운동 하시는 분들한테도 추천이에요.,b2d75c119642,,980,프리미엄 엘보케어 팔꿈치 마사지기,149000,,기존리뷰,5,,0,0,1,"안녕하세요. 프리미엄 헬스테크 브랜드, 슬룸입니다.
시간 내어 소중한 후기를 작성해 주셔서 감사드립니다. :)

믿고 찾는 쇼핑몰이 되기 위해 더 좋은 상품과 서비스를 준비하겠습니다.
감사합니다. 💜"
115724,2026-06-17 00:00:00,,,기자예요. 현장 취재 후 메모 많이 하면 팔꿈치 안쪽이 신경 쓰여요. M3 힐링모드로 쓰면 이완되고 EMS랑 온열 더하면 긴장 풀려요. 언론인들한테도 추천이에요.,b03ab7377206,,980,프리미엄 엘보케어 팔꿈치 마사지기,149000,,기존리뷰,5,,0,0,1,"안녕하세요. 프리미엄 헬스테크 브랜드, 슬룸입니다.
진심 어린 소중한 후기 감사합니다. 💜

앞으로도 좋은 상품과 서비스로 고객님들을 찾아뵐 수 있도록 노력하겠습니다.
감사합니다. :)"
115725,2026-06-13 00:00:00,,,조정 훈련하면서 팔꿈치 통증이 생겼어요. EMS랑 에어백 같이 하면 이완이 잘 되고 강도 조절 가능해서 훈련 강도에 맞게 쓸 수 있어요. 조정하시는 분들한테도 추천이에요.,0a7c8c05411c,,980,프리미엄 엘보케어 팔꿈치 마사지기,149000,,기존리뷰,5,,0,0,1,"안녕하세요. 프리미엄 헬스테크 브랜드, 슬룸입니다.
진심 어린 소중한 후기 감사합니다. 💜

앞으로도 좋은 상품과 서비스로 고객님들을 찾아뵐 수 있도록 노력하겠습니다.
감사합니다. :)"
115726,2026-06-16 00:00:00,,,제과 제빵 배우는 중인데 실습 많은 날은 팔이 퉁퉁 붓는 느낌이에요. M3 힐링모드로 쓰면 이완되고 EMS랑 온열 더하면 긴장이 풀려요. 제빵 배우시는 분들한테도 추천이에요.,7056f38d672d,,980,프리미엄 엘보케어 팔꿈치 마사지기,149000,,기존리뷰,5,,0,0,1,"안녕하세요. 프리미엄 헬스테크 브랜드, 슬룸입니다.
진심 어린 소중한 후기 감사합니다. 💜

앞으로도 좋은 상품과 서비스로 고객님들을 찾아뵐 수 있도록 노력하겠습니다.
감사합니다. :)"
115727,2026-06-03 00:00:00,,,소믈리에예요. 병 운반 자주 하다 보면 팔꿈치 주변이 뭉쳐요. M4 주무름모드가 시원하게 눌러주고 온열 더하면 굳은 근육이 이완돼요. 서비스업 종사자들한테도 추천이에요.,f83e23f957f7,,980,프리미엄 엘보케어 팔꿈치 마사지기,149000,,기존리뷰,5,,0,0,1,"안녕하세요. 프리미엄 헬스테크 브랜드, 슬룸입니다.
정성스럽게 올려주신 소중한 후기 감사합니다. 💜

고객님의 목소리로 더 발전하는 슬룸이 되도록 노력하겠습니다.
감사합니다. 🙇‍♀️"
115728,2026-06-14 00:00:00,,,패러글라이딩 하다가 팔꿈치 통증 생겼어요. EMS랑 에어백 같이 하면 이완이 잘 되고 강도 조절 세세해서 컨디션에 맞게 쓸 수 있어요. 패러글라이딩 즐기시는 분들한테도 추천이에요.,1400de8226ea,,980,프리미엄 엘보케어 팔꿈치 마사지기,149000,,기존리뷰,5,,0,0,1,"안녕하세요. 프리미엄 헬스테크 브랜드, 슬룸입니다.
정성스럽게 올려주신 소중한 후기 감사합니다. 💜

고객님의 목소리로 더 발전하는 슬룸이 되도록 노력하겠습니다.
감사합니다. 🙇‍♀️"
115729,2026-06-09 00:00:00,,,통역사예요. 메모 작업 많다 보면 팔꿈치가 뻐근해져요. M3 힐링모드로 쓰면 이완되고 EMS랑 온열 더하면 긴장이 풀려요. 언어 관련 직종 분들한테도 추천이에요.,5dd41ebdcc56,,980,프리미엄 엘보케어 팔꿈치 마사지기,149000,,기존리뷰,4,,0,0,1,"안녕하세요. 프리미엄 헬스테크 브랜드, 슬룸입니다.
진심 어린 소중한 후기 감사합니다. 💜

앞으로도 좋은 상품과 서비스로 고객님들을 찾아뵐 수 있도록 노력하겠습니다.
감사합니다. :)"
115730,2026-06-14 00:00:00,,,철인3종 훈련하면서 팔꿈치 피로가 제일 먼저 느껴져요. EMS랑 에어백 같이 하면 이완이 잘 되고 온열이 근육 회복 도와줘요. 트라이애슬론 하시는 분들한테도 추천이에요.,252eb464be55,,980,프리미엄 엘보케어 팔꿈치 마사지기,149000,,기존리뷰,5,,0,0,1,"안녕하세요. 프리미엄 헬스테크 브랜드, 슬룸입니다.
시간 내어 소중한 후기를 작성해 주셔서 감사드립니다. :)

믿고 찾는 쇼핑몰이 되기 위해 더 좋은 상품과 서비스를 준비하겠습니다.
감사합니다. 💜"
115731,2026-06-13 00:00:00,,,조리사예요. 칼질 오래 하면 팔꿈치 주변이 굳어요. 퇴근 후 이거 없으면 불편할 것 같아요. M4 주무름모드가 시원하게 눌러주고 에어백이랑 온열 더하면 굳은 근육이 이완돼요.,bd6f784f0a83,,980,프리미엄 엘보케어 팔꿈치 마사지기,149000,,기존리뷰,5,,0,0,1,"안녕하세요. 프리미엄 헬스테크 브랜드, 슬룸입니다.
정성스럽게 올려주신 소중한 후기 감사합니다. 💜

고객님의 목소리로 더 발전하는 슬룸이 되도록 노력하겠습니다.
감사합니다. 🙇‍♀️"
115732,2026-06-17 00:00:00,,,다이빙 하다 보면 팔꿈치에 충격이 쌓여요. EMS랑 에어백 같이 하면 이완이 잘 되고 온열이 차가운 팔 따뜻하게 데워줘요. 다이빙 즐기시는 분들한테도 추천이에요.,0f337020bf24,,980,프리미엄 엘보케어 팔꿈치 마사지기,149000,,기존리뷰,5,,0,0,1,"안녕하세요. 프리미엄 헬스테크 브랜드, 슬룸입니다.
정성스럽게 올려주신 소중한 후기 감사합니다. 💜

고객님의 목소리로 더 발전하는 슬룸이 되도록 노력하겠습니다.
감사합니다. 🙇‍♀️"
115733,2026-06-03 00:00:00,,,뮤지컬 배우예요. 연습이 길어지면 팔꿈치가 먼저 힘들어요. M3 힐링모드로 쓰면 이완되고 EMS랑 온열 더하면 긴장이 풀려요. 공연 예술가들한테도 추천이에요.,f8ac78bc8e67,,980,프리미엄 엘보케어 팔꿈치 마사지기,149000,,기존리뷰,4,,0,0,1,"안녕하세요. 프리미엄 헬스테크 브랜드, 슬룸입니다.
진심 어린 소중한 후기 감사합니다. 💜

앞으로도 좋은 상품과 서비스로 고객님들을 찾아뵐 수 있도록 노력하겠습니다.
감사합니다. :)"
115734,2026-06-17 00:00:00,,,태권도 사범이에요. 지도하다 보면 팔꿈치 부담이 쌓여요. EMS랑 에어백 같이 하면 이완이 잘 되고 강도 조절 세세해서 운동 강도에 맞게 쓸 수 있어요. 무도 관계자들한테도 추천이에요.,b248c7416e22,,980,프리미엄 엘보케어 팔꿈치 마사지기,149000,,기존리뷰,5,,0,0,1,"안녕하세요. 프리미엄 헬스테크 브랜드, 슬룸입니다.
정성스럽게 올려주신 소중한 후기 감사합니다. 💜

고객님의 목소리로 더 발전하는 슬룸이 되도록 노력하겠습니다.
감사합니다. 🙇‍♀️"
115735,2026-06-02 00:00:00,,,평소에 팔꿈치 통증이 있었는데 지인이 써보라고 해서 샀어요. 온열이랑 EMS 같이 켜면 뭔가 안에서 자극이 오는 느낌이 확실하고 에어백 압박도 시원해요. 처음엔 크림 바르는 게 귀찮았는데 이제 습관이 됐어요.,8e919dd439e1,,980,프리미엄 엘보케어 팔꿈치 마사지기,149000,,기존리뷰,5,,0,0,1,"안녕하세요. 프리미엄 헬스테크 브랜드, 슬룸입니다.
시간 내어 소중한 후기를 작성해 주셔서 감사드립니다. :)

믿고 찾는 쇼핑몰이 되기 위해 더 좋은 상품과 서비스를 준비하겠습니다.
감사합니다. 💜"
115736,2026-06-16 00:00:00,,,반복 업무로 팔꿈치 통증이 생겨 구매했습니다. 에어백 마사지가 전완근을 꽉 잡아주는 느낌이 인상적이고 온열 찜질까지 더하면 근육이 이완되는 게 확실히 느껴져요. 퇴근 후 루틴으로 쓰고 있습니다.,e4775ea8460c,,980,프리미엄 엘보케어 팔꿈치 마사지기,149000,,기존리뷰,4,,0,0,1,"안녕하세요. 프리미엄 헬스테크 브랜드, 슬룸입니다.
시간 내어 소중한 후기를 작성해 주셔서 감사드립니다. :)

믿고 찾는 쇼핑몰이 되기 위해 더 좋은 상품과 서비스를 준비하겠습니다.
감사합니다. 💜"
115737,2026-06-05 00:00:00,,,스포츠 즐기다가 팔꿈치 통증 생겨서 샀어요. EMS 자극이 처음엔 어색했는데 이제는 없으면 허전함ㅋㅋ 온열이랑 에어백 같이 켜면 시원하게 풀리고 강도 조절도 세세하게 돼서 좋아요.,af750063113e,,980,프리미엄 엘보케어 팔꿈치 마사지기,149000,,기존리뷰,5,,0,0,1,"안녕하세요. 프리미엄 헬스테크 브랜드, 슬룸입니다.
진심 어린 소중한 후기 감사합니다. 💜

앞으로도 좋은 상품과 서비스로 고객님들을 찾아뵐 수 있도록 노력하겠습니다.
감사합니다. :)"
115738,2026-06-18 22:01:41,2026-06-13 07:12:46,2026-06-16 18:50:28,"목 마사지기계 3개있는데 새로워 보여서 샀어요
승모을 적절히 잘 마사지하주어서 좋았어요
전 허리마사지기가 만족도가.높아요",34905fc48532,,626,[시그니처 세트] 허리편한케어 V2 + 목편한케어 플라잉,232000,수량선택: 시그니처 세트 (허리편한케어 V2 + 목편한케어 플라잉),모바일(상품리뷰),5,,0,0,1,"안녕하세요. 프리미엄 헬스테크 브랜드, 슬룸입니다.
진심 어린 소중한 후기 감사합니다. 💜

앞으로도 좋은 상품과 서비스로 고객님들을 찾아뵐 수 있도록 노력하겠습니다.
감사합니다. :)"
115739,2026-06-18 07:16:49,2026-06-10 19:17:35,2026-06-12 18:36:54,전기 자기장 및 에어 압력 그리고 온열 기능까지.. 다 좋음. 다만 자기장 치료를 위해서 크림을 발라야 하는데 사용 설명서에는 있는 크림이 없는 점이 아쉬움(개언적 구매),,,980,프리미엄 엘보케어 팔꿈치 마사지기,149000,수량선택: 팔꿈치 마사지기 1개,기존리뷰,5,,0,0,1,"안녕하세요. 프리미엄 헬스테크 브랜드, 슬룸입니다.
시간 내어 소중한 후기를 작성해 주셔서 감사드립니다. :)

믿고 찾는 쇼핑몰이 되기 위해 더 좋은 상품과 서비스를 준비하겠습니다.
감사합니다. 💜"
115740,2026-06-18 10:29:47,2026-05-13 00:03:40,2026-05-14 13:26:00,"2개 주문해서 하나는 선물했는데, 아주 만족합니다. 컴팩트 해서 가방에 쑝 ~ 넣고 다니기에도 좋고, 한번씩 허리가 아프면 운전할 때 허리 마사지도 가능합니다 :)",,,645,발편한케어 프리미엄 발 마사지기,91000,"버전&세트선택: 데일리, 사이즈&세트선택: M (220-270mm), 수량선택: 발편한케어 데일리 2개",기존리뷰,5,,0,0,1,"안녕하세요. 프리미엄 헬스테크 브랜드, 슬룸입니다.
시간 내어 소중한 후기를 작성해 주셔서 감사드립니다. :)

믿고 찾는 쇼핑몰이 되기 위해 더 좋은 상품과 서비스를 준비하겠습니다.
감사합니다. 💜"
115741,2026-06-18 10:44:53,2026-06-14 16:37:25,2026-06-16 16:18:21,이틀 사용후 후기 남깁니다.  처음 사용이라 하용후 약간 뻐끈한 감이 있긴 하나 골반 통증에 있어 마사지하니 시원하네요.,,,966,골반 케어 프리미엄 골반 마사지기,191000,수량선택: 골반 마사지기 1개,기존리뷰,5,,0,0,1,"안녕하세요. 프리미엄 헬스테크 브랜드, 슬룸입니다.
시간 내어 소중한 후기를 작성해 주셔서 감사드립니다. :)

믿고 찾는 쇼핑몰이 되기 위해 더 좋은 상품과 서비스를 준비하겠습니다.
감사합니다. 💜"
115742,2026-06-18 11:04:00,2026-06-15 07:18:50,2026-06-16 21:09:21,감사합니다. 잘 받았습니다. 적극 추천합니다.,,,924,발편한케어 프리미엄 EMS 발 마사지기,89000,"사이즈&세트선택: L (250-295mm), 수량선택: 발편한케어 1개",기존리뷰,5,,0,0,1,"안녕하세요. 프리미엄 헬스테크 브랜드, 슬룸입니다.
진심 어린 소중한 후기 감사합니다. 💜

앞으로도 좋은 상품과 서비스로 고객님들을 찾아뵐 수 있도록 노력하겠습니다.
감사합니다. :)"
115743,2026-06-18 11:43:29,2026-06-16 06:46:05,2026-06-17 16:20:04,골반틀어져서 구매해봅니다,,,978,골반 스트레칭 프리미엄 골반 마사지기,191000,수량선택: 골반 마사지기 1개,기존리뷰,5,,0,0,1,"안녕하세요. 프리미엄 헬스테크 브랜드, 슬룸입니다.
정성스럽게 올려주신 소중한 후기 감사합니다. 💜

고객님의 목소리로 더 발전하는 슬룸이 되도록 노력하겠습니다.
감사합니다. 🙇‍♀️"
115744,2026-06-18 14:04:53,2026-06-15 09:52:15,2026-06-16 13:43:12,사용해보니 참좋아요,,,184,목편한케어 플라잉 목 마사지기,119000,수량선택: 목편한케어 플라잉 1개,기존리뷰,5,,1,0,1,"안녕하세요. 프리미엄 헬스테크 브랜드, 슬룸입니다.
진심 어린 소중한 후기 감사합니다. 💜

앞으로도 좋은 상품과 서비스로 고객님들을 찾아뵐 수 있도록 노력하겠습니다.
감사합니다. :)"
115745,2026-06-18 14:19:19,2026-05-22 11:47:25,2026-05-23 13:14:00,책상앞에 오래 앉아 있는데 허리와 엉덩이 받쳐줘서 도움됩니다.,,,39,허리베개 허리 편안 베개,43800,수량선택: 허리베개 1개,기존리뷰,5,,0,0,1,"안녕하세요. 프리미엄 헬스테크 브랜드, 슬룸입니다.
진심 어린 소중한 후기 감사합니다. 💜

앞으로도 좋은 상품과 서비스로 고객님들을 찾아뵐 수 있도록 노력하겠습니다.
감사합니다. :)"
115746,2026-06-18 14:43:49,2026-05-26 16:31:20,2026-05-28 18:37:02,임신햇다고 남편이 사줫는데 출산하고 사용하는게 낳을듯 그래도 시언합니다,,,966,골반 케어 프리미엄 골반 마사지기,191000,수량선택: 골반 마사지기 1개,기존리뷰,5,,0,0,1,"안녕하세요. 프리미엄 헬스테크 브랜드, 슬룸입니다.
진심 어린 소중한 후기 감사합니다. 💜

앞으로도 좋은 상품과 서비스로 고객님들을 찾아뵐 수 있도록 노력하겠습니다.
감사합니다. :)"
115747,2026-06-18 17:21:26,2026-06-16 01:03:40,2026-06-17 16:20:16,오랜 시간 사용은 안 했지만 쓰기 괜찮은 거 같습니다.,,,909,목 마사지 베개 V2 경추 마사지기 베개,112000,수량선택: 목 마사지 베개 V2 1개,기존리뷰,4,,1,0,1,"안녕하세요. 프리미엄 헬스테크 브랜드, 슬룸입니다.
정성스럽게 올려주신 소중한 후기 감사합니다. 💜

고객님의 목소리로 더 발전하는 슬룸이 되도록 노력하겠습니다.
감사합니다. 🙇‍♀️"
115748,2026-06-18 18:58:07,2026-05-11 23:56:00,2026-05-13 14:06:00,생각보다 경추를 잡아주는 느낌이 없습니다 광고속 영상처럼 리프팅 되는기분이 없어요,,,909,목 마사지 베개 V2 경추 마사지기 베개,112000,수량선택: 목 마사지 베개 V2 1개 (마그네슘 시너지 크림 30ml 1개 증정),기존리뷰,3,,0,0,1,"안녕하세요 고객님, 프리미엄 헬스테크 브랜드, 슬룸입니다.
고객님께 만족스러운 경험을 드리지 못해 대단히 죄송합니다.😥

슬룸의 모든 제품은 인체공학적으로 설계되어 편안한 사용이 가능하나 초기 사용 시 1~2주 이상의 적응 기간이 필요할 수 있습니다. 
다만 수령하신 날짜 기준으로 30일 동안 꾸준히 사용해보시고도 만족하지 못하셨을 경우에는, 슬룸에서 진행하는 <100%환불이벤트> 에 참여하여 왕복배송비 제외 전액 환불이 가능합니다.

※ 제품을 30일간 꾸준히 사용한 경우, 배송완료 후 40일이내 신청이 가능
※ 환불 서비스는 첫 구매 체험을 위한 서비스로 1회만 신청 가능

▶ <100% 환불 이벤트> 상세 환불 조건 : https://sleeplab.co.kr/notice/?q=YToxOntzOjEyOiJrZXl3b3JkX3R5cGUiO3M6MzoiYWxsIjt9&bmode=view&idx=13709226&t=board 

슬룸을 믿고 편하게 사용 및 체험해보시고, 그럼에도 만족하시지 못하셨을 경우 슬룸 공식몰의 채널톡을 통해 이벤트 기간 내 문의 주시면 환불 접수 도움드리겠습니다."
115749,2026-06-18 21:48:54,2026-06-17 13:33:00,2026-06-18 16:08:35,잘 쓸게요 배송이 빠르네요,,,909,목 마사지 베개 V2 경추 마사지기 베개,112000,수량선택: 목 마사지 베개 V2 1개,기존리뷰,5,,1,0,1,"안녕하세요. 프리미엄 헬스테크 브랜드, 슬룸입니다.
진심 어린 소중한 후기 감사합니다. 💜

앞으로도 좋은 상품과 서비스로 고객님들을 찾아뵐 수 있도록 노력하겠습니다.
감사합니다. :)"
115750,2026-06-18 22:00:12,2026-04-07 17:38:10,,좀더 사용해봐야할것 같습니다,,,291,목베개 플러스 경추 목 마사지기 베개,91000,수량선택: 목베개 플러스 1개,기존리뷰,4,,1,0,1,"안녕하세요. 프리미엄 헬스테크 브랜드, 슬룸입니다.
정성스럽게 올려주신 소중한 후기 감사합니다. 💜

고객님의 목소리로 더 발전하는 슬룸이 되도록 노력하겠습니다.
감사합니다. 🙇‍♀️"
115751,2026-06-19 01:26:52,2026-06-16 15:22:45,2026-06-18 16:12:14,자극 잘오고 크림이랑 같이 사용하니 효과 좋아요,,,980,프리미엄 엘보케어 팔꿈치 마사지기,149000,수량선택: 데일리 릴렉스 세트 (팔꿈치 마사지기 + 마그네슘 시너지 크림),기존리뷰,5,,0,0,1,"안녕하세요. 프리미엄 헬스테크 브랜드, 슬룸입니다.
시간 내어 소중한 후기를 작성해 주셔서 감사드립니다. :)

믿고 찾는 쇼핑몰이 되기 위해 더 좋은 상품과 서비스를 준비하겠습니다.
감사합니다. 💜"
115752,2026-06-19 07:10:10,2026-06-15 16:17:06,2026-06-17 16:15:48,"평소에 목이 뼈근하고 피곤함이 있어서  편한배게를 찾던중 경츄밋사지베개를 알게되어 구매했어요
사용한지 이틀인데 목이 편안함이 느겨지네요
계속사뇽하면 목이더  편안래지고 좋아질거 같이요",6548c98fd13d,,909,목 마사지 베개 V2 경추 마사지기 베개,112000,수량선택: 목 마사지 베개 V2 1개,모바일,5,,1,0,1,"안녕하세요. 프리미엄 헬스테크 브랜드, 슬룸입니다.
시간 내어 소중한 후기를 작성해 주셔서 감사드립니다. :)

믿고 찾는 쇼핑몰이 되기 위해 더 좋은 상품과 서비스를 준비하겠습니다.
감사합니다. 💜"
115753,2026-06-19 07:19:04,2026-06-15 16:17:06,2026-06-17 16:13:16,"노안이와서  눈건강을 위해 구매랬어요
사뇽해보니  눈주위를 밋사지 해주니 좋아요",6548c98fd13d,,999,[깜짝 타임특가] 눈편한케어 온열 진동 눈 마사지기,50000,수량선택: 눈편한케어 1개,모바일,5,,1,0,1,"안녕하세요. 프리미엄 헬스테크 브랜드, 슬룸입니다.
정성스럽게 올려주신 소중한 후기 감사합니다. 💜

고객님의 목소리로 더 발전하는 슬룸이 되도록 노력하겠습니다.
감사합니다. 🙇‍♀️"
115754,2026-06-03 00:00:00,,,"팔꿈치 바깥쪽이 욱신거려서 젓가락질도 조심스러웠던 시기가 있었어요. 병원 가면 쉬라는 말뿐이고, 파스 붙여도 다음 날 되면 그대로였고요. 슬룸 쓰기 시작하고 나서 그 욱신거림이 조금씩 옅어지더라고요. 劇적인 변화는 아니고 천천히요. 지금은 젓가락질 할 때 신경 안 써도 되는 게 제일 달라진 점이에요.",0db8a555fab1,,980,프리미엄 엘보케어 팔꿈치 마사지기,149000,,기존리뷰,5,,0,0,1,"안녕하세요. 프리미엄 헬스테크 브랜드, 슬룸입니다.
시간 내어 소중한 후기를 작성해 주셔서 감사드립니다. :)

믿고 찾는 쇼핑몰이 되기 위해 더 좋은 상품과 서비스를 준비하겠습니다.
감사합니다. 💜"
115755,2026-06-06 00:00:00,,,솔직히 이 가격대 마사지기가 얼마나 다르겠냐 싶었어요. 써보니 에어백이 전완근을 실제로 눌러주는 게 다른 제품이랑 달랐어요. 팔꿈치만 잡아주는 게 아니라 아래 근육까지 같이 조여주는 구조라 처음 착용했을 때 '이렇게 설계한 이유가 있구나' 싶었어요. 기대치 낮게 사서 그런지 만족도가 높아요.,7999d3015d51,,980,프리미엄 엘보케어 팔꿈치 마사지기,149000,,기존리뷰,5,,0,0,1,"안녕하세요. 프리미엄 헬스테크 브랜드, 슬룸입니다.
시간 내어 소중한 후기를 작성해 주셔서 감사드립니다. :)

믿고 찾는 쇼핑몰이 되기 위해 더 좋은 상품과 서비스를 준비하겠습니다.
감사합니다. 💜"
115756,2026-06-16 00:00:00,,,"팔꿈치 안쪽이 당기는 느낌이 몇 달째였어요. 손 쓰는 일이 많아서 쉬지를 못하니까 나아질 기미가 없었고요. 슬룸을 저녁마다 착용하는 루틴을 만들었는데, 확실히 다음 날 아침에 팔이 덜 뻑뻑해요. 완전히 사라진 건 아닌데 일상에서 신경 쓰이는 빈도가 줄었어요.",693527eb1ef0,,980,프리미엄 엘보케어 팔꿈치 마사지기,149000,,기존리뷰,5,,0,0,1,"안녕하세요. 프리미엄 헬스테크 브랜드, 슬룸입니다.
정성스럽게 올려주신 소중한 후기 감사합니다. 💜

고객님의 목소리로 더 발전하는 슬룸이 되도록 노력하겠습니다.
감사합니다. 🙇‍♀️"
115757,2026-06-17 00:00:00,,,"온열 기능 때문에 샀는데 EMS 쪽이 더 인상적이었어요. 강도 올리면 근육이 실제로 수축하는 게 느껴지는데, 처음엔 좀 낯설었어요. 지금은 강도 8 정도에서 15분 쓰는 게 루틴이 됐어요. 팔꿈치 힘줄 주변이 유연해진 느낌이 있어요.",37089854ac1b,,980,프리미엄 엘보케어 팔꿈치 마사지기,149000,,기존리뷰,4,,0,0,1,"안녕하세요. 프리미엄 헬스테크 브랜드, 슬룸입니다.
진심 어린 소중한 후기 감사합니다. 💜

앞으로도 좋은 상품과 서비스로 고객님들을 찾아뵐 수 있도록 노력하겠습니다.
감사합니다. :)"
115758,2026-06-11 00:00:00,,,"운동하다 팔꿈치를 혹사시키고 나면 다음 날이 문제였는데, 슬룸 쓰고 자면 아침이 달라요. 劇적으로 낫는다기보다 회복 속도가 빠른 느낌이에요. 에어백이 전완근을 압박해주는 시간 동안 다른 거 하면서 있으면 되니까 따로 시간 빼는 것도 아니고요.",ebcbdbb1aba3,,980,프리미엄 엘보케어 팔꿈치 마사지기,149000,,기존리뷰,5,,0,0,1,"안녕하세요. 프리미엄 헬스테크 브랜드, 슬룸입니다.
진심 어린 소중한 후기 감사합니다. 💜

앞으로도 좋은 상품과 서비스로 고객님들을 찾아뵐 수 있도록 노력하겠습니다.
감사합니다. :)"
115759,2026-06-15 00:00:00,,,"팔꿈치 통증으로 수면 중에 자세가 불편해서 깬 적이 있었어요. 그 정도면 좀 심한 편이죠. 슬룸 쓰기 시작하고 그런 일이 없어진 건 아닌데, 빈도가 줄었어요. 온열 2단계로 20분 쓰고 자면 다음 날 아침이 조금 다른 것 같아요.",675864e83f8c,,980,프리미엄 엘보케어 팔꿈치 마사지기,149000,,기존리뷰,5,,0,0,1,"안녕하세요. 프리미엄 헬스테크 브랜드, 슬룸입니다.
정성스럽게 올려주신 소중한 후기 감사합니다. 💜

고객님의 목소리로 더 발전하는 슬룸이 되도록 노력하겠습니다.
감사합니다. 🙇‍♀️"
115760,2026-06-15 00:00:00,,,리모컨이 생각보다 유용해요. 착용한 상태에서 모드 바꾸는 게 불편할 것 같았는데 리모컨으로 해결이 돼요. 작은 디테일 같지만 막상 쓰다 보면 이게 있고 없고 차이가 나요. 팔꿈치 올려놓은 상태에서 조작하려면 리모컨이 없으면 번거롭거든요.,71c47de145c5,,980,프리미엄 엘보케어 팔꿈치 마사지기,149000,,기존리뷰,5,,0,0,1,"안녕하세요. 프리미엄 헬스테크 브랜드, 슬룸입니다.
시간 내어 소중한 후기를 작성해 주셔서 감사드립니다. :)

믿고 찾는 쇼핑몰이 되기 위해 더 좋은 상품과 서비스를 준비하겠습니다.
감사합니다. 💜"
115761,2026-06-11 00:00:00,,,"파스, 보호대, 스트레칭 다 해봤어요. 일시적으로 편해지는 거랑 근육을 직접 자극해서 풀어주는 거랑은 다르더라고요. 슬룸이 후자 쪽인 것 같아요. 매일 쓰면서 팔꿈치 주변 상태가 조금씩 달라지는 걸 느껴요.",c89b1fbf7f4a,,980,프리미엄 엘보케어 팔꿈치 마사지기,149000,,기존리뷰,4,,0,0,1,"안녕하세요. 프리미엄 헬스테크 브랜드, 슬룸입니다.
진심 어린 소중한 후기 감사합니다. 💜

앞으로도 좋은 상품과 서비스로 고객님들을 찾아뵐 수 있도록 노력하겠습니다.
감사합니다. :)"
115762,2026-06-04 00:00:00,,,온열 찜질만 놓고 보면 3단계 48도가 생각보다 강하지 않아요. 뜨겁다는 느낌보다는 깊이 스며드는 온기 정도예요. 저온화상 경고가 있어서 겁먹었는데 타이머 쓰면 크게 걱정할 일은 없었어요. 관절이 차게 굳어있을 때 쓰면 확실히 풀려요.,2225e3eef6c9,,980,프리미엄 엘보케어 팔꿈치 마사지기,149000,,기존리뷰,5,,0,0,1,"안녕하세요. 프리미엄 헬스테크 브랜드, 슬룸입니다.
진심 어린 소중한 후기 감사합니다. 💜

앞으로도 좋은 상품과 서비스로 고객님들을 찾아뵐 수 있도록 노력하겠습니다.
감사합니다. :)"
115763,2026-06-09 00:00:00,,,"반신반의하면서 샀어요. 팔꿈치 전용이라는 게 마케팅 포인트겠거니 싶었는데, 착용해보면 실제로 팔꿈치가 홈에 딱 맞게 위치하도록 설계가 돼 있어요. 그냥 일반 마사지기랑 다르게 자극 위치가 정확해요. 이 부분이 제일 마음에 들었어요.",ccac1436b688,,980,프리미엄 엘보케어 팔꿈치 마사지기,149000,,기존리뷰,5,,0,0,1,"안녕하세요. 프리미엄 헬스테크 브랜드, 슬룸입니다.
정성스럽게 올려주신 소중한 후기 감사합니다. 💜

고객님의 목소리로 더 발전하는 슬룸이 되도록 노력하겠습니다.
감사합니다. 🙇‍♀️"
115764,2026-06-03 00:00:00,,,팔꿈치 통증이 오래된 분들한테는 단기간에 효과를 기대하기보다 꾸준히 쓰는 게 맞는 것 같아요. 저는 한 달 넘게 쓰면서 조금씩 좋아진 케이스예요. 처음 일주일은 별 차이 못 느꼈는데 3주차쯤 됐을 때 팔꿈치 상태가 달라진 게 체감됐어요.,25fd175cb473,,980,프리미엄 엘보케어 팔꿈치 마사지기,149000,,기존리뷰,4,,0,0,1,"안녕하세요. 프리미엄 헬스테크 브랜드, 슬룸입니다.
시간 내어 소중한 후기를 작성해 주셔서 감사드립니다. :)

믿고 찾는 쇼핑몰이 되기 위해 더 좋은 상품과 서비스를 준비하겠습니다.
감사합니다. 💜"
115765,2026-06-07 00:00:00,,,"모드가 5가지인데 처음엔 다 비슷한 것 같았어요. 며칠 쓰다 보니 M4 주무름 모드랑 M5 두드림 모드가 확실히 다른 자극이에요. 상태에 따라 골라 쓰게 되더라고요. 뻐근할 때는 M4, 신경이 예민할 때는 M5 이런 식으로요.",2284eba69435,,980,프리미엄 엘보케어 팔꿈치 마사지기,149000,,기존리뷰,5,,0,0,1,"안녕하세요. 프리미엄 헬스테크 브랜드, 슬룸입니다.
정성스럽게 올려주신 소중한 후기 감사합니다. 💜

고객님의 목소리로 더 발전하는 슬룸이 되도록 노력하겠습니다.
감사합니다. 🙇‍♀️"
115766,2026-06-15 00:00:00,,,남편 팔꿈치 통증 때문에 샀는데 제가 더 많이 써요. 손목이랑 팔꿈치 경계 부분이 자주 당기는데 거기 딱 맞게 착용하면 에어백이 그 부분까지 커버가 돼요. 원래 용도 아닌 것 같긴 한데 저한테도 효과가 있어요.,cd1959e09b6b,,980,프리미엄 엘보케어 팔꿈치 마사지기,149000,,기존리뷰,5,,0,0,1,"안녕하세요. 프리미엄 헬스테크 브랜드, 슬룸입니다.
시간 내어 소중한 후기를 작성해 주셔서 감사드립니다. :)

믿고 찾는 쇼핑몰이 되기 위해 더 좋은 상품과 서비스를 준비하겠습니다.
감사합니다. 💜"
115767,2026-06-08 00:00:00,,,충전 한 번에 꽤 오래 써요. 매일 15분씩 쓰는데 일주일에 한 번 충전할까 말까예요. 이 부분은 생각보다 훨씬 만족스러워요. 배터리 걱정 없이 쓸 수 있는 게 습관 만드는 데 도움이 돼요.,3540a8b94cbf,,980,프리미엄 엘보케어 팔꿈치 마사지기,149000,,기존리뷰,5,,0,0,1,"안녕하세요. 프리미엄 헬스테크 브랜드, 슬룸입니다.
정성스럽게 올려주신 소중한 후기 감사합니다. 💜

고객님의 목소리로 더 발전하는 슬룸이 되도록 노력하겠습니다.
감사합니다. 🙇‍♀️"
115768,2026-06-12 00:00:00,,,EMS 쓸 때 크림을 꼭 발라야 한다고 나와 있는데 처음엔 그냥 썼어요. 자극이 약하고 불편한 느낌이었는데 크림 바르고 나서는 완전히 달랐어요. 자극이 균일하게 잘 전달되는 느낌이에요. 크림 없이 쓰는 건 비추예요.,90af22ca202f,,980,프리미엄 엘보케어 팔꿈치 마사지기,149000,,기존리뷰,4,,0,0,1,"안녕하세요. 프리미엄 헬스테크 브랜드, 슬룸입니다.
정성스럽게 올려주신 소중한 후기 감사합니다. 💜

고객님의 목소리로 더 발전하는 슬룸이 되도록 노력하겠습니다.
감사합니다. 🙇‍♀️"
115769,2026-06-14 00:00:00,,,팔꿈치 통증이 있으면 잠깐 쉬어도 다음 날 다시 쓰면 금방 다시 아파지는 게 반복됐어요. 슬룸은 그 사이클을 끊어주는 역할을 하는 것 같아요. 통증 자체를 없애준다기보다 회복 상태를 유지하는 데 도움이 되는 느낌이에요.,7b47ab0c50fa,,980,프리미엄 엘보케어 팔꿈치 마사지기,149000,,기존리뷰,5,,0,0,1,"안녕하세요. 프리미엄 헬스테크 브랜드, 슬룸입니다.
정성스럽게 올려주신 소중한 후기 감사합니다. 💜

고객님의 목소리로 더 발전하는 슬룸이 되도록 노력하겠습니다.
감사합니다. 🙇‍♀️"
115770,2026-06-06 00:00:00,,,네이비 색상이 사진보다 실물이 더 괜찮아요. 마사지기 특유의 허름한 느낌 없이 깔끔해요. 착용했을 때 이질감이 없어서 바깥에서 쓰는 것도 크게 부담이 없어요.,e9fa2f4f9c2c,,980,프리미엄 엘보케어 팔꿈치 마사지기,149000,,기존리뷰,5,,0,0,1,"안녕하세요. 프리미엄 헬스테크 브랜드, 슬룸입니다.
정성스럽게 올려주신 소중한 후기 감사합니다. 💜

고객님의 목소리로 더 발전하는 슬룸이 되도록 노력하겠습니다.
감사합니다. 🙇‍♀️"
115771,2026-06-14 00:00:00,,,"강도 조절이 0에서 15단계까지인데, 저는 주로 6~8단계 사이에서 써요. 처음에 높은 단계부터 시도하면 놀랄 수 있어요. 낮은 단계에서 시작해서 천천히 올리는 게 맞아요. 이 부분을 몰라서 처음에 너무 강하게 써서 불편했어요.",8c05825f0434,,980,프리미엄 엘보케어 팔꿈치 마사지기,149000,,기존리뷰,5,,0,0,1,"안녕하세요. 프리미엄 헬스테크 브랜드, 슬룸입니다.
정성스럽게 올려주신 소중한 후기 감사합니다. 💜

고객님의 목소리로 더 발전하는 슬룸이 되도록 노력하겠습니다.
감사합니다. 🙇‍♀️"
115772,2026-06-12 00:00:00,,,"팔꿈치 안쪽이 아픈 골프엘보 증상이 있는데, EMS 패드 위치가 안쪽 힘줄을 잡아주는 위치에 제대로 맞아요. 자극이 필요한 부위에 정확히 오는 편이에요. 이 구조가 일반 마사지기랑 차이 나는 부분인 것 같아요.",d2664c7108e8,,980,프리미엄 엘보케어 팔꿈치 마사지기,149000,,기존리뷰,4,,0,0,1,"안녕하세요. 프리미엄 헬스테크 브랜드, 슬룸입니다.
시간 내어 소중한 후기를 작성해 주셔서 감사드립니다. :)

믿고 찾는 쇼핑몰이 되기 위해 더 좋은 상품과 서비스를 준비하겠습니다.
감사합니다. 💜"
115773,2026-06-08 00:00:00,,,"에어백 강도 3단계가 생각보다 세요. 처음엔 2단계에서 충분하다고 느꼈는데, 근육이 많이 뭉쳐있을 때는 3단계가 맞아요. 본인 상태에 맞게 그날그날 조절하는 편이 좋아요.",5545c18b0cb5,,980,프리미엄 엘보케어 팔꿈치 마사지기,149000,,기존리뷰,5,,0,0,1,"안녕하세요. 프리미엄 헬스테크 브랜드, 슬룸입니다.
진심 어린 소중한 후기 감사합니다. 💜

앞으로도 좋은 상품과 서비스로 고객님들을 찾아뵐 수 있도록 노력하겠습니다.
감사합니다. :)"
115774,2026-06-04 00:00:00,,,사용설명서가 꼼꼼하게 나와 있어요. 처음 쓰는 사람도 보면서 따라 할 수 있을 정도예요. 어르신한테 선물 드렸는데 설명서 보고 혼자서 셋팅하셨다고 하더라고요.,4602186ef5a5,,980,프리미엄 엘보케어 팔꿈치 마사지기,149000,,기존리뷰,5,,0,0,1,"안녕하세요. 프리미엄 헬스테크 브랜드, 슬룸입니다.
진심 어린 소중한 후기 감사합니다. 💜

앞으로도 좋은 상품과 서비스로 고객님들을 찾아뵐 수 있도록 노력하겠습니다.
감사합니다. :)"
115775,2026-06-17 00:00:00,,,"팔꿈치 통증이 왔다 갔다 하는 분들한테 맞는 것 같아요. 아플 때 꺼냈다가 괜찮으면 넣어두는 식으로 쓰는 게 아니라, 매일 꾸준히 쓰는 게 효과가 다른 것 같아요. 저는 아프든 안 아프든 저녁에 루틴으로 쓰고 있어요.",8c65b18d6ef6,,980,프리미엄 엘보케어 팔꿈치 마사지기,149000,,기존리뷰,4,,0,0,1,"안녕하세요. 프리미엄 헬스테크 브랜드, 슬룸입니다.
시간 내어 소중한 후기를 작성해 주셔서 감사드립니다. :)

믿고 찾는 쇼핑몰이 되기 위해 더 좋은 상품과 서비스를 준비하겠습니다.
감사합니다. 💜"
115776,2026-06-14 00:00:00,,,처음 받았을 때 생각보다 가벼웠어요. 착용했을 때 무게감이 없어서 15분 동안 팔 들고 있는 게 불편하지 않아요. 이런 류 제품이 착용감이 나쁜 경우가 있는데 이건 괜찮은 편이에요.,e8200281b0ad,,980,프리미엄 엘보케어 팔꿈치 마사지기,149000,,기존리뷰,5,,0,0,1,"안녕하세요. 프리미엄 헬스테크 브랜드, 슬룸입니다.
시간 내어 소중한 후기를 작성해 주셔서 감사드립니다. :)

믿고 찾는 쇼핑몰이 되기 위해 더 좋은 상품과 서비스를 준비하겠습니다.
감사합니다. 💜"
115777,2026-06-16 00:00:00,,,팔꿈치가 아파서 타이핑 속도가 느려진 적이 있었어요. 그게 일에 영향을 줄 정도면 심한 거라 뭔가 해야겠다 싶었는데 슬룸을 그때 샀어요. 매일 퇴근 후에 쓰면서 타이핑 속도가 원래대로 돌아왔어요.,e1f7f452a141,,980,프리미엄 엘보케어 팔꿈치 마사지기,149000,,기존리뷰,5,,0,0,1,"안녕하세요. 프리미엄 헬스테크 브랜드, 슬룸입니다.
시간 내어 소중한 후기를 작성해 주셔서 감사드립니다. :)

믿고 찾는 쇼핑몰이 되기 위해 더 좋은 상품과 서비스를 준비하겠습니다.
감사합니다. 💜"
115778,2026-06-09 00:00:00,,,"힐링 모드가 처음에 자극이 너무 약한가 싶었는데, 이게 맞는 상황이 따로 있더라고요. 많이 지쳐있거나 예민한 날에는 강한 자극보다 힐링 모드가 맞아요. 용도를 알고 쓰면 모드 구성이 잘 돼 있다는 게 느껴져요.",ebf8cd4989de,,980,프리미엄 엘보케어 팔꿈치 마사지기,149000,,기존리뷰,5,,0,0,1,"안녕하세요. 프리미엄 헬스테크 브랜드, 슬룸입니다.
진심 어린 소중한 후기 감사합니다. 💜

앞으로도 좋은 상품과 서비스로 고객님들을 찾아뵐 수 있도록 노력하겠습니다.
감사합니다. :)"
115779,2026-06-11 00:00:00,,,전완근 에어백이 작동할 때 처음엔 좀 답답한 느낌이었어요. 조여주는 게 낯설어서요. 며칠 지나니까 그 압박감이 오히려 근육이 풀리는 신호처럼 느껴졌어요. 적응하고 나면 이 기능이 제일 좋아요.,8d417ab02f1f,,980,프리미엄 엘보케어 팔꿈치 마사지기,149000,,기존리뷰,4,,0,0,1,"안녕하세요. 프리미엄 헬스테크 브랜드, 슬룸입니다.
시간 내어 소중한 후기를 작성해 주셔서 감사드립니다. :)

믿고 찾는 쇼핑몰이 되기 위해 더 좋은 상품과 서비스를 준비하겠습니다.
감사합니다. 💜"
115780,2026-06-03 00:00:00,,,"팔꿈치 통증이 있을 때 손으로 주무르는 게 일시적인 해결이었는데, 슬룸이 그 역할을 해주는 느낌이에요. 손이 안 닿는 각도라 늘 불편했는데 착용하면 자동으로 해결돼요.",a2bdac76d8d9,,980,프리미엄 엘보케어 팔꿈치 마사지기,149000,,기존리뷰,5,,0,0,1,"안녕하세요. 프리미엄 헬스테크 브랜드, 슬룸입니다.
정성스럽게 올려주신 소중한 후기 감사합니다. 💜

고객님의 목소리로 더 발전하는 슬룸이 되도록 노력하겠습니다.
감사합니다. 🙇‍♀️"
115781,2026-06-11 00:00:00,,,"주무름 모드에서 강도 높이면 실제로 근육이 수축하면서 조여드는 느낌이 있어요. 이게 불편하게 느껴질 수도 있는데, 팔꿈치 주변 근육이 약한 분들은 낮은 강도에서 시작하는 게 맞아요.",f9ca2d122414,,980,프리미엄 엘보케어 팔꿈치 마사지기,149000,,기존리뷰,5,,0,0,1,"안녕하세요. 프리미엄 헬스테크 브랜드, 슬룸입니다.
정성스럽게 올려주신 소중한 후기 감사합니다. 💜

고객님의 목소리로 더 발전하는 슬룸이 되도록 노력하겠습니다.
감사합니다. 🙇‍♀️"
115782,2026-06-05 00:00:00,,,"운동 전후로 용도를 나눠서 쓰고 있어요. 운동 전에 활력 모드로 5분 정도 워밍업 겸으로 쓰고, 운동 후에는 힐링 모드로 마무리해요. 모드별로 쓸 수 있는 타이밍이 다르다는 게 장점이에요.",f72c9d100536,,980,프리미엄 엘보케어 팔꿈치 마사지기,149000,,기존리뷰,5,,0,0,1,"안녕하세요. 프리미엄 헬스테크 브랜드, 슬룸입니다.
시간 내어 소중한 후기를 작성해 주셔서 감사드립니다. :)

믿고 찾는 쇼핑몰이 되기 위해 더 좋은 상품과 서비스를 준비하겠습니다.
감사합니다. 💜"
115783,2026-06-09 00:00:00,,,"팔꿈치가 찌릿하게 전기가 오는 것 같은 통증이 있었는데, 슬룸 쓰면서 그 빈도가 줄었어요. 劇적으로 좋아진 건 아니고 서서히 변화가 있었어요. 한 달 정도 꾸준히 쓴 결과예요.",3d81338f8da9,,980,프리미엄 엘보케어 팔꿈치 마사지기,149000,,기존리뷰,4,,0,0,1,"안녕하세요. 프리미엄 헬스테크 브랜드, 슬룸입니다.
정성스럽게 올려주신 소중한 후기 감사합니다. 💜

고객님의 목소리로 더 발전하는 슬룸이 되도록 노력하겠습니다.
감사합니다. 🙇‍♀️"
115784,2026-06-08 00:00:00,,,무선 제품이라 충전하는 동안은 못 써요. 이걸 모르고 쓰려다가 당황한 적 있어요. 쓰기 전에 충전 상태 확인하는 게 필요해요. 충전 속도는 빠른 편이에요.,be2d612eae5a,,980,프리미엄 엘보케어 팔꿈치 마사지기,149000,,기존리뷰,5,,0,0,1,"안녕하세요. 프리미엄 헬스테크 브랜드, 슬룸입니다.
정성스럽게 올려주신 소중한 후기 감사합니다. 💜

고객님의 목소리로 더 발전하는 슬룸이 되도록 노력하겠습니다.
감사합니다. 🙇‍♀️"
115785,2026-06-15 00:00:00,,,"팔꿈치 힘줄이 두꺼워진 느낌이 있어서 만지면 딱딱하게 느껴졌는데, 슬룸 쓰고 나서 조금 부드러워진 것 같아요. 주관적인 느낌이라 확실하진 않지만 확실히 상태가 다른 것 같아요.",d085f22fecb1,,980,프리미엄 엘보케어 팔꿈치 마사지기,149000,,기존리뷰,5,,0,0,1,"안녕하세요. 프리미엄 헬스테크 브랜드, 슬룸입니다.
진심 어린 소중한 후기 감사합니다. 💜

앞으로도 좋은 상품과 서비스로 고객님들을 찾아뵐 수 있도록 노력하겠습니다.
감사합니다. :)"
115786,2026-06-09 00:00:00,,,M1 종합 모드가 처음 쓰는 사람한테 맞는 것 같아요. 다양한 자극이 섞여서 오는데 어느 하나가 과하지 않고 전체적으로 케어되는 느낌이에요. 익숙해지면 각 모드를 따로 써보는 것도 좋아요.,2b3296d877f4,,980,프리미엄 엘보케어 팔꿈치 마사지기,149000,,기존리뷰,4,,0,0,1,"안녕하세요. 프리미엄 헬스테크 브랜드, 슬룸입니다.
정성스럽게 올려주신 소중한 후기 감사합니다. 💜

고객님의 목소리로 더 발전하는 슬룸이 되도록 노력하겠습니다.
감사합니다. 🙇‍♀️"
115787,2026-06-07 00:00:00,,,온열이랑 EMS를 같이 쓰는 게 따로 쓰는 것보다 효과가 다른 것 같아요. 온열이 근육을 이완시켜주면서 EMS 자극이 더 잘 전달되는 느낌이에요. 조합해서 쓰는 게 맞는 방법인 것 같아요.,c523f8b64e55,,980,프리미엄 엘보케어 팔꿈치 마사지기,149000,,기존리뷰,5,,0,0,1,"안녕하세요. 프리미엄 헬스테크 브랜드, 슬룸입니다.
정성스럽게 올려주신 소중한 후기 감사합니다. 💜

고객님의 목소리로 더 발전하는 슬룸이 되도록 노력하겠습니다.
감사합니다. 🙇‍♀️"
115788,2026-06-10 00:00:00,,,팔꿈치 통증이 어깨까지 이어지는 느낌이 있었어요. 팔꿈치가 긴장되면 연결된 근육도 같이 당기거든요. 슬룸으로 팔꿈치 주변을 케어하고 나면 어깨까지 조금 편해지는 게 느껴졌어요.,adf519cbbd07,,980,프리미엄 엘보케어 팔꿈치 마사지기,149000,,기존리뷰,5,,0,0,1,"안녕하세요. 프리미엄 헬스테크 브랜드, 슬룸입니다.
정성스럽게 올려주신 소중한 후기 감사합니다. 💜

고객님의 목소리로 더 발전하는 슬룸이 되도록 노력하겠습니다.
감사합니다. 🙇‍♀️"
115789,2026-06-05 00:00:00,,,착용 방법이 처음에 좀 헷갈렸어요. 컨트롤러 방향을 아래로 향하게 해야 하는데 반대로 했다가 다시 착용한 적 있어요. 익숙해지면 30초면 착용 완료예요.,19533034c3e8,,980,프리미엄 엘보케어 팔꿈치 마사지기,149000,,기존리뷰,5,,0,0,1,"안녕하세요. 프리미엄 헬스테크 브랜드, 슬룸입니다.
진심 어린 소중한 후기 감사합니다. 💜

앞으로도 좋은 상품과 서비스로 고객님들을 찾아뵐 수 있도록 노력하겠습니다.
감사합니다. :)"
115790,2026-06-07 00:00:00,,,에어백 강도 1단계는 정말 가볍게 눌리는 정도예요. 마사지 초보자분이나 예민한 분들한테 맞는 단계예요. 저는 처음에 1단계로 시작해서 지금은 2~3단계 쓰고 있어요.,70b84c8bc1fd,,980,프리미엄 엘보케어 팔꿈치 마사지기,149000,,기존리뷰,4,,0,0,1,"안녕하세요. 프리미엄 헬스테크 브랜드, 슬룸입니다.
진심 어린 소중한 후기 감사합니다. 💜

앞으로도 좋은 상품과 서비스로 고객님들을 찾아뵐 수 있도록 노력하겠습니다.
감사합니다. :)"
115791,2026-06-15 00:00:00,,,팔꿈치 통증이 날씨 변화에 민감해서 겨울이나 환절기에 특히 심해졌어요. 슬룸 온열 기능을 그 시기에 특히 많이 써요. 차갑게 굳은 관절을 따뜻하게 풀어주는 게 계절성 통증에 실제로 도움이 돼요.,4a2000dc670f,,980,프리미엄 엘보케어 팔꿈치 마사지기,149000,,기존리뷰,5,,0,0,1,"안녕하세요. 프리미엄 헬스테크 브랜드, 슬룸입니다.
정성스럽게 올려주신 소중한 후기 감사합니다. 💜

고객님의 목소리로 더 발전하는 슬룸이 되도록 노력하겠습니다.
감사합니다. 🙇‍♀️"
115792,2026-06-14 00:00:00,,,"두드림 모드가 톡톡 두드리는 자극인데, 피부 표면보다 깊게 파고드는 느낌이 있어요. 신경이 예민할 때 이 모드로 쓰면 가벼우면서도 효과가 있어요. 아침에 쓰기 좋은 모드예요.",29cf11aed7d5,,980,프리미엄 엘보케어 팔꿈치 마사지기,149000,,기존리뷰,5,,0,0,1,"안녕하세요. 프리미엄 헬스테크 브랜드, 슬룸입니다.
정성스럽게 올려주신 소중한 후기 감사합니다. 💜

고객님의 목소리로 더 발전하는 슬룸이 되도록 노력하겠습니다.
감사합니다. 🙇‍♀️"
115793,2026-06-09 00:00:00,,,팔꿈치 통증 때문에 잠자리에서 팔 위치를 계속 바꿨는데 슬룸 쓰고 자기 전에 케어하고 나서는 그런 게 줄었어요. 직접적인 원인은 아닌데 취침 전 루틴으로 쓰는 게 수면 질이랑 연결되는 것 같기도 해요.,71bbd8e6928f,,980,프리미엄 엘보케어 팔꿈치 마사지기,149000,,기존리뷰,5,,0,0,1,"안녕하세요. 프리미엄 헬스테크 브랜드, 슬룸입니다.
시간 내어 소중한 후기를 작성해 주셔서 감사드립니다. :)

믿고 찾는 쇼핑몰이 되기 위해 더 좋은 상품과 서비스를 준비하겠습니다.
감사합니다. 💜"
115794,2026-06-06 00:00:00,,,팔꿈치 통증이 있을 때 팔 전체가 무거운 느낌이 같이 오는 경우가 있어요. 슬룸으로 팔꿈치 케어하고 나면 그 무거운 느낌이 같이 빠지는 경우가 있었어요.,0503b15b139d,,980,프리미엄 엘보케어 팔꿈치 마사지기,149000,,기존리뷰,4,,0,0,1,"안녕하세요. 프리미엄 헬스테크 브랜드, 슬룸입니다.
진심 어린 소중한 후기 감사합니다. 💜

앞으로도 좋은 상품과 서비스로 고객님들을 찾아뵐 수 있도록 노력하겠습니다.
감사합니다. :)"
115795,2026-06-02 00:00:00,,,제품 자체 품질은 기대 이상이에요. 마감이나 소재가 허름하지 않아요. 이 정도 가격대에서 이 품질이면 납득이 돼요.,1a920fe62283,,980,프리미엄 엘보케어 팔꿈치 마사지기,149000,,기존리뷰,5,,0,0,1,"안녕하세요. 프리미엄 헬스테크 브랜드, 슬룸입니다.
정성스럽게 올려주신 소중한 후기 감사합니다. 💜

고객님의 목소리로 더 발전하는 슬룸이 되도록 노력하겠습니다.
감사합니다. 🙇‍♀️"
115796,2026-06-14 00:00:00,,,"온열 1단계가 38도인데 생각보다 많이 안 뜨거워요. 따뜻한 정도예요. 2단계부터 온기가 피부에 닿는 느낌이 확실해지고, 3단계는 조금 강하게 느껴져요. 개인 차이가 있을 것 같아요.",5c839c54152f,,980,프리미엄 엘보케어 팔꿈치 마사지기,149000,,기존리뷰,5,,0,0,1,"안녕하세요. 프리미엄 헬스테크 브랜드, 슬룸입니다.
진심 어린 소중한 후기 감사합니다. 💜

앞으로도 좋은 상품과 서비스로 고객님들을 찾아뵐 수 있도록 노력하겠습니다.
감사합니다. :)"
115797,2026-06-14 00:00:00,,,"팔꿈치 통증이 있는 상태에서 운동을 계속해야 할 때, 슬룸을 운동 후 관리용으로 쓰는 게 의미 있는 것 같아요. 안 하는 것보다는 확실히 다음 날 상태가 달라요.",3b19f4007110,,980,프리미엄 엘보케어 팔꿈치 마사지기,149000,,기존리뷰,4,,0,0,1,"안녕하세요. 프리미엄 헬스테크 브랜드, 슬룸입니다.
진심 어린 소중한 후기 감사합니다. 💜

앞으로도 좋은 상품과 서비스로 고객님들을 찾아뵐 수 있도록 노력하겠습니다.
감사합니다. :)"
115798,2026-06-06 00:00:00,,,리모컨 배터리가 별도로 있어요. 본체는 충전식인데 리모컨은 따로 충전해야 해요. 처음에 리모컨이 작동을 안 해서 당황했는데 리모컨 배터리를 따로 충전해야 한다는 걸 나중에 알았어요.,01a48c92c042,,980,프리미엄 엘보케어 팔꿈치 마사지기,149000,,기존리뷰,5,,0,0,1,"안녕하세요. 프리미엄 헬스테크 브랜드, 슬룸입니다.
시간 내어 소중한 후기를 작성해 주셔서 감사드립니다. :)

믿고 찾는 쇼핑몰이 되기 위해 더 좋은 상품과 서비스를 준비하겠습니다.
감사합니다. 💜"
115799,2026-06-02 00:00:00,,,전완근 에어백이 3단계 강도로 올리면 꽤 강하게 압박해요. 팔 근육이 약한 분들은 처음에 놀랄 수 있어요. 저는 지금 3단계 쓰는데 익숙해지는 데 일주일 정도 걸렸어요.,ef39afcc9059,,980,프리미엄 엘보케어 팔꿈치 마사지기,149000,,기존리뷰,5,,0,0,1,"안녕하세요. 프리미엄 헬스테크 브랜드, 슬룸입니다.
시간 내어 소중한 후기를 작성해 주셔서 감사드립니다. :)

믿고 찾는 쇼핑몰이 되기 위해 더 좋은 상품과 서비스를 준비하겠습니다.
감사합니다. 💜"
115800,2026-06-12 00:00:00,,,"팔꿈치 안쪽 힘줄이 당기는 게 아니라 바깥쪽 힘줄이 아픈 경우도 있는데, 슬룸 패드 위치가 두 부위를 모두 커버해요. 안쪽이냐 바깥쪽이냐에 따라 착용 방향 조금 조정하면 돼요.",e34c9bca5554,,980,프리미엄 엘보케어 팔꿈치 마사지기,149000,,기존리뷰,5,,0,0,1,"안녕하세요. 프리미엄 헬스테크 브랜드, 슬룸입니다.
정성스럽게 올려주신 소중한 후기 감사합니다. 💜

고객님의 목소리로 더 발전하는 슬룸이 되도록 노력하겠습니다.
감사합니다. 🙇‍♀️"
115801,2026-06-07 00:00:00,,,15분 타이머가 생각보다 짧게 느껴져요. 쓰다 보면 벌써 끝났나 싶을 때가 있어요. 25분 옵션이 있는 게 다행이에요. 저는 주로 25분으로 쓰고 있어요.,e3bc420885e6,,980,프리미엄 엘보케어 팔꿈치 마사지기,149000,,기존리뷰,4,,0,0,1,"안녕하세요. 프리미엄 헬스테크 브랜드, 슬룸입니다.
진심 어린 소중한 후기 감사합니다. 💜

앞으로도 좋은 상품과 서비스로 고객님들을 찾아뵐 수 있도록 노력하겠습니다.
감사합니다. :)"
115802,2026-06-09 00:00:00,,,팔꿈치 통증이 있을 때 마사지를 직접 받으러 가는 게 시간이나 비용 면에서 현실적으로 쉽지 않잖아요. 슬룸이 그 대안으로 나쁘지 않아요. 매일 집에서 할 수 있다는 게 지속성 면에서 중요한 것 같아요.,c7001ce202ef,,980,프리미엄 엘보케어 팔꿈치 마사지기,149000,,기존리뷰,5,,0,0,1,"안녕하세요. 프리미엄 헬스테크 브랜드, 슬룸입니다.
정성스럽게 올려주신 소중한 후기 감사합니다. 💜

고객님의 목소리로 더 발전하는 슬룸이 되도록 노력하겠습니다.
감사합니다. 🙇‍♀️"
115803,2026-06-06 00:00:00,,,강도를 높이면 근육이 실제로 당겨지는 느낌이 있어요. 이게 불쾌한 느낌이 아니라 마사지받는 느낌이에요. 처음엔 어색한데 이 감각이 익숙해지면 낮은 강도로는 부족하게 느껴져요.,f2ee507f1f85,,980,프리미엄 엘보케어 팔꿈치 마사지기,149000,,기존리뷰,5,,0,0,1,"안녕하세요. 프리미엄 헬스테크 브랜드, 슬룸입니다.
시간 내어 소중한 후기를 작성해 주셔서 감사드립니다. :)

믿고 찾는 쇼핑몰이 되기 위해 더 좋은 상품과 서비스를 준비하겠습니다.
감사합니다. 💜"
115804,2026-06-10 00:00:00,,,팔꿈치 힘줄이 만성적으로 안 좋은 분들한테는 한두 번 써서 효과를 판단하기 어려워요. 최소 2~3주는 꾸준히 써봐야 변화를 느낄 수 있는 것 같아요.,20bd535dac04,,980,프리미엄 엘보케어 팔꿈치 마사지기,149000,,기존리뷰,5,,0,0,1,"안녕하세요. 프리미엄 헬스테크 브랜드, 슬룸입니다.
시간 내어 소중한 후기를 작성해 주셔서 감사드립니다. :)

믿고 찾는 쇼핑몰이 되기 위해 더 좋은 상품과 서비스를 준비하겠습니다.
감사합니다. 💜"
115805,2026-06-04 00:00:00,,,착용하고 TV 보거나 책 읽는 게 가능해요. 15분이나 25분 동안 팔을 고정하고 있어야 하는 게 아니라서 다른 것 하면서 자연스럽게 쓸 수 있어요. 이 부분이 습관 만드는 데 도움이 돼요.,6984ab2fb39d,,980,프리미엄 엘보케어 팔꿈치 마사지기,149000,,기존리뷰,4,,0,0,1,"안녕하세요. 프리미엄 헬스테크 브랜드, 슬룸입니다.
시간 내어 소중한 후기를 작성해 주셔서 감사드립니다. :)

믿고 찾는 쇼핑몰이 되기 위해 더 좋은 상품과 서비스를 준비하겠습니다.
감사합니다. 💜"
115806,2026-06-15 00:00:00,,,팔꿈치가 아프기 시작한 초기에 샀으면 더 좋았을 것 같아요. 만성이 된 다음에 쓰는 것보다 초기에 관리하는 게 훨씬 효과적인 것 같아서요. 통증이 막 생기기 시작한 분들한테 권하고 싶어요.,514d465d7ad8,,980,프리미엄 엘보케어 팔꿈치 마사지기,149000,,기존리뷰,5,,0,0,1,"안녕하세요. 프리미엄 헬스테크 브랜드, 슬룸입니다.
진심 어린 소중한 후기 감사합니다. 💜

앞으로도 좋은 상품과 서비스로 고객님들을 찾아뵐 수 있도록 노력하겠습니다.
감사합니다. :)"
115807,2026-06-09 00:00:00,,,"모드 전환이 버튼 하나로 순서대로 바뀌는 구조라 직관적이에요. M1부터 M5까지 순서대로 가는데, 원하는 모드로 바로 점프는 안 돼요. 이게 불편할 수도 있는데 익숙해지면 크게 불편하지 않아요.",75717cd5c584,,980,프리미엄 엘보케어 팔꿈치 마사지기,149000,,기존리뷰,5,,0,0,1,"안녕하세요. 프리미엄 헬스테크 브랜드, 슬룸입니다.
시간 내어 소중한 후기를 작성해 주셔서 감사드립니다. :)

믿고 찾는 쇼핑몰이 되기 위해 더 좋은 상품과 서비스를 준비하겠습니다.
감사합니다. 💜"
115808,2026-06-17 00:00:00,,,"팔꿈치 통증이 있을 때 타이핑이나 마우스 쓰는 게 두려워서 속도를 늦추게 됐는데, 슬룸 꾸준히 쓰고 나서 그 두려움이 줄었어요. 팔꿈치 상태가 안정되니까 일할 때 덜 조심하게 됐어요.",c29175825db7,,980,프리미엄 엘보케어 팔꿈치 마사지기,149000,,기존리뷰,4,,0,0,1,"안녕하세요. 프리미엄 헬스테크 브랜드, 슬룸입니다.
정성스럽게 올려주신 소중한 후기 감사합니다. 💜

고객님의 목소리로 더 발전하는 슬룸이 되도록 노력하겠습니다.
감사합니다. 🙇‍♀️"
115809,2026-06-06 00:00:00,,,"에어백이 팽창하고 수축하는 리듬이 있어요. 이 리듬감이 처음엔 기계적으로 느껴지는데, 익숙해지면 오히려 리드미컬하게 느껴져요. 15분 지나면 끝났다는 게 아쉬울 정도예요.",89fd090bf575,,980,프리미엄 엘보케어 팔꿈치 마사지기,149000,,기존리뷰,5,,0,0,1,"안녕하세요. 프리미엄 헬스테크 브랜드, 슬룸입니다.
정성스럽게 올려주신 소중한 후기 감사합니다. 💜

고객님의 목소리로 더 발전하는 슬룸이 되도록 노력하겠습니다.
감사합니다. 🙇‍♀️"
115810,2026-06-02 00:00:00,,,"팔꿈치 통증이 심한 날과 그렇지 않은 날 강도를 다르게 쓰고 있어요. 심한 날엔 낮은 강도로 부드럽게, 컨디션 좋은 날엔 강도 올려서 써요. 유연하게 조절할 수 있는 게 좋아요.",6a828277dc73,,980,프리미엄 엘보케어 팔꿈치 마사지기,149000,,기존리뷰,5,,0,0,1,"안녕하세요. 프리미엄 헬스테크 브랜드, 슬룸입니다.
시간 내어 소중한 후기를 작성해 주셔서 감사드립니다. :)

믿고 찾는 쇼핑몰이 되기 위해 더 좋은 상품과 서비스를 준비하겠습니다.
감사합니다. 💜"
115811,2026-06-02 00:00:00,,,"슬룸 쓰기 전에는 팔꿈치 통증이 일상에서 계속 신경 쓰였어요. 물건 들 때마다, 문 열 때마다 조심하게 되는 느낌이었거든요. 지금은 그런 신경이 줄었어요.",0514062fa7c4,,980,프리미엄 엘보케어 팔꿈치 마사지기,149000,,기존리뷰,5,,0,0,1,"안녕하세요. 프리미엄 헬스테크 브랜드, 슬룸입니다.
시간 내어 소중한 후기를 작성해 주셔서 감사드립니다. :)

믿고 찾는 쇼핑몰이 되기 위해 더 좋은 상품과 서비스를 준비하겠습니다.
감사합니다. 💜"
115812,2026-06-06 00:00:00,,,활력 모드가 다른 모드보다 빠른 리듬으로 자극이 와요. 처음엔 좀 자극적으로 느껴질 수 있는데 운동 전에 쓰면 워밍업 되는 느낌이에요. 운동하는 분들한테 추천하는 모드예요.,7affcf7aad98,,980,프리미엄 엘보케어 팔꿈치 마사지기,149000,,기존리뷰,4,,0,0,1,"안녕하세요. 프리미엄 헬스테크 브랜드, 슬룸입니다.
정성스럽게 올려주신 소중한 후기 감사합니다. 💜

고객님의 목소리로 더 발전하는 슬룸이 되도록 노력하겠습니다.
감사합니다. 🙇‍♀️"
115813,2026-06-05 00:00:00,,,팔꿈치 전용이라는 게 착용 구조에서 확실히 느껴져요. 팔꿈치가 홈에 맞게 들어가도록 설계가 돼 있어서 착용하면 위치가 자동으로 잡혀요. 이 설계가 잘 됐다고 생각해요.,e86237f06025,,980,프리미엄 엘보케어 팔꿈치 마사지기,149000,,기존리뷰,5,,0,0,1,"안녕하세요. 프리미엄 헬스테크 브랜드, 슬룸입니다.
시간 내어 소중한 후기를 작성해 주셔서 감사드립니다. :)

믿고 찾는 쇼핑몰이 되기 위해 더 좋은 상품과 서비스를 준비하겠습니다.
감사합니다. 💜"
115814,2026-06-11 00:00:00,,,운동 후 24시간 이내가 슬룸 효과가 제일 잘 느껴지는 타이밍인 것 같아요. 운동 직후 아이싱 하고 나서 쓰는 게 저한테 제일 맞는 루틴이에요.,87cfef39f08c,,980,프리미엄 엘보케어 팔꿈치 마사지기,149000,,기존리뷰,5,,0,0,1,"안녕하세요. 프리미엄 헬스테크 브랜드, 슬룸입니다.
진심 어린 소중한 후기 감사합니다. 💜

앞으로도 좋은 상품과 서비스로 고객님들을 찾아뵐 수 있도록 노력하겠습니다.
감사합니다. :)"
115815,2026-06-12 00:00:00,,,팔꿈치 통증이 있는 부위를 손으로 눌렀을 때 아픈 게 있잖아요. 슬룸 쓰고 나서 그 압통이 줄어드는 게 한 달 정도 지나면서 느껴졌어요. 이게 상태가 좋아지고 있다는 신호인 것 같아요.,102c2556b40d,,980,프리미엄 엘보케어 팔꿈치 마사지기,149000,,기존리뷰,5,,0,0,1,"안녕하세요. 프리미엄 헬스테크 브랜드, 슬룸입니다.
진심 어린 소중한 후기 감사합니다. 💜

앞으로도 좋은 상품과 서비스로 고객님들을 찾아뵐 수 있도록 노력하겠습니다.
감사합니다. :)"
115816,2026-06-03 00:00:00,,,EMS 자극이 피부에서 느껴지는 게 아니라 근육 깊이에서 느껴지는 편이에요. 피부 표면 자극과 다른 감각이라 처음엔 낯설어요. 익숙해지는 데 며칠 걸렸어요.,ddd3bf1f5813,,980,프리미엄 엘보케어 팔꿈치 마사지기,149000,,기존리뷰,4,,0,0,1,"안녕하세요. 프리미엄 헬스테크 브랜드, 슬룸입니다.
시간 내어 소중한 후기를 작성해 주셔서 감사드립니다. :)

믿고 찾는 쇼핑몰이 되기 위해 더 좋은 상품과 서비스를 준비하겠습니다.
감사합니다. 💜"
115817,2026-06-04 00:00:00,,,팔꿈치 통증으로 잠들기 어려웠던 날들이 있었어요. 슬룸을 취침 1시간 전에 쓰는 루틴을 만들고 나서 그런 날이 줄었어요. 직접적인 연관인지는 모르겠지만 결과적으로 수면이 나아졌어요.,eb2c1c9bc4ff,,980,프리미엄 엘보케어 팔꿈치 마사지기,149000,,기존리뷰,5,,0,0,1,"안녕하세요. 프리미엄 헬스테크 브랜드, 슬룸입니다.
정성스럽게 올려주신 소중한 후기 감사합니다. 💜

고객님의 목소리로 더 발전하는 슬룸이 되도록 노력하겠습니다.
감사합니다. 🙇‍♀️"
115818,2026-06-02 00:00:00,,,전완근 마사지 기능이 팔꿈치 마사지기에 들어간 게 처음엔 이상하다고 생각했어요. 써보니 팔꿈치 힘줄이랑 전완근이 연결돼 있어서 같이 케어하는 게 맞는 방식이더라고요.,629bfe4aab20,,980,프리미엄 엘보케어 팔꿈치 마사지기,149000,,기존리뷰,5,,0,0,1,"안녕하세요. 프리미엄 헬스테크 브랜드, 슬룸입니다.
진심 어린 소중한 후기 감사합니다. 💜

앞으로도 좋은 상품과 서비스로 고객님들을 찾아뵐 수 있도록 노력하겠습니다.
감사합니다. :)"
115819,2026-06-11 00:00:00,,,충전 케이블이 USB라서 따로 어댑터 살 필요 없이 집에 있는 충전기 쓸 수 있어요. 전용 충전기가 별도로 필요한 제품보다 편해요.,87e4184072cc,,980,프리미엄 엘보케어 팔꿈치 마사지기,149000,,기존리뷰,4,,0,0,1,"안녕하세요. 프리미엄 헬스테크 브랜드, 슬룸입니다.
시간 내어 소중한 후기를 작성해 주셔서 감사드립니다. :)

믿고 찾는 쇼핑몰이 되기 위해 더 좋은 상품과 서비스를 준비하겠습니다.
감사합니다. 💜"
115820,2026-06-17 00:00:00,,,"팔꿈치 통증이 있는 분들은 보통 보호대나 파스 쓰는 단계에서 멈추는데, 슬룸은 그다음 단계 케어인 것 같아요. 능동적으로 근육을 자극하고 이완시켜주는 방식이 기존 방법이랑 달라요.",8c290ee45a53,,980,프리미엄 엘보케어 팔꿈치 마사지기,149000,,기존리뷰,5,,0,0,1,"안녕하세요. 프리미엄 헬스테크 브랜드, 슬룸입니다.
정성스럽게 올려주신 소중한 후기 감사합니다. 💜

고객님의 목소리로 더 발전하는 슬룸이 되도록 노력하겠습니다.
감사합니다. 🙇‍♀️"
115821,2026-06-13 00:00:00,,,처음 쓸 때 EMS 강도를 1부터 천천히 올리는 게 맞아요. 바로 높게 올리면 경련처럼 느껴질 수 있어요. 천천히 올리면서 본인한테 맞는 강도를 찾는 시간이 필요해요.,3a4146db533c,,980,프리미엄 엘보케어 팔꿈치 마사지기,149000,,기존리뷰,5,,0,0,1,"안녕하세요. 프리미엄 헬스테크 브랜드, 슬룸입니다.
시간 내어 소중한 후기를 작성해 주셔서 감사드립니다. :)

믿고 찾는 쇼핑몰이 되기 위해 더 좋은 상품과 서비스를 준비하겠습니다.
감사합니다. 💜"
115822,2026-06-12 00:00:00,,,팔꿈치 힘줄 통증이 있으면 수건 짜는 것도 아플 때가 있어요. 그 정도면 일상생활에 지장이 있는 수준이죠. 슬룸 쓰면서 그런 동작에서 통증이 느껴지는 강도가 달라졌어요.,db843f27a5b7,,980,프리미엄 엘보케어 팔꿈치 마사지기,149000,,기존리뷰,5,,0,0,1,"안녕하세요. 프리미엄 헬스테크 브랜드, 슬룸입니다.
정성스럽게 올려주신 소중한 후기 감사합니다. 💜

고객님의 목소리로 더 발전하는 슬룸이 되도록 노력하겠습니다.
감사합니다. 🙇‍♀️"
115823,2026-06-06 00:00:00,,,"밴드 조임을 조절하는 게 에어백 효과에도 영향을 줘요. 느슨하게 착용하면 에어백이 압박이 약하게 느껴져요. 처음에 이걸 몰라서 에어백 효과가 없다고 생각했는데, 밴드 조임 조절하고 나서 달라졌어요.",586f1bf60336,,980,프리미엄 엘보케어 팔꿈치 마사지기,149000,,기존리뷰,4,,0,0,1,"안녕하세요. 프리미엄 헬스테크 브랜드, 슬룸입니다.
시간 내어 소중한 후기를 작성해 주셔서 감사드립니다. :)

믿고 찾는 쇼핑몰이 되기 위해 더 좋은 상품과 서비스를 준비하겠습니다.
감사합니다. 💜"
115824,2026-06-15 00:00:00,,,팔꿈치 통증 있는 분이 주변에 있어서 선물했어요. 효과가 어떤지 물어봤더니 꾸준히 쓰고 있다고 하더라고요. 효과가 있다는 거겠죠.,f2ad7459d018,,980,프리미엄 엘보케어 팔꿈치 마사지기,149000,,기존리뷰,5,,0,0,1,"안녕하세요. 프리미엄 헬스테크 브랜드, 슬룸입니다.
정성스럽게 올려주신 소중한 후기 감사합니다. 💜

고객님의 목소리로 더 발전하는 슬룸이 되도록 노력하겠습니다.
감사합니다. 🙇‍♀️"
115825,2026-06-16 00:00:00,,,M3 힐링 모드가 자기 전에 쓰기 딱 맞아요. 자극이 과하지 않고 리드미컬하게 오는 게 몸을 이완시키는 방향이에요. 취침 전 루틴으로 정착됐어요.,eb7a5376a26e,,980,프리미엄 엘보케어 팔꿈치 마사지기,149000,,기존리뷰,5,,0,0,1,"안녕하세요. 프리미엄 헬스테크 브랜드, 슬룸입니다.
진심 어린 소중한 후기 감사합니다. 💜

앞으로도 좋은 상품과 서비스로 고객님들을 찾아뵐 수 있도록 노력하겠습니다.
감사합니다. :)"
115826,2026-06-15 00:00:00,,,팔꿈치 통증이 있을 때 팔꿈치 위아래로 당기는 느낌이 같이 있는 경우가 있어요. 슬룸이 팔꿈치 관절 위아래를 포함해서 커버해주는 구조라 이런 경우에도 맞는 것 같아요.,d26bbea237df,,980,프리미엄 엘보케어 팔꿈치 마사지기,149000,,기존리뷰,5,,0,0,1,"안녕하세요. 프리미엄 헬스테크 브랜드, 슬룸입니다.
진심 어린 소중한 후기 감사합니다. 💜

앞으로도 좋은 상품과 서비스로 고객님들을 찾아뵐 수 있도록 노력하겠습니다.
감사합니다. :)"
115827,2026-06-07 00:00:00,,,강도 15단계 최고로 올리면 상당히 강해요. 저는 10 이상은 잘 안 올려요. 근육이 강하게 수축하는 게 불쾌할 수도 있어요. 개인 차이가 크니까 너무 높이 올리지 않는 게 처음엔 맞아요.,7cbfedb53a72,,980,프리미엄 엘보케어 팔꿈치 마사지기,149000,,기존리뷰,4,,0,0,1,"안녕하세요. 프리미엄 헬스테크 브랜드, 슬룸입니다.
시간 내어 소중한 후기를 작성해 주셔서 감사드립니다. :)

믿고 찾는 쇼핑몰이 되기 위해 더 좋은 상품과 서비스를 준비하겠습니다.
감사합니다. 💜"
115828,2026-06-12 00:00:00,,,팔꿈치 통증이 있을 때 손으로 반죽이나 그립력 쓰는 동작에서 특히 아프잖아요. 슬룸 쓰고 나서 그런 동작에서 통증 강도가 줄어든 걸 느꼈어요.,091620d9e958,,980,프리미엄 엘보케어 팔꿈치 마사지기,149000,,기존리뷰,5,,0,0,1,"안녕하세요. 프리미엄 헬스테크 브랜드, 슬룸입니다.
시간 내어 소중한 후기를 작성해 주셔서 감사드립니다. :)

믿고 찾는 쇼핑몰이 되기 위해 더 좋은 상품과 서비스를 준비하겠습니다.
감사합니다. 💜"
115829,2026-06-14 00:00:00,,,에어백이 수축할 때 공기 빠지는 소리가 약간 나요. 조용한 환경에서는 들려요. 크게 거슬리지는 않지만 완전히 무음은 아니에요.,34d87785ed64,,980,프리미엄 엘보케어 팔꿈치 마사지기,149000,,기존리뷰,5,,0,0,1,"안녕하세요. 프리미엄 헬스테크 브랜드, 슬룸입니다.
시간 내어 소중한 후기를 작성해 주셔서 감사드립니다. :)

믿고 찾는 쇼핑몰이 되기 위해 더 좋은 상품과 서비스를 준비하겠습니다.
감사합니다. 💜"
115830,2026-06-01 00:00:00,,,팔꿈치 통증이 좋아졌다가 나빠지는 걸 반복하는 분들한테 일관된 케어 도구가 있다는 게 의미 있는 것 같아요. 슬룸이 그 역할을 하고 있어요.,ba94f7512b4e,,980,프리미엄 엘보케어 팔꿈치 마사지기,149000,,기존리뷰,4,,0,0,1,"안녕하세요. 프리미엄 헬스테크 브랜드, 슬룸입니다.
정성스럽게 올려주신 소중한 후기 감사합니다. 💜

고객님의 목소리로 더 발전하는 슬룸이 되도록 노력하겠습니다.
감사합니다. 🙇‍♀️"
115831,2026-06-02 00:00:00,,,운동을 즐기는 분들한테 팔꿈치 통증은 언제 올지 모르는 문제예요. 생기기 전에 예방 차원에서 쓰는 것도 방법인 것 같아요. 저는 통증이 생기기 전부터 쓰기 시작해서 지금까지 큰 문제 없어요.,c7ff65c7925c,,980,프리미엄 엘보케어 팔꿈치 마사지기,149000,,기존리뷰,4,,0,0,1,"안녕하세요. 프리미엄 헬스테크 브랜드, 슬룸입니다.
정성스럽게 올려주신 소중한 후기 감사합니다. 💜

고객님의 목소리로 더 발전하는 슬룸이 되도록 노력하겠습니다.
감사합니다. 🙇‍♀️"
115832,2026-06-11 00:00:00,,,"슬룸 쓰면서 팔꿈치 상태를 매일 체크하게 됐어요. 오늘은 어떤 모드가 맞겠다, 강도를 어느 정도로 할지 생각하면서 쓰게 되더라고요. 이런 능동적인 관리가 전반적으로 좋은 것 같아요.",0b23574fdd83,,980,프리미엄 엘보케어 팔꿈치 마사지기,149000,,기존리뷰,5,,0,0,1,"안녕하세요. 프리미엄 헬스테크 브랜드, 슬룸입니다.
진심 어린 소중한 후기 감사합니다. 💜

앞으로도 좋은 상품과 서비스로 고객님들을 찾아뵐 수 있도록 노력하겠습니다.
감사합니다. :)"
115833,2026-06-08 00:00:00,,,"팔꿈치 통증이 심한 편이라 한 달에 한 번씩 병원을 다녔는데, 슬룸 쓰면서 병원 가는 빈도가 줄었어요. 완전히 안 간 건 아닌데 예전보다는 덜 가요.",83c13fa10c4e,,980,프리미엄 엘보케어 팔꿈치 마사지기,149000,,기존리뷰,5,,0,0,1,"안녕하세요. 프리미엄 헬스테크 브랜드, 슬룸입니다.
시간 내어 소중한 후기를 작성해 주셔서 감사드립니다. :)

믿고 찾는 쇼핑몰이 되기 위해 더 좋은 상품과 서비스를 준비하겠습니다.
감사합니다. 💜"
115834,2026-06-04 00:00:00,,,에어백이 전완근을 감싸는 위치가 팔꿈치와 손목 사이를 제대로 잡아줘요. 이 위치에 뭉침이 있는 분들한테 실제로 도움이 되는 부분이에요.,7f48433abe45,,980,프리미엄 엘보케어 팔꿈치 마사지기,149000,,기존리뷰,4,,0,0,1,"안녕하세요. 프리미엄 헬스테크 브랜드, 슬룸입니다.
정성스럽게 올려주신 소중한 후기 감사합니다. 💜

고객님의 목소리로 더 발전하는 슬룸이 되도록 노력하겠습니다.
감사합니다. 🙇‍♀️"
115835,2026-06-03 00:00:00,,,팔꿈치 통증이 오래된 분들은 이게 완치 도구가 아니라 관리 도구라는 걸 알고 써야 해요. 그 기대치로 쓰면 꾸준히 쓸 수 있어요. 저는 그 마음으로 쓰고 있고 그 범위 안에서 만족해요.,09431401e0f4,,980,프리미엄 엘보케어 팔꿈치 마사지기,149000,,기존리뷰,5,,0,0,1,"안녕하세요. 프리미엄 헬스테크 브랜드, 슬룸입니다.
정성스럽게 올려주신 소중한 후기 감사합니다. 💜

고객님의 목소리로 더 발전하는 슬룸이 되도록 노력하겠습니다.
감사합니다. 🙇‍♀️"
115836,2026-06-15 00:00:00,,,착용했을 때 컨트롤러가 아래를 향하면 팔 움직임에 거슬리지 않아요. 착용 방향이 왜 있는지 써보니까 이해가 돼요. 설계가 실사용 기준으로 잘 됐어요.,1a61c25b498f,,980,프리미엄 엘보케어 팔꿈치 마사지기,149000,,기존리뷰,5,,0,0,1,"안녕하세요. 프리미엄 헬스테크 브랜드, 슬룸입니다.
시간 내어 소중한 후기를 작성해 주셔서 감사드립니다. :)

믿고 찾는 쇼핑몰이 되기 위해 더 좋은 상품과 서비스를 준비하겠습니다.
감사합니다. 💜"
115837,2026-06-10 00:00:00,,,팔꿈치 통증이 스트레스 받을 때 더 심해지는 경향이 있었어요. 슬룸 쓰면서 케어를 루틴으로 만들고 나서 그 심화 폭이 줄어든 것 같아요.,eb8e2c2b2d8f,,980,프리미엄 엘보케어 팔꿈치 마사지기,149000,,기존리뷰,5,,0,0,1,"안녕하세요. 프리미엄 헬스테크 브랜드, 슬룸입니다.
진심 어린 소중한 후기 감사합니다. 💜

앞으로도 좋은 상품과 서비스로 고객님들을 찾아뵐 수 있도록 노력하겠습니다.
감사합니다. :)"
115838,2026-06-05 00:00:00,,,팔꿈치 통증이 있을 때 타월이나 물건을 세게 쥐는 게 아플 때가 있잖아요. 슬룸 꾸준히 쓰고 나서 그런 일상 동작에서 통증이 느껴지는 경우가 줄었어요.,1bcae5600696,,980,프리미엄 엘보케어 팔꿈치 마사지기,149000,,기존리뷰,4,,0,0,1,"안녕하세요. 프리미엄 헬스테크 브랜드, 슬룸입니다.
시간 내어 소중한 후기를 작성해 주셔서 감사드립니다. :)

믿고 찾는 쇼핑몰이 되기 위해 더 좋은 상품과 서비스를 준비하겠습니다.
감사합니다. 💜"
115839,2026-06-05 00:00:00,,,구성품 중에 사용설명서가 꽤 자세하게 나와 있어요. 초보자도 보면서 따라할 수 있고 주의사항도 잘 나와 있어요. 이 부분이 잘 돼 있는 제품이에요.,5f188b6d438c,,980,프리미엄 엘보케어 팔꿈치 마사지기,149000,,기존리뷰,5,,0,0,1,"안녕하세요. 프리미엄 헬스테크 브랜드, 슬룸입니다.
정성스럽게 올려주신 소중한 후기 감사합니다. 💜

고객님의 목소리로 더 발전하는 슬룸이 되도록 노력하겠습니다.
감사합니다. 🙇‍♀️"
115840,2026-06-17 00:00:00,,,슬룸 쓰면서 팔꿈치 통증이 없어진 게 아니라 다루기 편해진 느낌이에요. 통증이 오면 어떻게 대응할지 아는 도구가 생긴 것 같아서 심리적으로도 편해졌어요.,3d3df034faa4,,980,프리미엄 엘보케어 팔꿈치 마사지기,149000,,기존리뷰,5,,0,0,1,"안녕하세요. 프리미엄 헬스테크 브랜드, 슬룸입니다.
정성스럽게 올려주신 소중한 후기 감사합니다. 💜

고객님의 목소리로 더 발전하는 슬룸이 되도록 노력하겠습니다.
감사합니다. 🙇‍♀️"
115841,2026-06-13 00:00:00,,,팔꿈치 통증이 있는 분들끼리 어떻게 관리하냐는 이야기를 하다가 슬룸을 소개했어요. 써본 분들 반응이 대체로 좋아서 몇 명 더 사게 됐어요.,0cc3cb8ece8f,,980,프리미엄 엘보케어 팔꿈치 마사지기,149000,,기존리뷰,5,,0,0,1,"안녕하세요. 프리미엄 헬스테크 브랜드, 슬룸입니다.
진심 어린 소중한 후기 감사합니다. 💜

앞으로도 좋은 상품과 서비스로 고객님들을 찾아뵐 수 있도록 노력하겠습니다.
감사합니다. :)"
115842,2026-06-16 00:00:00,,,EMS 패드 위치가 착용하면 자연스럽게 팔꿈치 관절 옆을 잡아요. 따로 위치를 잡을 필요 없이 착용만 하면 되는 구조예요. 이게 편해요.,2677134dfb19,,980,프리미엄 엘보케어 팔꿈치 마사지기,149000,,기존리뷰,5,,0,0,1,"안녕하세요. 프리미엄 헬스테크 브랜드, 슬룸입니다.
진심 어린 소중한 후기 감사합니다. 💜

앞으로도 좋은 상품과 서비스로 고객님들을 찾아뵐 수 있도록 노력하겠습니다.
감사합니다. :)"
115843,2026-06-03 00:00:00,,,팔꿈치 통증으로 팔 전체가 예민해지는 느낌이 있었어요. 조금만 건드려도 통증이 유발되는 상태요. 슬룸 꾸준히 쓰고 나서 그 예민함이 많이 줄었어요.,715fbe4574fb,,980,프리미엄 엘보케어 팔꿈치 마사지기,149000,,기존리뷰,5,,0,0,1,"안녕하세요. 프리미엄 헬스테크 브랜드, 슬룸입니다.
진심 어린 소중한 후기 감사합니다. 💜

앞으로도 좋은 상품과 서비스로 고객님들을 찾아뵐 수 있도록 노력하겠습니다.
감사합니다. :)"
115844,2026-06-14 00:00:00,,,"25분 타이머로 설정해두고 다른 거 하다 보면 끝나있어요. 이 루틴이 자리 잡는 데 일주일 정도 걸렸고, 지금은 이게 없으면 뭔가 빠진 느낌이에요.",787dfbb339b5,,980,프리미엄 엘보케어 팔꿈치 마사지기,149000,,기존리뷰,5,,0,0,1,"안녕하세요. 프리미엄 헬스테크 브랜드, 슬룸입니다.
정성스럽게 올려주신 소중한 후기 감사합니다. 💜

고객님의 목소리로 더 발전하는 슬룸이 되도록 노력하겠습니다.
감사합니다. 🙇‍♀️"
115845,2026-06-09 00:00:00,,,팔꿈치 통증이 있을 때 팔꿈치를 굽히고 피는 게 부드럽지 않은 느낌이 있었어요. 슬룸 쓰면서 관절 주변이 유연해진 느낌이 들었어요.,e00987fffe64,,980,프리미엄 엘보케어 팔꿈치 마사지기,149000,,기존리뷰,4,,0,0,1,"안녕하세요. 프리미엄 헬스테크 브랜드, 슬룸입니다.
정성스럽게 올려주신 소중한 후기 감사합니다. 💜

고객님의 목소리로 더 발전하는 슬룸이 되도록 노력하겠습니다.
감사합니다. 🙇‍♀️"
115846,2026-06-14 00:00:00,,,네이비 색상이 너무 튀지 않아서 좋아요. 착용하고 있어도 눈에 많이 띄지 않아요. 집에서 편하게 쓸 수 있는 색감이에요.,f7a55b9c4d41,,980,프리미엄 엘보케어 팔꿈치 마사지기,149000,,기존리뷰,5,,0,0,1,"안녕하세요. 프리미엄 헬스테크 브랜드, 슬룸입니다.
정성스럽게 올려주신 소중한 후기 감사합니다. 💜

고객님의 목소리로 더 발전하는 슬룸이 되도록 노력하겠습니다.
감사합니다. 🙇‍♀️"
115847,2026-06-13 00:00:00,,,"팔꿈치 통증이 있을 때 쉬는 게 제일인 줄 알았는데, 그냥 쉬는 것보다 능동적으로 케어하는 게 회복에 더 도움이 되는 것 같아요. 슬룸이 그 능동적인 케어 역할을 하고 있어요.",f1a817caa770,,980,프리미엄 엘보케어 팔꿈치 마사지기,149000,,기존리뷰,5,,0,0,1,"안녕하세요. 프리미엄 헬스테크 브랜드, 슬룸입니다.
진심 어린 소중한 후기 감사합니다. 💜

앞으로도 좋은 상품과 서비스로 고객님들을 찾아뵐 수 있도록 노력하겠습니다.
감사합니다. :)"
115848,2026-06-17 00:00:00,,,에어백이 전완근을 감싸는 범위가 꽤 넓어요. 팔꿈치와 손목 사이 절반 정도를 커버하는 느낌이에요. 전완근 전체 관리가 필요한 분들한테 맞는 구조예요.,31b8ef989bc3,,980,프리미엄 엘보케어 팔꿈치 마사지기,149000,,기존리뷰,5,,0,0,1,"안녕하세요. 프리미엄 헬스테크 브랜드, 슬룸입니다.
진심 어린 소중한 후기 감사합니다. 💜

앞으로도 좋은 상품과 서비스로 고객님들을 찾아뵐 수 있도록 노력하겠습니다.
감사합니다. :)"
115849,2026-06-03 00:00:00,,,"팔꿈치 통증이 있을 때 손 씻으면서 비틀거나 짜는 동작이 불편했는데, 슬룸 쓰면서 그 불편함 강도가 낮아졌어요.",9101beaa8c5f,,980,프리미엄 엘보케어 팔꿈치 마사지기,149000,,기존리뷰,4,,0,0,1,"안녕하세요. 프리미엄 헬스테크 브랜드, 슬룸입니다.
시간 내어 소중한 후기를 작성해 주셔서 감사드립니다. :)

믿고 찾는 쇼핑몰이 되기 위해 더 좋은 상품과 서비스를 준비하겠습니다.
감사합니다. 💜"
115850,2026-06-17 00:00:00,,,"기대 이상의 제품이에요. 팔꿈치 전용 마사지기가 있다는 것 자체가 신선했는데, 실제로 써보니 팔꿈치 케어에 특화된 구조가 실용적으로 느껴져요.",b70839ebcf7f,,980,프리미엄 엘보케어 팔꿈치 마사지기,149000,,기존리뷰,5,,0,0,1,"안녕하세요. 프리미엄 헬스테크 브랜드, 슬룸입니다.
정성스럽게 올려주신 소중한 후기 감사합니다. 💜

고객님의 목소리로 더 발전하는 슬룸이 되도록 노력하겠습니다.
감사합니다. 🙇‍♀️"
115851,2026-06-02 00:00:00,,,팔꿈치 통증을 겪어본 분들은 아시겠지만 파스나 보호대로는 한계가 있어요. 슬룸은 그 한계 너머에서 도움이 되는 도구예요. 관리 방법의 레벨이 올라간 느낌이에요.,5bfc874b02bc,,980,프리미엄 엘보케어 팔꿈치 마사지기,149000,,기존리뷰,5,,0,0,1,"안녕하세요. 프리미엄 헬스테크 브랜드, 슬룸입니다.
시간 내어 소중한 후기를 작성해 주셔서 감사드립니다. :)

믿고 찾는 쇼핑몰이 되기 위해 더 좋은 상품과 서비스를 준비하겠습니다.
감사합니다. 💜"
115852,2026-06-16 00:00:00,,,팔꿈치 통증이 재발하는 분들한테 매일 케어 루틴이 있다는 게 심리적으로도 안정이 돼요. 뭔가 하고 있다는 느낌이요. 슬룸이 그 루틴이 됐어요.,2a83324eb607,,980,프리미엄 엘보케어 팔꿈치 마사지기,149000,,기존리뷰,4,,0,0,1,"안녕하세요. 프리미엄 헬스테크 브랜드, 슬룸입니다.
진심 어린 소중한 후기 감사합니다. 💜

앞으로도 좋은 상품과 서비스로 고객님들을 찾아뵐 수 있도록 노력하겠습니다.
감사합니다. :)"
115853,2026-06-05 00:00:00,,,"온열 3단계에서 장시간 쓰는 건 권장 안 해요. 저온화상 위험이 있어요. 타이머 쓰면서 정해진 시간 안에 쓰는 게 맞아요. 저는 온열 2단계, 25분이 제일 맞아요.",826e897266dc,,980,프리미엄 엘보케어 팔꿈치 마사지기,149000,,기존리뷰,5,,0,0,1,"안녕하세요. 프리미엄 헬스테크 브랜드, 슬룸입니다.
정성스럽게 올려주신 소중한 후기 감사합니다. 💜

고객님의 목소리로 더 발전하는 슬룸이 되도록 노력하겠습니다.
감사합니다. 🙇‍♀️"
115954,2026-06-19 21:01:01,2026-06-18 10:39:44,2026-06-19 13:47:10,처음 마사지 받을땐 낯설어서 좀 불편했는데 견인치료 받는 느낌이 들더라구요.  받은후 뻣뻣했던 목이 조금은 풀리는 듯 싶어 매일 해볼려고 합니다.,a1e822764aa6,,909,목 마사지 베개 V2 경추 마사지기 베개,112000,수량선택: 코어 밸런스 업 세트 (허리편한케어 V2 + 목 마사지 베개 V2),모바일(팝업),5,,0,0,1,"안녕하세요. 프리미엄 헬스테크 브랜드, 슬룸입니다.
시간 내어 소중한 후기를 작성해 주셔서 감사드립니다. :)

믿고 찾는 쇼핑몰이 되기 위해 더 좋은 상품과 서비스를 준비하겠습니다.
감사합니다. 💜"
115955,2026-06-19 06:33:45,2026-06-16 22:31:30,2026-06-18 16:11:57,발바닥이 시원하고 좋아요.,,,924,발편한케어 프리미엄 EMS 발 마사지기,89000,"사이즈&세트선택: M (220-270mm), 수량선택: 발편한케어 1개",기존리뷰,5,,0,0,1,"안녕하세요. 프리미엄 헬스테크 브랜드, 슬룸입니다.
진심 어린 소중한 후기 감사합니다. 💜

앞으로도 좋은 상품과 서비스로 고객님들을 찾아뵐 수 있도록 노력하겠습니다.
감사합니다. :)"
115956,2026-06-19 08:36:08,2026-04-27 22:31:45,2026-04-29 13:23:00,ㅣ 편하긴 한데 진동기능이 좀 울리는 것 같아요,,,909,목 마사지 베개 V2 경추 마사지기 베개,112000,수량선택: 목 마사지 베개 V2 1개 (마그네슘 시너지 크림 30ml 1개 증정),기존리뷰,4,,1,0,1,"안녕하세요. 프리미엄 헬스테크 브랜드, 슬룸입니다.
정성스럽게 올려주신 소중한 후기 감사합니다. 💜

고객님의 목소리로 더 발전하는 슬룸이 되도록 노력하겠습니다.
감사합니다. 🙇‍♀️"
115957,2026-06-19 08:51:51,2026-06-03 00:40:35,,경추디스크로 여러가지 베게 알아보던중 제가 쓸것과 부모님 드릴것까지 2개 구입했습니다. 그런데 어제 기계 오작동으로 에어가 계속 들어가서 전원버튼을 아무리.눌러도. 그어떤 버튼도 작동이안되었고 에어가 터질것같이 팽창되어서. 결국 칼로 구멍내서 파손시켜 에어.주입을 막았구요. 그래도 기계는 계속 작동되어서 전선을 절단해서.멈추게했습니다. 위험해서 못쓸 물건이네요. 어젯밤 얼마나 식겁했는지! 동영상 첨부합니다. 2개 상품 전체환불 처리해주세요,,,909,목 마사지 베개 V2 경추 마사지기 베개,112000,수량선택: 목 마사지 베개 V2 2개,기존리뷰,1,,3,0,1,"안녕하세요 고객님, 프리미엄 헬스테크 브랜드, 슬룸입니다.
고객님께 만족스러운 경험을 드리지 못해 대단히 죄송합니다.😥

슬룸 고객센터 통하여 반품 접수하신 것으로 확인됩니다.
기대하여 구매한 제품에서 불량 증상이 발생하여 많이 당황스러우시고 실망하셨을 거 같습니다.

환불은 제품 회수 후 진행될 예정이며 차질 없도록 꼼꼼하게 확인하도록 하겠습니다.
다시 한번 불량으로 인해 불편을 드려 죄송하다는 말씀 전달드리고 싶습니다.

고객님의 의견을 수렴하여 더 발전하는 슬룸이 되도록 노력하겠습니다. 감사합니다."
115958,2026-06-19 14:22:23,2026-06-15 18:31:20,2026-06-17 10:42:13,팔꿈치 마사지에 좋아요,,,980,프리미엄 엘보케어 팔꿈치 마사지기,149000,수량선택: 팔꿈치 마사지기 1개,기존리뷰,5,,0,0,1,"안녕하세요. 프리미엄 헬스테크 브랜드, 슬룸입니다.
진심 어린 소중한 후기 감사합니다. 💜

앞으로도 좋은 상품과 서비스로 고객님들을 찾아뵐 수 있도록 노력하겠습니다.
감사합니다. :)"
115959,2026-06-19 14:21:50,2026-06-07 23:48:50,2026-06-09 18:44:47,시원하고 자기 전에 매일 받는데 잠도 아주 잘 오고 좋네요,,,291,목베개 플러스 경추 목 마사지기 베개,91000,수량선택: 목베개 플러스 1개 (허리베개 1개 증정),기존리뷰,4,,1,0,1,"안녕하세요. 프리미엄 헬스테크 브랜드, 슬룸입니다.
정성스럽게 올려주신 소중한 후기 감사합니다. 💜

고객님의 목소리로 더 발전하는 슬룸이 되도록 노력하겠습니다.
감사합니다. 🙇‍♀️"
115960,2026-06-19 15:26:17,2026-05-23 07:32:00,2026-05-27 16:11:00,저녁에 잘 때 사용하는데 좋네요,,,909,목 마사지 베개 V2 경추 마사지기 베개,112000,수량선택: 목 마사지 베개 V2 1개,기존리뷰,5,,0,0,1,"안녕하세요. 프리미엄 헬스테크 브랜드, 슬룸입니다.
진심 어린 소중한 후기 감사합니다. 💜

앞으로도 좋은 상품과 서비스로 고객님들을 찾아뵐 수 있도록 노력하겠습니다.
감사합니다. :)"
115961,2026-06-19 16:11:50,2026-05-09 20:20:45,2026-05-12 13:43:17,빠른 배송 감사합니다,,,291,목베개 플러스 경추 목 마사지기 베개,91000,수량선택: 목베개 플러스 1개 (마그네슘 시너지 크림 30ml 1개 증정),기존리뷰,5,,0,0,1,"안녕하세요. 프리미엄 헬스테크 브랜드, 슬룸입니다.
정성스럽게 올려주신 소중한 후기 감사합니다. 💜

고객님의 목소리로 더 발전하는 슬룸이 되도록 노력하겠습니다.
감사합니다. 🙇‍♀️"
115962,2026-06-19 16:29:05,2026-06-11 11:21:05,2026-06-13 17:05:09,어머니께 드렸는데 좋다네요,,,909,목 마사지 베개 V2 경추 마사지기 베개,112000,수량선택: 목 마사지 베개 V2 1개 (허리베개 1개 증정),기존리뷰,5,,0,0,1,"안녕하세요. 프리미엄 헬스테크 브랜드, 슬룸입니다.
진심 어린 소중한 후기 감사합니다. 💜

앞으로도 좋은 상품과 서비스로 고객님들을 찾아뵐 수 있도록 노력하겠습니다.
감사합니다. :)"
115963,2026-06-19 16:37:12,2026-05-17 07:10:10,2026-05-19 15:03:00,물건 좋아요 또 사러 올게요!,,,909,목 마사지 베개 V2 경추 마사지기 베개,112000,수량선택: 목 마사지 베개 V2 1개,기존리뷰,5,,0,0,1,"안녕하세요. 프리미엄 헬스테크 브랜드, 슬룸입니다.
정성스럽게 올려주신 소중한 후기 감사합니다. 💜

고객님의 목소리로 더 발전하는 슬룸이 되도록 노력하겠습니다.
감사합니다. 🙇‍♀️"
115964,2026-06-19 17:05:18,2026-06-08 06:45:50,2026-06-09 18:44:30,사용하기 편리하고 편안하네요 좋아요,,,909,목 마사지 베개 V2 경추 마사지기 베개,112000,수량선택: 목 마사지 베개 V2 1개 (허리베개 1개 증정),기존리뷰,5,,0,0,1,"안녕하세요. 프리미엄 헬스테크 브랜드, 슬룸입니다.
진심 어린 소중한 후기 감사합니다. 💜

앞으로도 좋은 상품과 서비스로 고객님들을 찾아뵐 수 있도록 노력하겠습니다.
감사합니다. :)"
115965,2026-06-19 19:04:06,2026-06-11 22:50:50,2026-06-13 16:11:39,소음 많이 심해요~,,,909,목 마사지 베개 V2 경추 마사지기 베개,112000,수량선택: 목 마사지 베개 V2 1개 (허리베개 1개 증정),기존리뷰,1,,0,0,1,"안녕하세요 고객님, 프리미엄 헬스테크 브랜드, 슬룸입니다.
고객님께 만족스러운 경험을 드리지 못해 대단히 죄송합니다.😥

슬룸의 모든 제품은 인체공학적으로 설계되어 편안한 사용이 가능하나 초기 사용 시 1~2주 이상의 적응 기간이 필요할 수 있습니다. 
다만 수령하신 날짜 기준으로 30일 동안 꾸준히 사용해보시고도 만족하지 못하셨을 경우에는, 슬룸에서 진행하는 <100%환불이벤트> 에 참여하여 왕복배송비 제외 전액 환불이 가능합니다.

※ 제품을 30일간 꾸준히 사용한 경우, 배송완료 후 40일이내 신청이 가능
※ 환불 서비스는 첫 구매 체험을 위한 서비스로 1회만 신청 가능

▶ <100% 환불 이벤트> 상세 환불 조건 : https://sleeplab.co.kr/notice/?q=YToxOntzOjEyOiJrZXl3b3JkX3R5cGUiO3M6MzoiYWxsIjt9&bmode=view&idx=13709226&t=board 

슬룸을 믿고 편하게 사용 및 체험해보시고, 그럼에도 만족하시지 못하셨을 경우 슬룸 공식몰의 채널톡을 통해 이벤트 기간 내 문의 주시면 환불 접수 도움드리겠습니다."
115966,2026-06-19 19:06:36,2026-06-11 06:41:30,2026-06-12 13:47:48,목 통증이 완화되네요,,,909,목 마사지 베개 V2 경추 마사지기 베개,112000,수량선택: 목 마사지 베개 V2 1개 (허리베개 1개 증정),기존리뷰,5,,0,0,1,"안녕하세요. 프리미엄 헬스테크 브랜드, 슬룸입니다.
진심 어린 소중한 후기 감사합니다. 💜

앞으로도 좋은 상품과 서비스로 고객님들을 찾아뵐 수 있도록 노력하겠습니다.
감사합니다. :)"
115967,2026-06-19 20:44:04,2026-06-11 23:13:05,2026-06-13 16:10:37,"목이 아파서 샀는데
아직 효과는 모르겠고
사용은 편안하고 좋습니다~",,,909,목 마사지 베개 V2 경추 마사지기 베개,112000,수량선택: 목 마사지 베개 V2 1개 (허리베개 1개 증정),기존리뷰,5,,0,0,1,"안녕하세요. 프리미엄 헬스테크 브랜드, 슬룸입니다.
정성스럽게 올려주신 소중한 후기 감사합니다. 💜

고객님의 목소리로 더 발전하는 슬룸이 되도록 노력하겠습니다.
감사합니다. 🙇‍♀️"
115968,2026-06-19 22:27:28,2026-06-18 08:06:30,2026-06-19 16:09:16,팔꿈치 아파서 샀는데 좋았으면 좋겠어요,,,980,프리미엄 엘보케어 팔꿈치 마사지기,149000,수량선택: 데일리 릴렉스 세트 (팔꿈치 마사지기 + 마그네슘 시너지 크림),기존리뷰,5,,0,0,1,"안녕하세요. 프리미엄 헬스테크 브랜드, 슬룸입니다.
진심 어린 소중한 후기 감사합니다. 💜

앞으로도 좋은 상품과 서비스로 고객님들을 찾아뵐 수 있도록 노력하겠습니다.
감사합니다. :)"
115969,2026-06-20 01:14:47,2026-06-17 17:03:45,2026-06-19 13:39:12,"마사지,온열 기능까지 있고 숙면에 도움",,,909,목 마사지 베개 V2 경추 마사지기 베개,112000,수량선택: 목 마사지 베개 V2 1개,기존리뷰,5,,1,0,1,"안녕하세요. 프리미엄 헬스테크 브랜드, 슬룸입니다.
정성스럽게 올려주신 소중한 후기 감사합니다. 💜

고객님의 목소리로 더 발전하는 슬룸이 되도록 노력하겠습니다.
감사합니다. 🙇‍♀️"
115970,2026-06-20 08:16:36,2026-06-18 12:00:00,2026-06-19 18:36:45,"뭐 반품 자체는 안된다는 거 알고 구매한 거라 크게 개의치는 않습니다만.. 
소비자 기만이라고 생각되긴 합니다ㅎ 광고를 바꾸시는 게 낫지 않을지....

그리고 V2는 그렇게 드라마틱 하지 않습니다.
마사지 기능이 참.. 효과가 있는 건지 ... 하는 생각이 ㅎㅎㅎ
에어 들어올 때 엄청 시끄럽습니다.
과연 켜놓고 잠이 들 수 있는 사람이 몇 명이나 될지 미지수...
온열기능은 따듯하니 좋습니다. 가격대비 만족도가 높진 않네요 ㅎ",4cd1a69b6706,,909,목 마사지 베개 V2 경추 마사지기 베개,112000,수량선택: 목 마사지 베개 V2 1개,모바일,3,,0,0,1,"안녕하세요 고객님, 프리미엄 헬스테크 브랜드, 슬룸입니다.
고객님께 만족스러운 경험을 드리지 못해 대단히 죄송합니다.😥

슬룸의 모든 제품은 인체공학적으로 설계되어 편안한 사용이 가능하나 초기 사용 시 1~2주 이상의 적응 기간이 필요할 수 있습니다. 
다만 수령하신 날짜 기준으로 30일 동안 꾸준히 사용해보시고도 만족하지 못하셨을 경우에는, 슬룸에서 진행하는 <100%환불이벤트> 에 참여하여 왕복배송비 제외 전액 환불이 가능합니다.

※ 제품을 30일간 꾸준히 사용한 경우, 배송완료 후 40일이내 신청이 가능
※ 환불 서비스는 첫 구매 체험을 위한 서비스로 1회만 신청 가능

▶ <100% 환불 이벤트> 상세 환불 조건 : https://sleeplab.co.kr/notice/?q=YToxOntzOjEyOiJrZXl3b3JkX3R5cGUiO3M6MzoiYWxsIjt9&bmode=view&idx=13709226&t=board 

슬룸을 믿고 편하게 사용 및 체험해보시고, 그럼에도 만족하시지 못하셨을 경우 슬룸 공식몰의 채널톡을 통해 이벤트 기간 내 문의 주시면 환불 접수 도움드리겠습니다."
115971,2026-06-20 09:37:37,2026-06-18 10:38:15,2026-06-19 18:36:28,지난주부터 목이랑 어깨가 어무아파서 목도 잘 돌리지못하고 팔 올리는것도 힘들어 병원가야겠다 생각하다 광고보고 주문했는데 오자마자 써보니 통증도 줄어들고 목과 어깨가 많이 부드러워 졌어요. 꾸준히 사용해 봐야겠어요~,c0a7ff67bfb1,,1000,[김마통x슬룸] ★구독자 한정 역대급 할인 판매★,59900,수량선택: 목편한케어 플라잉 1개,모바일,5,,0,0,1,"안녕하세요. 프리미엄 헬스테크 브랜드, 슬룸입니다.
시간 내어 소중한 후기를 작성해 주셔서 감사드립니다. :)

믿고 찾는 쇼핑몰이 되기 위해 더 좋은 상품과 서비스를 준비하겠습니다.
감사합니다. 💜"
115972,2026-06-20 11:09:38,2026-06-18 05:44:39,2026-06-19 16:12:08,구입후 너무 좋아서 부모님 생각이 나더라구요 부모님께 선물하려고 합니다 중3인 아들도 너무 좋아합니다 좋은제품 만들어주셔서 감사합니다 ,02dfa4b74581,,909,목 마사지 베개 V2 경추 마사지기 베개,112000,수량선택: 목 마사지 베개 V2 1개,모바일(팝업),5,,0,0,1,"안녕하세요. 프리미엄 헬스테크 브랜드, 슬룸입니다.
진심 어린 소중한 후기 감사합니다. 💜

앞으로도 좋은 상품과 서비스로 고객님들을 찾아뵐 수 있도록 노력하겠습니다.
감사합니다. :)"
115973,2026-06-20 20:42:08,2026-05-27 17:30:44,2026-05-29 16:15:01,많이 걸어다니며 여행하는 타입이라 이번 푸켓 여행에서 비행기와 호텔에서 사용했는데 다리 붓기도 빠지고 발바닥 피로도 잘 풀려서 여행이 즐거웠습니다. 호텔 베개가 불편해서 목 마사지 베개로 진동모드 켜서 사용했는데 꿀잠 잤네요. 와이프와 아이들도 함께 잘 사용하고 있네요.,5b44d71e418d,,979,[상가의 안녕히살아보기x슬룸] 구독자 전용 ★초특가★ 비밀링크,84900,수량선택: ★상가SET★ 발편한케어 데일리 M 1개 + 목 마사지 베개 V2 1개 + (증정)중형 파우치 2개,PC,5,,0,0,1,"안녕하세요. 프리미엄 헬스테크 브랜드, 슬룸입니다.
시간 내어 소중한 후기를 작성해 주셔서 감사드립니다. :)

믿고 찾는 쇼핑몰이 되기 위해 더 좋은 상품과 서비스를 준비하겠습니다.
감사합니다. 💜"
115974,2026-06-20 23:05:33,2026-06-17 22:07:08,2026-06-19 18:39:07,"목디스크로 힘들었는데.  사용해보니 목이 편해지는 것 같아요
도수치료 받는 느낌이랄까요",4022302ec74d,,909,목 마사지 베개 V2 경추 마사지기 베개,112000,수량선택: 목 마사지 베개 V2 1개,모바일,5,,1,0,1,"안녕하세요. 프리미엄 헬스테크 브랜드, 슬룸입니다.
시간 내어 소중한 후기를 작성해 주셔서 감사드립니다. :)

믿고 찾는 쇼핑몰이 되기 위해 더 좋은 상품과 서비스를 준비하겠습니다.
감사합니다. 💜"
115975,2026-06-20 23:41:12,2026-06-17 21:04:11,2026-06-19 18:36:19,"김마통님 보고 구매했는데~ 두개 구매할걸 후회중입니다 
너무 좋아요 ",94af288c64a3,,1000,[김마통x슬룸] ★구독자 한정 역대급 할인 판매★,59900,수량선택: 목편한케어 플라잉 1개,모바일,5,,1,0,1,"안녕하세요. 프리미엄 헬스테크 브랜드, 슬룸입니다.
시간 내어 소중한 후기를 작성해 주셔서 감사드립니다. :)

믿고 찾는 쇼핑몰이 되기 위해 더 좋은 상품과 서비스를 준비하겠습니다.
감사합니다. 💜"
115976,2026-06-20 06:51:47,2026-05-28 11:15:00,2026-05-29 16:10:42,빠른 배송 감사합니다,,,330,USB 충전 어댑터 멀티 충전기,5900,,기존리뷰,5,,0,0,1,"안녕하세요. 프리미엄 헬스테크 브랜드, 슬룸입니다.
정성스럽게 올려주신 소중한 후기 감사합니다. 💜

고객님의 목소리로 더 발전하는 슬룸이 되도록 노력하겠습니다.
감사합니다. 🙇‍♀️"
115977,2026-06-20 08:10:12,2026-05-26 05:49:05,2026-05-27 19:03:00,몇번 써 받는데 좋은줄 모르겠어요 몇번 더 써봐야 알듯요,,,636,허리편한케어 V2 허리 마사지기,131000,수량선택: 허리편한케어 V2 1개,기존리뷰,4,,1,0,1,"안녕하세요. 프리미엄 헬스테크 브랜드, 슬룸입니다.
정성스럽게 올려주신 소중한 후기 감사합니다. 💜

고객님의 목소리로 더 발전하는 슬룸이 되도록 노력하겠습니다.
감사합니다. 🙇‍♀️"
115978,2026-06-20 09:53:46,2026-05-23 10:34:15,2026-05-27 10:44:14,제일 좋은건 마사지 받으며 꿀잠자는것,,,909,목 마사지 베개 V2 경추 마사지기 베개,112000,수량선택: 목 마사지 베개 V2 1개,기존리뷰,5,,1,0,1,"안녕하세요. 프리미엄 헬스테크 브랜드, 슬룸입니다.
시간 내어 소중한 후기를 작성해 주셔서 감사드립니다. :)

믿고 찾는 쇼핑몰이 되기 위해 더 좋은 상품과 서비스를 준비하겠습니다.
감사합니다. 💜"
115979,2026-06-20 10:12:25,2026-05-05 07:08:50,2026-05-08 15:09:00,"좋아요  잘 쓰고 있습니다
많이 파세요",,,909,목 마사지 베개 V2 경추 마사지기 베개,112000,수량선택: 목 마사지 베개 V2 1개 (마그네슘 시너지 크림 30ml 1개 증정),기존리뷰,5,,0,0,1,"안녕하세요. 프리미엄 헬스테크 브랜드, 슬룸입니다.
진심 어린 소중한 후기 감사합니다. 💜

앞으로도 좋은 상품과 서비스로 고객님들을 찾아뵐 수 있도록 노력하겠습니다.
감사합니다. :)"
115980,2026-06-20 13:15:35,2026-06-08 18:46:35,2026-06-10 13:44:06,너무너무 잘 사용하고 있어요,,,184,목편한케어 플라잉 목 마사지기,119000,수량선택: 목편한케어 플라잉 1개,기존리뷰,4,,1,0,1,"안녕하세요. 프리미엄 헬스테크 브랜드, 슬룸입니다.
시간 내어 소중한 후기를 작성해 주셔서 감사드립니다. :)

믿고 찾는 쇼핑몰이 되기 위해 더 좋은 상품과 서비스를 준비하겠습니다.
감사합니다. 💜"
115981,2026-06-20 14:29:24,2026-06-18 09:01:05,2026-06-19 18:37:05,운동량을 좀 늘였더니 발바닥이 많이 아팠어요 혹시나 하고 구매해 봤는데 찌릿찌릿한게 많이 좋아진것 같아요,,,924,발편한케어 프리미엄 EMS 발 마사지기,89000,"사이즈&세트선택: M (220-270mm), 수량선택: 발편한케어 1개",기존리뷰,5,,1,0,1,"안녕하세요. 프리미엄 헬스테크 브랜드, 슬룸입니다.
진심 어린 소중한 후기 감사합니다. 💜

앞으로도 좋은 상품과 서비스로 고객님들을 찾아뵐 수 있도록 노력하겠습니다.
감사합니다. :)"
115982,2026-06-20 15:00:15,2026-06-09 18:35:20,2026-06-11 16:13:19,목디스크로 고생해서 사봤는데 진동모드는 별로고 높이조절되는 기능만 괜찮은거같아요,,,909,목 마사지 베개 V2 경추 마사지기 베개,112000,수량선택: 목 마사지 베개 V2 1개 (허리베개 1개 증정),기존리뷰,4,,0,0,1,"안녕하세요. 프리미엄 헬스테크 브랜드, 슬룸입니다.
진심 어린 소중한 후기 감사합니다. 💜

앞으로도 좋은 상품과 서비스로 고객님들을 찾아뵐 수 있도록 노력하겠습니다.
감사합니다. :)"
115983,2026-06-20 15:32:05,2026-06-17 11:57:00,2026-06-18 16:10:53,누웠을때 편합니다 그리고 마사지 모드도 많아서 좋습니다,,,909,목 마사지 베개 V2 경추 마사지기 베개,112000,수량선택: 목 마사지 베개 V2 1개,기존리뷰,5,,1,0,1,"안녕하세요. 프리미엄 헬스테크 브랜드, 슬룸입니다.
진심 어린 소중한 후기 감사합니다. 💜

앞으로도 좋은 상품과 서비스로 고객님들을 찾아뵐 수 있도록 노력하겠습니다.
감사합니다. :)"
115984,2026-06-20 15:56:47,2026-06-17 22:29:45,2026-06-19 21:05:04,치료받긴 애매하고 허리가 좀 아파서 구매. 두가지 모드라서 밤에는 조용하게 m2로 사용.. 디자인도 예쁘고 김마통 행사가로 저렴하게 구매했어요,,,1000,[김마통x슬룸] ★구독자 한정 역대급 할인 판매★,59900,수량선택: 허리편한케어V1 2개,기존리뷰,5,,1,0,1,"안녕하세요. 프리미엄 헬스테크 브랜드, 슬룸입니다.
정성스럽게 올려주신 소중한 후기 감사합니다. 💜

고객님의 목소리로 더 발전하는 슬룸이 되도록 노력하겠습니다.
감사합니다. 🙇‍♀️"
115985,2026-06-20 17:02:59,2026-06-03 18:42:40,2026-06-05 16:24:48,가성비도 좋고 효과도 좋네요,,,468,눈편한케어 온열 진동 눈 마사지기,69900,수량선택: 눈편한케어 1개,기존리뷰,5,,0,0,1,"안녕하세요. 프리미엄 헬스테크 브랜드, 슬룸입니다.
진심 어린 소중한 후기 감사합니다. 💜

앞으로도 좋은 상품과 서비스로 고객님들을 찾아뵐 수 있도록 노력하겠습니다.
감사합니다. :)"
115986,2026-06-20 17:21:56,2026-06-16 11:02:15,2026-06-17 16:12:30,편하고 시원합니다.,,,909,목 마사지 베개 V2 경추 마사지기 베개,112000,수량선택: 목 마사지 베개 V2 1개,기존리뷰,4,,1,0,1,"안녕하세요. 프리미엄 헬스테크 브랜드, 슬룸입니다.
시간 내어 소중한 후기를 작성해 주셔서 감사드립니다. :)

믿고 찾는 쇼핑몰이 되기 위해 더 좋은 상품과 서비스를 준비하겠습니다.
감사합니다. 💜"
115987,2026-06-20 20:16:50,2026-05-25 18:06:10,2026-05-27 13:10:00,너무 편하고 매일 사용하고있습니다.,,,909,목 마사지 베개 V2 경추 마사지기 베개,112000,수량선택: 목 마사지 베개 V2 1개,기존리뷰,5,,0,0,1,"안녕하세요. 프리미엄 헬스테크 브랜드, 슬룸입니다.
진심 어린 소중한 후기 감사합니다. 💜

앞으로도 좋은 상품과 서비스로 고객님들을 찾아뵐 수 있도록 노력하겠습니다.
감사합니다. :)"
115988,2026-06-20 21:21:50,2026-06-12 20:54:45,2026-06-16 21:09:15,빠른 배송 감사 합니다 엘보 랑 전완근괴긴장 완화 목적으로 구매 했는데 온열은 생각보다 약하고 에어 마사지도 꽉조이면 피가 안통해서 팔이 창백해지고 적당히 조이면 마사지되는 기분이 안들어요 생각보다 효과가 미비 할듯…,,,980,프리미엄 엘보케어 팔꿈치 마사지기,149000,수량선택: 데일리 릴렉스 세트 (팔꿈치 마사지기 + 마그네슘 시너지 크림),기존리뷰,3,,1,0,1,"안녕하세요 고객님, 프리미엄 헬스테크 브랜드, 슬룸입니다.
고객님께 만족스러운 경험을 드리지 못해 대단히 죄송합니다.😥

슬룸의 모든 제품은 인체공학적으로 설계되어 편안한 사용이 가능하나 초기 사용 시 1~2주 이상의 적응 기간이 필요할 수 있습니다. 
다만 수령하신 날짜 기준으로 30일 동안 꾸준히 사용해보시고도 만족하지 못하셨을 경우에는, 슬룸에서 진행하는 <100%환불이벤트> 에 참여하여 왕복배송비 제외 전액 환불이 가능합니다.

※ 제품을 30일간 꾸준히 사용한 경우, 배송완료 후 40일이내 신청이 가능
※ 환불 서비스는 첫 구매 체험을 위한 서비스로 1회만 신청 가능

▶ <100% 환불 이벤트> 상세 환불 조건 : https://sleeplab.co.kr/notice/?q=YToxOntzOjEyOiJrZXl3b3JkX3R5cGUiO3M6MzoiYWxsIjt9&bmode=view&idx=13709226&t=board 

슬룸을 믿고 편하게 사용 및 체험해보시고, 그럼에도 만족하시지 못하셨을 경우 슬룸 공식몰의 채널톡을 통해 이벤트 기간 내 문의 주시면 환불 접수 도움드리겠습니다."
115989,2026-06-20 23:06:20,2026-05-29 18:37:40,2026-06-02 16:15:54,"사용하기 좋아요!
효과는 좀더 지켜봐야 할 것 같습니다.",,,966,골반 케어 프리미엄 골반 마사지기,191000,수량선택: 골반 마사지기 1개,기존리뷰,5,,0,0,1,"안녕하세요. 프리미엄 헬스테크 브랜드, 슬룸입니다.
진심 어린 소중한 후기 감사합니다. 💜

앞으로도 좋은 상품과 서비스로 고객님들을 찾아뵐 수 있도록 노력하겠습니다.
감사합니다. :)"
115990,2026-06-21 00:24:26,2026-05-02 23:59:30,2026-05-05 13:43:36,매일저녁20분씩하면 다리가가벼워집니다,,,872,종아리편한케어 프리미엄 종아리 마사지기,149000,수량선택: 종아리편한케어 1개 (마그네슘 시너지 크림 30ml 1개 증정),기존리뷰,4,,0,0,1,"안녕하세요. 프리미엄 헬스테크 브랜드, 슬룸입니다.
정성스럽게 올려주신 소중한 후기 감사합니다. 💜

고객님의 목소리로 더 발전하는 슬룸이 되도록 노력하겠습니다.
감사합니다. 🙇‍♀️"
115991,2026-06-21 00:26:49,2026-06-18 15:05:00,2026-06-20 16:13:17,목 마사지 제대로입니다,,,995,[깜짝 타임특가] 목편한케어 목 마사지기,65000,수량선택: 목편한케어 1개 (목편한케어 커버 1개 증정),기존리뷰,5,,1,0,1,"안녕하세요. 프리미엄 헬스테크 브랜드, 슬룸입니다.
시간 내어 소중한 후기를 작성해 주셔서 감사드립니다. :)

믿고 찾는 쇼핑몰이 되기 위해 더 좋은 상품과 서비스를 준비하겠습니다.
감사합니다. 💜"
115992,2026-06-21 09:22:16,2026-06-20 20:15:09,2026-06-23 18:38:34,"평소 다리가 많이 붓고 발이 쉽게 피곤해지는 스타일이라 맛사지기를 여러개 사용해봤습니다. 물론 이런 전자자극기도 써봤구요. 광고만큼의 효과를 못봐서 이제 현혹되지말자 결심했는데 또 유투버의 설득에 넘어갔네요 ㅋ
아무튼 모쪼록 이 제품은 효과가 있기를 기대합니다!!!",3d8333b9ff17,,1001,[슬룸] 구독자 전용 ★초특가★ 비밀링크,84900,수량선택: 발편한케어 M 2개,모바일,5,,1,0,1,"안녕하세요. 프리미엄 헬스테크 브랜드, 슬룸입니다.
시간 내어 소중한 후기를 작성해 주셔서 감사드립니다. :)

믿고 찾는 쇼핑몰이 되기 위해 더 좋은 상품과 서비스를 준비하겠습니다.
감사합니다. 💜"
115993,2026-06-21 04:03:18,2026-06-18 18:19:20,2026-06-20 16:08:38,배송이 빠르고 품질이 좋아요,,,980,프리미엄 엘보케어 팔꿈치 마사지기,149000,수량선택: 팔꿈치 마사지기 2개,기존리뷰,5,,0,0,1,"안녕하세요. 프리미엄 헬스테크 브랜드, 슬룸입니다.
진심 어린 소중한 후기 감사합니다. 💜

앞으로도 좋은 상품과 서비스로 고객님들을 찾아뵐 수 있도록 노력하겠습니다.
감사합니다. :)"
115994,2026-06-21 10:52:38,2026-06-18 10:48:20,2026-06-19 16:10:06,뒷목이 가벼워진 느낌이 드네요 잘사용하겠습니다,,,909,목 마사지 베개 V2 경추 마사지기 베개,112000,수량선택: 코어 밸런스 업 세트 (허리편한케어 V2 + 목 마사지 베개 V2),기존리뷰,5,,0,0,1,"안녕하세요. 프리미엄 헬스테크 브랜드, 슬룸입니다.
정성스럽게 올려주신 소중한 후기 감사합니다. 💜

고객님의 목소리로 더 발전하는 슬룸이 되도록 노력하겠습니다.
감사합니다. 🙇‍♀️"
115995,2026-06-21 11:34:04,2026-06-18 16:12:30,2026-06-20 13:49:00,지금도 하면서 리뷰씁니다. 하면 너무 시원한데요 하나 개선했으면하는거 공기압 들어가는 쿠션? 이거 한번 빠지니까 마사지 받다가 쀽 하고 솟아버려요 계속.. 다시 넣고 압 약하게 해도 이러네요.. 암튼 이래저래 비대칭이 되어버리니까 되려 마사지하다 골반 틀어지는거 아닌가 걱정되는데.. 괜찮은건가요 아님 불량이라서 이런건가요..,,,966,골반 케어 프리미엄 골반 마사지기,191000,수량선택: 골반 마사지기 1개,기존리뷰,4,,0,0,1,"안녕하세요. 프리미엄 헬스테크 브랜드, 슬룸입니다.
진심 어린 소중한 후기 감사합니다. 💜

앞으로도 좋은 상품과 서비스로 고객님들을 찾아뵐 수 있도록 노력하겠습니다.
감사합니다. :)"
115996,2026-06-21 12:15:40,2026-06-14 18:14:45,2026-06-16 21:09:15,여행가서 쓰려고 샀어요 해보니까 시원하네요,,,874,발편한케어 프리미엄 고주파 발 마사지기,91000,"사이즈&세트선택: L (250-295mm), 수량선택: 발편한케어 1개",기존리뷰,5,,1,0,1,"안녕하세요. 프리미엄 헬스테크 브랜드, 슬룸입니다.
시간 내어 소중한 후기를 작성해 주셔서 감사드립니다. :)

믿고 찾는 쇼핑몰이 되기 위해 더 좋은 상품과 서비스를 준비하겠습니다.
감사합니다. 💜"
115997,2026-06-21 12:24:11,2026-06-17 11:20:25,2026-06-18 18:36:42,엘보 통증으로 구매했는데 좋은거 같아요^^,,,980,프리미엄 엘보케어 팔꿈치 마사지기,149000,수량선택: 팔꿈치 마사지기 1개,기존리뷰,5,,0,0,1,"안녕하세요. 프리미엄 헬스테크 브랜드, 슬룸입니다.
정성스럽게 올려주신 소중한 후기 감사합니다. 💜

고객님의 목소리로 더 발전하는 슬룸이 되도록 노력하겠습니다.
감사합니다. 🙇‍♀️"
115998,2026-06-21 13:43:46,2026-06-15 19:28:00,2026-06-17 16:18:56,아프지 않고  시원해요,,,379,넥숄더 프로 목 어깨 마사지기,109000,수량선택: 넥숄더 프로 1개,기존리뷰,5,,0,0,1,"안녕하세요. 프리미엄 헬스테크 브랜드, 슬룸입니다.
정성스럽게 올려주신 소중한 후기 감사합니다. 💜

고객님의 목소리로 더 발전하는 슬룸이 되도록 노력하겠습니다.
감사합니다. 🙇‍♀️"
115999,2026-06-21 14:48:13,2026-06-01 17:21:45,2026-06-04 14:10:27,허리가 너무 안 좋아서 구매를 해봤는데 아침에 5분 정도 저녁에 5분 정도씩 허리 마사지를 하는데 너무 좋습니다. 이 제품을 적극 추천 드립니다.,,,636,허리편한케어 V2 허리 마사지기,131000,수량선택: 허리편한케어 V2 1개,기존리뷰,5,,0,0,1,"안녕하세요. 프리미엄 헬스테크 브랜드, 슬룸입니다.
시간 내어 소중한 후기를 작성해 주셔서 감사드립니다. :)

믿고 찾는 쇼핑몰이 되기 위해 더 좋은 상품과 서비스를 준비하겠습니다.
감사합니다. 💜"
116000,2026-06-21 17:34:28,2026-06-17 08:48:10,2026-06-18 18:37:06,출산하고 언제부터인가 허리가 너무 아파서 고생하고 있었는데 골반이 비뚤어져서 그런 것 같아 관리해보려구요. 허리가 많이 떠서 베개 받치고 해도 좀 아프긴한데 자세 괜찮아 지면서 좀 나아지지 않을까 싶네요. 지금까진 아주 만족스럽습니다.,,,966,골반 케어 프리미엄 골반 마사지기,191000,수량선택: 바디 밸런스 케어 세트 (골반 마사지기 + 허리베개) + 마그네슘 시너지 크림 1개 증정,기존리뷰,5,,0,0,1,"안녕하세요. 프리미엄 헬스테크 브랜드, 슬룸입니다.
시간 내어 소중한 후기를 작성해 주셔서 감사드립니다. :)

믿고 찾는 쇼핑몰이 되기 위해 더 좋은 상품과 서비스를 준비하겠습니다.
감사합니다. 💜"
116001,2026-06-21 20:42:35,2026-06-17 07:14:15,2026-06-18 10:40:20,칙칙이밴드가 자꾸 풀어지고 착용할때 잘 안되서 여러번하게되네요,,,980,프리미엄 엘보케어 팔꿈치 마사지기,149000,수량선택: 팔꿈치 마사지기 1개,기존리뷰,2,,0,0,1,"안녕하세요 고객님, 프리미엄 헬스테크 브랜드, 슬룸입니다.
고객님께 만족스러운 경험을 드리지 못해 대단히 죄송합니다.😥

슬룸의 모든 제품은 인체공학적으로 설계되어 편안한 사용이 가능하나 초기 사용 시 1~2주 이상의 적응 기간이 필요할 수 있습니다. 
다만 수령하신 날짜 기준으로 30일 동안 꾸준히 사용해보시고도 만족하지 못하셨을 경우에는, 슬룸에서 진행하는 <100%환불이벤트> 에 참여하여 왕복배송비 제외 전액 환불이 가능합니다.

※ 제품을 30일간 꾸준히 사용한 경우, 배송완료 후 40일이내 신청이 가능
※ 환불 서비스는 첫 구매 체험을 위한 서비스로 1회만 신청 가능

▶ <100% 환불 이벤트> 상세 환불 조건 : https://sleeplab.co.kr/notice/?q=YToxOntzOjEyOiJrZXl3b3JkX3R5cGUiO3M6MzoiYWxsIjt9&bmode=view&idx=13709226&t=board 

슬룸을 믿고 편하게 사용 및 체험해보시고, 그럼에도 만족하시지 못하셨을 경우 슬룸 공식몰의 채널톡을 통해 이벤트 기간 내 문의 주시면 환불 접수 도움드리겠습니다."
116002,2026-06-22 00:09:44,2026-05-10 09:42:00,2026-05-12 15:03:00,한달 사용했는데 목 디스크에 아주 좋아요,,,291,목베개 플러스 경추 목 마사지기 베개,91000,수량선택: 목베개 플러스 1개 (마그네슘 시너지 크림 30ml 1개 증정),기존리뷰,5,,1,0,1,"안녕하세요. 프리미엄 헬스테크 브랜드, 슬룸입니다.
진심 어린 소중한 후기 감사합니다. 💜

앞으로도 좋은 상품과 서비스로 고객님들을 찾아뵐 수 있도록 노력하겠습니다.
감사합니다. :)"
116003,2026-06-22 00:19:57,2026-06-13 19:56:00,2026-06-16 13:46:14,"좋아요

추천해요 ㆍㆍㆍㆍ",,,291,목베개 플러스 경추 목 마사지기 베개,91000,수량선택: 목베개 플러스 1개 (허리베개 1개 증정),기존리뷰,5,,0,0,1,"안녕하세요. 프리미엄 헬스테크 브랜드, 슬룸입니다.
시간 내어 소중한 후기를 작성해 주셔서 감사드립니다. :)

믿고 찾는 쇼핑몰이 되기 위해 더 좋은 상품과 서비스를 준비하겠습니다.
감사합니다. 💜"
116004,2026-06-22 00:40:50,2026-05-15 10:18:40,2026-05-16 13:33:00,허리가아주편해져요.,,,964,[코어 밸런스 업 세트] 허리편한케어 V2 + 목 마사지 베개 V2,242000,수량선택: 코어 밸런스 업 세트 (허리편한케어 V2 + 목 마사지 베개 V2),기존리뷰,5,,0,0,1,"안녕하세요. 프리미엄 헬스테크 브랜드, 슬룸입니다.
진심 어린 소중한 후기 감사합니다. 💜

앞으로도 좋은 상품과 서비스로 고객님들을 찾아뵐 수 있도록 노력하겠습니다.
감사합니다. :)"
116005,2026-06-22 12:03:35,2026-06-13 07:14:28,2026-06-16 16:15:35,마사지 기능은 좀 아쉽지만 온열켜고 베개 하면 스트레칭되서 좋아요!,afae714a3d72,,909,목 마사지 베개 V2 경추 마사지기 베개,112000,수량선택: 목 마사지 베개 V2 1개 (허리베개 1개 증정),모바일(팝업),5,,0,0,1,"안녕하세요. 프리미엄 헬스테크 브랜드, 슬룸입니다.
정성스럽게 올려주신 소중한 후기 감사합니다. 💜

고객님의 목소리로 더 발전하는 슬룸이 되도록 노력하겠습니다.
감사합니다. 🙇‍♀️"
116006,2026-06-16 00:00:00,,,"테니스를 치고 나면 팔꿈치가 며칠씩 뻐근하게 남아서 고민이었는데, 이거 쓰고 나서 확실히 달라진 걸 느꼈어요. EMS 자극이 생각보다 꽤 깊이 들어오고, 끝나고 나면 팔 전체가 가벼워진 느낌이에요. 처음엔 크림 없이 써봤는데 효과가 별로였고, 크림 바르고 나서부터 확 달라지더라고요. 충전해서 쓰는 방식이라 침대에서 편하게 쓸 수 있는 것도 마음에 들었어요. 운동 마치고 30분 후쯤 쓰는 게 제 루틴이 됐습니다.",b0a0c739d2cd,,980,프리미엄 엘보케어 팔꿈치 마사지기,149000,,기존리뷰,5,,0,0,1,"안녕하세요. 프리미엄 헬스테크 브랜드, 슬룸입니다.
정성스럽게 올려주신 소중한 후기 감사합니다. 💜

고객님의 목소리로 더 발전하는 슬룸이 되도록 노력하겠습니다.
감사합니다. 🙇‍♀️"
116007,2026-06-16 00:00:00,,,"골프 치다가 팔꿈치 바깥쪽이 계속 당겨서 혹시 골프 엘보 온 건 아닌지 걱정됐는데, 이거 꾸준히 쓰다 보니 확실히 덜 당기는 느낌이에요. 온열 기능이 생각보다 따뜻하게 잘 들어오고, 에어백이 전완근을 꼭 눌러줄 때 그 시원한 느낌이 진짜 좋아요. 디자인도 깔끔한 네이비 색이라 거실에 두기도 좋고요. 모드가 5가지라 처음엔 좀 복잡했지만 쓰다 보면 자기한테 맞는 모드 금방 찾게 됩니다.",7707e548726c,,980,프리미엄 엘보케어 팔꿈치 마사지기,149000,,기존리뷰,5,,0,0,1,"안녕하세요. 프리미엄 헬스테크 브랜드, 슬룸입니다.
진심 어린 소중한 후기 감사합니다. 💜

앞으로도 좋은 상품과 서비스로 고객님들을 찾아뵐 수 있도록 노력하겠습니다.
감사합니다. :)"
116008,2026-06-19 00:00:00,,,"헬스장에서 바벨 운동 많이 했더니 팔꿈치가 며칠째 뭉쳐서 이거 써봤는데, 다음 날 팔 피로가 한결 덜해졌어요. 특히 주무름 모드가 손으로 직접 누르는 것처럼 자극이 들어와서 맘에 들더라고요. 착용할 때 팔꿈치 홈에 맞게 끼우는 느낌이 딱 맞아서 편하고, 쓰는 동안 잘 고정돼요. 25분 타이머 켜놓고 스트레칭이랑 같이 쓰면 딱 좋아요.",a970f32042a1,,980,프리미엄 엘보케어 팔꿈치 마사지기,149000,,기존리뷰,5,,0,0,1,"안녕하세요. 프리미엄 헬스테크 브랜드, 슬룸입니다.
시간 내어 소중한 후기를 작성해 주셔서 감사드립니다. :)

믿고 찾는 쇼핑몰이 되기 위해 더 좋은 상품과 서비스를 준비하겠습니다.
감사합니다. 💜"
116009,2026-06-22 00:00:00,,,"야구 동호회 다음 날이면 팔꿈치가 매번 욱신거렸는데 이 마사지기 써보고 꽤 만족했습니다. 에어백이 전완근을 조여주는 압박감이 확실히 살아있고, EMS까지 같이 오니까 단순한 파스 붙이는 것보다 훨씬 낫더라고요. 강도 15단계까지 있어서 몸 상태에 따라 조절할 수 있는 것도 좋았어요. 리모컨이 있어서 착용 후에 직접 본체 누르지 않아도 되는 게 생각보다 엄청 편리합니다.",8cdb10bbde17,,980,프리미엄 엘보케어 팔꿈치 마사지기,149000,,기존리뷰,4,,0,0,1,"안녕하세요. 프리미엄 헬스테크 브랜드, 슬룸입니다.
진심 어린 소중한 후기 감사합니다. 💜

앞으로도 좋은 상품과 서비스로 고객님들을 찾아뵐 수 있도록 노력하겠습니다.
감사합니다. :)"
116010,2026-06-22 00:00:00,,,"수영 후에 어깨는 항상 챙기는데 팔꿈치는 소홀했었는데, 이거 쓰고 나서 팔꿈치 관리도 습관이 됐어요. 힐링 모드로 자기 전에 25분 켜두면 잠들기 전까지 팔이 사르르 풀리는 느낌이에요. 온열이 같이 들어오면서 혈액순환도 되는 것 같고, 다음 날 아침에 팔이 훨씬 개운하게 느껴집니다. 네이비 색상이 고급스러워서 선물용으로도 딱인 것 같아요.",9070cfceffb0,,980,프리미엄 엘보케어 팔꿈치 마사지기,149000,,기존리뷰,5,,0,0,1,"안녕하세요. 프리미엄 헬스테크 브랜드, 슬룸입니다.
진심 어린 소중한 후기 감사합니다. 💜

앞으로도 좋은 상품과 서비스로 고객님들을 찾아뵐 수 있도록 노력하겠습니다.
감사합니다. :)"
116011,2026-06-16 00:00:00,,,"주말마다 자전거 타다가 핸들 오래 잡다 보니 팔꿈치 안쪽이 당기기 시작했는데, 찜질이랑 전기 자극이랑 같이 들어오는 제품이라고 해서 써봤더니 효과가 꽤 있었어요. 활력 모드로 쓰면 파동이 리드미컬하게 들어오는 게 피로를 확 깨주는 느낌이라 운동 직후에도 좋고, 두드림 모드로 쓰면 자극이 가벼워서 자기 전에 쓰기도 좋더라고요. 본체가 생각보다 가벼워서 착용 후에도 팔이 무겁지 않아요.",2e13b6fd6f39,,980,프리미엄 엘보케어 팔꿈치 마사지기,149000,,기존리뷰,5,,0,0,1,"안녕하세요. 프리미엄 헬스테크 브랜드, 슬룸입니다.
시간 내어 소중한 후기를 작성해 주셔서 감사드립니다. :)

믿고 찾는 쇼핑몰이 되기 위해 더 좋은 상품과 서비스를 준비하겠습니다.
감사합니다. 💜"
116012,2026-06-13 00:00:00,,,"배드민턴 동호회 10년째 다니다 보니 팔꿈치 통증이 거의 고질병 수준이었는데, 이거 두 달째 쓰면서 예전보다 훨씬 나아진 걸 느껴요. 착용하는 게 어렵지 않고 벨크로로 딱 맞게 조이면 쓰는 동안 흔들리지 않아서 좋아요. 강도 높이면 좀 찌릿하게 느껴지는데, 그게 오히려 자극이 잘 들어오는 느낌이라 만족스럽습니다. 이 가격대에 이 기능이면 충분히 값어치 한다고 생각해요.",0567e95a1645,,980,프리미엄 엘보케어 팔꿈치 마사지기,149000,,기존리뷰,5,,0,0,1,"안녕하세요. 프리미엄 헬스테크 브랜드, 슬룸입니다.
시간 내어 소중한 후기를 작성해 주셔서 감사드립니다. :)

믿고 찾는 쇼핑몰이 되기 위해 더 좋은 상품과 서비스를 준비하겠습니다.
감사합니다. 💜"
116013,2026-06-22 00:00:00,,,"복싱 스파링 다음 날이면 팔꿈치가 항상 뻐근하게 남는데, 이거 들여놓고 나서 운동 후 루틴에 추가했어요. EMS 자극이 처음엔 낯설었는데 쓸수록 시원하다는 걸 알게 됐어요. 전완근 에어백 마사지가 팔뚝 전체를 꼭 감싸는 느낌이라 답답하지 않고 시원하게 풀리는 느낌이에요. 25분 타이머로 맞춰두고 드라마 한 편 보다 보면 어느새 끝나있어요.",0e9d8d7995a8,,980,프리미엄 엘보케어 팔꿈치 마사지기,149000,,기존리뷰,4,,0,0,1,"안녕하세요. 프리미엄 헬스테크 브랜드, 슬룸입니다.
시간 내어 소중한 후기를 작성해 주셔서 감사드립니다. :)

믿고 찾는 쇼핑몰이 되기 위해 더 좋은 상품과 서비스를 준비하겠습니다.
감사합니다. 💜"
116014,2026-06-18 00:00:00,,,"하루 종일 마우스 잡고 키보드 치다 보면 어느 순간 팔꿈치가 욱신거려서 퇴근 후에 쓸 마사지기 찾다가 이걸 골랐어요. 쓰고 나면 묵직하게 눌러주는 느낌이 확실하고, 특히 온열 2단계로 맞춰두면 팔꿈치 주변 근육이 따뜻하게 풀리는 게 느껴져요. 부피가 크지 않아서 들고 다니기도 나쁘지 않아요. 전기 자극이 처음엔 어색했는데 이제는 없으면 허전할 정도예요.",4eb914b44fb4,,980,프리미엄 엘보케어 팔꿈치 마사지기,149000,,기존리뷰,5,,0,0,1,"안녕하세요. 프리미엄 헬스테크 브랜드, 슬룸입니다.
진심 어린 소중한 후기 감사합니다. 💜

앞으로도 좋은 상품과 서비스로 고객님들을 찾아뵐 수 있도록 노력하겠습니다.
감사합니다. :)"
116015,2026-06-16 00:00:00,,,"마우스 클릭이랑 타이핑을 하루 종일 반복하다 보니 오른쪽 팔꿈치가 항상 뻐근했는데, 이거 쓰면서 퇴근 후 30분만 투자해도 다음 날 훨씬 수월해지더라고요. M4 주무름 모드가 진짜 손으로 주무르는 것처럼 자극이 들어오는 게 인상적이었어요. 처음 살 때 가격이 좀 부담스러웠는데 매일 쓰다 보니 충분히 만족하고 있습니다. 크림 바르고 쓰는 게 번거롭긴 한데 효과 차이가 확실하니까 습관으로 만들었어요.",e5251fbb2a4a,,980,프리미엄 엘보케어 팔꿈치 마사지기,149000,,기존리뷰,5,,0,0,1,"안녕하세요. 프리미엄 헬스테크 브랜드, 슬룸입니다.
정성스럽게 올려주신 소중한 후기 감사합니다. 💜

고객님의 목소리로 더 발전하는 슬룸이 되도록 노력하겠습니다.
감사합니다. 🙇‍♀️"
116016,2026-06-19 00:00:00,,,"태블릿 펜을 오래 잡다 보니 팔꿈치 안쪽이 항상 뭉쳐 있었는데, 이거 처음 써봤을 때 에어백이 전완근을 쫙 조여주는 느낌이 신기했어요. 몇 번 쓰고 나서 팔이 가벼워지는 게 느껴졌고, 리모컨 조작이 편리해서 착용한 채로 강도 조절도 쉽고요. 소리가 크지 않아서 옆에 사람이 있어도 조용히 쓸 수 있다는 점도 마음에 들었어요.",adf8635c33dc,,980,프리미엄 엘보케어 팔꿈치 마사지기,149000,,기존리뷰,4,,0,0,1,"안녕하세요. 프리미엄 헬스테크 브랜드, 슬룸입니다.
정성스럽게 올려주신 소중한 후기 감사합니다. 💜

고객님의 목소리로 더 발전하는 슬룸이 되도록 노력하겠습니다.
감사합니다. 🙇‍♀️"
116017,2026-06-16 00:00:00,,,"팔꿈치 통증이 생겨서 정형외과도 다니다가 이거 평소 관리용으로 써봤어요. 물론 치료는 병원에서 받아야 하지만 일상 관리용으로는 정말 좋더라고요. 전문의 자문으로 개발됐다는 것도 믿음이 갔고, 쓰는 동안 전기 자극이 팔꿈치 주변 넓게 퍼지는 느낌이 확실했어요. 타이머가 자동으로 꺼져주니까 깜빡해도 걱정 없어서 편하게 쓰고 있어요.",5f34413e1140,,980,프리미엄 엘보케어 팔꿈치 마사지기,149000,,기존리뷰,5,,0,0,1,"안녕하세요. 프리미엄 헬스테크 브랜드, 슬룸입니다.
정성스럽게 올려주신 소중한 후기 감사합니다. 💜

고객님의 목소리로 더 발전하는 슬룸이 되도록 노력하겠습니다.
감사합니다. 🙇‍♀️"
116018,2026-06-20 00:00:00,,,전화 통화를 오래 하고 팔꿈치를 고정한 자세로 있다 보니 팔꿈치 통증이 생겼어요. 이 제품 찾아보니 EMS랑 에어백이 함께 되는 팔꿈치 전용 제품이라 해서 써봤는데 생각보다 훨씬 만족스러워요. 집에서 15분씩 쓰다 보니 어느 순간부터 통증이 한결 줄어든 느낌이에요. 네이비 색상도 깔끔하고 착용했을 때 그렇게 어색하지 않아서 좋아요.,d4584003ec9e,,980,프리미엄 엘보케어 팔꿈치 마사지기,149000,,기존리뷰,5,,0,0,1,"안녕하세요. 프리미엄 헬스테크 브랜드, 슬룸입니다.
진심 어린 소중한 후기 감사합니다. 💜

앞으로도 좋은 상품과 서비스로 고객님들을 찾아뵐 수 있도록 노력하겠습니다.
감사합니다. :)"
116019,2026-06-21 00:00:00,,,"숫자 작업이 많다 보니 손목이랑 팔꿈치가 항상 같이 피로했어요. 이거 쓰면 EMS가 전기 마사지 같은 느낌으로 들어오는데, 생각보다 불편하지 않고 오히려 시원한 느낌이에요. 온열이랑 같이 오니까 따뜻하게 풀리면서 자극도 있고, 둘이 조화가 좋더라고요. 한 달 쓰고 나서 팔꿈치 뻐근함이 예전보다 많이 줄었어요.",2cd7df581bb2,,980,프리미엄 엘보케어 팔꿈치 마사지기,149000,,기존리뷰,5,,0,0,1,"안녕하세요. 프리미엄 헬스테크 브랜드, 슬룸입니다.
정성스럽게 올려주신 소중한 후기 감사합니다. 💜

고객님의 목소리로 더 발전하는 슬룸이 되도록 노력하겠습니다.
감사합니다. 🙇‍♀️"
116020,2026-06-18 00:00:00,,,마감이 있는 날은 타이핑을 엄청나게 하다 보니 팔꿈치가 만성적으로 뭉쳐 있었어요. 이거 집에서 힐링모드로 켜두면 온열이랑 부드러운 자극이 같이 오면서 긴장이 풀리는 느낌이 좋아요. 쓰다 보면 팔 전체가 따뜻해지면서 무거운 느낌이 사라지더라고요. 충전이 빨리 되는 편이고 배터리도 오래 가서 매일 쓰기 좋습니다.,5c890749b74d,,980,프리미엄 엘보케어 팔꿈치 마사지기,149000,,기존리뷰,4,,0,0,1,"안녕하세요. 프리미엄 헬스테크 브랜드, 슬룸입니다.
시간 내어 소중한 후기를 작성해 주셔서 감사드립니다. :)

믿고 찾는 쇼핑몰이 되기 위해 더 좋은 상품과 서비스를 준비하겠습니다.
감사합니다. 💜"
116021,2026-06-14 00:00:00,,,"CAD 작업을 오래 하다 보면 마우스 쥐고 있는 팔꿈치가 항상 문제였는데, 이거 쓰고 나서 확실히 다음 날 팔이 덜 무거워요. 착용이 쉽고 벨크로가 튼튼해서 쓰는 동안 흘러내리지 않아요. 강도 조절이 0에서 15단계까지 세세하게 되니까 몸 상태에 따라 맞추기 좋고, 처음 쓸 때 낮은 강도부터 올리면 부담 없이 적응할 수 있어요.",1698c4f261fd,,980,프리미엄 엘보케어 팔꿈치 마사지기,149000,,기존리뷰,5,,0,0,1,"안녕하세요. 프리미엄 헬스테크 브랜드, 슬룸입니다.
정성스럽게 올려주신 소중한 후기 감사합니다. 💜

고객님의 목소리로 더 발전하는 슬룸이 되도록 노력하겠습니다.
감사합니다. 🙇‍♀️"
116022,2026-06-14 00:00:00,,,"집안일을 혼자 다 하다 보니 팔꿈치가 욱신거리는 날이 많아졌는데, 이거 쓰기 시작하고 많이 좋아졌어요. 아이들 재우고 나서 리모컨으로 편하게 켜두고 유튜브 보다 보면 어느새 타이머 끝나 있어요. 온열이 따뜻하게 들어오는 게 찜질팩처럼 포근해서 자기 전에 쓰면 숙면에도 도움이 되는 것 같아요. 가족한테도 써보라 했더니 다 좋다고 하더라고요.",21982ededbc5,,980,프리미엄 엘보케어 팔꿈치 마사지기,149000,,기존리뷰,5,,0,0,1,"안녕하세요. 프리미엄 헬스테크 브랜드, 슬룸입니다.
시간 내어 소중한 후기를 작성해 주셔서 감사드립니다. :)

믿고 찾는 쇼핑몰이 되기 위해 더 좋은 상품과 서비스를 준비하겠습니다.
감사합니다. 💜"
116023,2026-06-21 00:00:00,,,"요리랑 청소 매일 하다 보면 팔꿈치 힘을 많이 쓰는데, 이게 전완근까지 같이 마사지해준다는 게 다른 제품이랑 달라 보여서 써봤어요. 에어백 마사지가 팔뚝을 꽉 감싸주는 느낌이 처음엔 낯설었는데 금방 적응됐고, 쓰고 나면 팔 전체가 가벼워지는 느낌이에요. 15분 타이머 맞춰두면 딱 적당한 것 같고, 남편한테도 선물하고 싶어졌어요.",edeb2a250bf8,,980,프리미엄 엘보케어 팔꿈치 마사지기,149000,,기존리뷰,5,,0,0,1,"안녕하세요. 프리미엄 헬스테크 브랜드, 슬룸입니다.
정성스럽게 올려주신 소중한 후기 감사합니다. 💜

고객님의 목소리로 더 발전하는 슬룸이 되도록 노력하겠습니다.
감사합니다. 🙇‍♀️"
116024,2026-06-19 00:00:00,,,"아이들 안아주고 돌보다 보니 팔꿈치가 항상 무거웠는데, 이거 써보고 꽤 만족했어요. 집에 와서 간단히 착용하고 에어백이랑 온열 같이 켜두면 하루 피로가 빠지는 느낌이에요. 강도 낮은 것부터 써보다가 지금은 EMS 7단계, 에어백 2단계로 맞췄는데 이 정도가 딱 편하더라고요. 리모컨 조작법이 처음엔 헷갈렸는데 설명서 보면서 하니까 금방 익혔어요.",b96225e085a5,,980,프리미엄 엘보케어 팔꿈치 마사지기,149000,,기존리뷰,4,,0,0,1,"안녕하세요. 프리미엄 헬스테크 브랜드, 슬룸입니다.
시간 내어 소중한 후기를 작성해 주셔서 감사드립니다. :)

믿고 찾는 쇼핑몰이 되기 위해 더 좋은 상품과 서비스를 준비하겠습니다.
감사합니다. 💜"
116025,2026-06-20 00:00:00,,,"빨래, 설거지, 청소 반복하다 보니 팔꿈치가 늘 뻐근했는데 이거 쓰면서 많이 풀렸어요. 온열 3단계까지 올리면 꽤 뜨거운데 그 느낌이 근육이 풀리는 것 같아서 저는 좋더라고요. 착용이 어렵지 않고 팔에 끼고 벨크로로 고정하면 되니까 혼자서도 쉽게 쓸 수 있어요. 자기 관리 못 하는 분들한테 강추 드려요.",83d1e7bd2710,,980,프리미엄 엘보케어 팔꿈치 마사지기,149000,,기존리뷰,5,,0,0,1,"안녕하세요. 프리미엄 헬스테크 브랜드, 슬룸입니다.
시간 내어 소중한 후기를 작성해 주셔서 감사드립니다. :)

믿고 찾는 쇼핑몰이 되기 위해 더 좋은 상품과 서비스를 준비하겠습니다.
감사합니다. 💜"
116026,2026-06-22 00:00:00,,,"아이가 어려서 매일 안아주다 보면 팔꿈치에 무리가 많이 가는데, 이 제품이 팔꿈치 전용이라는 게 마음에 들었어요. 쓰는 동안 EMS 자극이 팔꿈치 주변을 쭉 훑고 지나가는 느낌인데, 끝나고 나서 팔이 개운해지는 게 확실히 느껴져요. 크림 바르고 쓰는 게 살짝 번거롭긴 한데 효과가 좋으니까 감수할 만해요. 충전 한 번 해두면 며칠은 쓸 수 있어서 좋고요.",b5b279ccafca,,980,프리미엄 엘보케어 팔꿈치 마사지기,149000,,기존리뷰,5,,0,0,1,"안녕하세요. 프리미엄 헬스테크 브랜드, 슬룸입니다.
시간 내어 소중한 후기를 작성해 주셔서 감사드립니다. :)

믿고 찾는 쇼핑몰이 되기 위해 더 좋은 상품과 서비스를 준비하겠습니다.
감사합니다. 💜"
116027,2026-06-22 00:00:00,,,"마흔 넘으니까 팔꿈치가 남다르게 아프더라고요. 이거 지인 추천으로 써봤는데 온열이 부드럽게 스며들면서 찌릿한 자극까지 더해지니까 신기하게 시원한 느낌이에요. 처음엔 조금 무거운 장비처럼 보였는데 실제로 착용하면 가벼워서 걱정할 필요가 없어요. 오른팔이 주로 아파서 오른쪽만 쓰는데, 한 쪽씩 집중적으로 관리할 수 있어서 효율적이에요.",5d587c5779a2,,980,프리미엄 엘보케어 팔꿈치 마사지기,149000,,기존리뷰,4,,0,0,1,"안녕하세요. 프리미엄 헬스테크 브랜드, 슬룸입니다.
정성스럽게 올려주신 소중한 후기 감사합니다. 💜

고객님의 목소리로 더 발전하는 슬룸이 되도록 노력하겠습니다.
감사합니다. 🙇‍♀️"
116028,2026-06-13 00:00:00,,,수업 끝나고 집에서 쓰면 온열이 근육을 부드럽게 풀어줘서 다음 날 훨씬 가볍게 시작할 수 있어요. 에어백 마사지가 전완근까지 같이 잡아주니까 팔꿈치만 따로 관리할 때보다 훨씬 효과적인 것 같아요. 네이비 색상이 예쁘고 선물용으로도 좋을 것 같아서 지인한테도 하나 선물할 생각이에요. 쓸수록 만족도가 높아지는 제품이에요.,e77b2f86e23a,,980,프리미엄 엘보케어 팔꿈치 마사지기,149000,,기존리뷰,5,,0,0,1,"안녕하세요. 프리미엄 헬스테크 브랜드, 슬룸입니다.
시간 내어 소중한 후기를 작성해 주셔서 감사드립니다. :)

믿고 찾는 쇼핑몰이 되기 위해 더 좋은 상품과 서비스를 준비하겠습니다.
감사합니다. 💜"
116029,2026-06-15 00:00:00,,,"무거운 물건 들고 이동하다 보니 팔꿈치가 항상 욱신거려서 이거 써봤어요. 쓰고 나면 확실히 팔이 개운해지는 느낌이고, 특히 두드림 모드가 가볍게 두드리는 느낌이라 피로 풀기에 좋아요. 무선이라 충전해서 편하게 쓸 수 있고, 본체가 215g이라 착용해도 무겁지 않아서 쓰는 동안 불편함이 없어요. 강도 높게 올려도 불쾌하지 않고 시원한 느낌이라 만족스러워요.",892954941c0b,,980,프리미엄 엘보케어 팔꿈치 마사지기,149000,,기존리뷰,5,,0,0,1,"안녕하세요. 프리미엄 헬스테크 브랜드, 슬룸입니다.
진심 어린 소중한 후기 감사합니다. 💜

앞으로도 좋은 상품과 서비스로 고객님들을 찾아뵐 수 있도록 노력하겠습니다.
감사합니다. :)"
116030,2026-06-16 00:00:00,,,"무거운 걸 들고 반복 작업 하다 보니 팔꿈치 통증이 직업병처럼 따라다녔는데, 이거 써보고 꽤 도움됐어요. 온열 3단계로 올리면 온도가 꽤 높아서 뭉친 근육이 확 풀리는 느낌이고, 에어백이 전완근을 꼭 눌러줄 때 그 시원함이 진짜예요. 리모컨이 있어서 착용 후에도 강도 조절이 쉽고, 타이머가 자동으로 꺼져주니까 편하게 쓸 수 있어요.",fb375e46e274,,980,프리미엄 엘보케어 팔꿈치 마사지기,149000,,기존리뷰,5,,0,0,1,"안녕하세요. 프리미엄 헬스테크 브랜드, 슬룸입니다.
진심 어린 소중한 후기 감사합니다. 💜

앞으로도 좋은 상품과 서비스로 고객님들을 찾아뵐 수 있도록 노력하겠습니다.
감사합니다. :)"
116031,2026-06-22 00:00:00,,,"택배 상하차 하고 나면 팔꿈치 통증이 일상이 됐었는데, 이거 쓰면서 관리하기 시작했어요. EMS 강도를 높이면 확실히 자극이 깊이 들어오는 느낌이고, 에어백 마사지가 전완근을 꽉 잡아줄 때 뭉친 게 풀리는 시원함이 있어요. 퇴근하고 씻고 나서 쓰는 게 제 루틴인데, 다음 날 아침 팔 상태가 확실히 달라요. 이 가격에 이 효과면 충분히 만족스럽습니다.",c9db2f9eb12a,,980,프리미엄 엘보케어 팔꿈치 마사지기,149000,,기존리뷰,4,,0,0,1,"안녕하세요. 프리미엄 헬스테크 브랜드, 슬룸입니다.
시간 내어 소중한 후기를 작성해 주셔서 감사드립니다. :)

믿고 찾는 쇼핑몰이 되기 위해 더 좋은 상품과 서비스를 준비하겠습니다.
감사합니다. 💜"
116032,2026-06-17 00:00:00,,,"가위질을 하루 종일 하다 보니 팔꿈치가 항상 뻐근했는데, 이거 쓰면서 많이 나아졌어요. 손목도 함께 힘이 들어가는 편인데, 전완근까지 같이 마사지해주니까 팔 전체 피로가 풀리는 것 같아서 좋아요. 영업 끝나고 집에서 15분 켜두고 있으면 팔에 쌓인 하루 피로가 꽤 빠지더라고요. 주변에 알려줬더니 다들 하나씩 들이더라고요.",f7b7793fde0d,,980,프리미엄 엘보케어 팔꿈치 마사지기,149000,,기존리뷰,5,,0,0,1,"안녕하세요. 프리미엄 헬스테크 브랜드, 슬룸입니다.
정성스럽게 올려주신 소중한 후기 감사합니다. 💜

고객님의 목소리로 더 발전하는 슬룸이 되도록 노력하겠습니다.
감사합니다. 🙇‍♀️"
116033,2026-06-19 00:00:00,,,"팔꿈치 홈에 딱 맞게 제작된 게 확실히 느껴져요. 도배나 설치 작업 후에 팔꿈치가 많이 뭉치는데, EMS 자극이 꽤 강하게 들어오는데 그게 오히려 시원해서 저한테는 잘 맞아요. 에어백 압력이 팔뚝을 꾸준히 눌러주는 느낌이라 운동 후 회복 느낌이랑 비슷해요. 충전 한 번 하면 여러 번 쓸 수 있어서 편해요.",d105a80d5f24,,980,프리미엄 엘보케어 팔꿈치 마사지기,149000,,기존리뷰,5,,0,0,1,"안녕하세요. 프리미엄 헬스테크 브랜드, 슬룸입니다.
진심 어린 소중한 후기 감사합니다. 💜

앞으로도 좋은 상품과 서비스로 고객님들을 찾아뵐 수 있도록 노력하겠습니다.
감사합니다. :)"
116034,2026-06-18 00:00:00,,,"뜨거운 음료를 만들고 컵을 들고 나르다 보니 팔꿈치 힘을 많이 써요. 이거 퇴근 후 집에서 쓰면 온열이 부드럽게 들어오면서 피로가 풀리는 느낌이에요. 힐링 모드로 부드럽게 시작해서 천천히 강도 올리는 게 제 방식인데, 잘 때까지 팔이 편안하게 느껴져요. 네이비 색도 고급스럽고, 선물 받으면 정말 기뻐할 것 같은 제품이에요.",06bf23f70f1d,,980,프리미엄 엘보케어 팔꿈치 마사지기,149000,,기존리뷰,5,,0,0,1,"안녕하세요. 프리미엄 헬스테크 브랜드, 슬룸입니다.
진심 어린 소중한 후기 감사합니다. 💜

앞으로도 좋은 상품과 서비스로 고객님들을 찾아뵐 수 있도록 노력하겠습니다.
감사합니다. :)"
116035,2026-06-15 00:00:00,,,"친구 추천으로 사봤는데 팔꿈치 전용이라는 게 생각보다 큰 차이를 만들더라고요. 범용 마사지기랑 다르게 팔꿈치 모양에 딱 맞게 설계돼 있어서 착용 자체가 편하고, EMS가 팔꿈치 주변 핵심 부위에 정확히 들어오는 느낌이에요. 온열이랑 같이 쓰니까 병원 물리치료랑 비슷한 느낌도 났어요. 자기 전에 25분 켜두고 자는데 아침에 팔이 가벼워진 게 느껴져서 계속 쓰게 됩니다.",007efb6aba75,,980,프리미엄 엘보케어 팔꿈치 마사지기,149000,,기존리뷰,4,,0,0,1,"안녕하세요. 프리미엄 헬스테크 브랜드, 슬룸입니다.
정성스럽게 올려주신 소중한 후기 감사합니다. 💜

고객님의 목소리로 더 발전하는 슬룸이 되도록 노력하겠습니다.
감사합니다. 🙇‍♀️"
116036,2026-06-14 00:00:00,,,"테니스 엘보가 오다 보니 팔꿈치 바깥쪽이 찌릿찌릿하고 불편했는데, 이거 써보면서 많이 나아졌어요. M5 두드림 모드로 가볍게 시작해서 적응하고 나서 M4 주무름 모드로 올리면 심부까지 들어오는 느낌이 확실히 달라요. 에어백이 전완근을 잡아주는 것까지 더해지면 팔 전체가 제대로 케어받는 느낌이에요. 전문의 자문으로 개발됐다는 것도 신뢰가 가는 부분이고요.",a12a968d5e74,,980,프리미엄 엘보케어 팔꿈치 마사지기,149000,,기존리뷰,5,,0,0,1,"안녕하세요. 프리미엄 헬스테크 브랜드, 슬룸입니다.
시간 내어 소중한 후기를 작성해 주셔서 감사드립니다. :)

믿고 찾는 쇼핑몰이 되기 위해 더 좋은 상품과 서비스를 준비하겠습니다.
감사합니다. 💜"
116037,2026-06-16 00:00:00,,,"처음엔 반신반의로 샀는데 쓸수록 만족도가 높아지는 제품이에요. 처음 이틀은 EMS 자극이 낯설어서 강도를 낮게 썼는데, 일주일 지나니까 10단계까지 올려도 불쾌하지 않고 시원해요. 온열이 팔꿈치 주변에 스며드는 느낌이 겨울에 특히 더 따뜻하고 좋더라고요. 리모컨 덕분에 한 번 착용하고 나면 손 안 댈 수 있어서 불편함이 없어요.",6ed8ae5fd46d,,980,프리미엄 엘보케어 팔꿈치 마사지기,149000,,기존리뷰,5,,0,0,1,"안녕하세요. 프리미엄 헬스테크 브랜드, 슬룸입니다.
시간 내어 소중한 후기를 작성해 주셔서 감사드립니다. :)

믿고 찾는 쇼핑몰이 되기 위해 더 좋은 상품과 서비스를 준비하겠습니다.
감사합니다. 💜"
116038,2026-06-20 00:00:00,,,"남편이 팔꿈치 통증 생겨서 선물로 샀어요. 가져다 쓰더니 꽤 좋다고 자기가 더 먼저 찾더라고요. 저도 가끔 빌려 쓰는데 집안일 하고 나서 쓰면 팔 피로가 확실히 빠지는 것 같아요. 에어백 마사지 압이 생각보다 세서 처음엔 놀랐는데 1단계부터 적응하면 괜찮고, 2단계가 저한텐 딱 맞더라고요. 온 가족이 돌아가며 쓰는 제품이 됐어요.",cb0c54a29a23,,980,프리미엄 엘보케어 팔꿈치 마사지기,149000,,기존리뷰,4,,0,0,1,"안녕하세요. 프리미엄 헬스테크 브랜드, 슬룸입니다.
진심 어린 소중한 후기 감사합니다. 💜

앞으로도 좋은 상품과 서비스로 고객님들을 찾아뵐 수 있도록 노력하겠습니다.
감사합니다. :)"
116039,2026-06-13 00:00:00,,,팔꿈치 통증이 있어서 정형외과 다니다가 관리용으로 이거 추가로 써봤어요. 치료 목적은 아니지만 꾸준히 쓰다 보니 통증 빈도가 줄어든 것 같아요. EMS 전기 자극이 팔꿈치 주변 근육을 운동시켜주는 느낌이라 병원 치료 후 관리에 잘 맞는 것 같아요. 한 달 꾸준히 쓰면서 만족스럽고 계속 쓸 것 같습니다.,b4479452fd97,,980,프리미엄 엘보케어 팔꿈치 마사지기,149000,,기존리뷰,5,,0,0,1,"안녕하세요. 프리미엄 헬스테크 브랜드, 슬룸입니다.
진심 어린 소중한 후기 감사합니다. 💜

앞으로도 좋은 상품과 서비스로 고객님들을 찾아뵐 수 있도록 노력하겠습니다.
감사합니다. :)"
116040,2026-06-17 00:00:00,,,"처음엔 착용법이 좀 어렵나 싶었는데 설명서 보니까 금방 됐어요. 팔꿈치 홈에 맞게 끼우고 벨크로 조이면 되는데 생각보다 간단해요. 쓰는 동안 에어백이 전완근을 꾸준히 눌러주는 게 마사지 받는 것 같아서 좋고, EMS 자극이 같이 오니까 일석이조 느낌이에요. 25분 타이머 켜두고 누워있으면 어느새 끝나있어서 편리하게 쓰고 있어요.",b8c3cc32bc9c,,980,프리미엄 엘보케어 팔꿈치 마사지기,149000,,기존리뷰,5,,0,0,1,"안녕하세요. 프리미엄 헬스테크 브랜드, 슬룸입니다.
시간 내어 소중한 후기를 작성해 주셔서 감사드립니다. :)

믿고 찾는 쇼핑몰이 되기 위해 더 좋은 상품과 서비스를 준비하겠습니다.
감사합니다. 💜"
116041,2026-06-16 00:00:00,,,"부모님께 드리려고 샀는데 팔꿈치 힘줄 문제로 고생하셨거든요. 처음 써보시고 전기 자극이 낯설다고 하셨는데, 3번 쓰고 나서는 매일 찾으신다고 하더라고요. 온열이 따뜻하게 들어오는 게 찜질팩보다 편하다고 좋아하세요. 리모컨이 있어서 어른들도 조작하기 어렵지 않고, 충전해서 쓰는 것도 금방 익히셨어요.",aaab80ab72e3,,980,프리미엄 엘보케어 팔꿈치 마사지기,149000,,기존리뷰,5,,0,0,1,"안녕하세요. 프리미엄 헬스테크 브랜드, 슬룸입니다.
시간 내어 소중한 후기를 작성해 주셔서 감사드립니다. :)

믿고 찾는 쇼핑몰이 되기 위해 더 좋은 상품과 서비스를 준비하겠습니다.
감사합니다. 💜"
116042,2026-06-14 00:00:00,,,"골프 레슨 받다가 팔꿈치가 처음으로 아파서 당황했는데, 주변에서 이거 추천해줘서 써봤어요. 초기에 써본 거라 그런지 꽤 빨리 나아진 것 같아요. EMS가 팔꿈치 바깥쪽을 집중적으로 자극해주는 느낌이고, 에어백이 전완근까지 잡아주니까 꽤 전문적인 관리를 받는 것 같아서 좋았어요. 레슨 끝나고 집에 와서 바로 쓰는 게 습관이 됐어요.",ac6838571441,,980,프리미엄 엘보케어 팔꿈치 마사지기,149000,,기존리뷰,4,,0,0,1,"안녕하세요. 프리미엄 헬스테크 브랜드, 슬룸입니다.
진심 어린 소중한 후기 감사합니다. 💜

앞으로도 좋은 상품과 서비스로 고객님들을 찾아뵐 수 있도록 노력하겠습니다.
감사합니다. :)"
116043,2026-06-19 00:00:00,,,"팔꿈치 통증은 직업병이라고 생각했었는데, 이거 쓰면서 생각이 바뀌었어요. EMS가 팔꿈치 주변 근육을 잡아주는 느낌이 확실하고, 온열이랑 같이 오면서 근육이 이완되는 게 느껴져요. 매일 퇴근 후 15분씩 쓰는데 한 달째 쓰고 있고, 팔꿈치 뻐근함이 확실히 줄었어요. 주변에도 추천했더니 구매했다고 하더라고요.",dd5a75a3b2d0,,980,프리미엄 엘보케어 팔꿈치 마사지기,149000,,기존리뷰,5,,0,0,1,"안녕하세요. 프리미엄 헬스테크 브랜드, 슬룸입니다.
진심 어린 소중한 후기 감사합니다. 💜

앞으로도 좋은 상품과 서비스로 고객님들을 찾아뵐 수 있도록 노력하겠습니다.
감사합니다. :)"
116044,2026-06-19 00:00:00,,,"마라톤 훈련 후에 팔을 많이 흔들어서 팔꿈치가 뻐근해지는데, 이거 쓰면 회복이 빠른 것 같아요. 두드림 모드가 피로 회복에 좋은 것 같고, 주무름 모드로 올리면 깊은 자극이 들어와서 뭉친 게 풀리는 느낌이에요. 가벼운 제품이라 착용해도 불편하지 않고, 충전 한 번에 여러 번 쓸 수 있어서 편리해요.",8d9b35652b52,,980,프리미엄 엘보케어 팔꿈치 마사지기,149000,,기존리뷰,5,,0,0,1,"안녕하세요. 프리미엄 헬스테크 브랜드, 슬룸입니다.
정성스럽게 올려주신 소중한 후기 감사합니다. 💜

고객님의 목소리로 더 발전하는 슬룸이 되도록 노력하겠습니다.
감사합니다. 🙇‍♀️"
116045,2026-06-19 00:00:00,,,"이런 전자 제품 쓰는 게 어렵지 않을까 했는데 생각보다 쉬웠어요. 전원 켜고 리모컨으로 조작하면 되는데, 처음 며칠은 설명서 보면서 했고 이제는 눈 감고도 할 수 있어요. 온열 1단계가 딱 적당하고, 에어백 마사지 2단계가 시원한 것 같아요. 집안일 많이 하는 날은 꼭 쓰는 편이에요.",4a797ed4ee15,,980,프리미엄 엘보케어 팔꿈치 마사지기,149000,,기존리뷰,5,,0,0,1,"안녕하세요. 프리미엄 헬스테크 브랜드, 슬룸입니다.
진심 어린 소중한 후기 감사합니다. 💜

앞으로도 좋은 상품과 서비스로 고객님들을 찾아뵐 수 있도록 노력하겠습니다.
감사합니다. :)"
116046,2026-06-22 00:00:00,,,동호회에서 이 제품 쓴다는 분이 계셔서 직접 써봤는데 너무 좋아서 바로 구매했어요. 팔꿈치 전용이라는 게 핵심인 것 같아요. 범용 제품들은 팔꿈치에 딱 맞지 않는데 이건 착용 자체가 자연스럽고 EMS 패드 위치가 팔꿈치 주변에 딱 맞아요. 활력 모드로 쓰면 운동 전 워밍업처럼 팔을 깨워주는 느낌도 나서 운동 전에도 가끔 써요.,882d5e2e7743,,980,프리미엄 엘보케어 팔꿈치 마사지기,149000,,기존리뷰,4,,0,0,1,"안녕하세요. 프리미엄 헬스테크 브랜드, 슬룸입니다.
시간 내어 소중한 후기를 작성해 주셔서 감사드립니다. :)

믿고 찾는 쇼핑몰이 되기 위해 더 좋은 상품과 서비스를 준비하겠습니다.
감사합니다. 💜"
116047,2026-06-21 00:00:00,,,"아이 안아주면서 팔꿈치가 점점 아파지더니 이제 통증이 만성화됐어요. 이거 쓰면서 꾸준히 관리하고 있는데, 쓰고 나면 확실히 팔이 개운해지는 것 같아요. 아이 낮잠 시간에 15분씩 켜두면 잠깐의 휴식이 되기도 하고요. 온열이 따뜻해서 편안한 느낌이 들고, 에어백 마사지가 전완근을 시원하게 눌러줘요.",7e2949443a8b,,980,프리미엄 엘보케어 팔꿈치 마사지기,149000,,기존리뷰,5,,0,0,1,"안녕하세요. 프리미엄 헬스테크 브랜드, 슬룸입니다.
시간 내어 소중한 후기를 작성해 주셔서 감사드립니다. :)

믿고 찾는 쇼핑몰이 되기 위해 더 좋은 상품과 서비스를 준비하겠습니다.
감사합니다. 💜"
116048,2026-06-13 00:00:00,,,"수업 중에 팔에 힘을 많이 쓰다 보니 팔꿈치가 뭉쳐요. 저녁에 온열로 근육 이완시키고 EMS로 자극 주는 게 효과적인 것 같아요. 힐링 모드가 부드럽게 자극해줘서 자기 전에 쓰기 딱 좋고, 다음 날 팔이 더 개운하게 느껴져요. 지인들한테 소개해줬더니 다들 관심 있어 하더라고요.",8bd076d8845f,,980,프리미엄 엘보케어 팔꿈치 마사지기,149000,,기존리뷰,5,,0,0,1,"안녕하세요. 프리미엄 헬스테크 브랜드, 슬룸입니다.
정성스럽게 올려주신 소중한 후기 감사합니다. 💜

고객님의 목소리로 더 발전하는 슬룸이 되도록 노력하겠습니다.
감사합니다. 🙇‍♀️"
116049,2026-06-22 00:00:00,,,"팔꿈치 통증이 생겨서 고민하다가 이거 써봤는데, 퇴근 후 쓰면 하루 피로가 빠지는 것 같아요. EMS 강도를 높여서 쓰면 자극이 확실히 들어오고, 온열이랑 에어백 같이 켜두면 종합 케어가 되는 느낌이에요. 꼬박꼬박 쓰면서 팔꿈치 상태가 많이 나아졌어요.",44cfedf84e56,,980,프리미엄 엘보케어 팔꿈치 마사지기,149000,,기존리뷰,4,,0,0,1,"안녕하세요. 프리미엄 헬스테크 브랜드, 슬룸입니다.
진심 어린 소중한 후기 감사합니다. 💜

앞으로도 좋은 상품과 서비스로 고객님들을 찾아뵐 수 있도록 노력하겠습니다.
감사합니다. :)"
116050,2026-06-20 00:00:00,,,"환자 이동을 도울 때 팔에 무리가 많이 가요. 집에서 이거 쓰면 팔꿈치 주변이 시원하게 풀리는 게 느껴져요. 에어백이 전완근을 꾸준히 눌러주는 게 스포츠 테이핑 같은 느낌도 나고, EMS가 더해지면서 더 깊이 풀리는 것 같아요. 야간 근무 후에도 꼭 쓰는 편이고, 충전이 빠른 편이라 편리하게 쓰고 있어요.",dd42a1a75a16,,980,프리미엄 엘보케어 팔꿈치 마사지기,149000,,기존리뷰,5,,0,0,1,"안녕하세요. 프리미엄 헬스테크 브랜드, 슬룸입니다.
시간 내어 소중한 후기를 작성해 주셔서 감사드립니다. :)

믿고 찾는 쇼핑몰이 되기 위해 더 좋은 상품과 서비스를 준비하겠습니다.
감사합니다. 💜"
116051,2026-06-15 00:00:00,,,"장시간 운전하다 보면 스티어링 휠 오래 잡아서 팔꿈치가 굳어지는데, 쉬는 시간에 이거 쓰면 확실히 개운해요. 에어백이 전완근을 꾹 눌러주는 느낌이 마사지사한테 받는 것 같고, EMS 자극이 더해지면 시원함이 배가 되더라고요. 리모컨이 있어서 착용하고도 조작하기 쉽고, 타이머 있어서 깜빡해도 자동으로 꺼져요.",a66c9b05bff8,,980,프리미엄 엘보케어 팔꿈치 마사지기,149000,,기존리뷰,5,,0,0,1,"안녕하세요. 프리미엄 헬스테크 브랜드, 슬룸입니다.
정성스럽게 올려주신 소중한 후기 감사합니다. 💜

고객님의 목소리로 더 발전하는 슬룸이 되도록 노력하겠습니다.
감사합니다. 🙇‍♀️"
116052,2026-06-21 00:00:00,,,"건반을 오래 치다 보면 팔꿈치가 항상 뭉쳐요. 이거 끝나고 쓰면 온열이 팔꿈치 주변을 따뜻하게 풀어줘서 편안한 느낌이에요. EMS 자극이 처음엔 낯설었는데 금방 익숙해지고, 이제는 이 자극이 없으면 시원하지 않은 느낌이 들 정도예요. 조용하게 작동해서 음악 들으면서도 쓸 수 있어서 좋아요.",f64395960cc2,,980,프리미엄 엘보케어 팔꿈치 마사지기,149000,,기존리뷰,5,,0,0,1,"안녕하세요. 프리미엄 헬스테크 브랜드, 슬룸입니다.
정성스럽게 올려주신 소중한 후기 감사합니다. 💜

고객님의 목소리로 더 발전하는 슬룸이 되도록 노력하겠습니다.
감사합니다. 🙇‍♀️"
116053,2026-06-15 00:00:00,,,"무거운 장비 들고 움직이다 보면 팔꿈치에 부담이 많이 가요. 쉬는 날 집에서 쓰면서 회복에 도움받고 있어요. 주무름 모드가 손으로 직접 주무르는 것처럼 깊이 들어오는 느낌이 좋고, 강도 높이면 확실히 자극이 강해서 뭉친 근육이 풀리는 게 느껴져요. 주변에 추천했더니 몇 명이 구매했다고 하더라고요.",8cd031d379af,,980,프리미엄 엘보케어 팔꿈치 마사지기,149000,,기존리뷰,4,,0,0,1,"안녕하세요. 프리미엄 헬스테크 브랜드, 슬룸입니다.
시간 내어 소중한 후기를 작성해 주셔서 감사드립니다. :)

믿고 찾는 쇼핑몰이 되기 위해 더 좋은 상품과 서비스를 준비하겠습니다.
감사합니다. 💜"
116054,2026-06-16 00:00:00,,,"새벽까지 태블릿 작업하다 보니 팔꿈치 힘줄이 늘 당겨요. 이거 쓰면 온열이 따뜻하게 풀어줘서 잠들기 편해지더라고요. EMS가 팔꿈치 주변을 자극해주는 게 근육을 운동시켜주는 느낌이에요. 에어백 마사지까지 더해지면 팔 전체가 시원하게 풀리는 느낌이고, 장시간 작업하는 분들한테 강추예요.",cce522388429,,980,프리미엄 엘보케어 팔꿈치 마사지기,149000,,기존리뷰,5,,0,0,1,"안녕하세요. 프리미엄 헬스테크 브랜드, 슬룸입니다.
진심 어린 소중한 후기 감사합니다. 💜

앞으로도 좋은 상품과 서비스로 고객님들을 찾아뵐 수 있도록 노력하겠습니다.
감사합니다. :)"
116055,2026-06-17 00:00:00,,,"가지치기나 반복 작업 많이 하다 보니 팔꿈치 통증이 생겼어요. 이거 작업 끝나고 쓰면 꾸준히 피로가 풀리는 것 같아요. 처음엔 EMS 자극이 어색했는데 지금은 그 느낌이 편해요. 에어백 압이 전완근을 잡아주는 게 뻐근함을 시원하게 풀어주고, 온열까지 같이 오면 삼박자가 맞는 느낌이에요.",1283a4b8229f,,980,프리미엄 엘보케어 팔꿈치 마사지기,149000,,기존리뷰,5,,0,0,1,"안녕하세요. 프리미엄 헬스테크 브랜드, 슬룸입니다.
시간 내어 소중한 후기를 작성해 주셔서 감사드립니다. :)

믿고 찾는 쇼핑몰이 되기 위해 더 좋은 상품과 서비스를 준비하겠습니다.
감사합니다. 💜"
116056,2026-06-16 00:00:00,,,"조제하거나 섬세한 손 작업을 오래 하다 보면 손목이랑 팔꿈치를 많이 써요. 이거 저녁에 쓰면서 관리하고 있는데, 쓰고 나면 팔이 가벼워지는 느낌이에요. 5가지 모드가 있어서 그날그날 컨디션에 맞춰 쓸 수 있는 게 좋고, 강도 조절이 세밀해서 편해요. 지인한테도 추천했더니 좋다고 다시 연락 왔어요.",07885bc74d84,,980,프리미엄 엘보케어 팔꿈치 마사지기,149000,,기존리뷰,5,,0,0,1,"안녕하세요. 프리미엄 헬스테크 브랜드, 슬룸입니다.
정성스럽게 올려주신 소중한 후기 감사합니다. 💜

고객님의 목소리로 더 발전하는 슬룸이 되도록 노력하겠습니다.
감사합니다. 🙇‍♀️"
116057,2026-06-13 00:00:00,,,"무거운 자재 들고 다니는 게 팔꿈치에 무리를 줘요. 이거 쓰기 시작하고 팔꿈치 관리에 신경 쓰게 됐는데, 꾸준히 쓰다 보니 통증이 줄어든 것 같아요. 에어백이 전완근을 꽉 눌러주는 게 딱 필요한 자극이고, EMS가 더해지면서 시원함이 배가 돼요. 특히 무거운 작업 많이 하는 날은 꼭 챙겨 쓰고 있어요.",f724fa7361f3,,980,프리미엄 엘보케어 팔꿈치 마사지기,149000,,기존리뷰,4,,0,0,1,"안녕하세요. 프리미엄 헬스테크 브랜드, 슬룸입니다.
정성스럽게 올려주신 소중한 후기 감사합니다. 💜

고객님의 목소리로 더 발전하는 슬룸이 되도록 노력하겠습니다.
감사합니다. 🙇‍♀️"
116058,2026-06-21 00:00:00,,,"공연 후에 팔꿈치가 늘 무거웠는데, 이거 쓰기 시작하고 회복이 빨라진 것 같아요. 온열 2단계로 켜두면 긴장이 부드럽게 풀리는 느낌이고, EMS가 더해지면서 더 깊이 이완되는 것 같아요. 다음 날 팔 상태가 확실히 달라서 이제 루틴으로 자리 잡았어요. 주변에도 알려줬어요.",3b2434d1913b,,980,프리미엄 엘보케어 팔꿈치 마사지기,149000,,기존리뷰,5,,0,0,1,"안녕하세요. 프리미엄 헬스테크 브랜드, 슬룸입니다.
정성스럽게 올려주신 소중한 후기 감사합니다. 💜

고객님의 목소리로 더 발전하는 슬룸이 되도록 노력하겠습니다.
감사합니다. 🙇‍♀️"
116059,2026-06-17 00:00:00,,,"암벽 등반이나 아웃도어 활동 즐기다 보니 팔꿈치가 항상 무거워요. 이거 활동 후에 쓰면 팔 전체가 시원하게 풀리는 느낌이에요. EMS 강도 높이면 확실히 깊이 들어오고, 에어백 마사지까지 더해지면 회복이 빠른 것 같아요. 온열이 찜질 효과까지 해줘서 세 가지 기능이 동시에 되는 게 가성비 좋다는 생각이 들어요.",b39a8fd0b56e,,980,프리미엄 엘보케어 팔꿈치 마사지기,149000,,기존리뷰,5,,0,0,1,"안녕하세요. 프리미엄 헬스테크 브랜드, 슬룸입니다.
진심 어린 소중한 후기 감사합니다. 💜

앞으로도 좋은 상품과 서비스로 고객님들을 찾아뵐 수 있도록 노력하겠습니다.
감사합니다. :)"
116060,2026-06-19 00:00:00,,,"렌치나 공구를 많이 쓰다 보니 팔꿈치 통증이 생겼는데, 이거 써보고 꽤 만족했어요. 에어백 압이 생각보다 세서 처음엔 놀랐는데, 3단계까지 써보고 나서 1단계가 딱 맞더라고요. EMS 자극이 팔꿈치 주변 넓게 퍼지는 느낌이고, 온열이랑 같이 오니까 작업 후 회복이 빨라진 것 같아요. 앞으로도 계속 쓸 것 같습니다.",171fe5ef8025,,980,프리미엄 엘보케어 팔꿈치 마사지기,149000,,기존리뷰,4,,0,0,1,"안녕하세요. 프리미엄 헬스테크 브랜드, 슬룸입니다.
정성스럽게 올려주신 소중한 후기 감사합니다. 💜

고객님의 목소리로 더 발전하는 슬룸이 되도록 노력하겠습니다.
감사합니다. 🙇‍♀️"
116061,2026-06-20 00:00:00,,,"동물 다루거나 무거운 걸 들다 보면 팔에 힘을 많이 써요. 이거 저녁에 쓰면서 팔꿈치 피로를 풀고 있는데, 힐링 모드로 부드럽게 쓰면 자기 전에 긴장이 풀리는 느낌이에요. EMS가 낯설 수 있지만 적응하면 그 느낌이 오히려 편안해져요. 에어백이 전완근을 잡아주는 게 단순 온열보다 훨씬 효과적인 것 같아서 만족해요.",3c2748db18e0,,980,프리미엄 엘보케어 팔꿈치 마사지기,149000,,기존리뷰,5,,0,0,1,"안녕하세요. 프리미엄 헬스테크 브랜드, 슬룸입니다.
시간 내어 소중한 후기를 작성해 주셔서 감사드립니다. :)

믿고 찾는 쇼핑몰이 되기 위해 더 좋은 상품과 서비스를 준비하겠습니다.
감사합니다. 💜"
116062,2026-06-15 00:00:00,,,"보조 작업이나 서빙하면서 팔꿈치를 많이 쓰게 돼요. 이거 퇴근 후 쓰면 온열이 따뜻하게 스며들면서 피로가 풀리는 느낌이에요. 종합 모드로 시작하면 다양한 자극이 섞여서 들어오는데, 익숙해지면 그게 제일 시원해요. 충전 한 번에 꽤 여러 번 쓸 수 있어서 번거롭지 않고 꾸준히 쓰기 좋아요.",0e747f62ffe0,,980,프리미엄 엘보케어 팔꿈치 마사지기,149000,,기존리뷰,5,,0,0,1,"안녕하세요. 프리미엄 헬스테크 브랜드, 슬룸입니다.
시간 내어 소중한 후기를 작성해 주셔서 감사드립니다. :)

믿고 찾는 쇼핑몰이 되기 위해 더 좋은 상품과 서비스를 준비하겠습니다.
감사합니다. 💜"
116063,2026-06-13 00:00:00,,,"오래 앉아서 집중 작업 하다 보니 팔꿈치가 뭉치더라고요. 책상 옆에 두고 짬짬이 쓰는데, 15분 타이머로 맞춰두면 작업 중간에 쉬는 시간에 딱 맞아요. EMS 자극이 팔꿈치 주변을 활성화시켜주는 느낌이고, 온열이 더해지면서 시원하게 풀리는 것 같아요. 오래 앉아 있는 분들한테 추천하고 싶어요.",24cefbaad1f1,,980,프리미엄 엘보케어 팔꿈치 마사지기,149000,,기존리뷰,5,,0,0,1,"안녕하세요. 프리미엄 헬스테크 브랜드, 슬룸입니다.
진심 어린 소중한 후기 감사합니다. 💜

앞으로도 좋은 상품과 서비스로 고객님들을 찾아뵐 수 있도록 노력하겠습니다.
감사합니다. :)"
116064,2026-06-16 00:00:00,,,"시범을 많이 보여주다 보면 팔에 무리가 가요. 이거 쓰면서 팔꿈치 관리하는데, EMS와 에어백 조합이 꽤 전문적인 기기처럼 느껴져요. 온열까지 더해지면 운동 케어에 맞는 수준이라는 생각이 들어요. 주변에 알려줬는데 반응이 좋았어요.",5e324d6547a9,,980,프리미엄 엘보케어 팔꿈치 마사지기,149000,,기존리뷰,4,,0,0,1,"안녕하세요. 프리미엄 헬스테크 브랜드, 슬룸입니다.
시간 내어 소중한 후기를 작성해 주셔서 감사드립니다. :)

믿고 찾는 쇼핑몰이 되기 위해 더 좋은 상품과 서비스를 준비하겠습니다.
감사합니다. 💜"
116065,2026-06-18 00:00:00,,,"현장 답사 다니면서 짐 들고 이동하다 보니 팔에 무리가 가요. 저녁에 쓰면서 피로 풀고 있는데, 에어백이 전완근을 꾸준히 눌러주는 느낌이 마사지샵 가지 않아도 되는 것 같아서 좋아요. 온열 1단계도 충분히 따뜻하고, EMS 자극이 익숙해지면 편안함이 느껴져요. 이제 없으면 허전할 정도로 자주 쓰고 있어요.",10fe1c253012,,980,프리미엄 엘보케어 팔꿈치 마사지기,149000,,기존리뷰,5,,0,0,1,"안녕하세요. 프리미엄 헬스테크 브랜드, 슬룸입니다.
진심 어린 소중한 후기 감사합니다. 💜

앞으로도 좋은 상품과 서비스로 고객님들을 찾아뵐 수 있도록 노력하겠습니다.
감사합니다. :)"
116066,2026-06-17 00:00:00,,,"오래 작업하다 보면 팔꿈치가 항상 뻐근해요. 작업 후에 쓰면 근육이 이완되면서 다음 날 더 수월한 것 같아요. 두드림 모드가 가볍게 톡톡 두드리는 느낌이라 강한 자극이 부담스러운 분들한테 좋을 것 같고, 주무름 모드로 올리면 묵직하게 들어오는 자극이 시원해요. 디자인도 깔끔해서 어디 두기 좋아요.",81088d06665a,,980,프리미엄 엘보케어 팔꿈치 마사지기,149000,,기존리뷰,5,,0,0,1,"안녕하세요. 프리미엄 헬스테크 브랜드, 슬룸입니다.
시간 내어 소중한 후기를 작성해 주셔서 감사드립니다. :)

믿고 찾는 쇼핑몰이 되기 위해 더 좋은 상품과 서비스를 준비하겠습니다.
감사합니다. 💜"
116067,2026-06-13 00:00:00,,,"노트북 들고 다니며 상담하다 보니 팔이 많이 지쳐요. 집에 와서 쓰면 에어백이 전완근을 꽉 눌러주는 게 시원하고, EMS가 팔꿈치 주변을 자극해줘서 뭉친 게 풀리는 느낌이에요. 리모컨이 있어서 착용하고 나면 따로 손 안 댈 수 있어서 편하고, 타이머가 자동으로 꺼줘서 깜빡해도 걱정 없어요.",8223ee4784af,,980,프리미엄 엘보케어 팔꿈치 마사지기,149000,,기존리뷰,5,,0,0,1,"안녕하세요. 프리미엄 헬스테크 브랜드, 슬룸입니다.
진심 어린 소중한 후기 감사합니다. 💜

앞으로도 좋은 상품과 서비스로 고객님들을 찾아뵐 수 있도록 노력하겠습니다.
감사합니다. :)"
116068,2026-06-21 00:00:00,,,"팔 동작 시범을 많이 보이다 보니 팔꿈치가 뭉쳐요. 이거 끝나고 쓰면 확실히 개운해지는 느낌이에요. 에어백 마사지가 전완근을 집중 케어해주는 게 다른 마사지기랑 차별화되는 부분인 것 같아요. EMS 자극이랑 온열이 같이 오니까 시너지 효과가 있는 것 같고, 주 5회 이상 쓰고 있어요.",a90e74c0aacb,,980,프리미엄 엘보케어 팔꿈치 마사지기,149000,,기존리뷰,4,,0,0,1,"안녕하세요. 프리미엄 헬스테크 브랜드, 슬룸입니다.
정성스럽게 올려주신 소중한 후기 감사합니다. 💜

고객님의 목소리로 더 발전하는 슬룸이 되도록 노력하겠습니다.
감사합니다. 🙇‍♀️"
116069,2026-06-13 00:00:00,,,"무거운 샘플 들고 다니다 보니 팔꿈치에 무리가 와서 이거 써봤어요. 쓰고 나면 확실히 팔이 가벼워지는 느낌이고, 에어백이 전완근을 눌러줄 때 뻐근했던 부분이 시원하게 풀려요. EMS 강도를 5단계 정도로 맞추면 딱 적당한 자극이에요. 충전이 빠른 편이라 며칠은 거뜬히 쓸 수 있어요.",f50a6639f641,,980,프리미엄 엘보케어 팔꿈치 마사지기,149000,,기존리뷰,5,,0,0,1,"안녕하세요. 프리미엄 헬스테크 브랜드, 슬룸입니다.
진심 어린 소중한 후기 감사합니다. 💜

앞으로도 좋은 상품과 서비스로 고객님들을 찾아뵐 수 있도록 노력하겠습니다.
감사합니다. :)"
116070,2026-06-13 00:00:00,,,"건반 작업을 오래 하다 보면 팔꿈치가 뭉치는데, 이거 써보니 효과가 꽤 좋더라고요. 힐링 모드로 부드럽게 자극해주면서 온열이 같이 오니까 작업 후 긴장이 풀리는 느낌이에요. 에어백 마사지가 전완근을 잡아주는 게 팔 전체 피로를 풀어주는 것 같고, 이제 마무리 루틴으로 자리 잡았어요.",b70b7a5f3b7e,,980,프리미엄 엘보케어 팔꿈치 마사지기,149000,,기존리뷰,5,,0,0,1,"안녕하세요. 프리미엄 헬스테크 브랜드, 슬룸입니다.
정성스럽게 올려주신 소중한 후기 감사합니다. 💜

고객님의 목소리로 더 발전하는 슬룸이 되도록 노력하겠습니다.
감사합니다. 🙇‍♀️"
116071,2026-06-18 00:00:00,,,"장시간 서 있고 이동하다 보면 팔도 많이 쓰게 돼요. 집에서 쓰면 온열이 따뜻하게 들어오면서 에어백이 꽉 눌러주는 조합이 좋고, 자기 전에 25분 타이머 켜두면 숙면에도 도움이 되는 것 같아요. 가성비 좋은 제품이라 생각해요.",2efa489a1916,,980,프리미엄 엘보케어 팔꿈치 마사지기,149000,,기존리뷰,4,,0,0,1,"안녕하세요. 프리미엄 헬스테크 브랜드, 슬룸입니다.
진심 어린 소중한 후기 감사합니다. 💜

앞으로도 좋은 상품과 서비스로 고객님들을 찾아뵐 수 있도록 노력하겠습니다.
감사합니다. :)"
116072,2026-06-13 00:00:00,,,"장시간 방송하면서 팔꿈치가 뻐근해요. 끝나고 쓰면 온열이 부드럽게 이완시켜줘서 피로가 풀리는 느낌이에요. EMS 자극이 팔꿈치 주변을 활성화시켜주는 느낌이고, 에어백이 전완근까지 잡아주면서 팔 전체가 케어받는 느낌이에요. 팔 관리가 중요한 분들한테 이게 큰 도움이 돼요.",3626614f1a41,,980,프리미엄 엘보케어 팔꿈치 마사지기,149000,,기존리뷰,5,,0,0,1,"안녕하세요. 프리미엄 헬스테크 브랜드, 슬룸입니다.
진심 어린 소중한 후기 감사합니다. 💜

앞으로도 좋은 상품과 서비스로 고객님들을 찾아뵐 수 있도록 노력하겠습니다.
감사합니다. :)"
116073,2026-06-15 00:00:00,,,"밭일이나 반복 농사일을 하다 보면 팔에 무리가 많이 가는데, 이거 써보고 깜짝 놀랐어요. 전기 자극이 이렇게 시원하게 느껴지는 줄 몰랐거든요. 온열이 같이 오면서 뭉친 근육이 풀리는 게 느껴지고, 에어백이 전완근을 꾸준히 눌러주는 게 마사지 받는 것 같아요. 일 많이 하는 날은 특히 꼭 챙겨 쓰게 됩니다.",10a751a25dec,,980,프리미엄 엘보케어 팔꿈치 마사지기,149000,,기존리뷰,5,,0,0,1,"안녕하세요. 프리미엄 헬스테크 브랜드, 슬룸입니다.
진심 어린 소중한 후기 감사합니다. 💜

앞으로도 좋은 상품과 서비스로 고객님들을 찾아뵐 수 있도록 노력하겠습니다.
감사합니다. :)"
116074,2026-06-21 00:00:00,,,"집중 작업 오래 하다 보니 팔꿈치가 뻐근해져서 이거 써봤어요. 이거 쓰면 팔꿈치 주변 근육이 자극받는 느낌이에요. 5가지 모드 중에 저는 힐링 모드를 제일 많이 쓰는데, 부드럽게 들어오는 자극이 퇴근 후 긴장을 풀어줘요. 앱 없이 리모컨으로만 조작해도 편리해서 좋아요.",da149dae7950,,980,프리미엄 엘보케어 팔꿈치 마사지기,149000,,기존리뷰,5,,0,0,1,"안녕하세요. 프리미엄 헬스테크 브랜드, 슬룸입니다.
시간 내어 소중한 후기를 작성해 주셔서 감사드립니다. :)

믿고 찾는 쇼핑몰이 되기 위해 더 좋은 상품과 서비스를 준비하겠습니다.
감사합니다. 💜"
116075,2026-06-20 00:00:00,,,데모를 많이 하다 보면 팔꿈치가 항상 피로해요. 이거 쓰면 EMS가 팔꿈치 주변 근육을 직접 자극해주는 느낌이라 회복에 딱 좋아요. 에어백 마사지 강도가 3단계까지 있는데 3단계로 세게 써도 좋더라고요. 온열까지 더해지면 전문 기기 느낌이 나요.,eff717232f0f,,980,프리미엄 엘보케어 팔꿈치 마사지기,149000,,기존리뷰,4,,0,0,1,"안녕하세요. 프리미엄 헬스테크 브랜드, 슬룸입니다.
진심 어린 소중한 후기 감사합니다. 💜

앞으로도 좋은 상품과 서비스로 고객님들을 찾아뵐 수 있도록 노력하겠습니다.
감사합니다. :)"
116076,2026-06-16 00:00:00,,,"장시간 필기하다 보니 팔꿈치가 뭉쳐서 이거 써봤는데 좋더라고요. 쓰는 동안 EMS 자극이 팔꿈치 주변을 깨워주는 느낌이고, 온열이 더해지면 찌릿하면서도 따뜻한 느낌이에요. 에어백이 전완근을 잡아주면서 팔 전체가 이완되는 것 같아서, 중간중간에 쓰니까 집중력도 더 좋아진 것 같아요.",0f3a9948a2ff,,980,프리미엄 엘보케어 팔꿈치 마사지기,149000,,기존리뷰,5,,0,0,1,"안녕하세요. 프리미엄 헬스테크 브랜드, 슬룸입니다.
진심 어린 소중한 후기 감사합니다. 💜

앞으로도 좋은 상품과 서비스로 고객님들을 찾아뵐 수 있도록 노력하겠습니다.
감사합니다. :)"
116077,2026-06-15 00:00:00,,,"팔꿈치 통증이 따라다녔는데, 이거 쓰면서 처음으로 제대로 된 팔꿈치 관리를 하게 됐어요. EMS가 팔꿈치 전용이라 위치 설계가 확실히 잘 돼 있어서, 범용 마사지기보다 자극이 더 정확하게 들어오는 느낌이에요. 온열이랑 에어백 조합이 병원 물리치료 받는 것 같고, 이제 매일 루틴이 됐어요.",3f7f3c741d60,,980,프리미엄 엘보케어 팔꿈치 마사지기,149000,,기존리뷰,5,,0,0,1,"안녕하세요. 프리미엄 헬스테크 브랜드, 슬룸입니다.
진심 어린 소중한 후기 감사합니다. 💜

앞으로도 좋은 상품과 서비스로 고객님들을 찾아뵐 수 있도록 노력하겠습니다.
감사합니다. :)"
116078,2026-06-19 00:00:00,,,"타이핑하면서 팔꿈치가 늘 뻐근했어요. 이거 쓰기 시작하고 가장 좋았던 건 모드가 다양하다는 거예요. 그날 피로 상태에 따라 모드 골라 쓸 수 있어서 지루하지 않고, 효과도 각각 달라서 필요에 맞게 쓸 수 있어요. 온열이 오래 앉아 있던 피로를 풀어주는 느낌이라 마무리 루틴이 됐습니다.",a1d410e86384,,980,프리미엄 엘보케어 팔꿈치 마사지기,149000,,기존리뷰,5,,0,0,1,"안녕하세요. 프리미엄 헬스테크 브랜드, 슬룸입니다.
정성스럽게 올려주신 소중한 후기 감사합니다. 💜

고객님의 목소리로 더 발전하는 슬룸이 되도록 노력하겠습니다.
감사합니다. 🙇‍♀️"
116079,2026-06-17 00:00:00,,,"고객 보조하면서 팔꿈치에 무리가 가요. 이거 퇴근 후 쓰면 에어백이 전완근을 시원하게 눌러줘서 하루 피로가 빠지는 것 같아요. EMS 자극이 처음엔 낯설었는데 지금은 그 자극이 오히려 개운한 느낌이에요. 충전이 빠른 편이라 매일 쓰기 좋고, 무선이라 침대에서 편하게 쓸 수 있어요.",e085924a95b6,,980,프리미엄 엘보케어 팔꿈치 마사지기,149000,,기존리뷰,4,,0,0,1,"안녕하세요. 프리미엄 헬스테크 브랜드, 슬룸입니다.
시간 내어 소중한 후기를 작성해 주셔서 감사드립니다. :)

믿고 찾는 쇼핑몰이 되기 위해 더 좋은 상품과 서비스를 준비하겠습니다.
감사합니다. 💜"
116080,2026-06-14 00:00:00,,,"장구나 장비 들고 다니다 보면 팔에 무리가 많이 가요. 쉬는 날 집에서 쓰면 팔꿈치 피로가 풀리는 것 같아요. 온열 2단계로 쓰면 충분히 따뜻하고, EMS와 에어백 조합이 꽤 전문적인 마사지를 받는 느낌이에요. 충전해서 쓰는 무선 제품이라 어디서든 편하게 쓸 수 있어서 만족해요.",d0a6be148d53,,980,프리미엄 엘보케어 팔꿈치 마사지기,149000,,기존리뷰,5,,0,0,1,"안녕하세요. 프리미엄 헬스테크 브랜드, 슬룸입니다.
진심 어린 소중한 후기 감사합니다. 💜

앞으로도 좋은 상품과 서비스로 고객님들을 찾아뵐 수 있도록 노력하겠습니다.
감사합니다. :)"
116081,2026-06-14 00:00:00,,,칼질이랑 냄비 들기 반복하다 보니 팔꿈치가 항상 뻐근해요. 영업 끝나고 집에서 쓰면 온열이 팔꿈치 주변을 따뜻하게 풀어줘서 피로가 빠지는 것 같아요. 에어백이 전완근을 꽉 눌러줄 때 그 시원한 느낌이 마사지샵 안 가도 될 것 같다는 생각이 들게 해요. 주방 일 하시는 분들한테 강추예요.,1f720dcb16bf,,980,프리미엄 엘보케어 팔꿈치 마사지기,149000,,기존리뷰,5,,0,0,1,"안녕하세요. 프리미엄 헬스테크 브랜드, 슬룸입니다.
시간 내어 소중한 후기를 작성해 주셔서 감사드립니다. :)

믿고 찾는 쇼핑몰이 되기 위해 더 좋은 상품과 서비스를 준비하겠습니다.
감사합니다. 💜"
116082,2026-06-19 00:00:00,,,"전문가 입장에서 봐도 EMS와 TENS 조합이 팔꿈치 관리에 원리적으로 맞는 접근이에요. 에어백 마사지가 더해지면서 혈행 개선에도 도움이 되는 것 같고, 온열 찜질까지 있으니까 집에서 쓰기 좋은 관리 기기예요. 팔꿈치를 많이 쓰는 분들한테 권해요.",0f296c2f735a,,980,프리미엄 엘보케어 팔꿈치 마사지기,149000,,기존리뷰,4,,0,0,1,"안녕하세요. 프리미엄 헬스테크 브랜드, 슬룸입니다.
진심 어린 소중한 후기 감사합니다. 💜

앞으로도 좋은 상품과 서비스로 고객님들을 찾아뵐 수 있도록 노력하겠습니다.
감사합니다. :)"
116083,2026-06-20 00:00:00,,,"팔꿈치 통증으로 병원 다니다가 이거 병행해서 쓰기 시작했어요. 전문의 자문으로 개발됐다는 게 신뢰가 갔고, 실제로 써보니 팔꿈치 주변 자극이 정확하게 들어와요. 온열이랑 에어백, EMS가 함께 되는 제품 중에 이 가격대는 찾기 어렵더라고요. 한 달 쓰면서 팔꿈치 관리에 자신감이 생겼어요.",0c78ee1cc068,,980,프리미엄 엘보케어 팔꿈치 마사지기,149000,,기존리뷰,4,,0,0,1,"안녕하세요. 프리미엄 헬스테크 브랜드, 슬룸입니다.
시간 내어 소중한 후기를 작성해 주셔서 감사드립니다. :)

믿고 찾는 쇼핑몰이 되기 위해 더 좋은 상품과 서비스를 준비하겠습니다.
감사합니다. 💜"
116084,2026-06-17 00:00:00,,,"집에서 혼자 운동하면서 맨몸 운동 많이 하는데 팔꿈치가 뻐근해질 때가 자주 있어요. 이거 운동 후에 쓰면 팔꿈치 주변이 시원하게 풀리는 느낌이에요. EMS 자극이 근육을 활성화시켜주는 것 같고, 에어백이 전완근을 꾸준히 눌러주면서 혈액 순환도 되는 것 같아요. 꾸준히 쓰고 있어요.",427d829e9b54,,980,프리미엄 엘보케어 팔꿈치 마사지기,149000,,기존리뷰,5,,0,0,1,"안녕하세요. 프리미엄 헬스테크 브랜드, 슬룸입니다.
정성스럽게 올려주신 소중한 후기 감사합니다. 💜

고객님의 목소리로 더 발전하는 슬룸이 되도록 노력하겠습니다.
감사합니다. 🙇‍♀️"
116085,2026-06-21 00:00:00,,,"갱년기로 여기저기 아프기 시작했는데 팔꿈치도 그 중 하나예요. 이거 쓰면 온열이 따뜻하게 팔꿈치를 감싸줘서 찜질팩보다 훨씬 편리해요. 에어백이 전완근을 눌러주는 것도 단순 찜질보다 효과적인 느낌이고, EMS 자극이 더해지면서 더 깊이 풀리는 것 같아요. 온열 찜질팩 여러 개 쓰는 것보다 이게 훨씬 실용적이에요.",a61ff4ed5bf4,,980,프리미엄 엘보케어 팔꿈치 마사지기,149000,,기존리뷰,5,,0,0,1,"안녕하세요. 프리미엄 헬스테크 브랜드, 슬룸입니다.
시간 내어 소중한 후기를 작성해 주셔서 감사드립니다. :)

믿고 찾는 쇼핑몰이 되기 위해 더 좋은 상품과 서비스를 준비하겠습니다.
감사합니다. 💜"
116086,2026-06-20 00:00:00,,,"팔 운동이나 작업 후에 팔꿈치가 항상 피로해요. 이거 후에 쓰면 팔 회복이 빨라지는 것 같아서 주변에도 소개하고 싶었어요. EMS와 에어백 조합이 시너지가 좋고, 온열 찜질까지 더해지면 3가지 케어가 한 번에 되는 게 효율적이에요. 디자인도 깔끔해서 어디에 둬도 어색하지 않아요.",38c2a03baa4c,,980,프리미엄 엘보케어 팔꿈치 마사지기,149000,,기존리뷰,4,,0,0,1,"안녕하세요. 프리미엄 헬스테크 브랜드, 슬룸입니다.
진심 어린 소중한 후기 감사합니다. 💜

앞으로도 좋은 상품과 서비스로 고객님들을 찾아뵐 수 있도록 노력하겠습니다.
감사합니다. :)"
116087,2026-06-22 00:00:00,,,"훈련이 많다 보면 팔꿈치가 항상 혹사당해요. 쉬는 날 집에서 쓰면 에어백이 전완근을 꽉 눌러줘서 회복에 도움이 되는 것 같아요. EMS 강도를 높이면 확실히 자극이 깊이 들어오는 느낌이고, 온열이 더해지면 뭉친 근육이 풀리는 게 느껴져요. 주변에 알려줬더니 관심 갖더라고요.",03671790ac31,,980,프리미엄 엘보케어 팔꿈치 마사지기,149000,,기존리뷰,5,,0,0,1,"안녕하세요. 프리미엄 헬스테크 브랜드, 슬룸입니다.
시간 내어 소중한 후기를 작성해 주셔서 감사드립니다. :)

믿고 찾는 쇼핑몰이 되기 위해 더 좋은 상품과 서비스를 준비하겠습니다.
감사합니다. 💜"
116088,2026-06-15 00:00:00,,,"손 작업을 오래 하다 보면 팔꿈치가 항상 뻐근해요. 영업 끝나고 쓰면 온열이 부드럽게 이완시켜줘서 하루 피로가 풀리는 것 같아요. 에어백이 전완근을 눌러주는 게 단순 파스 붙이는 것보다 확실히 효과가 있고, EMS 자극까지 더해지면 팔 전체가 케어받는 느낌이에요. 이게 없으면 힘들 것 같아요.",d03bcc596d63,,980,프리미엄 엘보케어 팔꿈치 마사지기,149000,,기존리뷰,5,,0,0,1,"안녕하세요. 프리미엄 헬스테크 브랜드, 슬룸입니다.
진심 어린 소중한 후기 감사합니다. 💜

앞으로도 좋은 상품과 서비스로 고객님들을 찾아뵐 수 있도록 노력하겠습니다.
감사합니다. :)"
116089,2026-06-22 00:00:00,,,"키보드를 오래 두드리다 보면 팔꿈치가 묵직하게 뭉쳐요. 이거 집필 후에 쓰면 온열이 팔꿈치를 따뜻하게 감싸주면서 에어백이 전완근을 풀어줘요. 힐링 모드로 부드럽게 써도 효과가 느껴지고, 자기 전에 쓰면 잠들기 편해져요. 오래 앉아서 작업하는 분들한테 추천하고 싶어요.",6ebe679b9e6d,,980,프리미엄 엘보케어 팔꿈치 마사지기,149000,,기존리뷰,5,,0,0,1,"안녕하세요. 프리미엄 헬스테크 브랜드, 슬룸입니다.
진심 어린 소중한 후기 감사합니다. 💜

앞으로도 좋은 상품과 서비스로 고객님들을 찾아뵐 수 있도록 노력하겠습니다.
감사합니다. :)"
116090,2026-06-17 00:00:00,,,"육아와 재택 근무를 동시에 하다 보니 팔에 무리가 두 배로 와요. 아이 낮잠 시간에 틈틈이 쓰면서 팔꿈치 관리하는데, 짧은 시간에도 확실히 효과가 있는 것 같아요. 15분 타이머로 맞추면 딱 적당하고, 다 되면 자동으로 꺼지니까 깜빡해도 괜찮아요. 무선이라 어디서든 편하고, 네이비 색상도 인테리어에 잘 어울려요.",fe7889a64db1,,980,프리미엄 엘보케어 팔꿈치 마사지기,149000,,기존리뷰,4,,0,0,1,"안녕하세요. 프리미엄 헬스테크 브랜드, 슬룸입니다.
정성스럽게 올려주신 소중한 후기 감사합니다. 💜

고객님의 목소리로 더 발전하는 슬룸이 되도록 노력하겠습니다.
감사합니다. 🙇‍♀️"
116091,2026-06-16 00:00:00,,,"여러 동작을 많이 하다 보면 팔꿈치가 뭉쳐요. 이거 쓰면 활력 모드로 피로를 깨주는 느낌이 좋고, 힐링 모드로 바꾸면 부드럽게 이완돼요. 에어백이 전완근을 잡아주는 게 몸 관리에 제대로 신경 쓰는 느낌이 들어서 좋아요. 꾸준히 써서 몸 관리 잘 해야겠다는 동기 부여도 됩니다.",ef7c2651ecda,,980,프리미엄 엘보케어 팔꿈치 마사지기,149000,,기존리뷰,5,,0,0,1,"안녕하세요. 프리미엄 헬스테크 브랜드, 슬룸입니다.
진심 어린 소중한 후기 감사합니다. 💜

앞으로도 좋은 상품과 서비스로 고객님들을 찾아뵐 수 있도록 노력하겠습니다.
감사합니다. :)"
116092,2026-06-18 00:00:00,,,"둘 다 팔꿈치 통증으로 고민했는데 이거 쓰고 나서 많이 나아졌어요. 한 제품으로 두 명이 번갈아 쓸 수 있어서 가성비도 좋고, 에어백이랑 온열 조합이 서로 다 만족해요. 골프나 운동 즐기는 분들한테 강추예요.",bb93ffb9774c,,980,프리미엄 엘보케어 팔꿈치 마사지기,149000,,기존리뷰,5,,0,0,1,"안녕하세요. 프리미엄 헬스테크 브랜드, 슬룸입니다.
시간 내어 소중한 후기를 작성해 주셔서 감사드립니다. :)

믿고 찾는 쇼핑몰이 되기 위해 더 좋은 상품과 서비스를 준비하겠습니다.
감사합니다. 💜"
116093,2026-06-14 00:00:00,,,"무거운 카메라 들고 장시간 촬영하다 보면 팔꿈치가 뻐근해요. 이거 촬영 후에 쓰면 에어백이 전완근을 꾸준히 눌러주면서 피로가 빠지는 것 같아요. EMS 자극이 팔꿈치 주변을 자극해주는 게 근육을 운동시켜주는 느낌이에요. 온열까지 더해지면 회복이 빠른 것 같고, 외근 갈 때도 챙겨가는 아이템이 됐어요.",2d2af964aed3,,980,프리미엄 엘보케어 팔꿈치 마사지기,149000,,기존리뷰,5,,0,0,1,"안녕하세요. 프리미엄 헬스테크 브랜드, 슬룸입니다.
진심 어린 소중한 후기 감사합니다. 💜

앞으로도 좋은 상품과 서비스로 고객님들을 찾아뵐 수 있도록 노력하겠습니다.
감사합니다. :)"
116094,2026-06-18 00:00:00,,,"분류 작업이나 반복적인 손 작업 하다 보면 팔꿈치가 항상 무거워요. 이거 퇴근 후 쓰면 확실히 피로가 풀리는 것 같고, 에어백 마사지 압이 세서 뭉친 근육이 시원하게 풀려요. 강도를 낮게 시작해서 적응하면 높게 올려도 괜찮고, 처음 쓰는 분들은 1단계부터 시작하는 게 좋을 것 같아요. 가격 대비 효과가 좋아서 만족해요.",98b0f5696f18,,980,프리미엄 엘보케어 팔꿈치 마사지기,149000,,기존리뷰,5,,0,0,1,"안녕하세요. 프리미엄 헬스테크 브랜드, 슬룸입니다.
진심 어린 소중한 후기 감사합니다. 💜

앞으로도 좋은 상품과 서비스로 고객님들을 찾아뵐 수 있도록 노력하겠습니다.
감사합니다. :)"
116095,2026-06-20 00:00:00,,,고객 케어하면서 팔을 많이 쓰다 보면 팔꿈치가 피로해요. 영업 끝나고 쓰면 온열이 따뜻하게 이완시켜주고 EMS가 자극을 줘서 다음 날 팔 상태가 확실히 달라요. 에어백 마사지까지 더해지면 전문 케어를 받는 것 같은 느낌이에요.,f414a030cb58,,980,프리미엄 엘보케어 팔꿈치 마사지기,149000,,기존리뷰,5,,0,0,1,"안녕하세요. 프리미엄 헬스테크 브랜드, 슬룸입니다.
시간 내어 소중한 후기를 작성해 주셔서 감사드립니다. :)

믿고 찾는 쇼핑몰이 되기 위해 더 좋은 상품과 서비스를 준비하겠습니다.
감사합니다. 💜"
116096,2026-06-14 00:00:00,,,"악기 연주하면서 팔꿈치에 무리가 와요. 저녁에 쓰면 힐링 모드가 이름처럼 정말 힐링이 되는 느낌이에요. EMS가 팔꿈치 주변을 부드럽게 자극해주고, 온열이 더해지면서 깊은 이완이 되는 것 같아요. 에어백 마사지가 전완근까지 케어해줘서 팔 전체가 회복되는 느낌이에요. 연주 많이 하는 분들한테 추천드려요.",98710955c8ea,,980,프리미엄 엘보케어 팔꿈치 마사지기,149000,,기존리뷰,5,,0,0,1,"안녕하세요. 프리미엄 헬스테크 브랜드, 슬룸입니다.
정성스럽게 올려주신 소중한 후기 감사합니다. 💜

고객님의 목소리로 더 발전하는 슬룸이 되도록 노력하겠습니다.
감사합니다. 🙇‍♀️"
116097,2026-06-18 00:00:00,,,판서를 많이 하다 보니 팔꿈치가 뭉쳐요. 이거 끝나고 쓰면 온열이 팔꿈치를 따뜻하게 감싸줘서 피로가 풀리는 느낌이에요. EMS 자극이 처음엔 낯설었는데 이제는 그 느낌이 편안해요. 에어백 마사지가 전완근을 시원하게 눌러주는 게 가장 좋은 부분이에요. 판서 많이 하는 분들한테 강추해요.,b2e58fbb6cc7,,980,프리미엄 엘보케어 팔꿈치 마사지기,149000,,기존리뷰,4,,0,0,1,"안녕하세요. 프리미엄 헬스테크 브랜드, 슬룸입니다.
시간 내어 소중한 후기를 작성해 주셔서 감사드립니다. :)

믿고 찾는 쇼핑몰이 되기 위해 더 좋은 상품과 서비스를 준비하겠습니다.
감사합니다. 💜"
116098,2026-06-20 00:00:00,,,"장시간 이동하거나 서비스하면서 팔을 많이 써요. 귀가 후 집에서 이거 쓰면 쌓인 팔꿈치 피로가 같이 풀리는 것 같아요. 온열이 따뜻하게 이완시켜주는 게 제일 좋고, EMS가 더해지면서 자극도 있어서 시원한 느낌이에요. 에어백 마사지가 전완근을 케어해줘서 팔꿈치만 따로 관리할 때보다 훨씬 효과적이에요.",15306813f3c5,,980,프리미엄 엘보케어 팔꿈치 마사지기,149000,,기존리뷰,5,,0,0,1,"안녕하세요. 프리미엄 헬스테크 브랜드, 슬룸입니다.
정성스럽게 올려주신 소중한 후기 감사합니다. 💜

고객님의 목소리로 더 발전하는 슬룸이 되도록 노력하겠습니다.
감사합니다. 🙇‍♀️"
116099,2026-06-13 00:00:00,,,"수술이나 집중 작업 후에 팔꿈치가 항상 뻐근해요. 이거 전문의 자문으로 개발됐다는 게 믿음이 갔고, 실제로 써보니 EMS와 TENS 조합이 팔꿈치 케어에 잘 맞는 방식이에요. 에어백이 전완근까지 케어해주는 설계가 좋고, 온열이 더해지면 피로 회복에 도움이 되는 것 같아요.",4ed20e95382f,,980,프리미엄 엘보케어 팔꿈치 마사지기,149000,,기존리뷰,5,,0,0,1,"안녕하세요. 프리미엄 헬스테크 브랜드, 슬룸입니다.
시간 내어 소중한 후기를 작성해 주셔서 감사드립니다. :)

믿고 찾는 쇼핑몰이 되기 위해 더 좋은 상품과 서비스를 준비하겠습니다.
감사합니다. 💜"
116100,2026-06-16 00:00:00,,,"파트너와 함께하는 동작이 많다 보면 팔꿈치에 무리가 자주 가요. 이거 후에 쓰면 에어백이 전완근을 시원하게 풀어줘서 다음 활동 준비가 돼요. EMS 강도를 높이면 깊이 자극이 들어오는 느낌이고, 온열이 더해지면 뭉친 근육이 이완되는 게 느껴져요. 팔을 많이 쓰는 분들한테 꼭 알려주고 싶어요.",b1f00fd8928d,,980,프리미엄 엘보케어 팔꿈치 마사지기,149000,,기존리뷰,5,,0,0,1,"안녕하세요. 프리미엄 헬스테크 브랜드, 슬룸입니다.
정성스럽게 올려주신 소중한 후기 감사합니다. 💜

고객님의 목소리로 더 발전하는 슬룸이 되도록 노력하겠습니다.
감사합니다. 🙇‍♀️"
116101,2026-06-20 00:00:00,,,"고객을 케어하면서 팔꿈치를 많이 써요. 집에서 셀프 케어로 쓰는데, 에어백이 전완근을 눌러주는 방식이 전문적으로 잘 설계된 것 같아요. EMS와 TENS 조합이 팔꿈치 주변 근육과 신경을 함께 케어해주는 게 마음에 들어요. 온열까지 더해지면 집에서 혼자 전문 수준의 케어를 받는 것 같은 느낌이에요.",d2a2aa7aa56a,,980,프리미엄 엘보케어 팔꿈치 마사지기,149000,,기존리뷰,4,,0,0,1,"안녕하세요. 프리미엄 헬스테크 브랜드, 슬룸입니다.
정성스럽게 올려주신 소중한 후기 감사합니다. 💜

고객님의 목소리로 더 발전하는 슬룸이 되도록 노력하겠습니다.
감사합니다. 🙇‍♀️"
116102,2026-06-14 00:00:00,,,"아이들 돌보면서 팔을 많이 써요. 퇴근 후 쓰면 온열이 따뜻하게 팔꿈치를 감싸줘서 하루 피로가 빠지는 느낌이에요. 에어백이 전완근을 꾸준히 눌러주는 게 마사지샵 가지 않아도 될 것 같은 느낌이고, EMS 자극까지 더해지면 더 개운해요. 팔꿈치 관리 꼭 챙기라고 추천하고 싶어요.",daf089ed1379,,980,프리미엄 엘보케어 팔꿈치 마사지기,149000,,기존리뷰,5,,0,0,1,"안녕하세요. 프리미엄 헬스테크 브랜드, 슬룸입니다.
시간 내어 소중한 후기를 작성해 주셔서 감사드립니다. :)

믿고 찾는 쇼핑몰이 되기 위해 더 좋은 상품과 서비스를 준비하겠습니다.
감사합니다. 💜"
116103,2026-06-20 00:00:00,,,"연주하면서 팔꿈치 부담이 상당해요. 연주 후에 힐링 모드로 부드럽게 쓰면 긴장된 근육이 이완되는 것 같아요. 온열이 따뜻하게 스며들면서 에어백이 전완근을 풀어주는 조합이 잘 맞는 것 같아요. EMS 자극도 약하게 쓰면 충분히 편안하고, 다음 날 팔 상태가 확실히 다르더라고요.",a9c0027383a3,,980,프리미엄 엘보케어 팔꿈치 마사지기,149000,,기존리뷰,5,,0,0,1,"안녕하세요. 프리미엄 헬스테크 브랜드, 슬룸입니다.
진심 어린 소중한 후기 감사합니다. 💜

앞으로도 좋은 상품과 서비스로 고객님들을 찾아뵐 수 있도록 노력하겠습니다.
감사합니다. :)"
116104,2026-06-21 00:00:00,,,"반복 작업 하다 보면 팔꿈치가 항상 굳어있어요. 이거 쓰면서 팔꿈치 관리 시작했는데, 퇴근 후 쓰면 온열이 굳었던 부분을 따뜻하게 풀어줘요. 에어백이 전완근을 눌러주는 느낌이 처음엔 낯설었는데, 금방 익숙해지고 시원한 것 알게 됐어요. EMS 자극까지 더해지면 종합 케어가 되는 느낌이에요.",e5c85da5a89e,,980,프리미엄 엘보케어 팔꿈치 마사지기,149000,,기존리뷰,4,,0,0,1,"안녕하세요. 프리미엄 헬스테크 브랜드, 슬룸입니다.
정성스럽게 올려주신 소중한 후기 감사합니다. 💜

고객님의 목소리로 더 발전하는 슬룸이 되도록 노력하겠습니다.
감사합니다. 🙇‍♀️"
116105,2026-06-22 00:00:00,,,"팔꿈치 통증으로 고생하는 사람이 주변에 많은데, 이거 쓰고 나서 좋아졌다는 이야기를 많이 들었어요. EMS가 팔꿈치 바깥쪽을 집중 자극해주고, 에어백이 전완근까지 잡아줘서 테니스 엘보 관리에 잘 맞는 것 같아요. 온열까지 더해지면 종합 케어가 되는 제품이에요.",b8b74bc1c7c0,,980,프리미엄 엘보케어 팔꿈치 마사지기,149000,,기존리뷰,5,,0,0,1,"안녕하세요. 프리미엄 헬스테크 브랜드, 슬룸입니다.
시간 내어 소중한 후기를 작성해 주셔서 감사드립니다. :)

믿고 찾는 쇼핑몰이 되기 위해 더 좋은 상품과 서비스를 준비하겠습니다.
감사합니다. 💜"
116206,2026-06-22 08:43:43,2026-06-19 05:50:20,2026-06-20 13:38:45,얼마전 디스크 진단 받고 바로 구매해서 써봤는데 효과가 있는거 같아요.계속 써보겠습니다,,,909,목 마사지 베개 V2 경추 마사지기 베개,112000,수량선택: 코어 밸런스 업 세트 (허리편한케어 V2 + 목 마사지 베개 V2),기존리뷰,5,,1,0,1,"안녕하세요. 프리미엄 헬스테크 브랜드, 슬룸입니다.
시간 내어 소중한 후기를 작성해 주셔서 감사드립니다. :)

믿고 찾는 쇼핑몰이 되기 위해 더 좋은 상품과 서비스를 준비하겠습니다.
감사합니다. 💜"
116207,2026-06-22 10:47:22,2026-06-18 17:33:05,2026-06-20 13:38:52,좋아요 좋아요 만족합니다,,,966,골반 케어 프리미엄 골반 마사지기,191000,수량선택: 골반 마사지기 1개,기존리뷰,5,,0,0,1,"안녕하세요. 프리미엄 헬스테크 브랜드, 슬룸입니다.
시간 내어 소중한 후기를 작성해 주셔서 감사드립니다. :)

믿고 찾는 쇼핑몰이 되기 위해 더 좋은 상품과 서비스를 준비하겠습니다.
감사합니다. 💜"
116208,2026-06-22 12:59:25,2026-06-18 12:40:30,2026-06-19 16:11:52,한번 써 봤는데 효과 있는듯 합니다,,,995,[깜짝 타임특가] 목편한케어 목 마사지기,65000,수량선택: 목편한케어 1개 (목편한케어 커버 1개 증정),기존리뷰,4,,0,0,1,"안녕하세요. 프리미엄 헬스테크 브랜드, 슬룸입니다.
정성스럽게 올려주신 소중한 후기 감사합니다. 💜

고객님의 목소리로 더 발전하는 슬룸이 되도록 노력하겠습니다.
감사합니다. 🙇‍♀️"
116209,2026-06-22 15:44:59,2026-06-17 17:02:15,2026-06-19 16:12:08,사용하기 편해요 팔아파서 샀는데 괜찮은거 같아요,,,980,프리미엄 엘보케어 팔꿈치 마사지기,149000,수량선택: 데일리 릴렉스 세트 (팔꿈치 마사지기 + 마그네슘 시너지 크림),기존리뷰,5,,0,0,1,"안녕하세요. 프리미엄 헬스테크 브랜드, 슬룸입니다.
시간 내어 소중한 후기를 작성해 주셔서 감사드립니다. :)

믿고 찾는 쇼핑몰이 되기 위해 더 좋은 상품과 서비스를 준비하겠습니다.
감사합니다. 💜"
116210,2026-06-22 18:51:26,2026-05-28 16:46:25,2026-05-30 13:39:24,배송빠르고 괜찮네요...,,,980,프리미엄 엘보케어 팔꿈치 마사지기,149000,수량선택: 팔꿈치 마사지기 1개,기존리뷰,3,,0,0,1,"안녕하세요. 프리미엄 헬스테크 브랜드, 슬룸입니다.
정성스럽게 올려주신 소중한 후기 감사합니다. 💜

고객님의 목소리로 더 발전하는 슬룸이 되도록 노력하겠습니다.
감사합니다. 🙇‍♀️"
116211,2026-06-22 21:39:29,2026-06-09 06:42:40,2026-06-10 16:10:10,족저근막염 6개월차인데 나아지고있는듯해요,,,757,★최대할인 비밀링크★ 발편한케어 프리미엄 발 마사지기,89000,"사이즈선택: L (250 - 295mm), 수량선택: 발편한케어 1개",기존리뷰,4,,1,0,1,"안녕하세요. 프리미엄 헬스테크 브랜드, 슬룸입니다.
시간 내어 소중한 후기를 작성해 주셔서 감사드립니다. :)

믿고 찾는 쇼핑몰이 되기 위해 더 좋은 상품과 서비스를 준비하겠습니다.
감사합니다. 💜"
116212,2026-06-22 22:30:28,2026-05-16 21:34:05,2026-05-19 10:53:00,가족들 모두 사용하고 있고 만족해서 일 다녀오면 무조건 사용하고 자면 뒷날이 편하답니다 완전 효자템!,,,291,목베개 플러스 경추 목 마사지기 베개,91000,수량선택: 목베개 플러스 1개,기존리뷰,5,,0,0,1,"안녕하세요. 프리미엄 헬스테크 브랜드, 슬룸입니다.
진심 어린 소중한 후기 감사합니다. 💜

앞으로도 좋은 상품과 서비스로 고객님들을 찾아뵐 수 있도록 노력하겠습니다.
감사합니다. :)"
116213,2026-06-22 22:58:48,2026-05-06 11:20:05,2026-05-07 15:59:00,땀이나는철이라 그런지 모르겠지만 바닥이 붙어서 깔창바닥이 떨어질면 어떡하죠?처음보다 쭈글거리는데요,,,645,발편한케어 프리미엄 발 마사지기,91000,"버전&세트선택: V1, 사이즈&세트선택: M (220-270mm), 수량선택: 발편한케어 V1 1개 (마그네슘 시너지 크림 30ml 1개 증정)",기존리뷰,3,,0,0,1,"안녕하세요. 프리미엄 헬스테크 브랜드, 슬룸입니다.
고객님께 만족스러운 경험을 드리지 못해 대단히 죄송합니다. 😥

리뷰로는 상세한 안내가 어려워, 자세한 내용 알림톡(문자) 발송 도와드렸으니 확인 부탁드리겠습니다.
추가로 궁금하신 점이 있으시거나 문자 확인하신 후에도 해결되지 않는 경우
번거로우시겠지만 슬룸 채팅 상담을 통해 연락 주시면 빠르게 안내 도와드리겠습니다.

▶ 슬룸 채팅 상담 (※ 월-목 09:30-17:00, 금 09:30-16:00, 주말 및 공휴일 휴무)
http://sloom.channel.io/

고객님의 목소리로 더 발전하는 슬룸이 되도록 노력하겠습니다. 감사합니다."
116214,2026-06-23 09:00:17,2026-06-17 12:08:10,2026-06-18 16:10:57,생각한거보다 좋아요. 단지 팔끈길이가 짧아 팔에 안채워짐 수선을 해서 사용해야하나 반품을 해야하나 고민중. 이문제를 계선하시길,fcfd7de7068b,,980,프리미엄 엘보케어 팔꿈치 마사지기,149000,수량선택: 팔꿈치 마사지기 1개,모바일(팝업),2,,0,0,1,"안녕하세요. 프리미엄 헬스테크 브랜드, 슬룸입니다.
정성스럽게 올려주신 소중한 후기 감사합니다. 💜

고객님의 목소리로 더 발전하는 슬룸이 되도록 노력하겠습니다.
감사합니다. 🙇‍♀️"
116215,2026-06-23 20:04:45,2026-06-22 00:16:35,2026-06-23 18:41:52,좋아서 2개째 구매했어요,26c263da15f1,,291,목베개 플러스 경추 목 마사지기 베개,91000,수량선택: 목베개 플러스 1개,모바일(상품리뷰),5,,1,0,1,"안녕하세요. 프리미엄 헬스테크 브랜드, 슬룸입니다.
정성스럽게 올려주신 소중한 후기 감사합니다. 💜

고객님의 목소리로 더 발전하는 슬룸이 되도록 노력하겠습니다.
감사합니다. 🙇‍♀️"
116216,2026-06-23 06:43:52,2026-06-14 18:10:40,2026-06-16 18:52:40,좋아요 좋아요 좋아요,,,376,허리편한케어 V1 전용 케이블,5000,,기존리뷰,5,,1,0,1,"안녕하세요. 프리미엄 헬스테크 브랜드, 슬룸입니다.
정성스럽게 올려주신 소중한 후기 감사합니다. 💜

고객님의 목소리로 더 발전하는 슬룸이 되도록 노력하겠습니다.
감사합니다. 🙇‍♀️"
116217,2026-06-23 09:56:13,2026-04-20 23:40:40,2026-04-22 15:12:00,리뷰에 사람들이 하다 잠들었다해서 진동이 오는데 어떻게 자 과장 아닌가 했는데 제가 마사지 도중 잠들어버리고 침까지 흘리며 꿀잠을 잤어요~ 뜨끈한 온열로 풀어주고 마사지 해줘서 그런가 시원하고 요즘 두통도 줄어들고 어깨도 덜아픈거같아요,,,291,목베개 플러스 경추 목 마사지기 베개,91000,"버전&세트선택: V1, 수량선택: 목베개 플러스 1개 (마그네슘 시너지 크림 30ml 1개 증정)",기존리뷰,5,,0,0,1,"안녕하세요. 프리미엄 헬스테크 브랜드, 슬룸입니다.
진심 어린 소중한 후기 감사합니다. 💜

앞으로도 좋은 상품과 서비스로 고객님들을 찾아뵐 수 있도록 노력하겠습니다.
감사합니다. :)"
116218,2026-06-23 10:50:08,2026-06-18 12:52:40,2026-06-19 16:11:48,"큰기대없이 구입했는데, 써보니 물건이네요.
정형외과가는 것보다 좋은거 같아요..
엘보때문에 구입했는데, 써보니 저한테는 딱 맞네요.",,,980,프리미엄 엘보케어 팔꿈치 마사지기,149000,수량선택: 데일리 릴렉스 세트 (팔꿈치 마사지기 + 마그네슘 시너지 크림),기존리뷰,5,,0,0,1,"안녕하세요. 프리미엄 헬스테크 브랜드, 슬룸입니다.
시간 내어 소중한 후기를 작성해 주셔서 감사드립니다. :)

믿고 찾는 쇼핑몰이 되기 위해 더 좋은 상품과 서비스를 준비하겠습니다.
감사합니다. 💜"
116219,2026-06-23 11:30:32,2026-06-22 13:48:20,2026-06-23 10:44:08,발이 아파서 구매했어요 시원하니 좋아요,,,1001,[슬룸] 구독자 전용 ★초특가★ 비밀링크,84900,수량선택: 발편한케어 L 1개,기존리뷰,4,,1,0,1,"안녕하세요. 프리미엄 헬스테크 브랜드, 슬룸입니다.
정성스럽게 올려주신 소중한 후기 감사합니다. 💜

고객님의 목소리로 더 발전하는 슬룸이 되도록 노력하겠습니다.
감사합니다. 🙇‍♀️"
116220,2026-06-23 11:31:33,2026-06-22 13:48:20,2026-06-23 10:44:30,잠깐 했는데 목이 좀 풀린 거 같아요 괜찮아요,,,1001,[슬룸] 구독자 전용 ★초특가★ 비밀링크,84900,수량선택: 목 마사지 베개 V2 2개,기존리뷰,4,,1,0,1,"안녕하세요. 프리미엄 헬스테크 브랜드, 슬룸입니다.
정성스럽게 올려주신 소중한 후기 감사합니다. 💜

고객님의 목소리로 더 발전하는 슬룸이 되도록 노력하겠습니다.
감사합니다. 🙇‍♀️"
116221,2026-06-23 11:43:28,2026-06-07 21:00:15,2026-06-09 23:06:19,좋아요~!좋아요~!좋아요~!좋아요~!좋아요~!좋아요~!,,,966,골반 케어 프리미엄 골반 마사지기,191000,수량선택: 골반 마사지기 1개,기존리뷰,5,,0,0,1,"안녕하세요. 프리미엄 헬스테크 브랜드, 슬룸입니다.
정성스럽게 올려주신 소중한 후기 감사합니다. 💜

고객님의 목소리로 더 발전하는 슬룸이 되도록 노력하겠습니다.
감사합니다. 🙇‍♀️"
116222,2026-06-23 13:25:32,2026-06-13 11:19:05,2026-06-16 13:44:57,배송 빠르고 좋아요,,,909,목 마사지 베개 V2 경추 마사지기 베개,112000,수량선택: 목 마사지 베개 V2 1개 (허리베개 1개 증정),기존리뷰,5,,0,0,1,"안녕하세요. 프리미엄 헬스테크 브랜드, 슬룸입니다.
진심 어린 소중한 후기 감사합니다. 💜

앞으로도 좋은 상품과 서비스로 고객님들을 찾아뵐 수 있도록 노력하겠습니다.
감사합니다. :)"
116223,2026-06-23 14:34:26,2026-06-21 00:07:40,2026-06-23 10:44:56,골반이 덜아픈거 같긴합니다!,,,966,골반 케어 프리미엄 골반 마사지기,191000,수량선택: 골반 마사지기 1개,기존리뷰,5,,1,0,1,"안녕하세요. 프리미엄 헬스테크 브랜드, 슬룸입니다.
진심 어린 소중한 후기 감사합니다. 💜

앞으로도 좋은 상품과 서비스로 고객님들을 찾아뵐 수 있도록 노력하겠습니다.
감사합니다. :)"
116224,2026-06-23 14:40:48,2026-03-24 23:03:45,2026-03-26 12:45:00,너무 아프지 않게 마사지를 꽤 오랫동안 해 줘서 좋습니다. 그런데 내구성이 떨어지는지 충전을 해 둬도 현재 작동이 되지 않습니다.,,,291,목베개 플러스 경추 목 마사지기 베개,91000,수량선택: 목베개 플러스 1개,기존리뷰,3,,0,0,1,"안녕하세요. 프리미엄 헬스테크 브랜드, 슬룸입니다.
고객님께 만족스러운 경험을 드리지 못해 대단히 죄송합니다. 😥

리뷰로는 상세한 안내가 어려워, 자세한 내용 알림톡(문자) 발송 도와드렸으니 확인 부탁드리겠습니다.
추가로 궁금하신 점이 있으시거나 문자 확인하신 후에도 해결되지 않는 경우
번거로우시겠지만 슬룸 채팅 상담을 통해 연락 주시면 빠르게 안내 도와드리겠습니다.

▶ 슬룸 채팅 상담 (※ 월-목 09:30-17:00, 금 09:30-16:00, 주말 및 공휴일 휴무)
http://sloom.channel.io/

고객님의 목소리로 더 발전하는 슬룸이 되도록 노력하겠습니다. 감사합니다."
116225,2026-06-23 15:26:10,2026-06-18 13:33:35,2026-06-19 16:09:52,이것을 사용후 목이 가벼워졍ㆍ,,,909,목 마사지 베개 V2 경추 마사지기 베개,112000,수량선택: 목 마사지 베개 V2 1개,기존리뷰,5,,0,0,1,"안녕하세요. 프리미엄 헬스테크 브랜드, 슬룸입니다.
진심 어린 소중한 후기 감사합니다. 💜

앞으로도 좋은 상품과 서비스로 고객님들을 찾아뵐 수 있도록 노력하겠습니다.
감사합니다. :)"
116226,2026-06-23 15:53:24,2026-06-03 18:29:55,2026-06-05 16:20:43,시원해서좋아서써욯ㅎㅎ,,,966,골반 케어 프리미엄 골반 마사지기,191000,수량선택: 골반 마사지기 1개,기존리뷰,5,,0,0,1,"안녕하세요. 프리미엄 헬스테크 브랜드, 슬룸입니다.
시간 내어 소중한 후기를 작성해 주셔서 감사드립니다. :)

믿고 찾는 쇼핑몰이 되기 위해 더 좋은 상품과 서비스를 준비하겠습니다.
감사합니다. 💜"
116227,2026-06-23 16:07:54,2026-05-18 17:20:40,,하나도 시원하지 않음,,,909,목 마사지 베개 V2 경추 마사지기 베개,112000,수량선택: 목 마사지 베개 V2 1개,기존리뷰,1,,0,0,1,"안녕하세요 고객님, 프리미엄 헬스테크 브랜드, 슬룸입니다.
고객님께 만족스러운 경험을 드리지 못해 대단히 죄송합니다.😥

슬룸의 모든 제품은 인체공학적으로 설계되어 편안한 사용이 가능하나 초기 사용 시 1~2주 이상의 적응 기간이 필요할 수 있습니다. 
다만 수령하신 날짜 기준으로 30일 동안 꾸준히 사용해보시고도 만족하지 못하셨을 경우에는, 슬룸에서 진행하는 <100%환불이벤트> 에 참여하여 왕복배송비 제외 전액 환불이 가능합니다.

※ 제품을 30일간 꾸준히 사용한 경우, 배송완료 후 40일이내 신청이 가능
※ 환불 서비스는 첫 구매 체험을 위한 서비스로 1회만 신청 가능

▶ <100% 환불 이벤트> 상세 환불 조건 : https://sleeplab.co.kr/notice/?page=1#13709226_notice 

슬룸을 믿고 편하게 사용 및 체험해보시고, 그럼에도 만족하시지 못하셨을 경우 슬룸 공식몰의 채널톡을 통해 이벤트 기간 내 문의 주시면 환불 접수 도움드리겠습니다."
116228,2026-06-23 17:22:10,2026-06-20 14:17:20,2026-06-23 16:15:32,후기가 좋아 구매했어요 써보고 또 남길께여,,,909,목 마사지 베개 V2 경추 마사지기 베개,112000,수량선택: 목 마사지 베개 V2 2개,기존리뷰,5,,1,0,1,"안녕하세요. 프리미엄 헬스테크 브랜드, 슬룸입니다.
시간 내어 소중한 후기를 작성해 주셔서 감사드립니다. :)

믿고 찾는 쇼핑몰이 되기 위해 더 좋은 상품과 서비스를 준비하겠습니다.
감사합니다. 💜"
116229,2026-06-23 18:28:27,2026-06-20 16:52:40,2026-06-23 16:48:00,역시~ 추천할만합니다. 시원합니다.,,,1001,[슬룸] 구독자 전용 ★초특가★ 비밀링크,84900,수량선택: ★SET★ 발편한케어 L 1개 + 목 마사지 베개 V2 1개 + 마그네슘 시너지 크림 100원 + (증정)중형 파우치,기존리뷰,5,,0,0,1,"안녕하세요. 프리미엄 헬스테크 브랜드, 슬룸입니다.
시간 내어 소중한 후기를 작성해 주셔서 감사드립니다. :)

믿고 찾는 쇼핑몰이 되기 위해 더 좋은 상품과 서비스를 준비하겠습니다.
감사합니다. 💜"
116230,2026-06-23 18:49:44,2026-06-07 00:14:25,2026-06-09 16:22:04,잘 때마다 목이 불편해서 구매했는데 정말 만족합니다. 온열 기능이 있어서 더욱 잠을 쉽게 잘 수 있어요.,,,909,목 마사지 베개 V2 경추 마사지기 베개,112000,수량선택: 목 마사지 베개 V2 1개 (허리베개 1개 증정),기존리뷰,5,,0,0,1,"안녕하세요. 프리미엄 헬스테크 브랜드, 슬룸입니다.
시간 내어 소중한 후기를 작성해 주셔서 감사드립니다. :)

믿고 찾는 쇼핑몰이 되기 위해 더 좋은 상품과 서비스를 준비하겠습니다.
감사합니다. 💜"
116231,2026-06-23 19:13:53,2026-06-19 15:46:10,2026-06-23 13:44:23,사용전인데 김마통 보고 구매요. 마통햄 믿어 봅니다  ㅋㅋ,,,1000,[김마통x슬룸] ★구독자 한정 역대급 할인 판매★,59900,수량선택: 목편한케어 플라잉 1개,기존리뷰,5,,0,0,1,"안녕하세요. 프리미엄 헬스테크 브랜드, 슬룸입니다.
진심 어린 소중한 후기 감사합니다. 💜

앞으로도 좋은 상품과 서비스로 고객님들을 찾아뵐 수 있도록 노력하겠습니다.
감사합니다. :)"
116232,2026-06-23 19:39:24,2026-06-20 15:31:30,2026-06-23 16:14:50,핸드폰 진동느낌이고 그나마 에어들어갈때 쪼금시원합니다 제가 너무 기대했네요.. 아쉽네요.,,,1001,[슬룸] 구독자 전용 ★초특가★ 비밀링크,84900,수량선택: 목 마사지 베개 V2 1개,기존리뷰,3,,1,0,1,"안녕하세요 고객님, 프리미엄 헬스테크 브랜드, 슬룸입니다.
고객님께 만족스러운 경험을 드리지 못해 대단히 죄송합니다.😥

슬룸의 모든 제품은 인체공학적으로 설계되어 편안한 사용이 가능하나 초기 사용 시 1~2주 이상의 적응 기간이 필요할 수 있습니다. 
다만 수령하신 날짜 기준으로 30일 동안 꾸준히 사용해보시고도 만족하지 못하셨을 경우에는, 슬룸에서 진행하는 <100%환불이벤트> 에 참여하여 왕복배송비 제외 전액 환불이 가능합니다.

※ 제품을 30일간 꾸준히 사용한 경우, 배송완료 후 40일이내 신청이 가능
※ 환불 서비스는 첫 구매 체험을 위한 서비스로 1회만 신청 가능

▶ <100% 환불 이벤트> 상세 환불 조건 : https://sleeplab.co.kr/notice/?page=1#13709226_notice 

슬룸을 믿고 편하게 사용 및 체험해보시고, 그럼에도 만족하시지 못하셨을 경우 슬룸 공식몰의 채널톡을 통해 이벤트 기간 내 문의 주시면 환불 접수 도움드리겠습니다."
116233,2026-06-23 19:44:00,2026-06-19 16:22:00,2026-06-23 16:23:50,꼭사세요 제가원하는 3종이 여기다있어요 목아파서 샀는데 진짜 강추예요 첫날이라 잘때 사용은 안해봤지만 잘때 온열만 키고자도 좋을거같아요,,,909,목 마사지 베개 V2 경추 마사지기 베개,112000,수량선택: 목 마사지 베개 V2 1개,기존리뷰,5,,0,0,1,"안녕하세요. 프리미엄 헬스테크 브랜드, 슬룸입니다.
시간 내어 소중한 후기를 작성해 주셔서 감사드립니다. :)

믿고 찾는 쇼핑몰이 되기 위해 더 좋은 상품과 서비스를 준비하겠습니다.
감사합니다. 💜"
116234,2026-06-23 20:34:19,2026-06-22 12:21:55,2026-06-23 18:38:34,배송이 빠르네요.아직 사용전이지만 잘사용해볼께요,,,1001,[슬룸] 구독자 전용 ★초특가★ 비밀링크,84900,수량선택: ★SET★ 발편한케어 L 1개 + 목 마사지 베개 V2 1개 + 마그네슘 시너지 크림 100원 + (증정)중형 파우치,기존리뷰,5,,1,0,1,"안녕하세요. 프리미엄 헬스테크 브랜드, 슬룸입니다.
시간 내어 소중한 후기를 작성해 주셔서 감사드립니다. :)

믿고 찾는 쇼핑몰이 되기 위해 더 좋은 상품과 서비스를 준비하겠습니다.
감사합니다. 💜"
116235,2026-06-23 20:53:14,2026-06-20 15:21:25,2026-06-23 16:16:09,병원에서 물리치료받는느낌이에요 아직 오래써보진않앗는데 병원에서 치료받는느낌이라 좋아요,,,1001,[슬룸] 구독자 전용 ★초특가★ 비밀링크,84900,수량선택: 발편한케어 L 1개,기존리뷰,5,,1,0,1,"안녕하세요. 프리미엄 헬스테크 브랜드, 슬룸입니다.
진심 어린 소중한 후기 감사합니다. 💜

앞으로도 좋은 상품과 서비스로 고객님들을 찾아뵐 수 있도록 노력하겠습니다.
감사합니다. :)"
116236,2026-06-23 21:10:16,2026-06-19 15:41:50,,생각보다 별로이고 시원하다는 느낌이 없네요,,,909,목 마사지 베개 V2 경추 마사지기 베개,112000,수량선택: 목 마사지 베개 V2 1개,기존리뷰,1,,1,0,1,"안녕하세요 고객님, 프리미엄 헬스테크 브랜드, 슬룸입니다.
고객님께 만족스러운 경험을 드리지 못해 대단히 죄송합니다.😥

슬룸의 모든 제품은 인체공학적으로 설계되어 편안한 사용이 가능하나 초기 사용 시 1~2주 이상의 적응 기간이 필요할 수 있습니다. 
다만 수령하신 날짜 기준으로 30일 동안 꾸준히 사용해보시고도 만족하지 못하셨을 경우에는, 슬룸에서 진행하는 <100%환불이벤트> 에 참여하여 왕복배송비 제외 전액 환불이 가능합니다.

※ 제품을 30일간 꾸준히 사용한 경우, 배송완료 후 40일이내 신청이 가능
※ 환불 서비스는 첫 구매 체험을 위한 서비스로 1회만 신청 가능

▶ <100% 환불 이벤트> 상세 환불 조건 : https://sleeplab.co.kr/notice/?page=1#13709226_notice 

슬룸을 믿고 편하게 사용 및 체험해보시고, 그럼에도 만족하시지 못하셨을 경우 슬룸 공식몰의 채널톡을 통해 이벤트 기간 내 문의 주시면 환불 접수 도움드리겠습니다."
116237,2026-06-23 21:25:17,2026-06-20 21:43:35,2026-06-23 21:08:19,확실히 1버전보다 좋네요 삑삑 소리나는거빼고,,,909,목 마사지 베개 V2 경추 마사지기 베개,112000,수량선택: 목 마사지 베개 V2 1개,기존리뷰,5,,1,0,1,"안녕하세요. 프리미엄 헬스테크 브랜드, 슬룸입니다.
진심 어린 소중한 후기 감사합니다. 💜

앞으로도 좋은 상품과 서비스로 고객님들을 찾아뵐 수 있도록 노력하겠습니다.
감사합니다. :)"
116238,2026-06-23 22:03:28,2026-06-21 23:15:30,2026-06-23 18:43:25,가볍고 맛사지도 잘되요,,,1001,[슬룸] 구독자 전용 ★초특가★ 비밀링크,84900,수량선택: 목 마사지 베개 V2 2개,기존리뷰,5,,2,0,1,"안녕하세요. 프리미엄 헬스테크 브랜드, 슬룸입니다.
시간 내어 소중한 후기를 작성해 주셔서 감사드립니다. :)

믿고 찾는 쇼핑몰이 되기 위해 더 좋은 상품과 서비스를 준비하겠습니다.
감사합니다. 💜"
116239,2026-06-23 22:16:27,2026-06-21 15:04:05,2026-06-23 16:17:50,"남편은 목안마, 난 발지압용으로 구매했는데 생각보다시원하고 좋아요",,,1001,[슬룸] 구독자 전용 ★초특가★ 비밀링크,84900,수량선택: ★SET★ 발편한케어 L 1개 + 목 마사지 베개 V2 1개 + 마그네슘 시너지 크림 100원 + (증정)중형 파우치,기존리뷰,5,,1,0,1,"안녕하세요. 프리미엄 헬스테크 브랜드, 슬룸입니다.
시간 내어 소중한 후기를 작성해 주셔서 감사드립니다. :)

믿고 찾는 쇼핑몰이 되기 위해 더 좋은 상품과 서비스를 준비하겠습니다.
감사합니다. 💜"
116240,2026-06-23 22:24:57,2026-06-20 15:28:45,2026-06-23 13:40:53,좋아요 잘쓸기요 ㅎㅎㅎ,,,1001,[슬룸] 구독자 전용 ★초특가★ 비밀링크,84900,수량선택: ★SET★ 발편한케어 L 1개 + 목 마사지 베개 V2 1개 + 마그네슘 시너지 크림 100원 + (증정)중형 파우치,기존리뷰,5,,1,0,1,"안녕하세요. 프리미엄 헬스테크 브랜드, 슬룸입니다.
진심 어린 소중한 후기 감사합니다. 💜

앞으로도 좋은 상품과 서비스로 고객님들을 찾아뵐 수 있도록 노력하겠습니다.
감사합니다. :)"
116241,2026-06-23 22:47:35,2026-06-20 16:20:30,2026-06-23 18:40:01,"누워있으면 소음만 심하고 
목에 압도 안느껴지고 제가 여러제품 사용해봤지만 최악입니다.",,,1001,[슬룸] 구독자 전용 ★초특가★ 비밀링크,84900,수량선택: ★SET★ 발편한케어 L 1개 + 목 마사지 베개 V2 1개 + 마그네슘 시너지 크림 100원 + (증정)중형 파우치,기존리뷰,1,,0,0,1,"안녕하세요 고객님, 프리미엄 헬스테크 브랜드, 슬룸입니다.
고객님께 만족스러운 경험을 드리지 못해 대단히 죄송합니다.😥

슬룸의 모든 제품은 인체공학적으로 설계되어 편안한 사용이 가능하나 초기 사용 시 1~2주 이상의 적응 기간이 필요할 수 있습니다. 
다만 수령하신 날짜 기준으로 30일 동안 꾸준히 사용해보시고도 만족하지 못하셨을 경우에는, 슬룸에서 진행하는 <100%환불이벤트> 에 참여하여 왕복배송비 제외 전액 환불이 가능합니다.

※ 제품을 30일간 꾸준히 사용한 경우, 배송완료 후 40일이내 신청이 가능
※ 환불 서비스는 첫 구매 체험을 위한 서비스로 1회만 신청 가능

▶ <100% 환불 이벤트> 상세 환불 조건 : https://sleeplab.co.kr/notice/?page=1#13709226_notice 

슬룸을 믿고 편하게 사용 및 체험해보시고, 그럼에도 만족하시지 못하셨을 경우 슬룸 공식몰의 채널톡을 통해 이벤트 기간 내 문의 주시면 환불 접수 도움드리겠습니다."
116242,2026-06-24 08:21:41,2026-06-20 14:59:27,2026-06-23 21:12:22,"제품을 받자 마자 제품을 테스트 해 봤습니다
목마사지와는 달리 따뜻하게 하고 부드럽게 목을 감싸주니 잠이 스르르 왔습니다 허나 추가 하고 싶은것은 리모콘이 있으면 좋을것 같습니다 버튼이 베게에 있어서 누어서는 보이지 않아 아것 저것을 누르게 됩니다",d0aa4ddd2d6c,,1001,[슬룸] 구독자 전용 ★초특가★ 비밀링크,84900,수량선택: 목 마사지 베개 V2 1개,모바일,5,,4,0,1,"안녕하세요. 프리미엄 헬스테크 브랜드, 슬룸입니다.
시간 내어 소중한 후기를 작성해 주셔서 감사드립니다. :)

믿고 찾는 쇼핑몰이 되기 위해 더 좋은 상품과 서비스를 준비하겠습니다.
감사합니다. 💜"
116243,2026-06-24 08:35:18,2026-06-20 15:42:39,2026-06-23 21:12:25,일단 퀼리티 고급지고 마감처리 깔끔하고 마사지기능은 흔한 목마사지 주물러주는거는 아니고 경추C커브 유지시켜주는데 도움되고 온열기능이 있어서 따뜻한게 좋네요. 일단 평소 낮은 배개를 선호하는 사람으로서 바닥 누워보니 편안하고 높이도 적당하고 침대에 누웠을때는 아주 약간 높은듯 합니다. 제가 배개에 워낙 예민한 편입니다,6e11166a1489,,1001,[슬룸] 구독자 전용 ★초특가★ 비밀링크,84900,수량선택: 목 마사지 베개 V2 1개,모바일,5,,1,0,1,"안녕하세요. 프리미엄 헬스테크 브랜드, 슬룸입니다.
정성스럽게 올려주신 소중한 후기 감사합니다. 💜

고객님의 목소리로 더 발전하는 슬룸이 되도록 노력하겠습니다.
감사합니다. 🙇‍♀️"
116244,2026-06-24 08:40:38,2026-06-22 01:17:37,2026-06-23 16:23:41,완전완전 좋아요 ~~ 골반이 시원해요~~ 매일 사용할거 같아요~,108fc5af93bc,,966,골반 케어 프리미엄 골반 마사지기,191000,수량선택: 바디 밸런스 케어 세트 (골반 마사지기 + 허리베개) + 마그네슘 시너지 크림 1개 증정,모바일,5,,1,0,1,"안녕하세요. 프리미엄 헬스테크 브랜드, 슬룸입니다.
정성스럽게 올려주신 소중한 후기 감사합니다. 💜

고객님의 목소리로 더 발전하는 슬룸이 되도록 노력하겠습니다.
감사합니다. 🙇‍♀️"
116245,2026-06-24 08:53:55,2026-06-20 20:26:40,2026-06-23 13:45:26,하루 쓰고 자고 일어났더니 어깨뭉칭이 하나도 없고 너무 개운합니다!,8635b58a2be5,,1001,[슬룸] 구독자 전용 ★초특가★ 비밀링크,84900,수량선택: 목 마사지 베개 V2 1개,PC(팝업),5,,0,0,1,"안녕하세요. 프리미엄 헬스테크 브랜드, 슬룸입니다.
진심 어린 소중한 후기 감사합니다. 💜

앞으로도 좋은 상품과 서비스로 고객님들을 찾아뵐 수 있도록 노력하겠습니다.
감사합니다. :)"
116246,2026-06-24 09:48:16,2026-06-20 20:05:50,2026-06-23 13:41:36,"이거이거 완전 위험한 물건이네요
목마사지하면서 분명 와이프랑 둘이
목마사지하고 있었는데
눈떠보니 아침이네 아놔;;;
ㅋㅋㅋㅋ 잘 사용하겠습니다

궁금한게있는데
하나는 정상인거같은데
하나 더온거 둘다 충전줌
비교해보니 불 들어오는곳이
약간 속이 비취는게 이상 없는거죠
사진 첨부하겠습니다",7b2bd07177d5,,1001,[슬룸] 구독자 전용 ★초특가★ 비밀링크,84900,수량선택: 목 마사지 베개 V2 2개,모바일,5,,3,0,1,"안녕하세요. 프리미엄 헬스테크 브랜드, 슬룸입니다.
고객님께 만족스러운 경험을 드리지 못해 대단히 죄송합니다. 😥

리뷰로는 상세한 안내가 어려워, 자세한 내용 알림톡(문자) 발송 도와드렸으니 확인 부탁드리겠습니다.
추가로 궁금하신 점이 있으시거나 문자 확인하신 후에도 해결되지 않는 경우
번거로우시겠지만 슬룸 채팅 상담을 통해 연락 주시면 빠르게 안내 도와드리겠습니다.

▶ 슬룸 채팅 상담 (※ 월-목 09:30-17:00, 금 09:30-16:00, 주말 및 공휴일 휴무)
http://sloom.channel.io/

고객님의 목소리로 더 발전하는 슬룸이 되도록 노력하겠습니다. 감사합니다."
116247,2026-06-24 15:25:29,2026-06-19 19:07:28,2026-06-23 13:44:19,"제품의 크기도 여유있고, 시원하고 편안하게 깊은 수면을 취할 수 있었습니다.",222d0cfb1c2f,,1002,[썸머 스페셜 특가] 살얼음 냉감 패드,59000,수량선택: [썸머 스페셜 특가 67% 할인] 살얼음 냉감 패드 (Q) 1개,반응형(내리뷰),5,,0,0,1,"안녕하세요. 프리미엄 헬스테크 브랜드, 슬룸입니다.
정성스럽게 올려주신 소중한 후기 감사합니다. 💜

고객님의 목소리로 더 발전하는 슬룸이 되도록 노력하겠습니다.
감사합니다. 🙇‍♀️"
116248,2026-06-11 00:00:00,,,레깅스 핏 때문에 고민이었는데 이제 달라졌어요. 허벅지 바깥쪽 셀룰라이트를 M3 컷팅모드로 꾸준히 밀어줬더니 피부가 매끄러워지는 느낌이에요. 레깅스 입고 운동 가는 게 예전보다 훨씬 덜 신경 쓰여요. 꾸준히 하는 게 진짜 중요하다는 걸 이 기기 쓰면서 실감했어요.,58db7f2e7feb,,1003,바디풀고컷 경락 마사지기,99000,,기존리뷰,5,,0,0,1,"안녕하세요. 프리미엄 헬스테크 브랜드, 슬룸입니다.
진심 어린 소중한 후기 감사합니다. 💜

앞으로도 좋은 상품과 서비스로 고객님들을 찾아뵐 수 있도록 노력하겠습니다.
감사합니다. :)"
116249,2026-06-10 00:00:00,,,"크롭티 입으면 뱃살이 신경 쓰여서 항상 핏 큰 옷만 입었는데, M2 탄력모드로 복부 케어 시작하면서 달라졌어요. 살이 빠졌다기보다 탄탄해지는 느낌인데, 그게 결국 옷 핏을 다르게 만들더라고요. 이번 여름엔 크롭티 꺼냈어요. 작은 변화가 자신감을 바꿔요.",478228bc69e7,,1003,바디풀고컷 경락 마사지기,99000,,기존리뷰,5,,0,0,1,"안녕하세요. 프리미엄 헬스테크 브랜드, 슬룸입니다.
진심 어린 소중한 후기 감사합니다. 💜

앞으로도 좋은 상품과 서비스로 고객님들을 찾아뵐 수 있도록 노력하겠습니다.
감사합니다. :)"
116250,2026-06-08 00:00:00,,,"처음엔 귀찮아서 며칠에 한 번 썼는데, 효과 체감되니까 매일 쓰게 됐어요. 루틴으로 자리 잡는 데 2주 정도 걸린 것 같아요. 효과가 느껴지면 자연스럽게 찾게 되는 것 같아요. 지금은 안 쓰면 허전할 정도로 일상에 완전히 녹아들었어요.",a4641093754f,,1003,바디풀고컷 경락 마사지기,99000,,기존리뷰,5,,0,0,1,"안녕하세요. 프리미엄 헬스테크 브랜드, 슬룸입니다.
시간 내어 소중한 후기를 작성해 주셔서 감사드립니다. :)

믿고 찾는 쇼핑몰이 되기 위해 더 좋은 상품과 서비스를 준비하겠습니다.
감사합니다. 💜"
116251,2026-06-23 00:00:00,,,"에스테틱 패키지 안 끊고 이거 구매한 게 진짜 잘한 선택이에요. 복부 탄력 개선 임상 결과 보고 믿고 시작했는데, M2로 매일 뱃살 관리하면서 옷 핏이 달라지는 게 느껴졌어요. 살이 빠진다기보다 탄탄해지는 느낌인데, 그게 결국 라인이 달라 보이게 해요. 에스테틱 패키지 돈으로 이거 샀더니 오히려 더 자주 관리하게 됐어요.",41b6ca0bd020,,1003,바디풀고컷 경락 마사지기,99000,,기존리뷰,4,,0,0,1,"안녕하세요. 프리미엄 헬스테크 브랜드, 슬룸입니다.
시간 내어 소중한 후기를 작성해 주셔서 감사드립니다. :)

믿고 찾는 쇼핑몰이 되기 위해 더 좋은 상품과 서비스를 준비하겠습니다.
감사합니다. 💜"
116252,2026-06-19 00:00:00,,,"하루 종일 서있는 직업인데 저녁 되면 종아리가 터질 것 같아요. M1 붓기모드로 퇴근 후 15분 케어하는 게 루틴이 됐는데, 다음 날 아침에 발이 가벼운 게 확실히 달라요. 이 차이를 한 번 경험하고 나서 퇴근 후 케어를 빠뜨릴 수가 없어졌어요.",5c19885b857a,,1003,바디풀고컷 경락 마사지기,99000,,기존리뷰,5,,0,0,1,"안녕하세요. 프리미엄 헬스테크 브랜드, 슬룸입니다.
진심 어린 소중한 후기 감사합니다. 💜

앞으로도 좋은 상품과 서비스로 고객님들을 찾아뵐 수 있도록 노력하겠습니다.
감사합니다. :)"
116253,2026-06-08 00:00:00,,,팔뚝 케어 목적으로 샀는데 이제 종아리도 허벅지도 다 이걸로 해요. 올인원으로 전신 케어가 된다는 게 이렇게 편할 수가 없어요. 여러 기기 살 필요 없이 이거 하나로 여름 전 전신 라인 관리가 다 돼요. 공간도 절약되고 비용도 절약되고요.,28b32f240382,,1003,바디풀고컷 경락 마사지기,99000,,기존리뷰,5,,0,0,1,"안녕하세요. 프리미엄 헬스테크 브랜드, 슬룸입니다.
시간 내어 소중한 후기를 작성해 주셔서 감사드립니다. :)

믿고 찾는 쇼핑몰이 되기 위해 더 좋은 상품과 서비스를 준비하겠습니다.
감사합니다. 💜"
116254,2026-06-13 00:00:00,,,"기계가 손맛을 낼 수 있을까 반신반의하면서 샀어요. 처음 써보고 나서 생각이 완전히 바뀌었는데, EMS 강도 높여서 승모근에 갖다 대면 뭉친 게 진짜로 풀리는 느낌이 오거든요. 샵에서 원장님이 강하게 눌러줄 때 그 시원함이랑 비슷한 게 나와요. 솔직히 반품 생각했는데 첫날 쓰고 바로 접었어요.",b0b399ffca4a,,1003,바디풀고컷 경락 마사지기,99000,,기존리뷰,5,,0,0,1,"안녕하세요. 프리미엄 헬스테크 브랜드, 슬룸입니다.
정성스럽게 올려주신 소중한 후기 감사합니다. 💜

고객님의 목소리로 더 발전하는 슬룸이 되도록 노력하겠습니다.
감사합니다. 🙇‍♀️"
116255,2026-06-08 00:00:00,,,"야근이 많아서 저녁 붓기가 만성이었는데, 이거 쓰고 나서 다음 날 아침이 달라요. 근적외선이랑 M1 같이 켜면 따뜻하게 풀어주는 느낌이 나서 자기 전 케어로 딱이에요. 야근 끝나고 지쳐서 돌아와도 이거 하나만큼은 꼭 켜요.",4a2662f0428f,,1003,바디풀고컷 경락 마사지기,99000,,기존리뷰,4,,0,0,1,"안녕하세요. 프리미엄 헬스테크 브랜드, 슬룸입니다.
진심 어린 소중한 후기 감사합니다. 💜

앞으로도 좋은 상품과 서비스로 고객님들을 찾아뵐 수 있도록 노력하겠습니다.
감사합니다. :)"
116256,2026-06-16 00:00:00,,,팔뚝이랑 겨드랑이 경계 부분이 민소매 입으면 항상 신경 쓰였어요. M2로 꼼꼼하게 밀어줬더니 그 라인이 달라지는 게 느껴졌어요. 크롭티 입고 팔 들어올렸을 때 그 부분이 예전이랑 다르게 정리되어 보이더라고요. 에스테틱 가서 그 부위만 집중 케어받던 게 이제 집에서 돼요.,6c45d9ecbe1f,,1003,바디풀고컷 경락 마사지기,99000,,기존리뷰,5,,0,0,1,"안녕하세요. 프리미엄 헬스테크 브랜드, 슬룸입니다.
시간 내어 소중한 후기를 작성해 주셔서 감사드립니다. :)

믿고 찾는 쇼핑몰이 되기 위해 더 좋은 상품과 서비스를 준비하겠습니다.
감사합니다. 💜"
116257,2026-06-08 00:00:00,,,"발 부종이 심해서 저녁에 신발 신기가 힘들 때가 있었는데, 아래에서 위로 밀어주는 방향으로 종아리 케어하고 나서 많이 나아졌어요. 방향이 중요하다는 걸 써보면서 알았어요. 제대로 된 방향으로 케어하면 효과가 확실히 달라요.",b0b80fe4d94a,,1003,바디풀고컷 경락 마사지기,99000,,기존리뷰,5,,0,0,1,"안녕하세요. 프리미엄 헬스테크 브랜드, 슬룸입니다.
시간 내어 소중한 후기를 작성해 주셔서 감사드립니다. :)

믿고 찾는 쇼핑몰이 되기 위해 더 좋은 상품과 서비스를 준비하겠습니다.
감사합니다. 💜"
116258,2026-06-09 00:00:00,,,"종일 앉아있다가 퇴근하면 허리도 아프고 다리도 부어요. 허리 쪽은 승모근 M1으로, 다리는 종아리 M3로 나눠서 케어하는 게 효과적이에요. 두 부위 다 케어하고 나면 몸이 리셋되는 느낌이 나요.",427c37289935,,1003,바디풀고컷 경락 마사지기,99000,,기존리뷰,4,,0,0,1,"안녕하세요. 프리미엄 헬스테크 브랜드, 슬룸입니다.
진심 어린 소중한 후기 감사합니다. 💜

앞으로도 좋은 상품과 서비스로 고객님들을 찾아뵐 수 있도록 노력하겠습니다.
감사합니다. :)"
116259,2026-06-10 00:00:00,,,에스테틱 원장님이 직접 보시더니 전문 기기랑 원리가 비슷하다고 하셨어요. 집에서 관리용으로 이만한 게 없다고 하시면서 사용 방향까지 알려주셔서 그대로 따라 하고 있어요. 전문가가 인정한 기기라는 게 더 믿음이 가더라고요. 리모컨으로 강도 조절하면서 눕거나 앉아서도 쓸 수 있어서 편하기도 하고요.,544ec64ea972,,1003,바디풀고컷 경락 마사지기,99000,,기존리뷰,5,,0,0,1,"안녕하세요. 프리미엄 헬스테크 브랜드, 슬룸입니다.
진심 어린 소중한 후기 감사합니다. 💜

앞으로도 좋은 상품과 서비스로 고객님들을 찾아뵐 수 있도록 노력하겠습니다.
감사합니다. :)"
116260,2026-06-20 00:00:00,,,"팔뚝 탄력 임상이 있다는 게 신뢰가 갔어요. 임상시험 결과 있는 기기랑 없는 기기랑 다르게 보이더라고요. 실제로 써보니까 팔뚝이 탄탄해지는 게 체감되고, 민소매 입을 때 그 자신감이 달라졌어요. 임상 결과가 실제 사용 경험과 일치하는 게 만족스러워요.",84d08c0406cf,,1003,바디풀고컷 경락 마사지기,99000,,기존리뷰,5,,0,0,1,"안녕하세요. 프리미엄 헬스테크 브랜드, 슬룸입니다.
정성스럽게 올려주신 소중한 후기 감사합니다. 💜

고객님의 목소리로 더 발전하는 슬룸이 되도록 노력하겠습니다.
감사합니다. 🙇‍♀️"
116261,2026-06-09 00:00:00,,,배꼽 주변을 동그랗게 원을 그리며 밀어주는 게 제일 시원해요. 장 활동이 되는 느낌도 나고 복부 탄력 케어도 되는 게 일석이조예요. 복부 케어 방법을 이것저것 시도해봤는데 이 방법이 제일 효과적인 것 같아요. 크롭티 입을 때 자신감이 달라요.,30fc2bf247de,,1003,바디풀고컷 경락 마사지기,99000,,기존리뷰,5,,0,0,1,"안녕하세요. 프리미엄 헬스테크 브랜드, 슬룸입니다.
진심 어린 소중한 후기 감사합니다. 💜

앞으로도 좋은 상품과 서비스로 고객님들을 찾아뵐 수 있도록 노력하겠습니다.
감사합니다. :)"
116262,2026-06-23 00:00:00,,,"퇴근 후 다리가 무거워서 계단 오르기도 힘들었는데, 꾸준히 케어하고 나서 다음 날 아침이 가벼워진 게 느껴져요. 직장인한테 진짜 필요한 기기인 것 같아서 팀 동료한테도 추천했더니 같이 쓰고 있어요.",a61e45ca47c3,,1003,바디풀고컷 경락 마사지기,99000,,기존리뷰,4,,0,0,1,"안녕하세요. 프리미엄 헬스테크 브랜드, 슬룸입니다.
정성스럽게 올려주신 소중한 후기 감사합니다. 💜

고객님의 목소리로 더 발전하는 슬룸이 되도록 노력하겠습니다.
감사합니다. 🙇‍♀️"
116263,2026-06-19 00:00:00,,,"수영복 입을 생각에 복부 집중 케어 시작했어요. 두 달 넘게 M1이랑 M3 번갈아 쓰고 있는데, 배가 단단해진 느낌이 확실히 나요. 살이 빠진다기보다 탄력이 생기는 거라 수영복 핏이 달라 보이는 것 같아요. 올해 물놀이 가는 게 작년보다 덜 부담스러워요.",83db0cb30d14,,1003,바디풀고컷 경락 마사지기,99000,,기존리뷰,5,,0,0,1,"안녕하세요. 프리미엄 헬스테크 브랜드, 슬룸입니다.
시간 내어 소중한 후기를 작성해 주셔서 감사드립니다. :)

믿고 찾는 쇼핑몰이 되기 위해 더 좋은 상품과 서비스를 준비하겠습니다.
감사합니다. 💜"
116264,2026-06-12 00:00:00,,,"복부 탄력 개선 임상시험 결과를 보고 구매했어요. 복근이 없어도 EMS로 속근육 자극이 들어오면 달라진다는 게 실제로 체감이 됐어요. 뱃살이 줄었다기보다 단단해진 느낌인데, 그게 크롭티 핏을 다르게 만들더라고요. 임상 결과가 그냥 마케팅 문구가 아니라는 걸 직접 느꼈어요.",a35b8d0ab02a,,1003,바디풀고컷 경락 마사지기,99000,,기존리뷰,5,,0,0,1,"안녕하세요. 프리미엄 헬스테크 브랜드, 슬룸입니다.
시간 내어 소중한 후기를 작성해 주셔서 감사드립니다. :)

믿고 찾는 쇼핑몰이 되기 위해 더 좋은 상품과 서비스를 준비하겠습니다.
감사합니다. 💜"
116265,2026-06-23 00:00:00,,,"샵 패키지 만료되고 어쩔 수 없이 구매했는데, 오히려 더 잘됐어요. 한 달에 두 번 샵 가는 것보다 집에서 매일 하는 게 누적 효과가 더 좋은 것 같아요. 패키지 돈 아낀 것도 좋고, 매일 케어하는 루틴이 생긴 것도 좋아요.",ed2ae85c4d54,,1003,바디풀고컷 경락 마사지기,99000,,기존리뷰,5,,0,0,1,"안녕하세요. 프리미엄 헬스테크 브랜드, 슬룸입니다.
시간 내어 소중한 후기를 작성해 주셔서 감사드립니다. :)

믿고 찾는 쇼핑몰이 되기 위해 더 좋은 상품과 서비스를 준비하겠습니다.
감사합니다. 💜"
116266,2026-06-13 00:00:00,,,매일 퇴근 후 케어하면 다음 날 부기가 확연히 덜해요. 직장 동료한테 추천했더니 같이 구매해서 서로 오늘 케어했냐고 물어보는 사이가 됐어요. 이렇게 루틴이 자리 잡히는 게 재밌어요.,babfca6a7e78,,1003,바디풀고컷 경락 마사지기,99000,,기존리뷰,4,,0,0,1,"안녕하세요. 프리미엄 헬스테크 브랜드, 슬룸입니다.
진심 어린 소중한 후기 감사합니다. 💜

앞으로도 좋은 상품과 서비스로 고객님들을 찾아뵐 수 있도록 노력하겠습니다.
감사합니다. :)"
116267,2026-06-24 00:00:00,,,"강도를 한 번에 많이 올리지 말고 천천히 올리는 게 좋아요. 처음에 3단계에서 시작해서 일주일에 하나씩 올렸는데, 그러면서 몸이 적응하니까 높은 단계도 편안하게 느껴졌어요. 지금은 12단계까지 쓰는데 처음이랑 비교하면 강도가 엄청 세졌는데도 오히려 편해요. 적응 기간이 중요해요.",864754c0bb9a,,1003,바디풀고컷 경락 마사지기,99000,,기존리뷰,5,,0,0,1,"안녕하세요. 프리미엄 헬스테크 브랜드, 슬룸입니다.
진심 어린 소중한 후기 감사합니다. 💜

앞으로도 좋은 상품과 서비스로 고객님들을 찾아뵐 수 있도록 노력하겠습니다.
감사합니다. :)"
116268,2026-06-15 00:00:00,,,"몸 상태에 따라 자극이 다르게 느껴지거든요. 피곤한 날엔 낮은 강도도 충분하고, 컨디션 좋은 날엔 높은 강도로 강하게 쓰는 게 맞더라고요. 15단계 세분화가 이럴 때 진짜 유용해요. 내 몸 상태를 기기가 맞춰주는 느낌이랄까요.",562087184c29,,1003,바디풀고컷 경락 마사지기,99000,,기존리뷰,5,,0,0,1,"안녕하세요. 프리미엄 헬스테크 브랜드, 슬룸입니다.
시간 내어 소중한 후기를 작성해 주셔서 감사드립니다. :)

믿고 찾는 쇼핑몰이 되기 위해 더 좋은 상품과 서비스를 준비하겠습니다.
감사합니다. 💜"
116269,2026-06-15 00:00:00,,,"강도가 진짜 들어오는지 반신반의했는데, 높이면 바로 알 수 있어요. 1단계는 살짝 찌릿한 수준이고, 8단계 이상 되면 근육이 움찔움찔 실제로 반응해요. 맨살에 젤 충분히 바르고 써야 한다는 거, 처음엔 귀찮아서 조금만 발랐다가 자극이 약하게 느껴진 적 있어요. 젤이 핵심이에요.",65d61a75b709,,1003,바디풀고컷 경락 마사지기,99000,,기존리뷰,4,,0,0,1,"안녕하세요. 프리미엄 헬스테크 브랜드, 슬룸입니다.
진심 어린 소중한 후기 감사합니다. 💜

앞으로도 좋은 상품과 서비스로 고객님들을 찾아뵐 수 있도록 노력하겠습니다.
감사합니다. :)"
116270,2026-06-15 00:00:00,,,"M2 탄력모드로 중강도 쓸 때 두드림 자극이 독특해요. 위에서 내려치는 게 아니라 피부 속으로 파고드는 느낌인데, EMS랑 고주파 시너지가 이런 거구나 싶었어요. 처음엔 낯선 자극이었는데 지금은 이 느낌이 좋아서 M2 모드를 제일 자주 써요.",e0bba716f2de,,1003,바디풀고컷 경락 마사지기,99000,,기존리뷰,5,,0,0,1,"안녕하세요. 프리미엄 헬스테크 브랜드, 슬룸입니다.
정성스럽게 올려주신 소중한 후기 감사합니다. 💜

고객님의 목소리로 더 발전하는 슬룸이 되도록 노력하겠습니다.
감사합니다. 🙇‍♀️"
116271,2026-06-17 00:00:00,,,사용 방법이 직관적이고 설명서도 잘 되어 있어서 처음 쓰는 사람도 어렵지 않아요. 어떤 모드가 어디에 맞는지 자주 쓰다 보니 안 보고도 외워졌어요. 진입 장벽이 낮아서 루틴으로 정착하기 쉬운 기기예요.,896f1b359b20,,1003,바디풀고컷 경락 마사지기,99000,,기존리뷰,5,,0,0,1,"안녕하세요. 프리미엄 헬스테크 브랜드, 슬룸입니다.
정성스럽게 올려주신 소중한 후기 감사합니다. 💜

고객님의 목소리로 더 발전하는 슬룸이 되도록 노력하겠습니다.
감사합니다. 🙇‍♀️"
116272,2026-06-14 00:00:00,,,"허벅지까지 붓는 날도 있어서 고민이었는데, 종아리에서 허벅지까지 이어서 케어하면 훨씬 가벼워져요. 하나의 기기로 다 되니까 번거롭지 않고, 올인원 케어가 된다는 게 진짜 편해요.",c32cd3cb8ee9,,1003,바디풀고컷 경락 마사지기,99000,,기존리뷰,5,,0,0,1,"안녕하세요. 프리미엄 헬스테크 브랜드, 슬룸입니다.
정성스럽게 올려주신 소중한 후기 감사합니다. 💜

고객님의 목소리로 더 발전하는 슬룸이 되도록 노력하겠습니다.
감사합니다. 🙇‍♀️"
116273,2026-06-18 00:00:00,,,"허벅지 안팎 케어를 구분해서 해요. 바깥쪽 셀룰라이트는 M3, 안쪽 군살은 M2로 집중 케어하는 루틴인데, 이게 각 부위에 더 효과적인 것 같아요. 레깅스 핏이 달라지는 게 직접적인 동기부여가 되고, 그 동기부여가 꾸준히 쓰게 만들어요.",92098cdb1c30,,1003,바디풀고컷 경락 마사지기,99000,,기존리뷰,4,,0,0,1,"안녕하세요. 프리미엄 헬스테크 브랜드, 슬룸입니다.
정성스럽게 올려주신 소중한 후기 감사합니다. 💜

고객님의 목소리로 더 발전하는 슬룸이 되도록 노력하겠습니다.
감사합니다. 🙇‍♀️"
116274,2026-06-11 00:00:00,,,"혈액 순환이 안 좋아서 발이 차고 잘 붓는 편인데, 이거 쓰면서 발이 따뜻해지는 게 느껴지고 붓기도 달라졌어요. 근적외선 효과가 순환에 도움이 되는 것 같고, 발이 따뜻해지는 느낌이 자기 전에 편안해요.",fbc11d77e8ec,,1003,바디풀고컷 경락 마사지기,99000,,기존리뷰,5,,0,0,1,"안녕하세요. 프리미엄 헬스테크 브랜드, 슬룸입니다.
진심 어린 소중한 후기 감사합니다. 💜

앞으로도 좋은 상품과 서비스로 고객님들을 찾아뵐 수 있도록 노력하겠습니다.
감사합니다. :)"
116275,2026-06-23 00:00:00,,,배에 대고 높은 강도로 해봤더니 복근이 수축하는 게 느껴지더라고요. 운동 안 해도 이 자극이 들어오면 뭔가 되고 있다는 확신이 생겼어요. 단순한 마사지 기기라고 생각했다가 이 체감 이후로 EMS 기능을 제대로 활용하기 시작했어요. 복부 케어할 때 특히 효과가 실감나요.,e75941228201,,1003,바디풀고컷 경락 마사지기,99000,,기존리뷰,5,,0,0,1,"안녕하세요. 프리미엄 헬스테크 브랜드, 슬룸입니다.
정성스럽게 올려주신 소중한 후기 감사합니다. 💜

고객님의 목소리로 더 발전하는 슬룸이 되도록 노력하겠습니다.
감사합니다. 🙇‍♀️"
116276,2026-06-22 00:00:00,,,"홈케어 기기 많이 써봤는데 이게 제일 정착이 잘 됐어요. 무선이라 어디서든 쓸 수 있고, 리모컨으로 강도 조절하면서 눕거나 앉아서도 쓸 수 있어서 귀찮음이 없어요. 귀찮음이 없다는 게 꾸준히 하게 만드는 가장 큰 이유인 것 같아요.",8ee9e3647ef7,,1003,바디풀고컷 경락 마사지기,99000,,기존리뷰,5,,0,0,1,"안녕하세요. 프리미엄 헬스테크 브랜드, 슬룸입니다.
정성스럽게 올려주신 소중한 후기 감사합니다. 💜

고객님의 목소리로 더 발전하는 슬룸이 되도록 노력하겠습니다.
감사합니다. 🙇‍♀️"
116277,2026-06-14 00:00:00,,,"운동 후 허벅지에 쓰면 수축된 근육에 추가 자극을 주는 느낌이에요. 운동 회복도 빠른 것 같고, 운동 효율도 높아지는 것 같아요. 강도는 운동 직후엔 낮게, 평상시엔 높게 쓰는 게 제일 좋은 것 같아요. 헬스 다니는 분들한테 운동 마무리 케어로 강력 추천해요.",3c9fb6ef076a,,1003,바디풀고컷 경락 마사지기,99000,,기존리뷰,4,,0,0,1,"안녕하세요. 프리미엄 헬스테크 브랜드, 슬룸입니다.
시간 내어 소중한 후기를 작성해 주셔서 감사드립니다. :)

믿고 찾는 쇼핑몰이 되기 위해 더 좋은 상품과 서비스를 준비하겠습니다.
감사합니다. 💜"
116278,2026-06-11 00:00:00,,,"승모근이 만성으로 올라가 있어서 어깨가 늘 무거웠는데, M1으로 목에서 어깨 라인 따라 쭉 밀어주니까 내려가는 느낌이 실제로 나더라고요. 임상에서 승모근 각도 개선 결과가 있다는 거, 직접 써보니까 이해가 돼요. 샵에서 경락 받고 나올 때 그 홀가분한 느낌이 집에서도 나오는 게 신기했어요. 이제 원장님 대신 이 기기가 제 어깨 담당이에요.",165cb5a71703,,1003,바디풀고컷 경락 마사지기,99000,,기존리뷰,5,,0,0,1,"안녕하세요. 프리미엄 헬스테크 브랜드, 슬룸입니다.
정성스럽게 올려주신 소중한 후기 감사합니다. 💜

고객님의 목소리로 더 발전하는 슬룸이 되도록 노력하겠습니다.
감사합니다. 🙇‍♀️"
116279,2026-06-08 00:00:00,,,"핫팬츠 입을 때 허벅지 뒤쪽 셀룰라이트가 항상 신경 쓰였는데, M3 컷팅모드로 집중 케어한 게 효과가 있는 것 같아요. 피부 결이 매끄러워지는 느낌이 확실히 오고, 이번 여름엔 핫팬츠 꺼내는 게 덜 망설여져요. 피부 결 개선이 이렇게 자신감을 바꿀 수 있다는 게 새로웠어요.",be720390d4e4,,1003,바디풀고컷 경락 마사지기,99000,,기존리뷰,5,,0,0,1,"안녕하세요. 프리미엄 헬스테크 브랜드, 슬룸입니다.
진심 어린 소중한 후기 감사합니다. 💜

앞으로도 좋은 상품과 서비스로 고객님들을 찾아뵐 수 있도록 노력하겠습니다.
감사합니다. :)"
116280,2026-06-24 00:00:00,,,"팔뚝부터 종아리까지 전신을 하나로 케어할 수 있어요. 예전엔 부위별로 다른 기기 썼는데, 이거 하나로 통일하고 나서 오히려 더 자주 케어하게 됐어요. 한 기기로 다 된다는 게 생각보다 훨씬 편해요.",fbf1975c9f42,,1003,바디풀고컷 경락 마사지기,99000,,기존리뷰,4,,0,0,1,"안녕하세요. 프리미엄 헬스테크 브랜드, 슬룸입니다.
정성스럽게 올려주신 소중한 후기 감사합니다. 💜

고객님의 목소리로 더 발전하는 슬룸이 되도록 노력하겠습니다.
감사합니다. 🙇‍♀️"
116281,2026-06-23 00:00:00,,,"팔 들어올렸을 때 겨드랑이 경계 부분이 정리된 느낌이에요. 민소매 입으면 그 부분이 늘 신경 쓰였는데, 집중 케어로 달라지는 걸 경험하니까 케어에 더 적극적이 됐어요. 구체적인 부위를 타겟으로 케어할 수 있다는 게 정말 좋아요.",5fd7ce3ebe8f,,1003,바디풀고컷 경락 마사지기,99000,,기존리뷰,5,,0,0,1,"안녕하세요. 프리미엄 헬스테크 브랜드, 슬룸입니다.
정성스럽게 올려주신 소중한 후기 감사합니다. 💜

고객님의 목소리로 더 발전하는 슬룸이 되도록 노력하겠습니다.
감사합니다. 🙇‍♀️"
116282,2026-06-22 00:00:00,,,"저녁에 신발 벗으면 발목 자국이 오래 남을 만큼 부었었는데, 퇴근 후 20분 투자해서 케어하고 나서 달라졌어요. 발목 자국이 금방 사라지고, 부기 빠지는 시간이 확연히 줄었어요. 이 20분 투자가 이렇게 차이를 만드는지 몰랐어요.",6f58f0d6cd1b,,1003,바디풀고컷 경락 마사지기,99000,,기존리뷰,5,,0,0,1,"안녕하세요. 프리미엄 헬스테크 브랜드, 슬룸입니다.
정성스럽게 올려주신 소중한 후기 감사합니다. 💜

고객님의 목소리로 더 발전하는 슬룸이 되도록 노력하겠습니다.
감사합니다. 🙇‍♀️"
116283,2026-06-15 00:00:00,,,"레깅스 여름 핏 때문에 구매했는데 기대 이상이에요. 허벅지 안쪽을 M3로 아래에서 위로 쭉쭉 밀어올리는 방식으로 매일 5분씩 했는데, 탄력이 생기는 게 느껴지고 허벅지 라인이 달라 보여요. 작은 습관이 이렇게 달라지게 한다는 게 신기하고 뿌듯해요.",213616234083,,1003,바디풀고컷 경락 마사지기,99000,,기존리뷰,5,,0,0,1,"안녕하세요. 프리미엄 헬스테크 브랜드, 슬룸입니다.
정성스럽게 올려주신 소중한 후기 감사합니다. 💜

고객님의 목소리로 더 발전하는 슬룸이 되도록 노력하겠습니다.
감사합니다. 🙇‍♀️"
116284,2026-06-22 00:00:00,,,"젤 없이 썼다가 자극이 안 온다고 실망했었는데, 젤 바르고 나서 완전히 달랐어요. 젤이 전도체 역할을 하는 거라서 충분히 바르는 게 핵심이에요. 이걸 알고 나서부터 매번 만족스러운 케어가 됐고, 환불 생각이 사라졌어요.",a9b32c3dc31b,,1003,바디풀고컷 경락 마사지기,99000,,기존리뷰,4,,0,0,1,"안녕하세요. 프리미엄 헬스테크 브랜드, 슬룸입니다.
진심 어린 소중한 후기 감사합니다. 💜

앞으로도 좋은 상품과 서비스로 고객님들을 찾아뵐 수 있도록 노력하겠습니다.
감사합니다. :)"
116285,2026-06-10 00:00:00,,,복부 케어할 때 근적외선 켜고 하면 따뜻하게 이완된 상태에서 EMS 자극이 들어와요. 이 조합이 단순히 EMS만 쓰는 것보다 훨씬 효과적인 것 같아요. 열이 근육을 풀어주면서 자극이 더 깊이 들어오는 느낌이에요. 복부 케어할 때는 꼭 근적외선 같이 켜요.,d832a7848e44,,1003,바디풀고컷 경락 마사지기,99000,,기존리뷰,5,,0,0,1,"안녕하세요. 프리미엄 헬스테크 브랜드, 슬룸입니다.
정성스럽게 올려주신 소중한 후기 감사합니다. 💜

고객님의 목소리로 더 발전하는 슬룸이 되도록 노력하겠습니다.
감사합니다. 🙇‍♀️"
116286,2026-06-10 00:00:00,,,"아이 육아 중이라 샵 예약하고 나가기가 너무 힘들어요. 이거 생기고 나서 아이 재운 다음에 조용히 혼자 케어하는 게 루틴이 됐어요. 짧은 시간이라도 나만의 케어 시간이 생긴 것 자체가 큰 위안이 되고, 몸도 달라지는 게 느껴져요. 육아맘한테 정말 필요한 기기예요.",6a5c3fab2199,,1003,바디풀고컷 경락 마사지기,99000,,기존리뷰,5,,0,0,1,"안녕하세요. 프리미엄 헬스테크 브랜드, 슬룸입니다.
진심 어린 소중한 후기 감사합니다. 💜

앞으로도 좋은 상품과 서비스로 고객님들을 찾아뵐 수 있도록 노력하겠습니다.
감사합니다. :)"
116287,2026-06-24 00:00:00,,,허벅지 셀룰라이트 때문에 에스테틱을 오래 다녔는데 비용이 부담이었어요. M3 컷팅모드로 허벅지 집중 케어 시작하면서 매주 샵 가는 걸 끊었어요. 처음엔 쌔한 자극이 오는데 그게 쌓이면서 달라지는 게 느껴져요. 셀룰라이트 감소 임상 결과가 있다는 게 그냥 문구가 아니더라고요.,b6b034dff2e4,,1003,바디풀고컷 경락 마사지기,99000,,기존리뷰,5,,0,0,1,"안녕하세요. 프리미엄 헬스테크 브랜드, 슬룸입니다.
진심 어린 소중한 후기 감사합니다. 💜

앞으로도 좋은 상품과 서비스로 고객님들을 찾아뵐 수 있도록 노력하겠습니다.
감사합니다. :)"
116288,2026-06-15 00:00:00,,,"팔뚝에 EMS 자극이 들어올 때 팔 근육이 미세하게 수축하는 게 느껴져요. 이게 속근육 운동이 되는 거구나 싶어서 팔뚝 케어가 원래 목적이었는데, 이 자극 체감이 좋아서 더 열심히 쓰게 됐어요. 쓸 때마다 근육이 반응하는 게 느껴지니까 효과에 대한 확신이 생겨요.",99d6b1f4836b,,1003,바디풀고컷 경락 마사지기,99000,,기존리뷰,4,,0,0,1,"안녕하세요. 프리미엄 헬스테크 브랜드, 슬룸입니다.
정성스럽게 올려주신 소중한 후기 감사합니다. 💜

고객님의 목소리로 더 발전하는 슬룸이 되도록 노력하겠습니다.
감사합니다. 🙇‍♀️"
116289,2026-06-23 00:00:00,,,"종아리에 강도 높여서 쓰면 종아리 근육이 실제로 움직이는 게 느껴져요. 속근육 운동이 된다는 게 말만 들었을 때는 반신반의했는데, 직접 체감하면 이해가 돼요. M1 붓기모드로 낮은 강도에서 시작해서 천천히 올리면서 쓰는 게 가장 편했어요. 처음부터 높은 단계 쓰면 자극이 강해서 놀랄 수 있어요.",0defbc24cab0,,1003,바디풀고컷 경락 마사지기,99000,,기존리뷰,5,,0,0,1,"안녕하세요. 프리미엄 헬스테크 브랜드, 슬룸입니다.
시간 내어 소중한 후기를 작성해 주셔서 감사드립니다. :)

믿고 찾는 쇼핑몰이 되기 위해 더 좋은 상품과 서비스를 준비하겠습니다.
감사합니다. 💜"
116290,2026-06-18 00:00:00,,,"EMS 마사지기 처음 써보는 건데 이게 기준이 됐어요. 다른 거랑 비교는 못 하지만 쓸 때마다 근육 반응이 오는 게 체감되니까 효과는 확실히 있다고 느껴요. 뭔가 되고 있다는 느낌이 매번 오니까 꾸준히 쓰게 되고, 그 꾸준함이 결국 변화로 이어지는 것 같아요.",248bd149068c,,1003,바디풀고컷 경락 마사지기,99000,,기존리뷰,5,,0,0,1,"안녕하세요. 프리미엄 헬스테크 브랜드, 슬룸입니다.
시간 내어 소중한 후기를 작성해 주셔서 감사드립니다. :)

믿고 찾는 쇼핑몰이 되기 위해 더 좋은 상품과 서비스를 준비하겠습니다.
감사합니다. 💜"
116291,2026-06-10 00:00:00,,,"민소매 입을 때 팔뚝이 제일 신경 쓰였는데, 부유방 경계부터 팔뚝 안쪽까지 M3로 집중 케어했더니 라인이 정리됐어요. 처음엔 효과가 있을까 싶었는데, 2주 지나고 사진 찍어서 비교해봤더니 확실히 달라보였어요. 여름 시작되기 전에 구매한 게 진짜 다행이에요.",90c9b4ba0fbe,,1003,바디풀고컷 경락 마사지기,99000,,기존리뷰,4,,0,0,1,"안녕하세요. 프리미엄 헬스테크 브랜드, 슬룸입니다.
진심 어린 소중한 후기 감사합니다. 💜

앞으로도 좋은 상품과 서비스로 고객님들을 찾아뵐 수 있도록 노력하겠습니다.
감사합니다. :)"
116292,2026-06-11 00:00:00,,,"M3 컷팅모드 써봤을 때 강약이 반복되면서 오는 자극이 처음엔 낯설었는데, 샵에서 강약 조절해가며 밀어주는 손맛이랑 비슷하다는 걸 나중에 알았어요. 실제로 자극받고 나면 그 부위가 따뜻해지면서 순환이 되는 느낌이 나요. 에스테틱 효과가 기기로 이렇게 구현되는구나 싶었어요. 가격 생각하면 진짜 잘 산 것 같아요.",cfe44b6606ea,,1003,바디풀고컷 경락 마사지기,99000,,기존리뷰,5,,0,0,1,"안녕하세요. 프리미엄 헬스테크 브랜드, 슬룸입니다.
진심 어린 소중한 후기 감사합니다. 💜

앞으로도 좋은 상품과 서비스로 고객님들을 찾아뵐 수 있도록 노력하겠습니다.
감사합니다. :)"
116293,2026-06-09 00:00:00,,,"사무직이라 하루 종일 앉아있으면 저녁에 다리가 퉁퉁 부어요. M1 붓기모드로 꾸준히 케어하고 나서 붓기 빠지는 속도가 달라졌어요. 전에는 자고 일어나도 부기가 남아있었는데, 이거 쓰고 나서는 다음 날 아침이 확실히 가벼워요.",4333f3abe459,,1003,바디풀고컷 경락 마사지기,99000,,기존리뷰,5,,0,0,1,"안녕하세요. 프리미엄 헬스테크 브랜드, 슬룸입니다.
정성스럽게 올려주신 소중한 후기 감사합니다. 💜

고객님의 목소리로 더 발전하는 슬룸이 되도록 노력하겠습니다.
감사합니다. 🙇‍♀️"
116294,2026-06-14 00:00:00,,,여름 민소매 시즌 준비로 팔뚝 집중 케어 2주 해봤어요. 탄력이 생기는 게 느껴지고 피부도 탄탄해진 것 같아서 꾸준히 하면 더 달라질 것 같아요. 2주 만에 이 정도면 한 달 후가 기대돼요.,c76fb5c27c63,,1003,바디풀고컷 경락 마사지기,99000,,기존리뷰,5,,0,0,1,"안녕하세요. 프리미엄 헬스테크 브랜드, 슬룸입니다.
시간 내어 소중한 후기를 작성해 주셔서 감사드립니다. :)

믿고 찾는 쇼핑몰이 되기 위해 더 좋은 상품과 서비스를 준비하겠습니다.
감사합니다. 💜"
116295,2026-06-15 00:00:00,,,"허벅지 안쪽 살이 레깅스 입으면 도드라져서 항상 고민이었는데, M2 탄력모드로 안쪽 집중 케어했더니 라인이 달라졌어요. 레깅스 핏이 좋아지니까 운동 가고 싶은 의욕도 생기는 선순환이 생겼어요.",a0f072bd8a35,,1003,바디풀고컷 경락 마사지기,99000,,기존리뷰,4,,0,0,1,"안녕하세요. 프리미엄 헬스테크 브랜드, 슬룸입니다.
정성스럽게 올려주신 소중한 후기 감사합니다. 💜

고객님의 목소리로 더 발전하는 슬룸이 되도록 노력하겠습니다.
감사합니다. 🙇‍♀️"
116296,2026-06-11 00:00:00,,,"괄사 도구 여러 개 써봤는데 이거랑은 차원이 달라요. 그냥 긁는 괄사는 표면 자극에 그치는데, 여기는 EMS까지 같이 들어오니까 속 근육까지 자극이 오는 느낌이에요. 에스테틱 두세 번 비용이면 이거 사고도 남는데, 집에서 매일 쓸 수 있으니까 장기적으로 훨씬 이득이에요. 괄사 다시 꺼낼 일이 없어졌어요.",23750a31a147,,1003,바디풀고컷 경락 마사지기,99000,,기존리뷰,5,,0,0,1,"안녕하세요. 프리미엄 헬스테크 브랜드, 슬룸입니다.
시간 내어 소중한 후기를 작성해 주셔서 감사드립니다. :)

믿고 찾는 쇼핑몰이 되기 위해 더 좋은 상품과 서비스를 준비하겠습니다.
감사합니다. 💜"
116297,2026-06-16 00:00:00,,,"M3 컷팅모드에서 강약이 반복되는 자극이 처음엔 낯설었는데, 이게 바디 흐름을 활성화하는 원리라고 하더라고요. 실제로 자극받고 나면 그 부위가 따뜻해지면서 순환이 되는 느낌이 나요. 매번 쓸 때마다 그 효과가 누적되는 것 같아서 꾸준히 쓰게 돼요.",c3c71fddb49f,,1003,바디풀고컷 경락 마사지기,99000,,기존리뷰,5,,0,0,1,"안녕하세요. 프리미엄 헬스테크 브랜드, 슬룸입니다.
시간 내어 소중한 후기를 작성해 주셔서 감사드립니다. :)

믿고 찾는 쇼핑몰이 되기 위해 더 좋은 상품과 서비스를 준비하겠습니다.
감사합니다. 💜"
116298,2026-06-23 00:00:00,,,이거 쓰면서 바디 케어 루틴 전체가 탄탄해진 느낌이에요. 샵 대신 집에서 케어하는 게 자리 잡으면서 피부 관리에 전반적으로 더 관심이 생겼어요. 기기 하나가 전체 루틴을 바꾼 셈이에요. 이게 있으면 샵이 안 그리워요.,a6c962967b89,,1003,바디풀고컷 경락 마사지기,99000,,기존리뷰,5,,0,0,1,"안녕하세요. 프리미엄 헬스테크 브랜드, 슬룸입니다.
진심 어린 소중한 후기 감사합니다. 💜

앞으로도 좋은 상품과 서비스로 고객님들을 찾아뵐 수 있도록 노력하겠습니다.
감사합니다. :)"
116299,2026-06-24 00:00:00,,,"민소매 입을 때 겨드랑이 옆쪽 부유방이 고민이었어요. M2로 그 부분 집중 케어했더니 라인이 달라졌고, 사진으로 비교해보면 확실히 정리된 게 보여요. 팔 들어올릴 때 그 부분이 예전이랑 달라 보여서 민소매 입는 게 덜 신경 쓰여요. 구체적인 부위를 집중 케어할 수 있다는 게 이 기기의 강점인 것 같아요.",d91ecb69384a,,1003,바디풀고컷 경락 마사지기,99000,,기존리뷰,4,,0,0,1,"안녕하세요. 프리미엄 헬스테크 브랜드, 슬룸입니다.
진심 어린 소중한 후기 감사합니다. 💜

앞으로도 좋은 상품과 서비스로 고객님들을 찾아뵐 수 있도록 노력하겠습니다.
감사합니다. :)"
116300,2026-06-23 00:00:00,,,"팔뚝 케어 때문에 에스테틱 패키지까지 끊었던 사람이에요. 매일 저녁 M2 탄력모드로 팔뚝 위아래 5분씩 밀어줬는데, 2주 차 되니까 진짜로 달라지는 게 느껴졌어요. 사진 찍어서 비교해봤더니 탄탄해진 게 눈에 보이고, 주변에서도 팔뚝 얇아진 거 아니냐고 물어봤어요. 에스테틱 가는 돈이 이제 아깝더라고요.",284aaf75a515,,1003,바디풀고컷 경락 마사지기,99000,,기존리뷰,5,,0,0,1,"안녕하세요. 프리미엄 헬스테크 브랜드, 슬룸입니다.
진심 어린 소중한 후기 감사합니다. 💜

앞으로도 좋은 상품과 서비스로 고객님들을 찾아뵐 수 있도록 노력하겠습니다.
감사합니다. :)"
116301,2026-06-11 00:00:00,,,"친구랑 같이 구매해서 같은 방법으로 팔뚝 케어했어요. M2랑 M3 번갈아서 팔뚝 위에서 아래로 밀어주는 식으로 했는데, 2주 차부터 둘 다 달라졌다고 해서 서로 인증 사진 공유했어요. 혼자 하는 것보다 같이 하면 꾸준히 되는 것 같아요.",07c46d99b5f7,,1003,바디풀고컷 경락 마사지기,99000,,기존리뷰,5,,0,0,1,"안녕하세요. 프리미엄 헬스테크 브랜드, 슬룸입니다.
시간 내어 소중한 후기를 작성해 주셔서 감사드립니다. :)

믿고 찾는 쇼핑몰이 되기 위해 더 좋은 상품과 서비스를 준비하겠습니다.
감사합니다. 💜"
116302,2026-06-20 00:00:00,,,"EMS랑 고주파가 같이 들어오니까 괄사보다 훨씬 깊이 자극이 오고, 근적외선까지 더해지면 시너지가 달라요. 에스테틱 비용으로 치면 한 달도 안 돼서 본전을 뽑은 느낌이에요. 주변에 괄사 쓰는 친구들한테 이거 한번 써보라고 했더니 다들 구매했어요. 집에서 이 정도 퀄리티가 나온다는 게 놀라워요.",aac3bf4f96ff,,1003,바디풀고컷 경락 마사지기,99000,,기존리뷰,4,,0,0,1,"안녕하세요. 프리미엄 헬스테크 브랜드, 슬룸입니다.
정성스럽게 올려주신 소중한 후기 감사합니다. 💜

고객님의 목소리로 더 발전하는 슬룸이 되도록 노력하겠습니다.
감사합니다. 🙇‍♀️"
116303,2026-06-14 00:00:00,,,"M2, M3 모드에서는 EMS 단독보다 자극이 더 깊이 오는 느낌이에요. 피부층 아래에서 뭔가 진동하는 느낌인데, 처음엔 낯설었다가 지금은 그 느낌이 좋아요. 고주파가 더해지면서 자극이 깊어지는 게 실제로 체감이 돼요. M1으로 시작해서 M2, M3 순으로 강도를 올리는 루틴이 제일 효과적이에요.",6498874f52de,,1003,바디풀고컷 경락 마사지기,99000,,기존리뷰,5,,0,0,1,"안녕하세요. 프리미엄 헬스테크 브랜드, 슬룸입니다.
정성스럽게 올려주신 소중한 후기 감사합니다. 💜

고객님의 목소리로 더 발전하는 슬룸이 되도록 노력하겠습니다.
감사합니다. 🙇‍♀️"
116304,2026-06-12 00:00:00,,,복부가 완전히 달라진 건 아니지만 탄탄해진 느낌이 있어서 자신감이 생겼어요. 크롭티 입고 사진 찍힐 때 예전처럼 배 신경 쓰이지 않아요. 작은 변화가 심리적으로 큰 차이를 만든다는 걸 이 기기 쓰면서 실감했어요.,23e354dba889,,1003,바디풀고컷 경락 마사지기,99000,,기존리뷰,5,,0,0,1,"안녕하세요. 프리미엄 헬스테크 브랜드, 슬룸입니다.
진심 어린 소중한 후기 감사합니다. 💜

앞으로도 좋은 상품과 서비스로 고객님들을 찾아뵐 수 있도록 노력하겠습니다.
감사합니다. :)"
116305,2026-06-12 00:00:00,,,"오래 서있는 날이면 마사지 쿠션이나 폼롤러로 해봤는데 역부족이었어요. 이걸로 바꿨는데 EMS까지 같이 들어오니까 차원이 달라요. 속까지 풀리는 느낌이 확실히 다르고, 다음 날 아침 컨디션이 달라졌어요. 직장인한테 진짜 필요한 기기인 것 같아요.",a6dc7a0a80b7,,1003,바디풀고컷 경락 마사지기,99000,,기존리뷰,5,,0,0,1,"안녕하세요. 프리미엄 헬스테크 브랜드, 슬룸입니다.
시간 내어 소중한 후기를 작성해 주셔서 감사드립니다. :)

믿고 찾는 쇼핑몰이 되기 위해 더 좋은 상품과 서비스를 준비하겠습니다.
감사합니다. 💜"
116306,2026-06-21 00:00:00,,,"15단계 강도 조절이 처음엔 왜 이렇게 많나 싶었는데, 쓰다 보니까 다 필요하더라고요. 처음엔 3단계로 시작해서 지금은 10단계까지 올렸는데, 단계마다 체감이 확실히 달라요. 내 몸 상태에 맞게 조절하는 재미가 있어요. EMS 효과 의심했던 사람인데 이제 완전히 신봉자가 됐어요.",a1d2f9dcf342,,1003,바디풀고컷 경락 마사지기,99000,,기존리뷰,4,,0,0,1,"안녕하세요. 프리미엄 헬스테크 브랜드, 슬룸입니다.
시간 내어 소중한 후기를 작성해 주셔서 감사드립니다. :)

믿고 찾는 쇼핑몰이 되기 위해 더 좋은 상품과 서비스를 준비하겠습니다.
감사합니다. 💜"
116307,2026-06-16 00:00:00,,,"복부에 M1이랑 M3 번갈아 쓰는 루틴이 생겼어요. M1으로 워밍업 하듯 붓기 빼주고 M3로 컷팅 케어 해주는 식인데, 이 조합이 단일 모드만 쓰는 것보다 훨씬 효과적인 것 같아요. 복부 탄력이 달라지는 게 확실히 느껴져요.",bd0e0d35d764,,1003,바디풀고컷 경락 마사지기,99000,,기존리뷰,5,,0,0,1,"안녕하세요. 프리미엄 헬스테크 브랜드, 슬룸입니다.
시간 내어 소중한 후기를 작성해 주셔서 감사드립니다. :)

믿고 찾는 쇼핑몰이 되기 위해 더 좋은 상품과 서비스를 준비하겠습니다.
감사합니다. 💜"
116308,2026-06-13 00:00:00,,,"허벅지에 대고 강도 올렸을 때 진짜 놀랐어요. 근육이 수축되는 느낌이 확실하게 오는데, 이게 속근육 운동이 된다는 게 머릿속이 아니라 몸으로 이해가 됐어요. EMS 패드보다 볼이 굴러가면서 자극이 분산되는 게 훨씬 자연스럽고 편해요. 자극이 한 점에 집중되지 않아서 오래 써도 부담이 없어요.",fb912305c4c4,,1003,바디풀고컷 경락 마사지기,99000,,기존리뷰,5,,0,0,1,"안녕하세요. 프리미엄 헬스테크 브랜드, 슬룸입니다.
시간 내어 소중한 후기를 작성해 주셔서 감사드립니다. :)

믿고 찾는 쇼핑몰이 되기 위해 더 좋은 상품과 서비스를 준비하겠습니다.
감사합니다. 💜"
116309,2026-06-08 00:00:00,,,"종아리 붓기가 만성이라 저녁만 되면 신발이 조였는데, M1 붓기모드로 매일 케어하면서 달라졌어요. 에스테틱 원장님이 알려주신 대로 아래에서 위로 쭉 밀어주는 방향으로 하니까 붓기 빠지는 속도가 확실히 달라요. 아침이랑 저녁 발 상태가 이렇게 차이가 날 수 있다는 게 신기했어요. 이제 없으면 불안한 기기가 됐어요.",94b799251018,,1003,바디풀고컷 경락 마사지기,99000,,기존리뷰,5,,0,0,1,"안녕하세요. 프리미엄 헬스테크 브랜드, 슬룸입니다.
정성스럽게 올려주신 소중한 후기 감사합니다. 💜

고객님의 목소리로 더 발전하는 슬룸이 되도록 노력하겠습니다.
감사합니다. 🙇‍♀️"
116310,2026-06-23 00:00:00,,,"예약 잡고 이동하고 기다리는 시간이 아까워서 샵을 점점 안 가게 됐는데, 이거 생기고 나서 오히려 관리를 더 자주 하게 됐어요. 근적외선 켜고 퇴근 후 소파에서 케어하면 샵에서 온열 받는 기분이 그대로 나요. 몸도 풀리고 돈도 아끼고, 이제 에스테틱 예약 잡으러 가는 수고를 안 해도 되니까 만족도가 높아요.",55c064798012,,1003,바디풀고컷 경락 마사지기,99000,,기존리뷰,4,,0,0,1,"안녕하세요. 프리미엄 헬스테크 브랜드, 슬룸입니다.
진심 어린 소중한 후기 감사합니다. 💜

앞으로도 좋은 상품과 서비스로 고객님들을 찾아뵐 수 있도록 노력하겠습니다.
감사합니다. :)"
116311,2026-06-12 00:00:00,,,"퇴근하고 소파에 앉아서 종아리에 M1 켜고 10분만 해도 발이 가벼워지는 게 느껴요. 부어서 슬리퍼도 불편했던 발이 달라졌어요. 짧은 시간에 이 효과가 나온다는 게 신기하고, 퇴근 후 이 10분이 하루 중 제일 좋은 시간이 됐어요.",e03b19761013,,1003,바디풀고컷 경락 마사지기,99000,,기존리뷰,5,,0,0,1,"안녕하세요. 프리미엄 헬스테크 브랜드, 슬룸입니다.
진심 어린 소중한 후기 감사합니다. 💜

앞으로도 좋은 상품과 서비스로 고객님들을 찾아뵐 수 있도록 노력하겠습니다.
감사합니다. :)"
116312,2026-06-24 00:00:00,,,"야근하고 늦게 퇴근하는 날엔 더 붓는데, M1 붓기모드로 케어하면서 야근 다음 날 아침도 견딜 만해졌어요. 야근이 많은 달에도 컨디션이 유지되는 게 이 기기 덕분인 것 같아요.",a618da712a52,,1003,바디풀고컷 경락 마사지기,99000,,기존리뷰,5,,0,0,1,"안녕하세요. 프리미엄 헬스테크 브랜드, 슬룸입니다.
진심 어린 소중한 후기 감사합니다. 💜

앞으로도 좋은 상품과 서비스로 고객님들을 찾아뵐 수 있도록 노력하겠습니다.
감사합니다. :)"
116313,2026-06-14 00:00:00,,,"1년 에스테틱 비용 계산해봤더니 몇 백만 원이더라고요. 그 돈으로 이거 사고도 남는데, 집에서 매일 관리하니까 오히려 더 자주 케어하게 됐어요. 무선이라 충전해두고 소파에서 TV 보면서 쓰는 게 이제 일상이에요. 시간 내서 샵 가는 것보다 훨씬 편하고 누적 효과도 더 좋은 것 같아요.",1cd6f716f150,,1003,바디풀고컷 경락 마사지기,99000,,기존리뷰,4,,0,0,1,"안녕하세요. 프리미엄 헬스테크 브랜드, 슬룸입니다.
진심 어린 소중한 후기 감사합니다. 💜

앞으로도 좋은 상품과 서비스로 고객님들을 찾아뵐 수 있도록 노력하겠습니다.
감사합니다. :)"
116314,2026-06-24 00:00:00,,,"앉아서 일하는 날이랑 서있는 날이랑 붓기 패턴이 다른데, 이거는 둘 다 효과적이에요. M1으로 가볍게 시작해서 M3으로 마무리하는 루틴이 제일 좋아요. 어떤 날이든 이 루틴만 지키면 다음 날 아침이 가벼워요.",24fc952b006d,,1003,바디풀고컷 경락 마사지기,99000,,기존리뷰,5,,0,0,1,"안녕하세요. 프리미엄 헬스테크 브랜드, 슬룸입니다.
정성스럽게 올려주신 소중한 후기 감사합니다. 💜

고객님의 목소리로 더 발전하는 슬룸이 되도록 노력하겠습니다.
감사합니다. 🙇‍♀️"
116315,2026-06-22 00:00:00,,,"반팔 입기 싫어서 여름 내내 긴팔 입었던 사람이에요. 매일 저녁 팔뚝에 M2랑 M3 번갈아 가면서 케어했더니, 탄탄해진 게 체감되고 사진으로 비교해봐도 달라요. 주변에서 팔뚝 얇아진 거 아니냐고 물어볼 때 제일 뿌듯했어요. 이제 소매 걷어올려요.",3f9421f8797e,,1003,바디풀고컷 경락 마사지기,99000,,기존리뷰,5,,0,0,1,"안녕하세요. 프리미엄 헬스테크 브랜드, 슬룸입니다.
시간 내어 소중한 후기를 작성해 주셔서 감사드립니다. :)

믿고 찾는 쇼핑몰이 되기 위해 더 좋은 상품과 서비스를 준비하겠습니다.
감사합니다. 💜"
116316,2026-06-08 00:00:00,,,리모컨이 있어서 혼자 등 쪽이나 손이 닿기 어려운 부위도 케어할 수 있어요. 샵에서만 받을 수 있었던 부위를 집에서 혼자 할 수 있다는 게 편리해요. 사용 범위가 넓어서 전신 케어가 진짜 하나로 된다는 게 이 기기의 가장 큰 장점이에요.,72edb1f5d907,,1003,바디풀고컷 경락 마사지기,99000,,기존리뷰,5,,0,0,1,"안녕하세요. 프리미엄 헬스테크 브랜드, 슬룸입니다.
정성스럽게 올려주신 소중한 후기 감사합니다. 💜

고객님의 목소리로 더 발전하는 슬룸이 되도록 노력하겠습니다.
감사합니다. 🙇‍♀️"
116317,2026-06-18 00:00:00,,,"EMS 기기 세 개나 써봤는데 이건 진짜 달라요. 패드 타입이랑 비교하면 볼이 눌러주면서 동시에 EMS가 들어오니까 자극이 표면이 아니라 속에서 오는 느낌이에요. 강도 7단계 넘어가면 근육이 실제로 수축하는 게 느껴지는데, 그 감각이 다른 EMS랑 완전히 달라요. 처음에 반신반의했던 게 무색할 정도예요.",cbabd32538c3,,1003,바디풀고컷 경락 마사지기,99000,,기존리뷰,4,,0,0,1,"안녕하세요. 프리미엄 헬스테크 브랜드, 슬룸입니다.
진심 어린 소중한 후기 감사합니다. 💜

앞으로도 좋은 상품과 서비스로 고객님들을 찾아뵐 수 있도록 노력하겠습니다.
감사합니다. :)"
116318,2026-06-20 00:00:00,,,"한 달에 두 번씩 경락 받으러 에스테틱 다녔는데, 이거 쓰고 나서 예약을 안 잡게 됐어요. 12개 경락볼이 굴러가면서 손으로 눌러주는 느낌이 나는데, 처음엔 설마 싶었는데 M3 컷팅모드로 허벅지 쭉쭉 밀어주니까 샵 다녀온 다음 날 느낌이 그대로 나더라고요. 비용 계산해보니까 에스테틱 두 번 가는 돈으로 매일 집에서 관리하게 됐어요. 이제 진짜 못 끊어요.",159e95a3faac,,1003,바디풀고컷 경락 마사지기,99000,,기존리뷰,5,,0,0,1,"안녕하세요. 프리미엄 헬스테크 브랜드, 슬룸입니다.
시간 내어 소중한 후기를 작성해 주셔서 감사드립니다. :)

믿고 찾는 쇼핑몰이 되기 위해 더 좋은 상품과 서비스를 준비하겠습니다.
감사합니다. 💜"
116319,2026-06-11 00:00:00,,,"아침에 일어나서 M1으로 붓기 케어, 자기 전에 M3로 컷팅 케어 하는 루틴이 생겼어요. 하루 두 번이 부담스럽지 않은 건 짧게 써도 효과가 오기 때문이에요. 이 루틴이 자리 잡으면서 몸이 달라지는 게 느껴져서 계속 유지하게 돼요.",d383cb632c3d,,1003,바디풀고컷 경락 마사지기,99000,,기존리뷰,5,,0,0,1,"안녕하세요. 프리미엄 헬스테크 브랜드, 슬룸입니다.
정성스럽게 올려주신 소중한 후기 감사합니다. 💜

고객님의 목소리로 더 발전하는 슬룸이 되도록 노력하겠습니다.
감사합니다. 🙇‍♀️"
116320,2026-06-14 00:00:00,,,"허벅지 셀룰라이트가 여름마다 고민이었는데 올해는 달랐어요. M3로 집중 케어한 덕분에 피부 결이 매끄러워지는 느낌이 확실히 오고, 레깅스 입었을 때 그 차이가 보여요. 매년 여름 고민이던 게 올해는 해결됐다는 게 정말 기분 좋아요.",4835714a9d3e,,1003,바디풀고컷 경락 마사지기,99000,,기존리뷰,5,,0,0,1,"안녕하세요. 프리미엄 헬스테크 브랜드, 슬룸입니다.
진심 어린 소중한 후기 감사합니다. 💜

앞으로도 좋은 상품과 서비스로 고객님들을 찾아뵐 수 있도록 노력하겠습니다.
감사합니다. :)"
116321,2026-06-12 00:00:00,,,"출장이 많아서 샵 예약 잡기가 어려웠는데, 이거 챙겨가면 출장지에서도 케어할 수 있어요. 무선에 충전식이라 가방에 넣고 다니기도 편해요. 출장지 호텔에서 쓰는 게 이제 루틴이 됐어요. 어디서든 케어할 수 있다는 게 진짜 좋아요.",f00a12643ece,,1003,바디풀고컷 경락 마사지기,99000,,기존리뷰,4,,0,0,1,"안녕하세요. 프리미엄 헬스테크 브랜드, 슬룸입니다.
정성스럽게 올려주신 소중한 후기 감사합니다. 💜

고객님의 목소리로 더 발전하는 슬룸이 되도록 노력하겠습니다.
감사합니다. 🙇‍♀️"
116322,2026-06-11 00:00:00,,,"옆구리 군살 케어를 위해 M3 컷팅모드로 옆구리에서 등 쪽으로 쓸어주는 방향으로 매일 했어요. 한 달 이상 꾸준히 했더니 라인이 달라졌고, 옷 입었을 때 그 부분이 덜 신경 쓰여요. 특정 부위 집중 케어가 가능하다는 게 이 기기의 진짜 강점인 것 같아요.",5dabba1f1989,,1003,바디풀고컷 경락 마사지기,99000,,기존리뷰,5,,0,0,1,"안녕하세요. 프리미엄 헬스테크 브랜드, 슬룸입니다.
시간 내어 소중한 후기를 작성해 주셔서 감사드립니다. :)

믿고 찾는 쇼핑몰이 되기 위해 더 좋은 상품과 서비스를 준비하겠습니다.
감사합니다. 💜"
116323,2026-06-23 00:00:00,,,"야간 근무하는 직업이라 낮에 샵 가기가 힘들어요. 이거 있으면 시간 상관없이 내 생활 패턴에 맞게 케어할 수 있어요. 새벽에 퇴근해서 쓰는 경우도 있는데, 무선이라 어디서든 편하게 쓸 수 있어요. 내 스케줄에 맞는 케어가 된다는 게 진짜 좋아요.",472fbdcdf49a,,1003,바디풀고컷 경락 마사지기,99000,,기존리뷰,5,,0,0,1,"안녕하세요. 프리미엄 헬스테크 브랜드, 슬룸입니다.
진심 어린 소중한 후기 감사합니다. 💜

앞으로도 좋은 상품과 서비스로 고객님들을 찾아뵐 수 있도록 노력하겠습니다.
감사합니다. :)"
116324,2026-06-14 00:00:00,,,"5단계부터 본격적으로 느껴지고, 8~10단계가 저한테 딱 맞는 강도예요. 처음에 너무 높은 강도로 하면 피부 자극이 올 수 있다고 해서 천천히 올렸는데, 그게 맞는 방법인 것 같아요. 본인 몸에 맞는 강도 찾는 데 며칠 걸리지만, 그 강도 찾고 나서부터는 매번 만족스러운 케어가 돼요.",9494b9706370,,1003,바디풀고컷 경락 마사지기,99000,,기존리뷰,4,,0,0,1,"안녕하세요. 프리미엄 헬스테크 브랜드, 슬룸입니다.
정성스럽게 올려주신 소중한 후기 감사합니다. 💜

고객님의 목소리로 더 발전하는 슬룸이 되도록 노력하겠습니다.
감사합니다. 🙇‍♀️"
116325,2026-06-16 00:00:00,,,"퇴근하면 승모근이랑 종아리가 같이 뭉쳐요. 두 부위를 번갈아 케어하면 확실히 달라지는 게 있어요. M1으로 승모근 풀고, M3로 종아리 마무리하는 루틴이 생겼는데, 이 순서대로 하면 몸 전체가 가벼워지는 느낌이에요.",366202636eed,,1003,바디풀고컷 경락 마사지기,99000,,기존리뷰,4,,0,0,1,"안녕하세요. 프리미엄 헬스테크 브랜드, 슬룸입니다.
정성스럽게 올려주신 소중한 후기 감사합니다. 💜

고객님의 목소리로 더 발전하는 슬룸이 되도록 노력하겠습니다.
감사합니다. 🙇‍♀️"
116326,2026-06-09 00:00:00,,,퇴근하고 지쳐도 이것만큼은 꼭 켜요. 10~15분 짧게 케어해도 몸이 가벼워지는 게 확실히 느껴지니까요. 그 경험이 반복되면서 이제 퇴근 루틴의 일부가 됐어요. 하루 마무리를 잘 할 수 있게 해주는 기기예요.,14511c8f8d77,,1003,바디풀고컷 경락 마사지기,99000,,기존리뷰,5,,0,0,1,"안녕하세요. 프리미엄 헬스테크 브랜드, 슬룸입니다.
시간 내어 소중한 후기를 작성해 주셔서 감사드립니다. :)

믿고 찾는 쇼핑몰이 되기 위해 더 좋은 상품과 서비스를 준비하겠습니다.
감사합니다. 💜"
116327,2026-06-18 00:00:00,,,퇴근하고 밥 먹은 다음 소파에서 종아리 케어하는 게 하루 마무리예요. 유튜브 보면서 할 수 있어서 전혀 부담이 없어요. 뭔가 따로 시간을 내야 한다는 부담 없이 루틴으로 자리 잡았어요. 이게 꾸준히 할 수 있는 비결인 것 같아요.,83702b13c289,,1003,바디풀고컷 경락 마사지기,99000,,기존리뷰,5,,0,0,1,"안녕하세요. 프리미엄 헬스테크 브랜드, 슬룸입니다.
진심 어린 소중한 후기 감사합니다. 💜

앞으로도 좋은 상품과 서비스로 고객님들을 찾아뵐 수 있도록 노력하겠습니다.
감사합니다. :)"
116328,2026-06-14 00:00:00,,,"2주 만에 팔뚝 탄력이 생기는 게 느껴지니까 계속 쓸 동기부여가 자동으로 생겨요. 올여름 목표인 민소매 자신감, 이 페이스로 꾸준히 하면 충분히 될 것 같아요. 효과 체감이 이렇게 중요한 줄 몰랐어요.",37c2303be22c,,1003,바디풀고컷 경락 마사지기,99000,,기존리뷰,4,,0,0,1,"안녕하세요. 프리미엄 헬스테크 브랜드, 슬룸입니다.
정성스럽게 올려주신 소중한 후기 감사합니다. 💜

고객님의 목소리로 더 발전하는 슬룸이 되도록 노력하겠습니다.
감사합니다. 🙇‍♀️"
116329,2026-06-11 00:00:00,,,"솔직히 EMS 효과 믿지 않았어요. 그냥 마사지 기기로만 쓸 생각이었는데, 강도 높이면 진짜 속근육이 반응하는 게 느껴져서 놀랐어요. 운동 전에 쓰면 근육이 활성화되는 느낌이 나서 요즘 운동 루틴 전에 워밍업 대신 써요. 예상 못 했던 사용법인데 이게 제일 만족스러워요.",9572cbdc4462,,1003,바디풀고컷 경락 마사지기,99000,,기존리뷰,5,,0,0,1,"안녕하세요. 프리미엄 헬스테크 브랜드, 슬룸입니다.
시간 내어 소중한 후기를 작성해 주셔서 감사드립니다. :)

믿고 찾는 쇼핑몰이 되기 위해 더 좋은 상품과 서비스를 준비하겠습니다.
감사합니다. 💜"
116330,2026-06-10 00:00:00,,,"승모근에 M1으로 쓰면 EMS 자극이 속까지 들어오는 느낌이에요. 단순 표면 마사지랑 달리 뭔가 깊이 풀리는 느낌이 나는데, 그 차이가 분명히 있어요. 근적외선까지 같이 켜면 온열 효과로 더 시원하게 풀려서, 이 조합이 제일 효과적인 것 같아요. 승모근 뭉친 분들한테 강력 추천해요.",78fe889f3c62,,1003,바디풀고컷 경락 마사지기,99000,,기존리뷰,5,,0,0,1,"안녕하세요. 프리미엄 헬스테크 브랜드, 슬룸입니다.
시간 내어 소중한 후기를 작성해 주셔서 감사드립니다. :)

믿고 찾는 쇼핑몰이 되기 위해 더 좋은 상품과 서비스를 준비하겠습니다.
감사합니다. 💜"
116331,2026-06-16 00:00:00,,,"주 1회 샵 가던 걸 이걸로 대체했는데, 매일 케어하니까 오히려 더 자주 관리하게 됐어요. 충전 한 번 해두면 며칠 쓸 수 있어서 충전 걱정도 없어요. 샵 예약 잡고 이동하는 수고 없이 집에서 매일 할 수 있다는 게 이렇게 편할 줄 몰랐어요.",404871e01ca0,,1003,바디풀고컷 경락 마사지기,99000,,기존리뷰,5,,0,0,1,"안녕하세요. 프리미엄 헬스테크 브랜드, 슬룸입니다.
정성스럽게 올려주신 소중한 후기 감사합니다. 💜

고객님의 목소리로 더 발전하는 슬룸이 되도록 노력하겠습니다.
감사합니다. 🙇‍♀️"
116332,2026-06-09 00:00:00,,,12개 경락볼이 넓은 면적을 한 번에 케어할 수 있어서 시간이 절약돼요. 종아리에서 허벅지까지 훑어주는 데 5분이면 충분해요. 짧은 시간 안에 전신 케어가 된다는 게 바쁜 사람한테 진짜 필요한 기기예요.,c3dba71d864e,,1003,바디풀고컷 경락 마사지기,99000,,기존리뷰,5,,0,0,1,"안녕하세요. 프리미엄 헬스테크 브랜드, 슬룸입니다.
정성스럽게 올려주신 소중한 후기 감사합니다. 💜

고객님의 목소리로 더 발전하는 슬룸이 되도록 노력하겠습니다.
감사합니다. 🙇‍♀️"
116333,2026-06-09 00:00:00,,,"여름 전에 에스테틱 패키지 끊을까 고민하다가 이거 먼저 써보기로 했어요. 4월부터 시작했는데 종아리부터 허벅지까지 부기가 빠지는 속도가 달라지는 게 느껴졌어요. 작년 여름엔 패키지 비용이 꽤 들었는데, 올해는 이거 하나로 충분하더라고요. 가격 대비 효율이 압도적이라 주변에도 계속 추천하고 있어요.",5ef93bc1a9ae,,1003,바디풀고컷 경락 마사지기,99000,,기존리뷰,5,,0,0,1,"안녕하세요. 프리미엄 헬스테크 브랜드, 슬룸입니다.
정성스럽게 올려주신 소중한 후기 감사합니다. 💜

고객님의 목소리로 더 발전하는 슬룸이 되도록 노력하겠습니다.
감사합니다. 🙇‍♀️"
116334,2026-06-08 00:00:00,,,"헬스도 다니고 식단도 하면서 이거까지 더했더니 시너지가 나는 것 같아요. 운동으로 자극 주고 이걸로 마무리 케어 해주는 루틴인데, 따로 각각 할 때보다 결과가 더 빠르게 나오는 느낌이에요. 여름 바디 라인 정리하고 싶은 분들한테 운동이랑 병행 추천해요.",d0de10974622,,1003,바디풀고컷 경락 마사지기,99000,,기존리뷰,5,,0,0,1,"안녕하세요. 프리미엄 헬스테크 브랜드, 슬룸입니다.
진심 어린 소중한 후기 감사합니다. 💜

앞으로도 좋은 상품과 서비스로 고객님들을 찾아뵐 수 있도록 노력하겠습니다.
감사합니다. :)"
116335,2026-06-15 00:00:00,,,오래 서있는 날엔 EMS 강도 조금 높여서 쓰는 게 더 효과적인 것 같아요. 속근육까지 자극이 오면 순환이 되는 느낌이에요. 근적외선도 같이 켜면 온열 효과까지 더해져서 더 잘 풀려요. 강도랑 모드 조합을 찾는 게 이 기기를 잘 쓰는 방법인 것 같아요.,2648fd36fdaf,,1003,바디풀고컷 경락 마사지기,99000,,기존리뷰,5,,0,0,1,"안녕하세요. 프리미엄 헬스테크 브랜드, 슬룸입니다.
진심 어린 소중한 후기 감사합니다. 💜

앞으로도 좋은 상품과 서비스로 고객님들을 찾아뵐 수 있도록 노력하겠습니다.
감사합니다. :)"
116336,2026-06-11 00:00:00,,,"반품 생각하고 일주일만 써보자는 마음으로 시작했어요. 첫날 종아리에 쓰고 나서 다음 날 아침에 붓기가 빠진 게 느껴지면서 마음이 바뀌었어요. 경락볼 자국이 살짝 남을 만큼 압이 있는데, 그게 에스테틱 효과가 이런 거구나 싶게 했어요. 이제 여행 갈 때도 챙겨가요. 샵 못 가는 주에도 케어가 되니까요.",e5053280fecb,,1003,바디풀고컷 경락 마사지기,99000,,기존리뷰,5,,0,0,1,"안녕하세요. 프리미엄 헬스테크 브랜드, 슬룸입니다.
정성스럽게 올려주신 소중한 후기 감사합니다. 💜

고객님의 목소리로 더 발전하는 슬룸이 되도록 노력하겠습니다.
감사합니다. 🙇‍♀️"
116337,2026-06-13 00:00:00,,,하이힐 신고 하루 종일 서있으면 저녁에 발목이 심하게 부어요. M1으로 발목에서 종아리 위로 쭉 밀어주면 그 붓기가 빠지는 게 체감돼요. 퇴근하고 바로 쓰면 1시간도 안 돼서 발이 가벼워지는 게 느껴져요. 하이힐 신는 직장인한테 강력 추천해요.,b1fd24f4023c,,1003,바디풀고컷 경락 마사지기,99000,,기존리뷰,5,,0,0,1,"안녕하세요. 프리미엄 헬스테크 브랜드, 슬룸입니다.
정성스럽게 올려주신 소중한 후기 감사합니다. 💜

고객님의 목소리로 더 발전하는 슬룸이 되도록 노력하겠습니다.
감사합니다. 🙇‍♀️"
116338,2026-06-21 00:00:00,,,예약하고 이동하고 기다리는 시간 다 합치면 에스테틱 가는 게 반나절이에요. 이거 쓰면서 그 시간 다 절약하고 집에서 매일 관리해요. 한 달에 두 번 가던 걸 이제 매일 하니까 누적 관리 시간이 훨씬 많아졌어요. 오히려 더 잘 관리되는 것 같아요.,1ec665e7a965,,1003,바디풀고컷 경락 마사지기,99000,,기존리뷰,5,,0,0,1,"안녕하세요. 프리미엄 헬스테크 브랜드, 슬룸입니다.
진심 어린 소중한 후기 감사합니다. 💜

앞으로도 좋은 상품과 서비스로 고객님들을 찾아뵐 수 있도록 노력하겠습니다.
감사합니다. :)"
116339,2026-06-20 00:00:00,,,"에스테틱에서 배운 경락 방향 그대로 집에서 따라 해요. 아래에서 위로, 중심에서 바깥으로 밀어주는 방식인데, 볼이 굴러가면서 압이 들어오니까 혼자 해도 효과가 진짜 달라요. 샵 패키지 끊고 이거 샀는데 돌아가고 싶은 마음이 없어요. 오히려 매일 관리하니까 더 좋아요.",4e2f367f9d77,,1003,바디풀고컷 경락 마사지기,99000,,기존리뷰,4,,0,0,1,"안녕하세요. 프리미엄 헬스테크 브랜드, 슬룸입니다.
진심 어린 소중한 후기 감사합니다. 💜

앞으로도 좋은 상품과 서비스로 고객님들을 찾아뵐 수 있도록 노력하겠습니다.
감사합니다. :)"
116340,2026-06-19 00:00:00,,,"옆구리 군살 케어를 위해 M3 컷팅모드로 옆구리에서 등 쪽으로 쓸어주는 방향으로 매일 했어요. 한 달 이상 꾸준히 했더니 라인이 달라졌고, 옷 입었을 때 그 부분이 덜 신경 쓰여요. 특정 부위 집중 케어가 가능하다는 게 이 기기의 진짜 강점인 것 같아요. 꾸준히 하는 게 제일 중요한 것 같아요.",babe55fc70c2,,1003,바디풀고컷 경락 마사지기,99000,,기존리뷰,5,,0,0,1,"안녕하세요. 프리미엄 헬스테크 브랜드, 슬룸입니다.
진심 어린 소중한 후기 감사합니다. 💜

앞으로도 좋은 상품과 서비스로 고객님들을 찾아뵐 수 있도록 노력하겠습니다.
감사합니다. :)"
116341,2026-06-12 00:00:00,,,"다른 EMS 기기는 패드가 피부에 붙어있는 느낌인데, 이건 볼이 굴러가면서 자극이 계속 이동해요. 그게 훨씬 자연스럽고 마사지 효과도 같이 오는 것 같아요. 강도 7~8단계에서 EMS 체감이 제일 좋았는데, 마사지 압이랑 전기 자극이 동시에 오는 느낌이 독특해요.",7f6d5a536a26,,1003,바디풀고컷 경락 마사지기,99000,,기존리뷰,5,,0,0,1,"안녕하세요. 프리미엄 헬스테크 브랜드, 슬룸입니다.
진심 어린 소중한 후기 감사합니다. 💜

앞으로도 좋은 상품과 서비스로 고객님들을 찾아뵐 수 있도록 노력하겠습니다.
감사합니다. :)"
116342,2026-06-10 00:00:00,,,"젤을 충분히 바르는 게 핵심이에요. 처음엔 조금만 발랐다가 자극이 약하게 느껴져서 실망했었는데, 듬뿍 발랐더니 EMS 체감이 완전히 달라졌어요. 젤이 전도체 역할을 하는 거라서 이 부분을 모르고 쓰면 절반도 못 느끼는 거예요. 이걸 알고 나서부터 매번 만족스러운 자극이 와요.",c1600bfb2994,,1003,바디풀고컷 경락 마사지기,99000,,기존리뷰,5,,0,0,1,"안녕하세요. 프리미엄 헬스테크 브랜드, 슬룸입니다.
시간 내어 소중한 후기를 작성해 주셔서 감사드립니다. :)

믿고 찾는 쇼핑몰이 되기 위해 더 좋은 상품과 서비스를 준비하겠습니다.
감사합니다. 💜"
116343,2026-06-20 00:00:00,,,"강도 올리면 확실히 오는데 몸에 젤이 충분해야 해요. 건조하거나 젤이 부족하면 자극이 약하게 느껴지는 거예요. 이걸 처음에 몰라서 효과가 없다고 실망했다가, 젤 제대로 바르고 나서 완전히 달라진 경험을 했어요. 젤 바르는 것만 잘 해도 체감이 확 달라지니까 꼭 지키세요.",72420889d866,,1003,바디풀고컷 경락 마사지기,99000,,기존리뷰,5,,0,0,1,"안녕하세요. 프리미엄 헬스테크 브랜드, 슬룸입니다.
정성스럽게 올려주신 소중한 후기 감사합니다. 💜

고객님의 목소리로 더 발전하는 슬룸이 되도록 노력하겠습니다.
감사합니다. 🙇‍♀️"
116344,2026-06-16 00:00:00,,,"홈케어 기기 많이 써봤지만 이게 제일 사용 빈도가 높아요. 쓸 때마다 체감이 확실하니까 자꾸 손이 가요. 효과 체감이 루틴 정착의 핵심인 것 같아요. 효과가 느껴지면 찾게 되고, 찾다 보면 습관이 되고, 습관이 변화를 만드는 것 같아요.",75ef5bb9129a,,1003,바디풀고컷 경락 마사지기,99000,,기존리뷰,5,,0,0,1,"안녕하세요. 프리미엄 헬스테크 브랜드, 슬룸입니다.
정성스럽게 올려주신 소중한 후기 감사합니다. 💜

고객님의 목소리로 더 발전하는 슬룸이 되도록 노력하겠습니다.
감사합니다. 🙇‍♀️"
116345,2026-06-10 00:00:00,,,"부유방이랑 팔뚝 경계 부분 때문에 민소매 입기가 불편했어요. 에스테틱 선생님이 해주시던 방향대로 M3로 집중 케어했더니 그 라인이 정리되는 게 느껴졌어요. 크롭티 입을 때 그 부분 신경 쓰이던 게 확실히 줄었고, 옷 핏 자체가 달라 보이더라고요. 전문샵 안 부러워도 될 것 같아요.",1e5995f76cc2,,1003,바디풀고컷 경락 마사지기,99000,,기존리뷰,5,,0,0,1,"안녕하세요. 프리미엄 헬스테크 브랜드, 슬룸입니다.
진심 어린 소중한 후기 감사합니다. 💜

앞으로도 좋은 상품과 서비스로 고객님들을 찾아뵐 수 있도록 노력하겠습니다.
감사합니다. :)"
116346,2026-06-10 00:00:00,,,"복부 케어할 때 근적외선 같이 켜두면 따뜻하게 이완된 상태에서 EMS 자극이 들어오니까 효과가 배가 되는 느낌이에요. 샵에서 온열 패드 깔고 경락 받던 그 감각이랑 비슷해요. 혼자서 이 조합을 만들어낼 수 있다는 게 신기하고, 이제 에스테틱 예약 잡는 번거로움이 없어져서 좋아요.",ba9a55345d10,,1003,바디풀고컷 경락 마사지기,99000,,기존리뷰,4,,0,0,1,"안녕하세요. 프리미엄 헬스테크 브랜드, 슬룸입니다.
진심 어린 소중한 후기 감사합니다. 💜

앞으로도 좋은 상품과 서비스로 고객님들을 찾아뵐 수 있도록 노력하겠습니다.
감사합니다. :)"
116347,2026-06-17 00:00:00,,,10~15분 케어하면 몸이 가벼워지는 게 느껴지는 그 경험이 반복되니까 안 쓰면 허전해요. 퇴근하고 지쳐도 이것만큼은 꼭 켜게 됐어요. 몸이 좋아지는 경험이 습관을 만들더라고요.,6799f6bee730,,1003,바디풀고컷 경락 마사지기,99000,,기존리뷰,5,,0,0,1,"안녕하세요. 프리미엄 헬스테크 브랜드, 슬룸입니다.
정성스럽게 올려주신 소중한 후기 감사합니다. 💜

고객님의 목소리로 더 발전하는 슬룸이 되도록 노력하겠습니다.
감사합니다. 🙇‍♀️"
116348,2026-06-25 01:52:24,2026-06-21 11:07:25,2026-06-23 23:06:12,잘써보겠습니다 좋우면 더살께요,45bfcd2925b4,,1001,[슬룸] 구독자 전용 ★초특가★ 비밀링크,84900,수량선택: 발편한케어 L 1개,모바일,5,,0,0,1,"안녕하세요. 프리미엄 헬스테크 브랜드, 슬룸입니다.
진심 어린 소중한 후기 감사합니다. 💜

앞으로도 좋은 상품과 서비스로 고객님들을 찾아뵐 수 있도록 노력하겠습니다.
감사합니다. :)"
116349,2026-06-24 06:34:50,2026-06-21 15:35:15,2026-06-23 18:43:00,가벼워요. 저주파 자극이 짱 잘 느껴져요.,,,1001,[슬룸] 구독자 전용 ★초특가★ 비밀링크,84900,수량선택: 발편한케어 M 1개,기존리뷰,4,,0,0,1,"안녕하세요. 프리미엄 헬스테크 브랜드, 슬룸입니다.
시간 내어 소중한 후기를 작성해 주셔서 감사드립니다. :)

믿고 찾는 쇼핑몰이 되기 위해 더 좋은 상품과 서비스를 준비하겠습니다.
감사합니다. 💜"
116350,2026-06-24 07:24:04,2026-06-21 07:20:40,2026-06-23 13:43:50,자라목으로 힘들었는데 한결 나아졌습니다,,,1001,[슬룸] 구독자 전용 ★초특가★ 비밀링크,84900,수량선택: 목 마사지 베개 V2 1개,기존리뷰,5,,1,0,1,"안녕하세요. 프리미엄 헬스테크 브랜드, 슬룸입니다.
진심 어린 소중한 후기 감사합니다. 💜

앞으로도 좋은 상품과 서비스로 고객님들을 찾아뵐 수 있도록 노력하겠습니다.
감사합니다. :)"
116351,2026-06-24 07:32:05,2026-06-22 11:59:25,2026-06-23 16:11:12,만족스러운 마사지 기구입니다,,,1001,[슬룸] 구독자 전용 ★초특가★ 비밀링크,84900,수량선택: 발편한케어 M 1개,기존리뷰,5,,0,0,1,"안녕하세요. 프리미엄 헬스테크 브랜드, 슬룸입니다.
시간 내어 소중한 후기를 작성해 주셔서 감사드립니다. :)

믿고 찾는 쇼핑몰이 되기 위해 더 좋은 상품과 서비스를 준비하겠습니다.
감사합니다. 💜"
116352,2026-06-24 07:57:36,2026-06-08 06:07:50,2026-06-09 21:08:05,"저주파와 온열과 에어를 한번에 
쓰기 편하네요.",,,980,프리미엄 엘보케어 팔꿈치 마사지기,149000,수량선택: 데일리 릴렉스 세트 (팔꿈치 마사지기 + 마그네슘 시너지 크림),기존리뷰,4,,0,0,1,"안녕하세요. 프리미엄 헬스테크 브랜드, 슬룸입니다.
정성스럽게 올려주신 소중한 후기 감사합니다. 💜

고객님의 목소리로 더 발전하는 슬룸이 되도록 노력하겠습니다.
감사합니다. 🙇‍♀️"
116353,2026-06-24 09:04:14,2026-06-21 00:20:10,2026-06-23 16:16:17,시원하고 효과 좋네요!!!!,,,1001,[슬룸] 구독자 전용 ★초특가★ 비밀링크,84900,수량선택: 발편한케어 M 1개,기존리뷰,5,,1,0,1,"안녕하세요. 프리미엄 헬스테크 브랜드, 슬룸입니다.
진심 어린 소중한 후기 감사합니다. 💜

앞으로도 좋은 상품과 서비스로 고객님들을 찾아뵐 수 있도록 노력하겠습니다.
감사합니다. :)"
116354,2026-06-24 09:39:49,2026-06-21 01:18:20,2026-06-23 21:13:01,편하네요 잘쓰겠습니다~,,,1001,[슬룸] 구독자 전용 ★초특가★ 비밀링크,84900,수량선택: 목 마사지 베개 V2 1개,기존리뷰,5,,1,0,1,"안녕하세요. 프리미엄 헬스테크 브랜드, 슬룸입니다.
진심 어린 소중한 후기 감사합니다. 💜

앞으로도 좋은 상품과 서비스로 고객님들을 찾아뵐 수 있도록 노력하겠습니다.
감사합니다. :)"
116355,2026-06-24 10:02:29,2026-05-13 08:55:15,2026-05-14 17:30:18,덕분에 잘 쓰고있습니다.,,,291,목베개 플러스 경추 목 마사지기 베개,91000,수량선택: 목베개 플러스 1개 (마그네슘 시너지 크림 30ml 1개 증정),기존리뷰,5,,1,0,1,"안녕하세요. 프리미엄 헬스테크 브랜드, 슬룸입니다.
정성스럽게 올려주신 소중한 후기 감사합니다. 💜

고객님의 목소리로 더 발전하는 슬룸이 되도록 노력하겠습니다.
감사합니다. 🙇‍♀️"
116356,2026-06-24 10:29:19,2026-06-21 12:39:05,2026-06-23 16:23:20,배송빨랏고 사용해보니 생각보다 강도가 있어서 시원하니 좋아요!!! 오자마자 사용중ㅎㅎㅎ,,,980,프리미엄 엘보케어 팔꿈치 마사지기,149000,수량선택: 데일리 릴렉스 세트 (팔꿈치 마사지기 + 마그네슘 시너지 크림),기존리뷰,5,,1,0,1,"안녕하세요. 프리미엄 헬스테크 브랜드, 슬룸입니다.
진심 어린 소중한 후기 감사합니다. 💜

앞으로도 좋은 상품과 서비스로 고객님들을 찾아뵐 수 있도록 노력하겠습니다.
감사합니다. :)"
116357,2026-06-24 11:01:26,2026-06-21 20:08:35,2026-06-23 23:06:37,빠르게 잘 받았어요 괜챃아요,,,966,골반 케어 프리미엄 골반 마사지기,191000,수량선택: 골반 마사지기 1개,기존리뷰,5,,1,0,1,"안녕하세요. 프리미엄 헬스테크 브랜드, 슬룸입니다.
진심 어린 소중한 후기 감사합니다. 💜

앞으로도 좋은 상품과 서비스로 고객님들을 찾아뵐 수 있도록 노력하겠습니다.
감사합니다. :)"
116358,2026-06-24 12:31:34,2026-06-20 14:36:15,2026-06-23 13:44:09,그냥 그래요 파우치도 안들어가고... 고객센터는 연락도 안되고,,,1001,[슬룸] 구독자 전용 ★초특가★ 비밀링크,84900,수량선택: 발편한케어 L 1개,기존리뷰,1,,0,0,1,"안녕하세요 고객님, 프리미엄 헬스테크 브랜드, 슬룸입니다.
고객님께 만족스러운 경험을 드리지 못해 대단히 죄송합니다.😥

슬룸의 모든 제품은 인체공학적으로 설계되어 편안한 사용이 가능하나 초기 사용 시 1~2주 이상의 적응 기간이 필요할 수 있습니다. 
다만 수령하신 날짜 기준으로 30일 동안 꾸준히 사용해보시고도 만족하지 못하셨을 경우에는, 슬룸에서 진행하는 <100%환불이벤트> 에 참여하여 왕복배송비 제외 전액 환불이 가능합니다.

※ 제품을 30일간 꾸준히 사용한 경우, 배송완료 후 40일이내 신청이 가능
※ 환불 서비스는 첫 구매 체험을 위한 서비스로 1회만 신청 가능

▶ <100% 환불 이벤트> 상세 환불 조건 : https://sleeplab.co.kr/notice/?page=1#13709226_notice 

슬룸을 믿고 편하게 사용 및 체험해보시고, 그럼에도 만족하시지 못하셨을 경우 슬룸 공식몰의 채널톡을 통해 이벤트 기간 내 문의 주시면 환불 접수 도움드리겠습니다.

추가로 구매하신 파우치 중형은 발편한케어 제품이 보관 가능한 크기로 확인됩니다.
해당 부분에 대해서는 내부적으로 한번 더 확인 진행하도록 하겠습니다.

감사합니다."
116359,2026-06-24 13:01:44,2026-06-20 13:55:00,2026-06-23 18:42:07,이야 이거 와이프가 너무 좋아하네요. 하루종일 컴퓨터 앞에 앉아 있는 직업인 와이프인데 목이 너무 시원하고 편하다네요. 다리가 풀린다고요. 좋은 가격에 좋은 선물이 된거 같습니다.,,,1001,[슬룸] 구독자 전용 ★초특가★ 비밀링크,84900,수량선택: ★SET★ 발편한케어 L 1개 + 목 마사지 베개 V2 1개 + 마그네슘 시너지 크림 100원 + (증정)중형 파우치,기존리뷰,5,,1,0,1,"안녕하세요. 프리미엄 헬스테크 브랜드, 슬룸입니다.
시간 내어 소중한 후기를 작성해 주셔서 감사드립니다. :)

믿고 찾는 쇼핑몰이 되기 위해 더 좋은 상품과 서비스를 준비하겠습니다.
감사합니다. 💜"
116360,2026-06-24 13:11:14,2026-06-20 09:54:40,2026-06-23 21:13:03,아찍잘모르겠어  더사용해보고요,,,909,목 마사지 베개 V2 경추 마사지기 베개,112000,수량선택: 목 마사지 베개 V2 1개,기존리뷰,5,,0,0,1,"안녕하세요. 프리미엄 헬스테크 브랜드, 슬룸입니다.
진심 어린 소중한 후기 감사합니다. 💜

앞으로도 좋은 상품과 서비스로 고객님들을 찾아뵐 수 있도록 노력하겠습니다.
감사합니다. :)"
116361,2026-06-24 16:11:57,2026-05-17 16:48:45,2026-05-19 19:23:32,"무선인줄 알고 주문했는데..
할때마다 충전꽂아서 해야해서 쫌 불편해요.
그래서 반품할려고 했는데..
반품하는과정도 너무 복잡해서 그냥 쓰고있네요.",,,291,목베개 플러스 경추 목 마사지기 베개,91000,수량선택: 목베개 플러스 1개,기존리뷰,2,,0,0,1,"안녕하세요 고객님, 프리미엄 헬스테크 브랜드, 슬룸입니다.
고객님께 만족스러운 경험을 드리지 못해 대단히 죄송합니다.😥

슬룸의 모든 제품은 인체공학적으로 설계되어 편안한 사용이 가능하나 초기 사용 시 1~2주 이상의 적응 기간이 필요할 수 있습니다. 
다만 수령하신 날짜 기준으로 30일 동안 꾸준히 사용해보시고도 만족하지 못하셨을 경우에는, 슬룸에서 진행하는 <100%환불이벤트> 에 참여하여 왕복배송비 제외 전액 환불이 가능합니다.

※ 제품을 30일간 꾸준히 사용한 경우, 배송완료 후 40일이내 신청이 가능
※ 환불 서비스는 첫 구매 체험을 위한 서비스로 1회만 신청 가능

▶ <100% 환불 이벤트> 상세 환불 조건 : https://sleeplab.co.kr/notice/?page=1#13709226_notice 

슬룸을 믿고 편하게 사용 및 체험해보시고, 그럼에도 만족하시지 못하셨을 경우 슬룸 공식몰의 채널톡을 통해 이벤트 기간 내 문의 주시면 환불 접수 도움드리겠습니다."
116362,2026-06-24 16:16:50,2026-06-20 21:15:25,2026-06-23 13:43:38,아직어디가좋은지는잘모르겠지만꾸준히사용해볼려구요,,,1001,[슬룸] 구독자 전용 ★초특가★ 비밀링크,84900,수량선택: 발편한케어 M 1개,기존리뷰,4,,1,0,1,"안녕하세요. 프리미엄 헬스테크 브랜드, 슬룸입니다.
정성스럽게 올려주신 소중한 후기 감사합니다. 💜

고객님의 목소리로 더 발전하는 슬룸이 되도록 노력하겠습니다.
감사합니다. 🙇‍♀️"
116363,2026-06-24 16:19:54,2026-06-17 17:49:30,2026-06-19 10:38:07,엘보와서 불편했는데 이거 쓰니 좀 괜찮아 지는거 같아얃한의원이랑 병행하니 좋네요 정형외과는 안가요 가면 그놈의 체외충격파만 권해서,,,980,프리미엄 엘보케어 팔꿈치 마사지기,149000,수량선택: 팔꿈치 마사지기 1개,기존리뷰,5,,1,0,1,"안녕하세요. 프리미엄 헬스테크 브랜드, 슬룸입니다.
정성스럽게 올려주신 소중한 후기 감사합니다. 💜

고객님의 목소리로 더 발전하는 슬룸이 되도록 노력하겠습니다.
감사합니다. 🙇‍♀️"
116364,2026-06-24 17:05:45,2026-06-19 16:04:40,2026-06-23 18:38:18,좋아서 재구매 했네요 많이 파세요,,,909,목 마사지 베개 V2 경추 마사지기 베개,112000,수량선택: 목 마사지 베개 V2 1개,기존리뷰,5,,0,0,1,"안녕하세요. 프리미엄 헬스테크 브랜드, 슬룸입니다.
진심 어린 소중한 후기 감사합니다. 💜

앞으로도 좋은 상품과 서비스로 고객님들을 찾아뵐 수 있도록 노력하겠습니다.
감사합니다. :)"
116365,2026-06-24 17:18:33,2026-06-21 16:08:10,2026-06-23 18:38:43,일단 원사이즈라 사이즈가 맞을거라 생각했는데요 사이즈가 안맞네요 사이즈별로 제작을 하시거나 사이즈가 작은 분들을 위해 대처 할 길이 연장 가능한 연장 키트 같은 대처 품이요,,,980,프리미엄 엘보케어 팔꿈치 마사지기,149000,수량선택: 데일리 릴렉스 세트 (팔꿈치 마사지기 + 마그네슘 시너지 크림),기존리뷰,3,,2,0,1,"안녕하세요. 프리미엄 헬스테크 브랜드, 슬룸입니다.
고객님께 만족스러운 경험을 드리지 못해 대단히 죄송합니다. 😥

리뷰로는 상세한 안내가 어려워, 자세한 내용 알림톡(문자) 발송 도와드렸으니 확인 부탁드리겠습니다.
추가로 궁금하신 점이 있으시거나 문자 확인하신 후에도 해결되지 않는 경우
번거로우시겠지만 슬룸 채팅 상담을 통해 연락 주시면 빠르게 안내 도와드리겠습니다.

▶ 슬룸 채팅 상담 (※ 월-목 09:30-17:00, 금 09:30-16:00, 주말 및 공휴일 휴무)
http://sloom.channel.io/

고객님의 목소리로 더 발전하는 슬룸이 되도록 노력하겠습니다. 감사합니다."
116366,2026-06-24 17:24:44,2026-06-20 15:28:25,2026-06-23 13:44:09,이전에 다른 알려진데서 발바닥 대는 저주파 맛사비기 샀는데 잘 안돼서 돈만 버렸는데 좋은 가격에 리모콘도 있고 발 풀리는 걸론 최고입니다 요즘 오래 서있다 보니 발 종아리가 힘들었는데 두 번 정도 하고 나니 시원하고 좋아요,,,1001,[슬룸] 구독자 전용 ★초특가★ 비밀링크,84900,수량선택: 발편한케어 L 1개,기존리뷰,5,,2,0,1,"안녕하세요. 프리미엄 헬스테크 브랜드, 슬룸입니다.
시간 내어 소중한 후기를 작성해 주셔서 감사드립니다. :)

믿고 찾는 쇼핑몰이 되기 위해 더 좋은 상품과 서비스를 준비하겠습니다.
감사합니다. 💜"
116367,2026-06-24 20:07:32,2026-06-13 03:46:40,2026-06-16 18:42:07,좋응 것 같아요~~,,,636,허리편한케어 V2 허리 마사지기,131000,수량선택: 허리편한케어 V2 1개 (허리베개 1개 증정),기존리뷰,5,,0,0,1,"안녕하세요. 프리미엄 헬스테크 브랜드, 슬룸입니다.
진심 어린 소중한 후기 감사합니다. 💜

앞으로도 좋은 상품과 서비스로 고객님들을 찾아뵐 수 있도록 노력하겠습니다.
감사합니다. :)"
116368,2026-06-24 23:22:23,2026-06-23 13:02:25,2026-06-24 13:37:46,화면과 똑같아요 오늘 처음 써봅니다 부디 허리가 안아팠으면 좋겠어요,,,39,허리베개 허리 편안 베개,43800,수량선택: 허리베개 1개,기존리뷰,3,,0,0,1,"안녕하세요. 프리미엄 헬스테크 브랜드, 슬룸입니다.
정성스럽게 올려주신 소중한 후기 감사합니다. 💜

고객님의 목소리로 더 발전하는 슬룸이 되도록 노력하겠습니다.
감사합니다. 🙇‍♀️"
116369,2026-06-25 00:11:13,2026-06-20 19:21:45,2026-06-23 16:15:42,어우 발에 오는 자극이 1단계인데도 엄청납니다,,,1001,[슬룸] 구독자 전용 ★초특가★ 비밀링크,84900,수량선택: 발편한케어 M 1개,기존리뷰,5,,2,0,1,"안녕하세요. 프리미엄 헬스테크 브랜드, 슬룸입니다.
정성스럽게 올려주신 소중한 후기 감사합니다. 💜

고객님의 목소리로 더 발전하는 슬룸이 되도록 노력하겠습니다.
감사합니다. 🙇‍♀️"
116370,2026-06-25 00:12:07,2026-06-20 19:21:45,2026-06-23 16:15:42,부모님 선물로 드리려고 사봣어요!!! 신발은 제가 미리 써봣는데 좋아하실거같아요,,,1001,[슬룸] 구독자 전용 ★초특가★ 비밀링크,84900,수량선택: ★SET★ 발편한케어 L 1개 + 목 마사지 베개 V2 1개 + 마그네슘 시너지 크림 100원 + (증정)중형 파우치,기존리뷰,5,,1,0,1,"안녕하세요. 프리미엄 헬스테크 브랜드, 슬룸입니다.
진심 어린 소중한 후기 감사합니다. 💜

앞으로도 좋은 상품과 서비스로 고객님들을 찾아뵐 수 있도록 노력하겠습니다.
감사합니다. :)"
116371,2026-06-25 06:33:19,2026-06-17 09:29:30,2026-06-18 16:08:36,어머님께서 아주 좋아 하세요 목디스크가있어 항상불편해하셨는데 마사지기 베개 사용후 잘주무신다고합니다,c493ec6e92f1,,909,목 마사지 베개 V2 경추 마사지기 베개,112000,수량선택: 목 마사지 베개 V2 1개,모바일,5,,1,0,1,"안녕하세요. 프리미엄 헬스테크 브랜드, 슬룸입니다.
시간 내어 소중한 후기를 작성해 주셔서 감사드립니다. :)

믿고 찾는 쇼핑몰이 되기 위해 더 좋은 상품과 서비스를 준비하겠습니다.
감사합니다. 💜"
116372,2026-06-25 06:33:45,2026-06-19 13:57:09,2026-06-20 16:16:40,빠른 배송 좋은 제품 감사합니다,c493ec6e92f1,,330,USB 충전 어댑터 멀티 충전기,5900,,모바일,5,,0,0,1,"안녕하세요. 프리미엄 헬스테크 브랜드, 슬룸입니다.
정성스럽게 올려주신 소중한 후기 감사합니다. 💜

고객님의 목소리로 더 발전하는 슬룸이 되도록 노력하겠습니다.
감사합니다. 🙇‍♀️"
116373,2026-06-25 08:12:01,2026-06-22 21:09:01,2026-06-24 18:36:41,"켜자마자 따뜻한 온열이 목뒤로 전달해져 좋았습니다
기본모드로만 사용해서 그런지 압력은 좀 약했고 모터 소음은 좀 크게 나는 편입니다",c000039c813c,,909,목 마사지 베개 V2 경추 마사지기 베개,112000,수량선택: 목 마사지 베개 V2 1개,모바일(팝업),4,,0,0,1,"안녕하세요. 프리미엄 헬스테크 브랜드, 슬룸입니다.
시간 내어 소중한 후기를 작성해 주셔서 감사드립니다. :)

믿고 찾는 쇼핑몰이 되기 위해 더 좋은 상품과 서비스를 준비하겠습니다.
감사합니다. 💜"
116374,2026-06-11 00:00:00,,,"하체 순환이 안 되면 집에 와도 몸이 무거운데, 이걸 쓰고 나면 그 무거움이 사라져요. 심리적으로도 하루가 마무리되는 느낌이 들어서, 지금은 이 루틴이 단순한 케어 이상의 의미가 생겼어요.",a3a9b6314b4e,,1003,바디풀고컷 경락 마사지기,99000,,기존리뷰,5,,0,0,1,"안녕하세요. 프리미엄 헬스테크 브랜드, 슬룸입니다.
정성스럽게 올려주신 소중한 후기 감사합니다. 💜

고객님의 목소리로 더 발전하는 슬룸이 되도록 노력하겠습니다.
감사합니다. 🙇‍♀️"
116375,2026-06-10 00:00:00,,,"퇴근하고 바닥에 앉아서 TV 보면서 종아리에 이걸 굴리는 게 일상이 됐어요. 20분 동안 드라마 보면서 붓기 케어가 같이 되니까, 따로 시간을 낼 필요가 없어서 루틴이 유지되는 것 같아요. 멀티태스킹이 가능한 게 이 루틴의 핵심이에요.",c031e6013ede,,1003,바디풀고컷 경락 마사지기,99000,,기존리뷰,5,,0,0,1,"안녕하세요. 프리미엄 헬스테크 브랜드, 슬룸입니다.
진심 어린 소중한 후기 감사합니다. 💜

앞으로도 좋은 상품과 서비스로 고객님들을 찾아뵐 수 있도록 노력하겠습니다.
감사합니다. :)"
116376,2026-06-08 00:00:00,,,"민소매 입을 때 팔뚝이 신경 쓰여서 항상 무언가를 걸쳤는데, 팔뚝 집중 케어 3주 후로는 그 습관이 없어졌어요. 살이 빠진 게 아니라 탄탄해지면서 라인이 달라진 건데, 친구가 먼저 알아채고 살 빠졌냐고 물어봤어요. 그 질문이 제일 뿌듯했어요.",92bab3c714a0,,1003,바디풀고컷 경락 마사지기,99000,,기존리뷰,5,,0,0,1,"안녕하세요. 프리미엄 헬스테크 브랜드, 슬룸입니다.
정성스럽게 올려주신 소중한 후기 감사합니다. 💜

고객님의 목소리로 더 발전하는 슬룸이 되도록 노력하겠습니다.
감사합니다. 🙇‍♀️"
116377,2026-06-23 00:00:00,,,"올 여름 반바지 입겠다는 목표로 샀는데, 지금 반바지 입고 이 후기 쓰고 있어요. 종아리 붓기가 빠지고 허벅지 탄력이 올라오면서 목표가 생각보다 빨리 이뤄졌어요. 내년 여름엔 더 일찍 시작할 것 같아요.",b58a980da380,,1003,바디풀고컷 경락 마사지기,99000,,기존리뷰,4,,0,0,1,"안녕하세요. 프리미엄 헬스테크 브랜드, 슬룸입니다.
진심 어린 소중한 후기 감사합니다. 💜

앞으로도 좋은 상품과 서비스로 고객님들을 찾아뵐 수 있도록 노력하겠습니다.
감사합니다. :)"
116378,2026-06-19 00:00:00,,,"여름 준비가 거창해야 한다고 생각했는데, 매일 자기 전 20분씩 굴리는 게 전부였어요. 그게 한 달이 쌓이면 충분히 달라진다는 걸 이번에 알았어요. 큰 목표보다 작은 루틴이 오래간다는 것도요.",14934ad2775b,,1003,바디풀고컷 경락 마사지기,99000,,기존리뷰,5,,0,0,1,"안녕하세요. 프리미엄 헬스테크 브랜드, 슬룸입니다.
진심 어린 소중한 후기 감사합니다. 💜

앞으로도 좋은 상품과 서비스로 고객님들을 찾아뵐 수 있도록 노력하겠습니다.
감사합니다. :)"
116379,2026-06-08 00:00:00,,,"셀룰라이트 집중 케어는 허벅지 M3 9단계에 근적외선 ON으로 매일 15분 했어요. 4주 후 표면 결이 달라졌어요. 완전히 없어진 건 아니지만 매끄러워진 게 손으로도 느껴지고, 수건으로 닦을 때 피부 질감이 다른 걸 알 수 있었어요.",4d520079ceda,,1003,바디풀고컷 경락 마사지기,99000,,기존리뷰,5,,0,0,1,"안녕하세요. 프리미엄 헬스테크 브랜드, 슬룸입니다.
진심 어린 소중한 후기 감사합니다. 💜

앞으로도 좋은 상품과 서비스로 고객님들을 찾아뵐 수 있도록 노력하겠습니다.
감사합니다. :)"
116380,2026-06-13 00:00:00,,,"매년 여름마다 같은 걱정을 했어요. 팔뚝, 허벅지, 복부. 올해는 사전예약 해놓고 기다렸다가 여름 전부터 준비를 시작했어요. 매일 부위별로 케어하는 루틴이 생겼고, 이번 여름에 거울을 보는 게 전년도랑 달랐어요. 그 차이가 꾸준함에서 나왔다는 걸 알아요.",4408e0fd38be,,1003,바디풀고컷 경락 마사지기,99000,,기존리뷰,5,,0,0,1,"안녕하세요. 프리미엄 헬스테크 브랜드, 슬룸입니다.
시간 내어 소중한 후기를 작성해 주셔서 감사드립니다. :)

믿고 찾는 쇼핑몰이 되기 위해 더 좋은 상품과 서비스를 준비하겠습니다.
감사합니다. 💜"
116381,2026-06-08 00:00:00,,,"출장이 잦아서 홈케어 기기를 찾다가 이걸 선택했어요. 무선이라 가방에 넣어가면 되고, 호텔에서도 똑같이 루틴 유지가 가능해요. 환경이 바뀌어도 루틴이 흔들리지 않는다는 게 생각보다 중요한 부분이에요.",0a1f64352cbb,,1003,바디풀고컷 경락 마사지기,99000,,기존리뷰,4,,0,0,1,"안녕하세요. 프리미엄 헬스테크 브랜드, 슬룸입니다.
시간 내어 소중한 후기를 작성해 주셔서 감사드립니다. :)

믿고 찾는 쇼핑몰이 되기 위해 더 좋은 상품과 서비스를 준비하겠습니다.
감사합니다. 💜"
116382,2026-06-16 00:00:00,,,"야간 근무 다음 날은 M1 종아리 6단계 15분, 근적외선 ON으로 자기 전에 해요. 아침에 일어났을 때 차이가 제일 잘 느껴지는데, 발바닥 두께가 달라지는 게 신발 신을 때 바로 알 수 있어요. 야근 다음 날 아침도 예전보다 훨씬 견딜 만해졌어요.",781bfd7c27e2,,1003,바디풀고컷 경락 마사지기,99000,,기존리뷰,5,,0,0,1,"안녕하세요. 프리미엄 헬스테크 브랜드, 슬룸입니다.
시간 내어 소중한 후기를 작성해 주셔서 감사드립니다. :)

믿고 찾는 쇼핑몰이 되기 위해 더 좋은 상품과 서비스를 준비하겠습니다.
감사합니다. 💜"
116383,2026-06-08 00:00:00,,,"셀룰라이트를 없앤다기보다 매끄럽게 만든다는 표현이 맞아요. 허벅지 뒤쪽에 집중해서 쓰다 보니 표면이 달라지는 게 느껴지고, 수건으로 닦을 때 피부 질감이 달라진 걸 알 수 있었어요. 완전히 없어지진 않아도 이 차이가 자신감에 영향을 줘요.",b5957c909609,,1003,바디풀고컷 경락 마사지기,99000,,기존리뷰,5,,0,0,1,"안녕하세요. 프리미엄 헬스테크 브랜드, 슬룸입니다.
시간 내어 소중한 후기를 작성해 주셔서 감사드립니다. :)

믿고 찾는 쇼핑몰이 되기 위해 더 좋은 상품과 서비스를 준비하겠습니다.
감사합니다. 💜"
116384,2026-06-09 00:00:00,,,"자기 전 마지막 루틴이 이게 됐어요. 불 끄고 근적외선 켜고 누워서 굴리다가 그냥 잠드는 날도 있어요. 몸이 따뜻해지면서 이완되는 느낌이라, 잠드는 게 전보다 편해졌어요. 루틴이 수면 질까지 바꿔준 것 같아요.",10b572747201,,1003,바디풀고컷 경락 마사지기,99000,,기존리뷰,4,,0,0,1,"안녕하세요. 프리미엄 헬스테크 브랜드, 슬룸입니다.
진심 어린 소중한 후기 감사합니다. 💜

앞으로도 좋은 상품과 서비스로 고객님들을 찾아뵐 수 있도록 노력하겠습니다.
감사합니다. :)"
116385,2026-06-10 00:00:00,,,"처음엔 강도 3단계로만 쓰다가 적응되면서 올렸는데, 7단계쯤에서 허벅지 안쪽 근육이 처음으로 반응하는 게 느껴졌어요. 그 느낌이 운동할 때 근육 쓰는 것과 비슷해서, 이게 진짜 EMS 효과구나 싶었어요. 그 이후로 부위별로 강도를 다르게 세팅해서 쓰고 있어요.",4da2d3f36f8c,,1003,바디풀고컷 경락 마사지기,99000,,기존리뷰,5,,0,0,1,"안녕하세요. 프리미엄 헬스테크 브랜드, 슬룸입니다.
시간 내어 소중한 후기를 작성해 주셔서 감사드립니다. :)

믿고 찾는 쇼핑몰이 되기 위해 더 좋은 상품과 서비스를 준비하겠습니다.
감사합니다. 💜"
116386,2026-06-20 00:00:00,,,"복부 탄력이 올라오는 게 피부 결로 먼저 느껴졌어요. 체중 숫자가 줄지 않아도 거울을 보는 게 달라지는 경험이었는데, 살을 뺀다기보다 라인을 잡는 개념이라는 걸 이걸 쓰면서 처음 이해했어요.",c8446e2e6e6a,,1003,바디풀고컷 경락 마사지기,99000,,기존리뷰,5,,0,0,1,"안녕하세요. 프리미엄 헬스테크 브랜드, 슬룸입니다.
시간 내어 소중한 후기를 작성해 주셔서 감사드립니다. :)

믿고 찾는 쇼핑몰이 되기 위해 더 좋은 상품과 서비스를 준비하겠습니다.
감사합니다. 💜"
116387,2026-06-09 00:00:00,,,"허벅지 안쪽처럼 운동으로 자극 주기 어려운 부위에 쓰면 그 안쪽 근육이 수축하는 게 느껴져요. M3 컷팅모드 9단계로 설정하면 강약이 반복되면서 근육이 반응하는 게 확실히 오는데, 15분 후 따뜻해지면서 순환이 도는 느낌이 좋아요.",ada9a7f0263f,,1003,바디풀고컷 경락 마사지기,99000,,기존리뷰,5,,0,0,1,"안녕하세요. 프리미엄 헬스테크 브랜드, 슬룸입니다.
진심 어린 소중한 후기 감사합니다. 💜

앞으로도 좋은 상품과 서비스로 고객님들을 찾아뵐 수 있도록 노력하겠습니다.
감사합니다. :)"
116388,2026-06-23 00:00:00,,,"처음에 전기 자극이라는 말이 무서웠는데, 1단계는 살짝 찌릿한 정도라 부담 없이 시작할 수 있었어요. 적응되면서 강도를 올리다 보니 지금은 12단계까지 쓰고 있어요. 승모근에 높은 강도 쓰면 오래 뭉쳐있던 부분이 반응하면서 풀리는 게 느껴지는데, 이 자극이 이제는 없으면 섭섭해요.",6e2a35c7c7c5,,1003,바디풀고컷 경락 마사지기,99000,,기존리뷰,4,,0,0,1,"안녕하세요. 프리미엄 헬스테크 브랜드, 슬룸입니다.
시간 내어 소중한 후기를 작성해 주셔서 감사드립니다. :)

믿고 찾는 쇼핑몰이 되기 위해 더 좋은 상품과 서비스를 준비하겠습니다.
감사합니다. 💜"
116389,2026-06-19 00:00:00,,,"종아리에 붓기모드로 쓸 때 강도 6단계에서 근육이 조였다 풀리는 게 느껴져요. 에스테틱에서 다리 기계 케어 받을 때랑 비슷한 자극이라, 처음엔 이게 집에서 되는 게 맞나 싶었어요. 지금은 퇴근 후 루틴으로 완전히 자리 잡았어요.",011614df8e4b,,1003,바디풀고컷 경락 마사지기,99000,,기존리뷰,5,,0,0,1,"안녕하세요. 프리미엄 헬스테크 브랜드, 슬룸입니다.
시간 내어 소중한 후기를 작성해 주셔서 감사드립니다. :)

믿고 찾는 쇼핑몰이 되기 위해 더 좋은 상품과 서비스를 준비하겠습니다.
감사합니다. 💜"
116390,2026-06-12 00:00:00,,,"세 달째 에스테틱 예약 안 했는데 몸 상태가 오히려 더 좋아요. 매일 집에서 관리하니까 오히려 더 꾸준히 되는 것 같고, 팔뚝살도 전보다 덜 신경 쓰이게 됐어요. 루틴이 자리 잡힌 이후로 관리에 들어가는 비용이랑 시간이 둘 다 줄었어요.",59fde11bf710,,1003,바디풀고컷 경락 마사지기,99000,,기존리뷰,5,,0,0,1,"안녕하세요. 프리미엄 헬스테크 브랜드, 슬룸입니다.
정성스럽게 올려주신 소중한 후기 감사합니다. 💜

고객님의 목소리로 더 발전하는 슬룸이 되도록 노력하겠습니다.
감사합니다. 🙇‍♀️"
116391,2026-06-23 00:00:00,,,"허벅지 셀룰라이트 때문에 괄사 받으러 다녔는데, 집에서 하니까 오히려 더 자주 관리돼요. 샵은 예약 잡기가 번거롭고 이동 시간도 있으니까 결국 주기가 불규칙해졌는데, 이건 그냥 켜면 되니까 매일 하게 되더라고요. 꾸준히 굴려줬더니 표면 결이 달라지는 게 손으로도 느껴지고, 레깅스 핏도 전과 달라졌어요.",5d91d4b41ba3,,1003,바디풀고컷 경락 마사지기,99000,,기존리뷰,5,,0,0,1,"안녕하세요. 프리미엄 헬스테크 브랜드, 슬룸입니다.
정성스럽게 올려주신 소중한 후기 감사합니다. 💜

고객님의 목소리로 더 발전하는 슬룸이 되도록 노력하겠습니다.
감사합니다. 🙇‍♀️"
116392,2026-06-13 00:00:00,,,"복부 옆구리 쪽에 M3 8단계로 좌우 각 7분씩 집중해서 썼어요. 살이 빠진다기보다 압으로 눌려서 정돈되는 느낌인데, 크롭티 입었을 때 옆 라인이 전과 달라 보이는 게 확실히 느껴졌어요.",9d6b26089c12,,1003,바디풀고컷 경락 마사지기,99000,,기존리뷰,4,,0,0,1,"안녕하세요. 프리미엄 헬스테크 브랜드, 슬룸입니다.
시간 내어 소중한 후기를 작성해 주셔서 감사드립니다. :)

믿고 찾는 쇼핑몰이 되기 위해 더 좋은 상품과 서비스를 준비하겠습니다.
감사합니다. 💜"
116393,2026-06-24 00:00:00,,,"반신반의로 샀다가 첫날 쓰고 자극이 확실히 오길래 의심이 사라졌어요. 경락볼이 압을 넣어주는 느낌이 손 마사지랑 비슷해서, 이 가격에 이게 되는 게 맞나 싶었어요. 한 달 쓰다 보니 뱃살 라인이 조금씩 정돈되는 게 보였고, 살이 빠진다기보다 탄력이 올라가면서 라인이 달라지는 개념이라는 걸 이해하게 됐어요.",35aed6724242,,1003,바디풀고컷 경락 마사지기,99000,,기존리뷰,5,,0,0,1,"안녕하세요. 프리미엄 헬스테크 브랜드, 슬룸입니다.
진심 어린 소중한 후기 감사합니다. 💜

앞으로도 좋은 상품과 서비스로 고객님들을 찾아뵐 수 있도록 노력하겠습니다.
감사합니다. :)"
116394,2026-06-15 00:00:00,,,"다리 붓기 때문에 저녁엔 항상 누워만 있었는데, 이걸 쓰면서 저녁에도 활동이 가능해졌어요. 붓기가 빠지면 몸이 가벼워지고 에너지도 같이 돌아오는 것 같아요. 저녁 시간이 달라지니까 생활 전반이 조금씩 바뀌는 느낌이에요.",abe3b1c57a41,,1003,바디풀고컷 경락 마사지기,99000,,기존리뷰,5,,0,0,1,"안녕하세요. 프리미엄 헬스테크 브랜드, 슬룸입니다.
시간 내어 소중한 후기를 작성해 주셔서 감사드립니다. :)

믿고 찾는 쇼핑몰이 되기 위해 더 좋은 상품과 서비스를 준비하겠습니다.
감사합니다. 💜"
116395,2026-06-15 00:00:00,,,"젤 없이 써봤더니 아무 느낌도 없어서 반품까지 생각했어요. 설명서 다시 읽고 젤 바르고 썼더니 자극이 완전히 달라졌고, 처음으로 EMS가 진짜 작동한다는 게 느껴졌어요. 맨살에 직접 닿게 하고 젤을 두껍게 펴 바르는 게 핵심인 것 같아요. 그 이후로는 한 번도 실망한 적이 없어요.",43d596685069,,1003,바디풀고컷 경락 마사지기,99000,,기존리뷰,4,,0,0,1,"안녕하세요. 프리미엄 헬스테크 브랜드, 슬룸입니다.
정성스럽게 올려주신 소중한 후기 감사합니다. 💜

고객님의 목소리로 더 발전하는 슬룸이 되도록 노력하겠습니다.
감사합니다. 🙇‍♀️"
116396,2026-06-15 00:00:00,,,"EMS라는 단어가 낯설어서 오래 고민했는데, 막상 써보니까 무서운 게 아니라 근육이 자연스럽게 움직이는 느낌이었어요. 처음엔 낯설고 이후엔 익숙해지고, 지금은 없으면 허전하다는 생각이 들어요. 자극에 적응되면서 강도를 올릴수록 효과가 더 잘 느껴져요.",44d8b392e557,,1003,바디풀고컷 경락 마사지기,99000,,기존리뷰,5,,0,0,1,"안녕하세요. 프리미엄 헬스테크 브랜드, 슬룸입니다.
시간 내어 소중한 후기를 작성해 주셔서 감사드립니다. :)

믿고 찾는 쇼핑몰이 되기 위해 더 좋은 상품과 서비스를 준비하겠습니다.
감사합니다. 💜"
116397,2026-06-17 00:00:00,,,"사전예약 했어요. 거울 보는 게 싫어서 민소매를 안 입었는데, 한 달 꾸준히 쓰고 나서 민소매 입었어요. 거울을 봤는데 괜찮았어요. 별거 아닌 것 같지만 그 순간이 제일 기억에 남아요. 자기 전 20분 루틴이 만들어준 변화였어요.",88df0e871565,,1003,바디풀고컷 경락 마사지기,99000,,기존리뷰,5,,0,0,1,"안녕하세요. 프리미엄 헬스테크 브랜드, 슬룸입니다.
시간 내어 소중한 후기를 작성해 주셔서 감사드립니다. :)

믿고 찾는 쇼핑몰이 되기 위해 더 좋은 상품과 서비스를 준비하겠습니다.
감사합니다. 💜"
116398,2026-06-14 00:00:00,,,"퇴근하면 종아리가 당겨서 계단 내려가기도 불편했는데, 붓기모드로 굴려주고 나면 그 당기는 느낌이 없어져요. 매일 하다 보니까 붓기 자체가 쌓이는 속도가 느려진 것 같고, 퇴근 후 몸 상태가 전반적으로 달라졌어요.",57c97f1f9790,,1003,바디풀고컷 경락 마사지기,99000,,기존리뷰,5,,0,0,1,"안녕하세요. 프리미엄 헬스테크 브랜드, 슬룸입니다.
진심 어린 소중한 후기 감사합니다. 💜

앞으로도 좋은 상품과 서비스로 고객님들을 찾아뵐 수 있도록 노력하겠습니다.
감사합니다. :)"
116399,2026-06-18 00:00:00,,,"괄사 기기를 여러 개 써봤는데, EMS까지 들어간 건 처음이었어요. 그냥 두드리는 기기랑 자극 자체가 달라서 처음엔 적응이 필요했는데, 일주일 지나니까 이 자극이 없으면 아쉬운 수준이 됐어요. 허벅지 셀룰라이트가 꾸준히 굴려줬더니 표면 결이 달라지는 게 느껴지고, 그 이후로 샵 가는 주기가 확 줄었어요. 그만큼 비용도 줄었고요.",3723c9535bc3,,1003,바디풀고컷 경락 마사지기,99000,,기존리뷰,4,,0,0,1,"안녕하세요. 프리미엄 헬스테크 브랜드, 슬룸입니다.
시간 내어 소중한 후기를 작성해 주셔서 감사드립니다. :)

믿고 찾는 쇼핑몰이 되기 위해 더 좋은 상품과 서비스를 준비하겠습니다.
감사합니다. 💜"
116400,2026-06-11 00:00:00,,,"종아리 M1 5단계 15분으로 붓기 먼저 잡고, 허벅지 M3 8단계 12분으로 셀룰라이트 집중 케어, 복부 M2 6단계 10분으로 탄력 올리는 순서로 해요. 전신 케어가 40분 안에 가능하다는 게 처음엔 믿기지 않았는데, 실제로 해보니까 충분히 됐어요.",a14a0dc8f4b4,,1003,바디풀고컷 경락 마사지기,99000,,기존리뷰,5,,0,0,1,"안녕하세요. 프리미엄 헬스테크 브랜드, 슬룸입니다.
시간 내어 소중한 후기를 작성해 주셔서 감사드립니다. :)

믿고 찾는 쇼핑몰이 되기 위해 더 좋은 상품과 서비스를 준비하겠습니다.
감사합니다. 💜"
116401,2026-06-23 00:00:00,,,"혼자 사는데 샵 가는 게 예약부터 이동까지 번거로웠어요. 집에서 혼자 할 수 있으니까 오히려 더 자주, 더 편하게 케어하게 됐어요. 샵보다 집에서 더 꾸준히 관리되는 역설이 생긴 거예요.",b4717066989d,,1003,바디풀고컷 경락 마사지기,99000,,기존리뷰,5,,0,0,1,"안녕하세요. 프리미엄 헬스테크 브랜드, 슬룸입니다.
정성스럽게 올려주신 소중한 후기 감사합니다. 💜

고객님의 목소리로 더 발전하는 슬룸이 되도록 노력하겠습니다.
감사합니다. 🙇‍♀️"
116402,2026-06-22 00:00:00,,,"강도 1단계는 솔직히 별 느낌이 없어요. 5단계 넘어가면서부터 근육이 반응하는 게 느껴지고, 8단계쯤 되면 속근육까지 자극이 오는 게 확실해요. 처음부터 높이면 놀랄 수 있으니까 천천히 올리는 걸 추천해요. 저는 지금 허벅지에 9단계, 승모근에 11단계로 쓰고 있어요.",5d1dfc853e04,,1003,바디풀고컷 경락 마사지기,99000,,기존리뷰,5,,0,0,1,"안녕하세요. 프리미엄 헬스테크 브랜드, 슬룸입니다.
시간 내어 소중한 후기를 작성해 주셔서 감사드립니다. :)

믿고 찾는 쇼핑몰이 되기 위해 더 좋은 상품과 서비스를 준비하겠습니다.
감사합니다. 💜"
116403,2026-06-14 00:00:00,,,"야근이 잦아서 샵 예약을 항상 취소하다가 결국 이걸 샀어요. 야근 끝나고 와서도 쓸 수 있고, 어떤 시간에든 루틴 유지가 가능해요. 예약 신경 안 써도 되는 게 제일 큰 장점인데, 그래서 오히려 한 번도 빠뜨린 적이 없어요.",ab2522ac3cbc,,1003,바디풀고컷 경락 마사지기,99000,,기존리뷰,4,,0,0,1,"안녕하세요. 프리미엄 헬스테크 브랜드, 슬룸입니다.
시간 내어 소중한 후기를 작성해 주셔서 감사드립니다. :)

믿고 찾는 쇼핑몰이 되기 위해 더 좋은 상품과 서비스를 준비하겠습니다.
감사합니다. 💜"
116404,2026-06-11 00:00:00,,,"처음엔 기기가 어려울까봐 걱정했는데, 전원 켜면 M1으로 자동 시작되고 버튼 누르면 모드 변경이 되니까 너무 쉬웠어요. 자극도 생각보다 확실히 오고, 적응되면서 강도를 올리는 재미가 있어요. 지금은 에스테틱 가는 돈이 이 루틴으로 다 절약되고 있어요.",b7dc465bb122,,1003,바디풀고컷 경락 마사지기,99000,,기존리뷰,5,,0,0,1,"안녕하세요. 프리미엄 헬스테크 브랜드, 슬룸입니다.
진심 어린 소중한 후기 감사합니다. 💜

앞으로도 좋은 상품과 서비스로 고객님들을 찾아뵐 수 있도록 노력하겠습니다.
감사합니다. :)"
116405,2026-06-08 00:00:00,,,"허벅지부터 종아리까지 케어해주면 혈액 순환이 돌아오는 느낌이에요. 따뜻해지면서 붓기가 빠지는 게 확실히 느껴지고, 그 이후엔 잠도 더 잘 자는 것 같아요. 수면 질이랑 붓기가 연관이 있다는 걸 이걸 쓰면서 처음 알았어요.",651fe087782f,,1003,바디풀고컷 경락 마사지기,99000,,기존리뷰,5,,0,0,1,"안녕하세요. 프리미엄 헬스테크 브랜드, 슬룸입니다.
진심 어린 소중한 후기 감사합니다. 💜

앞으로도 좋은 상품과 서비스로 고객님들을 찾아뵐 수 있도록 노력하겠습니다.
감사합니다. :)"
116406,2026-06-24 00:00:00,,,"처음 사용할 때 EMS 기기 효과를 반신반의했는데, 실제로 써보니까 근육에 닿는 자극이 확실히 있어서 이건 작동하는 기기구나 싶었어요. 배에 올려놓고 8단계로 쓰면 배 근육이 실제로 수축하는 게 손으로 느껴지는데, 그게 처음 확신이 생긴 순간이었어요.",8d4c79f8d09e,,1003,바디풀고컷 경락 마사지기,99000,,기존리뷰,4,,0,0,1,"안녕하세요. 프리미엄 헬스테크 브랜드, 슬룸입니다.
진심 어린 소중한 후기 감사합니다. 💜

앞으로도 좋은 상품과 서비스로 고객님들을 찾아뵐 수 있도록 노력하겠습니다.
감사합니다. :)"
116407,2026-06-23 00:00:00,,,"살면서 뭔가를 사고 '이거 진짜 본전 뽑는다'는 생각을 잘 안 하는데, 이건 그 생각이 들어요. 쓸 때마다 샵 한 번 아꼈다는 뿌듯함이 같이 오거든요. 팔뚝이랑 복부, 종아리를 번갈아가며 쓰다 보니 전신이 고루 관리되는 느낌이고, 루틴이 자리 잡힌 이후로 몸 상태가 전체적으로 좋아졌어요.",9bc4f7a31efe,,1003,바디풀고컷 경락 마사지기,99000,,기존리뷰,5,,0,0,1,"안녕하세요. 프리미엄 헬스테크 브랜드, 슬룸입니다.
시간 내어 소중한 후기를 작성해 주셔서 감사드립니다. :)

믿고 찾는 쇼핑몰이 되기 위해 더 좋은 상품과 서비스를 준비하겠습니다.
감사합니다. 💜"
116408,2026-06-22 00:00:00,,,"임신 중도 아닌데 발이 엄청 잘 붓는 체질이었는데, 매일 케어하면서 붓기 정도가 많이 줄었어요. 아침 기상 때 차이가 제일 잘 느껴지는데, 예전엔 아침에도 발이 부어있었는데 지금은 그게 없어요. 체질이라고 포기했던 게 관리가 된다는 걸 알게 됐어요.",1e382563a422,,1003,바디풀고컷 경락 마사지기,99000,,기존리뷰,5,,0,0,1,"안녕하세요. 프리미엄 헬스테크 브랜드, 슬룸입니다.
정성스럽게 올려주신 소중한 후기 감사합니다. 💜

고객님의 목소리로 더 발전하는 슬룸이 되도록 노력하겠습니다.
감사합니다. 🙇‍♀️"
116409,2026-06-15 00:00:00,,,"부유방 때문에 브라 핏이 항상 불만이었어요. 겨드랑이 쪽이랑 팔뚝 안쪽에 집중해서 M2 5단계로 꾸준히 케어했더니, 3주 후에 라인이 달라 보이는 게 느껴졌어요. 살이 없어진다기보다 정돈된다는 표현이 맞고, 브라 핏이 달라지니까 옷 입는 낙이 생겼어요.",c781c2d5f09b,,1003,바디풀고컷 경락 마사지기,99000,,기존리뷰,5,,0,0,1,"안녕하세요. 프리미엄 헬스테크 브랜드, 슬룸입니다.
정성스럽게 올려주신 소중한 후기 감사합니다. 💜

고객님의 목소리로 더 발전하는 슬룸이 되도록 노력하겠습니다.
감사합니다. 🙇‍♀️"
116410,2026-06-22 00:00:00,,,"크롭티 입겠다는 목표로 사전예약 해놨다가 받자마자 썼어요. 매일 복부 M3 8단계 10분씩 꾸준히 했고, 한 달 만에 크롭티를 입었어요. 솔직히 이렇게 빠를 줄 몰랐는데, 복부 라인이 전보다 확실히 정돈된 게 거울에서 바로 보였어요. 목표 하나 이뤘다는 게 기분 좋았어요.",ed05afbc8ee8,,1003,바디풀고컷 경락 마사지기,99000,,기존리뷰,4,,0,0,1,"안녕하세요. 프리미엄 헬스테크 브랜드, 슬룸입니다.
정성스럽게 올려주신 소중한 후기 감사합니다. 💜

고객님의 목소리로 더 발전하는 슬룸이 되도록 노력하겠습니다.
감사합니다. 🙇‍♀️"
116411,2026-06-10 00:00:00,,,"카운터에서 서서 일하는데 퇴근하면 발목이 안 보일 정도로 부었어요. 이걸 20분 쓰고 나면 발목 선이 돌아오는 게 눈에 보여요. 처음엔 이게 진짜 효과가 있는 건가 싶었는데, 매일 하다 보니 붓기 정도 자체가 줄어들었어요.",58118afb07e7,,1003,바디풀고컷 경락 마사지기,99000,,기존리뷰,5,,0,0,1,"안녕하세요. 프리미엄 헬스테크 브랜드, 슬룸입니다.
진심 어린 소중한 후기 감사합니다. 💜

앞으로도 좋은 상품과 서비스로 고객님들을 찾아뵐 수 있도록 노력하겠습니다.
감사합니다. :)"
116412,2026-06-10 00:00:00,,,"관리받고 싶은 마음은 항상 있었는데, 예약하고 이동하고 기다리는 시간이 없었어요. 이건 그냥 켜면 됐어요. 그게 결정적이었어요. 허들이 없으니까 매일 하게 되고, 매일 하니까 효과가 쌓이더라고요.",a55f98e6998f,,1003,바디풀고컷 경락 마사지기,99000,,기존리뷰,5,,0,0,1,"안녕하세요. 프리미엄 헬스테크 브랜드, 슬룸입니다.
시간 내어 소중한 후기를 작성해 주셔서 감사드립니다. :)

믿고 찾는 쇼핑몰이 되기 위해 더 좋은 상품과 서비스를 준비하겠습니다.
감사합니다. 💜"
116413,2026-06-24 00:00:00,,,"팔뚝 케어 시작하고 3주째에 친구가 살 빠졌냐고 물어봤어요. 살은 안 빠졌어요. 탄탄해진 거예요. 그 차이를 이제 아는데, 탄력이 올라가면 실제로 라인이 달라 보인다는 게 이번에 처음 실감됐어요.",a628a454142e,,1003,바디풀고컷 경락 마사지기,99000,,기존리뷰,5,,0,0,1,"안녕하세요. 프리미엄 헬스테크 브랜드, 슬룸입니다.
진심 어린 소중한 후기 감사합니다. 💜

앞으로도 좋은 상품과 서비스로 고객님들을 찾아뵐 수 있도록 노력하겠습니다.
감사합니다. :)"
116414,2026-06-15 00:00:00,,,"부유방 집중 케어로 겨드랑이 M2 5단계 10분, 팔뚝 안쪽 M3 6단계 10분을 꾸준히 했어요. 3주 후 브라 핏이 달라졌는데, 살이 없어진다기보다 정돈되는 느낌이라 표현이 맞아요. 옷 입는 게 즐거워진 게 제일 큰 변화예요.",8ad79f4e24fa,,1003,바디풀고컷 경락 마사지기,99000,,기존리뷰,4,,0,0,1,"안녕하세요. 프리미엄 헬스테크 브랜드, 슬룸입니다.
진심 어린 소중한 후기 감사합니다. 💜

앞으로도 좋은 상품과 서비스로 고객님들을 찾아뵐 수 있도록 노력하겠습니다.
감사합니다. :)"
116415,2026-06-23 00:00:00,,,"에스테틱 끊고 3개월째인데 샵이 그립지 않아요. 집에서 매일 할 수 있으니까 오히려 더 꾸준해지거든요. 처음 쓴 날은 강도를 너무 높게 설정했다가 피부가 빨개졌었는데, 젤 충분히 바르고 낮은 단계부터 시작하는 게 맞아요. 그 이후로는 계속 잘 쓰고 있고, 부유방 쪽이랑 팔뚝 라인이 정돈되면서 옷 핏이 달라졌어요.",297578e26b71,,1003,바디풀고컷 경락 마사지기,99000,,기존리뷰,5,,0,0,1,"안녕하세요. 프리미엄 헬스테크 브랜드, 슬룸입니다.
시간 내어 소중한 후기를 작성해 주셔서 감사드립니다. :)

믿고 찾는 쇼핑몰이 되기 위해 더 좋은 상품과 서비스를 준비하겠습니다.
감사합니다. 💜"
116416,2026-06-18 00:00:00,,,강도 높은 모드로 쓸 때 근적외선 함께 켜면 열감이 더해지면서 자극이 더 깊이 들어오는 것 같아요. 뭉친 승모근에 이렇게 쓰면 샵에서 기계 받는 것처럼 시원하게 풀리는 느낌이 나요. 이게 집에서 가능하다는 게 아직도 신기해요.,0939041de1ef,,1003,바디풀고컷 경락 마사지기,99000,,기존리뷰,5,,0,0,1,"안녕하세요. 프리미엄 헬스테크 브랜드, 슬룸입니다.
시간 내어 소중한 후기를 작성해 주셔서 감사드립니다. :)

믿고 찾는 쇼핑몰이 되기 위해 더 좋은 상품과 서비스를 준비하겠습니다.
감사합니다. 💜"
116417,2026-06-10 00:00:00,,,"한 번 샵 가면 예약하고 이동하고 시간이 너무 많이 드는데, 이건 소파에서 그냥 하면 되니까 심리적 허들이 없어요. 그래서 오히려 매일 하게 되는 것 같아요. 루틴 유지의 핵심이 편의성이라는 걸 이걸 쓰면서 알게 됐어요.",be994ac24e72,,1003,바디풀고컷 경락 마사지기,99000,,기존리뷰,4,,0,0,1,"안녕하세요. 프리미엄 헬스테크 브랜드, 슬룸입니다.
시간 내어 소중한 후기를 작성해 주셔서 감사드립니다. :)

믿고 찾는 쇼핑몰이 되기 위해 더 좋은 상품과 서비스를 준비하겠습니다.
감사합니다. 💜"
116418,2026-06-11 00:00:00,,,"바쁜 일상에서 자기 관리가 제일 먼저 포기되는 것 같았는데, 이건 누운 채로도 할 수 있어서 진짜 실천 가능한 루틴이 됐어요. 거창하지 않은 게 오래 가는 이유인 것 같아요. 벌써 두 달째 하루도 안 빠지고 쓰고 있어요.",b1a031410150,,1003,바디풀고컷 경락 마사지기,99000,,기존리뷰,5,,0,0,1,"안녕하세요. 프리미엄 헬스테크 브랜드, 슬룸입니다.
정성스럽게 올려주신 소중한 후기 감사합니다. 💜

고객님의 목소리로 더 발전하는 슬룸이 되도록 노력하겠습니다.
감사합니다. 🙇‍♀️"
116419,2026-06-09 00:00:00,,,"승모근 부위도 써봤는데 경락볼이 그 부위 압을 딱 짚어주면서 뭉친 게 풀리는 느낌이 나요. 바디 라인뿐 아니라 피로 회복에도 효과가 있어서, 운동 다음 날이나 오래 앉아있은 날에도 활용해요.",ba5b44043daa,,1003,바디풀고컷 경락 마사지기,99000,,기존리뷰,5,,0,0,1,"안녕하세요. 프리미엄 헬스테크 브랜드, 슬룸입니다.
진심 어린 소중한 후기 감사합니다. 💜

앞으로도 좋은 상품과 서비스로 고객님들을 찾아뵐 수 있도록 노력하겠습니다.
감사합니다. :)"
116420,2026-06-14 00:00:00,,,"15단계까지 있는데 쓰다 보면 자연스럽게 다 쓰게 돼요. 종아리는 5~6단계, 허벅지는 8~9단계, 승모근은 10~12단계가 제 기준이에요. 부위마다 근육 두께나 민감도가 다르니까 강도를 달리 쓰는 게 맞는 것 같아요.",1a8f13374770,,1003,바디풀고컷 경락 마사지기,99000,,기존리뷰,5,,0,0,1,"안녕하세요. 프리미엄 헬스테크 브랜드, 슬룸입니다.
시간 내어 소중한 후기를 작성해 주셔서 감사드립니다. :)

믿고 찾는 쇼핑몰이 되기 위해 더 좋은 상품과 서비스를 준비하겠습니다.
감사합니다. 💜"
116421,2026-06-15 00:00:00,,,"부유방 때문에 항상 샵에서 케어를 받았는데, 이제 집에서 하고 있어요. 겨드랑이 쪽이랑 팔뚝 안쪽에 집중해서 쓰다 보니 라인이 정돈되는 게 느껴지고, 브라 핏이 달라졌어요. 샵 패키지 등록 안 한 선택이 잘 됐다는 걸 이제 확실히 알아요.",13e5cf5a0afe,,1003,바디풀고컷 경락 마사지기,99000,,기존리뷰,4,,0,0,1,"안녕하세요. 프리미엄 헬스테크 브랜드, 슬룸입니다.
정성스럽게 올려주신 소중한 후기 감사합니다. 💜

고객님의 목소리로 더 발전하는 슬룸이 되도록 노력하겠습니다.
감사합니다. 🙇‍♀️"
116422,2026-06-11 00:00:00,,,"서서 일하는 직업이라 발 붓기가 직업병이었는데, 퇴근 후 루틴으로 자리 잡은 이후로 아침저녁 차이가 많이 줄었어요. 완전히 없어진 건 아니지만 관리가 된다는 걸 알게 됐고, 그게 심리적으로도 편해졌어요.",b6a11e6626b9,,1003,바디풀고컷 경락 마사지기,99000,,기존리뷰,5,,0,0,1,"안녕하세요. 프리미엄 헬스테크 브랜드, 슬룸입니다.
진심 어린 소중한 후기 감사합니다. 💜

앞으로도 좋은 상품과 서비스로 고객님들을 찾아뵐 수 있도록 노력하겠습니다.
감사합니다. :)"
116423,2026-06-16 00:00:00,,,"매달 에스테틱 비용이 나가는 게 부담이었는데, 이걸 사고 나서 그 부담이 없어졌어요. 처음엔 효과가 나올까 걱정했는데, 경락볼이 12개라 압이 넓게 퍼지면서 뭉친 부위를 골고루 짚어주는 느낌이 좋았어요. 한 달 쓰다 보니 승모근이나 허벅지처럼 자주 뭉치던 부위가 한결 가벼워진 게 느껴졌어요.",5c2ca4c4d58d,,1003,바디풀고컷 경락 마사지기,99000,,기존리뷰,5,,0,0,1,"안녕하세요. 프리미엄 헬스테크 브랜드, 슬룸입니다.
정성스럽게 올려주신 소중한 후기 감사합니다. 💜

고객님의 목소리로 더 발전하는 슬룸이 되도록 노력하겠습니다.
감사합니다. 🙇‍♀️"
116424,2026-06-23 00:00:00,,,"팔뚝 M2 7단계 15분을 일주일에 5일, 복부 M3 8단계 10분은 매일, 허벅지 M2 6단계 12분은 주 4회 했어요. 루틴을 미리 짜놓으니까 무엇을 할지 고민할 필요 없이 그냥 켜면 됐어요. 4주 후 팔뚝 사진을 처음이랑 비교해봤는데 확연히 탄탄해진 게 보였어요.",83a2a46c0860,,1003,바디풀고컷 경락 마사지기,99000,,기존리뷰,5,,0,0,1,"안녕하세요. 프리미엄 헬스테크 브랜드, 슬룸입니다.
정성스럽게 올려주신 소중한 후기 감사합니다. 💜

고객님의 목소리로 더 발전하는 슬룸이 되도록 노력하겠습니다.
감사합니다. 🙇‍♀️"
116425,2026-06-24 00:00:00,,,"강도 높은 운동 다음 날 종아리 근육통이 심할 때 M1으로 굴려주면 회복이 훨씬 빨라요. 붓기 케어뿐 아니라 운동 회복용으로도 활용하고 있는데, 용도가 두 가지라 기기 하나로 더 다양하게 쓰게 됐어요.",8cb1a3027b17,,1003,바디풀고컷 경락 마사지기,99000,,기존리뷰,4,,0,0,1,"안녕하세요. 프리미엄 헬스테크 브랜드, 슬룸입니다.
정성스럽게 올려주신 소중한 후기 감사합니다. 💜

고객님의 목소리로 더 발전하는 슬룸이 되도록 노력하겠습니다.
감사합니다. 🙇‍♀️"
116426,2026-06-23 00:00:00,,,"EMS 기기가 다 비슷한 줄 알았는데, 모드가 세 가지라 용도가 달라요. M1으로 붓기 먼저 잡고, M2로 탄력 올리고, M3로 라인 정돈하는 순서로 쓰다 보니 같은 부위도 목적에 따라 다르게 케어할 수 있어서 좋아요.",dd3f9239af25,,1003,바디풀고컷 경락 마사지기,99000,,기존리뷰,5,,0,0,1,"안녕하세요. 프리미엄 헬스테크 브랜드, 슬룸입니다.
진심 어린 소중한 후기 감사합니다. 💜

앞으로도 좋은 상품과 서비스로 고객님들을 찾아뵐 수 있도록 노력하겠습니다.
감사합니다. :)"
116427,2026-06-11 00:00:00,,,"근적외선까지 켜고 쓰면 따뜻한 열감이랑 EMS 자극이 동시에 와요. 근적외선이 피부 깊숙이 침투하면서 마사지 효과를 끌어올려주는 느낌이라, 두 기능을 같이 쓸 때 체감이 훨씬 커요. 지금은 근적외선 끄고 쓰는 경우가 없을 정도로 세트로 쓰게 됐어요.",8ddc224f3593,,1003,바디풀고컷 경락 마사지기,99000,,기존리뷰,5,,0,0,1,"안녕하세요. 프리미엄 헬스테크 브랜드, 슬룸입니다.
정성스럽게 올려주신 소중한 후기 감사합니다. 💜

고객님의 목소리로 더 발전하는 슬룸이 되도록 노력하겠습니다.
감사합니다. 🙇‍♀️"
116428,2026-06-20 00:00:00,,,"친구가 에스테틱 한 번 갈 돈으로 이거 사라고 했을 때는 반신반의했어요. 실제로 써보니까 EMS 자극이 근육에 닿는 느낌이 확실히 있어서, 그냥 두드리는 기기랑은 차원이 달랐어요. 지금은 친구한테 고맙다고 전했고, 주변에도 같은 추천을 하고 있어요.",8458a9b63293,,1003,바디풀고컷 경락 마사지기,99000,,기존리뷰,4,,0,0,1,"안녕하세요. 프리미엄 헬스테크 브랜드, 슬룸입니다.
시간 내어 소중한 후기를 작성해 주셔서 감사드립니다. :)

믿고 찾는 쇼핑몰이 되기 위해 더 좋은 상품과 서비스를 준비하겠습니다.
감사합니다. 💜"
116429,2026-06-14 00:00:00,,,사무직이라 하루 8시간 앉아있으면 허벅지 뒤쪽이 납작하게 눌리고 저녁엔 다리가 부어요. 이걸 쓰기 시작한 후로 아침에 일어났을 때 발이 훨씬 가벼워서 하루 시작이 달라졌어요. 붓기가 쌓이지 않으니까 저녁에도 활동하는 게 전보다 훨씬 편해졌어요.,5486121b7c12,,1003,바디풀고컷 경락 마사지기,99000,,기존리뷰,5,,0,0,1,"안녕하세요. 프리미엄 헬스테크 브랜드, 슬룸입니다.
시간 내어 소중한 후기를 작성해 주셔서 감사드립니다. :)

믿고 찾는 쇼핑몰이 되기 위해 더 좋은 상품과 서비스를 준비하겠습니다.
감사합니다. 💜"
116430,2026-06-12 00:00:00,,,"허벅지 안쪽 탄력이 올라오니까 레깅스 입을 때 그 불안한 느낌이 줄었어요. 완벽하진 않아도 예전보다 훨씬 편하게 입게 됐고, 이 차이가 꾸준함에서 나왔다는 걸 알기 때문에 루틴을 놓치지 않으려고 노력해요.",3cf9b79cb88e,,1003,바디풀고컷 경락 마사지기,99000,,기존리뷰,5,,0,0,1,"안녕하세요. 프리미엄 헬스테크 브랜드, 슬룸입니다.
시간 내어 소중한 후기를 작성해 주셔서 감사드립니다. :)

믿고 찾는 쇼핑몰이 되기 위해 더 좋은 상품과 서비스를 준비하겠습니다.
감사합니다. 💜"
116431,2026-06-12 00:00:00,,,"처음엔 며칠 쓰다 방치할 것 같아서 망설였는데, 효과가 느껴지니까 자연스럽게 챙기게 됐어요. 효과가 습관을 만들어준 케이스예요. 방치 걱정하시는 분들께 이건 효과가 있으니까 방치 안 한다고 말씀드리고 싶어요.",f9e3ad58cede,,1003,바디풀고컷 경락 마사지기,99000,,기존리뷰,5,,0,0,1,"안녕하세요. 프리미엄 헬스테크 브랜드, 슬룸입니다.
정성스럽게 올려주신 소중한 후기 감사합니다. 💜

고객님의 목소리로 더 발전하는 슬룸이 되도록 노력하겠습니다.
감사합니다. 🙇‍♀️"
116432,2026-06-21 00:00:00,,,"복부가 운동해도 절대 안 빠지는 체질인데, 컷팅모드 꾸준히 했더니 라인이 조금씩 정돈돼요. 살이 빠진다기보다 탄탄해지면서 모양이 달라지는 느낌이고, 그게 오히려 거울 볼 때 더 큰 차이로 느껴져요. 크롭티 입을 때 이제 덜 신경 쓰이는 게 제일 좋아요.",2d2b79f00505,,1003,바디풀고컷 경락 마사지기,99000,,기존리뷰,4,,0,0,1,"안녕하세요. 프리미엄 헬스테크 브랜드, 슬룸입니다.
정성스럽게 올려주신 소중한 후기 감사합니다. 💜

고객님의 목소리로 더 발전하는 슬룸이 되도록 노력하겠습니다.
감사합니다. 🙇‍♀️"
116433,2026-06-16 00:00:00,,,"에스테틱 패키지를 등록하려다가 이걸 먼저 써보자 싶어서 샀어요. 처음엔 집에서 이 가격에 진짜 효과가 날까 반신반의했는데, 경락볼 12개가 압을 넣어주는 느낌이 생각보다 훨씬 세서 첫날부터 놀랐어요. 2주쯤 지나니까 팔뚝이 탄탄해진 게 손으로도 느껴지고, 종아리 붓기도 확연히 줄었어요. 한 달 쓰고 나서 패키지 등록 안 한 게 정말 잘 됐다는 생각이 들었어요.",2bbd314c907a,,1003,바디풀고컷 경락 마사지기,99000,,기존리뷰,5,,0,0,1,"안녕하세요. 프리미엄 헬스테크 브랜드, 슬룸입니다.
진심 어린 소중한 후기 감사합니다. 💜

앞으로도 좋은 상품과 서비스로 고객님들을 찾아뵐 수 있도록 노력하겠습니다.
감사합니다. :)"
116434,2026-06-13 00:00:00,,,팔뚝에 탄력모드로 썼을 때 두드리는 자극이랑 EMS가 동시에 오는 느낌이 처음엔 낯설었어요. 일주일 지나니까 오히려 이 자극이 없으면 관리한 것 같지 않다는 기분이 들더라고요. 지금은 팔뚝 탄력이 올라온 게 손으로도 느껴질 정도로 달라졌어요.,60b2c47a7add,,1003,바디풀고컷 경락 마사지기,99000,,기존리뷰,5,,0,0,1,"안녕하세요. 프리미엄 헬스테크 브랜드, 슬룸입니다.
시간 내어 소중한 후기를 작성해 주셔서 감사드립니다. :)

믿고 찾는 쇼핑몰이 되기 위해 더 좋은 상품과 서비스를 준비하겠습니다.
감사합니다. 💜"
116435,2026-06-08 00:00:00,,,"당뇨 초기라 발 붓기가 심해서 걱정이 많았는데, 매일 저녁 케어해주니까 아침이 달라요. 치료는 따로 받고 있고 보조적으로 쓰는 건데, 붓기 정도가 줄어드니까 일상이 훨씬 편해졌어요.",e1ee120975b5,,1003,바디풀고컷 경락 마사지기,99000,,기존리뷰,5,,0,0,1,"안녕하세요. 프리미엄 헬스테크 브랜드, 슬룸입니다.
진심 어린 소중한 후기 감사합니다. 💜

앞으로도 좋은 상품과 서비스로 고객님들을 찾아뵐 수 있도록 노력하겠습니다.
감사합니다. :)"
116436,2026-06-23 00:00:00,,,"팔뚝 때문에 여름마다 카디건을 걸쳤는데, 3주 꾸준히 쓰고 나서 사진 찍어봤더니 확연히 탄탄해진 게 보였어요. M2 탄력모드 7단계로 매일 15분씩 했는데, 두드리는 자극이 표면이 아니라 안쪽에서 올라오는 느낌이라 효과가 제대로 오는 것 같았어요. 올해는 카디건 없이 민소매 입어봤는데 거울 보는 게 전과 달랐어요.",31c2b413eac0,,1003,바디풀고컷 경락 마사지기,99000,,기존리뷰,4,,0,0,1,"안녕하세요. 프리미엄 헬스테크 브랜드, 슬룸입니다.
진심 어린 소중한 후기 감사합니다. 💜

앞으로도 좋은 상품과 서비스로 고객님들을 찾아뵐 수 있도록 노력하겠습니다.
감사합니다. :)"
116437,2026-06-12 00:00:00,,,"M3 컷팅모드로 허벅지에 쓸 때 강도를 8단계로 설정했더니 근육이 수축과 이완을 반복하는 게 느껴졌어요. 일반 마사지기로는 이 부위에서 이런 자극을 낼 수 없는데, EMS가 들어가니까 가능한 것 같아요. 집에서 이 정도 자극이 나온다는 게 처음엔 실감이 안 났어요.",12a6a355c417,,1003,바디풀고컷 경락 마사지기,99000,,기존리뷰,5,,0,0,1,"안녕하세요. 프리미엄 헬스테크 브랜드, 슬룸입니다.
진심 어린 소중한 후기 감사합니다. 💜

앞으로도 좋은 상품과 서비스로 고객님들을 찾아뵐 수 있도록 노력하겠습니다.
감사합니다. :)"
116438,2026-06-24 00:00:00,,,"복부에 10단계 올려놓으면 윗배 근육이 실제로 움직이는 게 손으로 만져져요. 이걸 처음 느꼈을 때 EMS에 대한 의심이 완전히 사라졌어요. 운동하는 것처럼 근육이 수축하는 게 느껴지는데, 집에서 누워서 이게 가능하다는 게 신기할 정도예요.",2cae1749db5e,,1003,바디풀고컷 경락 마사지기,99000,,기존리뷰,5,,0,0,1,"안녕하세요. 프리미엄 헬스테크 브랜드, 슬룸입니다.
정성스럽게 올려주신 소중한 후기 감사합니다. 💜

고객님의 목소리로 더 발전하는 슬룸이 되도록 노력하겠습니다.
감사합니다. 🙇‍♀️"
116439,2026-06-14 00:00:00,,,"허벅지 뒤쪽 셀룰라이트가 제일 신경 쓰였는데, M3 컷팅모드로 집중하니까 표면 결이 달라지는 게 느껴졌어요. 운동으로는 이 부위를 제대로 자극하기 어려웠는데, EMS가 안쪽까지 자극해주니까 다르더라고요. 꾸준히 하는 게 결국 답이에요.",87ccf64fb136,,1003,바디풀고컷 경락 마사지기,99000,,기존리뷰,4,,0,0,1,"안녕하세요. 프리미엄 헬스테크 브랜드, 슬룸입니다.
시간 내어 소중한 후기를 작성해 주셔서 감사드립니다. :)

믿고 찾는 쇼핑몰이 되기 위해 더 좋은 상품과 서비스를 준비하겠습니다.
감사합니다. 💜"
116440,2026-06-24 00:00:00,,,"레깅스 입었을 때 허벅지 안쪽이 제일 신경 쓰였는데, 한 달 쓰고 나니까 그 불안한 느낌이 줄었어요. M3 컷팅모드로 집중 케어했더니 표면 결이 달라지는 게 손으로도 느껴졌어요. 레깅스 핏이 전과 달라졌고, 입을 때 그 불편한 마음이 확실히 줄었어요.",c9126f2eb9c4,,1003,바디풀고컷 경락 마사지기,99000,,기존리뷰,5,,0,0,1,"안녕하세요. 프리미엄 헬스테크 브랜드, 슬룸입니다.
진심 어린 소중한 후기 감사합니다. 💜

앞으로도 좋은 상품과 서비스로 고객님들을 찾아뵐 수 있도록 노력하겠습니다.
감사합니다. :)"
116441,2026-06-22 00:00:00,,,"육아하면서 내 몸 챙기는 게 사치처럼 느껴졌는데, 아이 낮잠 자는 30분에 이걸 쓰면서 나만의 루틴이 생겼어요. 작은 것 같지만 그 시간이 소중하고, 몸 상태가 좋아지니까 육아하는 에너지도 달라진 것 같아요.",b495ef0b13af,,1003,바디풀고컷 경락 마사지기,99000,,기존리뷰,5,,0,0,1,"안녕하세요. 프리미엄 헬스테크 브랜드, 슬룸입니다.
정성스럽게 올려주신 소중한 후기 감사합니다. 💜

고객님의 목소리로 더 발전하는 슬룸이 되도록 노력하겠습니다.
감사합니다. 🙇‍♀️"
116442,2026-06-08 00:00:00,,,"에스테틱 한 번 받고 나면 몸이 가벼워지는 그 느낌이 있는데, 집에서 이게 된다는 걸 이제 알아요. 불 꺼놓고 근적외선 켜고 누워서 쓰면 샵 분위기랑 비슷해서, 하루 마무리 루틴으로 완전히 자리 잡혔어요. 경락볼이 누르는 압감이 손 마사지랑 비슷해서 시원하고, 자기 전에 쓰면 다음 날 아침이 다르게 느껴져요. 이 가격에 이게 되는 게 맞나 싶을 정도로 만족스러워요.",a84fbe9484ad,,1003,바디풀고컷 경락 마사지기,99000,,기존리뷰,5,,0,0,1,"안녕하세요. 프리미엄 헬스테크 브랜드, 슬룸입니다.
진심 어린 소중한 후기 감사합니다. 💜

앞으로도 좋은 상품과 서비스로 고객님들을 찾아뵐 수 있도록 노력하겠습니다.
감사합니다. :)"
116443,2026-06-18 00:00:00,,,자극이 안 온다는 분들은 젤을 충분히 바르지 않으신 경우가 많아요. 로션이나 바디오일도 되는데 두껍게 펴 바르고 맨살에 직접 닿게 하면 자극이 완전히 달라져요. 저도 처음엔 이걸 몰라서 효과를 못 느꼈다가 방법 바꾸고 나서 완전히 달라졌어요.,06355ede6c55,,1003,바디풀고컷 경락 마사지기,99000,,기존리뷰,4,,0,0,1,"안녕하세요. 프리미엄 헬스테크 브랜드, 슬룸입니다.
진심 어린 소중한 후기 감사합니다. 💜

앞으로도 좋은 상품과 서비스로 고객님들을 찾아뵐 수 있도록 노력하겠습니다.
감사합니다. :)"
116444,2026-06-20 00:00:00,,,"운동하는 날은 운동 전 워밍업으로 M1 5분, 운동 후 회복으로 M1 10분을 써요. 안 하는 날은 M2, M3로 바디라인 케어를 해요. 기기 하나로 목적이 두 가지가 되니까, 운동 루틴이랑 자연스럽게 엮이면서 방치가 없어졌어요.",7b5938a2a6a6,,1003,바디풀고컷 경락 마사지기,99000,,기존리뷰,5,,0,0,1,"안녕하세요. 프리미엄 헬스테크 브랜드, 슬룸입니다.
시간 내어 소중한 후기를 작성해 주셔서 감사드립니다. :)

믿고 찾는 쇼핑몰이 되기 위해 더 좋은 상품과 서비스를 준비하겠습니다.
감사합니다. 💜"
116445,2026-06-11 00:00:00,,,"팔뚝 M2 7단계, 종아리 M1 5단계, 허벅지 M3 8단계로 3주 루틴을 돌렸어요. 부위마다 목적에 맞는 모드랑 강도가 다른데, 이렇게 세팅해두니까 매일 하는 게 어렵지 않았어요. 3주 후 팔뚝 사진을 찍어서 비교해봤는데 확연히 탄탄해진 게 보였어요. 에스테틱 3회분 비용으로 이거 샀는데, 이 루틴이 계속되면 비용 차이가 점점 더 커지겠다는 생각이 들었어요.",1de77b864318,,1003,바디풀고컷 경락 마사지기,99000,,기존리뷰,5,,0,0,1,"안녕하세요. 프리미엄 헬스테크 브랜드, 슬룸입니다.
시간 내어 소중한 후기를 작성해 주셔서 감사드립니다. :)

믿고 찾는 쇼핑몰이 되기 위해 더 좋은 상품과 서비스를 준비하겠습니다.
감사합니다. 💜"
116446,2026-06-14 00:00:00,,,"친구랑 같이 쓰면서 인증 사진 공유하는 게 습관이 됐어요. 둘 다 샵 안 가고 집에서 이걸로 관리 중인데, 결과가 샵이랑 비슷하다는 게 우리 둘 공통 결론이에요. 한 달에 샵 두 번 가는 비용으로 이걸 구매하고 매일 하는 게 훨씬 효율적이라는 걸 이제 알았어요. 진작 알았더라면 샵 패키지에 그렇게 돈을 쓰지 않았을 것 같아요.",838342067bbc,,1003,바디풀고컷 경락 마사지기,99000,,기존리뷰,5,,0,0,1,"안녕하세요. 프리미엄 헬스테크 브랜드, 슬룸입니다.
시간 내어 소중한 후기를 작성해 주셔서 감사드립니다. :)

믿고 찾는 쇼핑몰이 되기 위해 더 좋은 상품과 서비스를 준비하겠습니다.
감사합니다. 💜"
116447,2026-06-12 00:00:00,,,"세금 내듯 매달 에스테틱 결제하던 사람인데, 이제 그 비용이 안 나가요. 대신 이 루틴이 자리 잡혔고, 몸 상태는 오히려 전보다 더 꾸준하게 관리되고 있어요. 종아리 붓기가 아침이랑 저녁이 너무 달라서 오래 고민하다 샀는데, 붓기모드로 5분만 굴려도 차이가 느껴지는 게 너무 신기했어요. 샵 갈 시간 없는 분들한테 진심으로 추천해요.",2d8cf7d2ec5e,,1003,바디풀고컷 경락 마사지기,99000,,기존리뷰,4,,0,0,1,"안녕하세요. 프리미엄 헬스테크 브랜드, 슬룸입니다.
정성스럽게 올려주신 소중한 후기 감사합니다. 💜

고객님의 목소리로 더 발전하는 슬룸이 되도록 노력하겠습니다.
감사합니다. 🙇‍♀️"
116448,2026-06-11 00:00:00,,,"퇴근하면 소파에 쓰러지는 게 전부였는데, 거기서 다리에 이걸 올려두는 게 그렇게 어렵지 않다는 걸 알고 나서 루틴이 생겼어요. 10분이면 충분하고, TV 보면서 할 수 있으니까 특별히 시간을 낼 필요도 없어요. 그냥 켜두면 되는 게 이 루틴이 유지되는 이유예요.",2d17c21af99b,,1003,바디풀고컷 경락 마사지기,99000,,기존리뷰,5,,0,0,1,"안녕하세요. 프리미엄 헬스테크 브랜드, 슬룸입니다.
진심 어린 소중한 후기 감사합니다. 💜

앞으로도 좋은 상품과 서비스로 고객님들을 찾아뵐 수 있도록 노력하겠습니다.
감사합니다. :)"
116449,2026-06-23 00:00:00,,,"샵 1회 비용이면 이거 살 수 있다는 걸 계산하고 나서 선택이 쉬워졌어요. 처음엔 기능이 많아서 어렵지 않을까 싶었는데, 전원 켜면 자동으로 M1부터 시작되고 강도도 버튼으로 올리면 돼서 생각보다 간편했어요. 지금은 M1으로 붓기 잡고, M3로 라인 케어하는 루틴이 자연스럽게 잡혔어요. 샵 가는 돈이랑 시간 둘 다 아꼈어요.",3900391435b3,,1003,바디풀고컷 경락 마사지기,99000,,기존리뷰,5,,0,0,1,"안녕하세요. 프리미엄 헬스테크 브랜드, 슬룸입니다.
정성스럽게 올려주신 소중한 후기 감사합니다. 💜

고객님의 목소리로 더 발전하는 슬룸이 되도록 노력하겠습니다.
감사합니다. 🙇‍♀️"
116450,2026-06-14 00:00:00,,,"EMS라고 해서 그냥 피부 표면만 자극하는 건 줄 알았는데, 고주파랑 같이 오니까 깊은 층까지 도달하는 느낌이 확실히 달랐어요. M2 탄력모드에서 팔뚝에 썼을 때 두드리는 자극이 안쪽에서 올라오는 느낌이라, 일반 마사지기랑 체감이 완전히 다르다는 걸 그때 알았어요. 지금은 M2가 제일 자주 쓰는 모드가 됐어요.",f4c868c01e56,,1003,바디풀고컷 경락 마사지기,99000,,기존리뷰,4,,0,0,1,"안녕하세요. 프리미엄 헬스테크 브랜드, 슬룸입니다.
진심 어린 소중한 후기 감사합니다. 💜

앞으로도 좋은 상품과 서비스로 고객님들을 찾아뵐 수 있도록 노력하겠습니다.
감사합니다. :)"
116451,2026-06-16 00:00:00,,,"아이 재우고 나서 20분이 유일한 내 시간인데, 거기에 이 루틴이 들어왔어요. 샵 갈 엄두도 못 내던 사람이 집에서 매일 케어하게 됐는데, 아이 재우고 불 끄고 근적외선 켜고 누워서 하는 게 하루 중 제일 기다려지는 시간이 됐어요.",1c82b2f4792b,,1003,바디풀고컷 경락 마사지기,99000,,기존리뷰,4,,0,0,1,"안녕하세요. 프리미엄 헬스테크 브랜드, 슬룸입니다.
시간 내어 소중한 후기를 작성해 주셔서 감사드립니다. :)

믿고 찾는 쇼핑몰이 되기 위해 더 좋은 상품과 서비스를 준비하겠습니다.
감사합니다. 💜"
116452,2026-06-09 00:00:00,,,레깅스를 샀다가 반품한 적이 있었어요. 허벅지 때문에요. 이번엔 다시 샀고 반품하지 않았어요. 한 달 꾸준히 케어한 게 이 차이를 만들었어요. 완벽하진 않아도 예전보다 훨씬 편하게 입을 수 있게 된 게 중요한 것 같아요.,468acb24d17b,,1003,바디풀고컷 경락 마사지기,99000,,기존리뷰,5,,0,0,1,"안녕하세요. 프리미엄 헬스테크 브랜드, 슬룸입니다.
정성스럽게 올려주신 소중한 후기 감사합니다. 💜

고객님의 목소리로 더 발전하는 슬룸이 되도록 노력하겠습니다.
감사합니다. 🙇‍♀️"
116453,2026-06-18 00:00:00,,,"오래 앉아있는 날엔 허벅지 M2 7단계 12분, 종아리 M1 5단계 10분으로 순환 케어를 해요. 이후엔 발이 가벼워서 계단 올라가는 게 전혀 무겁지 않아요. 같은 루틴을 두 달째 유지 중인데, 습관이 된 이후로 빠뜨리는 날이 없어요.",2149625c06dc,,1003,바디풀고컷 경락 마사지기,99000,,기존리뷰,5,,0,0,1,"안녕하세요. 프리미엄 헬스테크 브랜드, 슬룸입니다.
진심 어린 소중한 후기 감사합니다. 💜

앞으로도 좋은 상품과 서비스로 고객님들을 찾아뵐 수 있도록 노력하겠습니다.
감사합니다. :)"
116454,2026-06-14 00:00:00,,,"처음 2주는 M1 3단계로 몸을 적응시키고, 이후엔 M2 6단계로 올렸어요. 샵에서 기계 받을 때랑 자극 느낌이 비슷해서 놀랐고, 그 이후로 샵 예약이 자연스럽게 줄었어요. 지금은 월 에스테틱 비용이 0원이 됐는데, 몸 상태는 오히려 더 꾸준하게 유지되고 있어요. 집에서 매일 할 수 있으니까 샵 월 2회보다 누적 효과가 다를 수밖에 없더라고요.",b5b262ba5d81,,1003,바디풀고컷 경락 마사지기,99000,,기존리뷰,4,,0,0,1,"안녕하세요. 프리미엄 헬스테크 브랜드, 슬룸입니다.
진심 어린 소중한 후기 감사합니다. 💜

앞으로도 좋은 상품과 서비스로 고객님들을 찾아뵐 수 있도록 노력하겠습니다.
감사합니다. :)"
116455,2026-06-11 00:00:00,,,"퇴근 후 루틴으로 종아리 M1 5단계 10분, 허벅지 M2 6단계 10분, 발바닥 M1 3단계 5분을 해요. 총 25분인데, 이전엔 저녁에 일어서기도 힘들었는데 지금은 저녁 산책도 가능해졌어요. 같은 하루인데 저녁이 이렇게 달라질 수 있다는 게 놀라웠어요.",dc051dae9a5a,,1003,바디풀고컷 경락 마사지기,99000,,기존리뷰,5,,0,0,1,"안녕하세요. 프리미엄 헬스테크 브랜드, 슬룸입니다.
진심 어린 소중한 후기 감사합니다. 💜

앞으로도 좋은 상품과 서비스로 고객님들을 찾아뵐 수 있도록 노력하겠습니다.
감사합니다. :)"
116456,2026-06-10 00:00:00,,,"여름 전에 에스테틱 몇 회 등록할까 고민하다가 이걸 샀어요. 한 달 써보고 나니까, 그 비용으로 이걸 사는 게 훨씬 현명한 선택이었다는 생각이 들었어요. M3 컷팅모드로 허벅지 집중 케어하니까 강약이 반복되면서 라인이 정돈되는 게 느껴졌고, 복부도 꾸준히 쓰다 보니 피부 결이 달라졌어요.",4cfa451a1965,,1003,바디풀고컷 경락 마사지기,99000,,기존리뷰,5,,0,0,1,"안녕하세요. 프리미엄 헬스테크 브랜드, 슬룸입니다.
정성스럽게 올려주신 소중한 후기 감사합니다. 💜

고객님의 목소리로 더 발전하는 슬룸이 되도록 노력하겠습니다.
감사합니다. 🙇‍♀️"
116457,2026-06-16 00:00:00,,,"에스테틱에서 기계 케어 받는 느낌이랑 비슷하다는 걸 집에서 느낄 수 있을 거라고는 생각 못 했어요. 근적외선이 켜지면 피부 속부터 따뜻해지면서 EMS 자극이 더 깊이 들어오는 것 같아서, 두 가지 기능이 시너지를 만드는 느낌이에요. 집에서 이 정도 케어가 된다면 샵을 굳이 갈 이유가 없어요.",a27c166f90be,,1003,바디풀고컷 경락 마사지기,99000,,기존리뷰,5,,0,0,1,"안녕하세요. 프리미엄 헬스테크 브랜드, 슬룸입니다.
진심 어린 소중한 후기 감사합니다. 💜

앞으로도 좋은 상품과 서비스로 고객님들을 찾아뵐 수 있도록 노력하겠습니다.
감사합니다. :)"
116458,2026-06-09 00:00:00,,,"복부 M3 8단계로 20분 쓰면 케어 후에 복부가 묵직하게 풀린 느낌이에요. 운동 후 근육이 피로한 느낌이랑 비슷한데, 그게 자기 전 루틴으로 자리 잡은 이유예요. 다음 날 아침에 복부가 전날보다 가볍게 느껴지는 게 확실해요.",1572196c819b,,1003,바디풀고컷 경락 마사지기,99000,,기존리뷰,5,,0,0,1,"안녕하세요. 프리미엄 헬스테크 브랜드, 슬룸입니다.
진심 어린 소중한 후기 감사합니다. 💜

앞으로도 좋은 상품과 서비스로 고객님들을 찾아뵐 수 있도록 노력하겠습니다.
감사합니다. :)"
116459,2026-06-09 00:00:00,,,"처음엔 전용 젤 따로 사야 하나 싶었는데, 일반 마사지 크림이나 바디오일 발라도 잘 돼요. 추가 비용 없이 집에 있는 걸 활용할 수 있어서 실용적이고, 그게 루틴 유지에도 도움이 돼요. 준비하는 과정이 간단할수록 오래 하게 되더라고요.",ebcbdbb1aba3,,1003,바디풀고컷 경락 마사지기,99000,,기존리뷰,5,,0,0,1,"안녕하세요. 프리미엄 헬스테크 브랜드, 슬룸입니다.
시간 내어 소중한 후기를 작성해 주셔서 감사드립니다. :)

믿고 찾는 쇼핑몰이 되기 위해 더 좋은 상품과 서비스를 준비하겠습니다.
감사합니다. 💜"
116460,2026-06-08 00:00:00,,,"뱃살이 운동으로 절대 안 빠지는 체질인데, 컷팅모드 꾸준히 쓰니까 피부 결이랑 탄력이 달라지는 게 눈에 보여요. 살이 빠진다기보다 모양이 잡힌다는 표현이 더 맞고, 그게 오히려 거울 볼 때 차이가 더 크게 느껴져요. 에스테틱 갈 생각 안 한 지 두 달이 됐는데, 전혀 아쉽지 않아요.",528d92bb8b61,,1003,바디풀고컷 경락 마사지기,99000,,기존리뷰,5,,0,0,1,"안녕하세요. 프리미엄 헬스테크 브랜드, 슬룸입니다.
정성스럽게 올려주신 소중한 후기 감사합니다. 💜

고객님의 목소리로 더 발전하는 슬룸이 되도록 노력하겠습니다.
감사합니다. 🙇‍♀️"
116461,2026-06-15 00:00:00,,,"월~금은 퇴근 후 종아리, 허벅지 케어 20분, 주말엔 복부, 팔뚝을 추가로 20분 더 해요. 이렇게 루틴을 미리 짜놓으니까 뭘 할지 고민할 필요 없이 그냥 켜면 돼요. 방치가 없어지는 게 루틴을 짜둔 덕분인 것 같아요.",22adea2601d5,,1003,바디풀고컷 경락 마사지기,99000,,기존리뷰,5,,0,0,1,"안녕하세요. 프리미엄 헬스테크 브랜드, 슬룸입니다.
진심 어린 소중한 후기 감사합니다. 💜

앞으로도 좋은 상품과 서비스로 고객님들을 찾아뵐 수 있도록 노력하겠습니다.
감사합니다. :)"
116462,2026-06-11 00:00:00,,,"발이 부으면 신발 벗는 게 먼저였는데, 지금은 집에 오면 이걸 먼저 챙겨요. 순서가 바뀐 게 별거 아닌 것 같지만, 몸을 먼저 챙기는 습관이 생겼다는 게 스스로도 뿌듯해요. 붓기도 줄었지만 이 루틴 자체가 좋아요.",674e712896b7,,1003,바디풀고컷 경락 마사지기,99000,,기존리뷰,5,,0,0,1,"안녕하세요. 프리미엄 헬스테크 브랜드, 슬룸입니다.
정성스럽게 올려주신 소중한 후기 감사합니다. 💜

고객님의 목소리로 더 발전하는 슬룸이 되도록 노력하겠습니다.
감사합니다. 🙇‍♀️"
116463,2026-06-13 00:00:00,,,"발이 자주 붓는 게 당연한 거라고 생각하며 살았는데, 관리가 된다는 걸 몰랐어요. 매일 20분이 이렇게 큰 차이를 만들 줄도 몰랐고요. 체질이라고 포기하기 전에 먼저 꾸준히 케어해보는 게 맞는 것 같다고 이제는 생각해요.",b008b1b7942e,,1003,바디풀고컷 경락 마사지기,99000,,기존리뷰,5,,0,0,1,"안녕하세요. 프리미엄 헬스테크 브랜드, 슬룸입니다.
정성스럽게 올려주신 소중한 후기 감사합니다. 💜

고객님의 목소리로 더 발전하는 슬룸이 되도록 노력하겠습니다.
감사합니다. 🙇‍♀️"
116464,2026-06-21 00:00:00,,,"사전예약 해놓고 집중 케어 계획 세우고 시작했어요. 한 달도 안 됐는데 팔뚝이 달라 보여서 기대가 생겼어요. 매일 루틴으로 쓰는 게 중요하다는 걸 느끼고 있고, 앞으로 어떻게 더 달라질지 기대가 돼요.",729143b5b5f4,,1003,바디풀고컷 경락 마사지기,99000,,기존리뷰,5,,0,0,1,"안녕하세요. 프리미엄 헬스테크 브랜드, 슬룸입니다.
정성스럽게 올려주신 소중한 후기 감사합니다. 💜

고객님의 목소리로 더 발전하는 슬룸이 되도록 노력하겠습니다.
감사합니다. 🙇‍♀️"
116465,2026-06-20 00:00:00,,,"샵 예약하고 가는 시간을 다 합치면 2~3시간인데, 그 시간이 너무 아까워서 홈케어로 전환했어요. 지금은 매일 20분 루틴이 훨씬 만족스럽고, 비용도 줄었고, 효과는 오히려 더 꾸준해요. 이 선택이 잘 됐다고 생각해요.",540afc83166a,,1003,바디풀고컷 경락 마사지기,99000,,기존리뷰,4,,0,0,1,"안녕하세요. 프리미엄 헬스테크 브랜드, 슬룸입니다.
시간 내어 소중한 후기를 작성해 주셔서 감사드립니다. :)

믿고 찾는 쇼핑몰이 되기 위해 더 좋은 상품과 서비스를 준비하겠습니다.
감사합니다. 💜"
116466,2026-06-19 00:00:00,,,"모드가 세 가지라 처음엔 복잡할 것 같았는데, M1은 촘촘하게 찌르는 자극, M2는 두드리면서 깊이 들어오는 자극, M3는 강약이 반복되는 자극으로 확실히 달라요. 부위랑 목적에 맞게 골라 쓰다 보니 루틴이 자연스럽게 잡혔어요. 붓기엔 M1, 탄력엔 M2, 라인 케어엔 M3가 제 기준이에요.",cc43647dc9a1,,1003,바디풀고컷 경락 마사지기,99000,,기존리뷰,5,,0,0,1,"안녕하세요. 프리미엄 헬스테크 브랜드, 슬룸입니다.
진심 어린 소중한 후기 감사합니다. 💜

앞으로도 좋은 상품과 서비스로 고객님들을 찾아뵐 수 있도록 노력하겠습니다.
감사합니다. :)"
116467,2026-06-12 00:00:00,,,"1주차는 M1 3단계로 적응하고, 2주차에 M2 6단계로 올렸어요. 처음에 무서웠던 전기 자극이 이제는 없으면 아쉬운 수준이 됐어요. 단계 올리는 게 재미있어서 방치 안 하게 되는 것 같고, 지금은 강도를 올릴 때마다 근육이 더 잘 반응하는 게 느껴져요.",b04d152013c6,,1003,바디풀고컷 경락 마사지기,99000,,기존리뷰,5,,0,0,1,"안녕하세요. 프리미엄 헬스테크 브랜드, 슬룸입니다.
진심 어린 소중한 후기 감사합니다. 💜

앞으로도 좋은 상품과 서비스로 고객님들을 찾아뵐 수 있도록 노력하겠습니다.
감사합니다. :)"
116468,2026-06-10 00:00:00,,,"저녁에 신발이 잘 안 신겨질 정도로 발이 부었는데, 이걸 쓰기 시작하고 나서 저녁에도 신발이 편하게 신겨지더라고요. 이게 그렇게 신기할 수가 없었어요. 붓기가 일상적인 거라고 생각했는데, 관리가 되는 문제였던 거예요.",e3f35019d1f0,,1003,바디풀고컷 경락 마사지기,99000,,기존리뷰,5,,0,0,1,"안녕하세요. 프리미엄 헬스테크 브랜드, 슬룸입니다.
시간 내어 소중한 후기를 작성해 주셔서 감사드립니다. :)

믿고 찾는 쇼핑몰이 되기 위해 더 좋은 상품과 서비스를 준비하겠습니다.
감사합니다. 💜"
116469,2026-06-20 00:00:00,,,"하루 종일 서서 일하는 직종이라 퇴근하면 종아리가 터질 것 같았어요. 붓기모드 M1 5단계로 10분만 굴려도 그 무게감이 빠지는 게 느껴지고, 15분 후엔 발이 확연히 가벼워지는 게 눈에 보였어요. 이게 퇴근 후 첫 번째 루틴이 된 이후로 저녁이 달라졌어요.",3252de77cd9c,,1003,바디풀고컷 경락 마사지기,99000,,기존리뷰,5,,0,0,1,"안녕하세요. 프리미엄 헬스테크 브랜드, 슬룸입니다.
정성스럽게 올려주신 소중한 후기 감사합니다. 💜

고객님의 목소리로 더 발전하는 슬룸이 되도록 노력하겠습니다.
감사합니다. 🙇‍♀️"
116470,2026-06-16 00:00:00,,,"이사를 다녀서 동네 샵을 못 찾겠더라고요. 그러다 이걸 쓰기 시작했는데, 오히려 더 자주, 더 편하게 케어하게 됐어요. 이제 샵을 굳이 찾을 필요를 못 느껴요. 이사가 루틴을 바꿔준 셈이에요.",f1996d37e6aa,,1003,바디풀고컷 경락 마사지기,99000,,기존리뷰,5,,0,0,1,"안녕하세요. 프리미엄 헬스테크 브랜드, 슬룸입니다.
진심 어린 소중한 후기 감사합니다. 💜

앞으로도 좋은 상품과 서비스로 고객님들을 찾아뵐 수 있도록 노력하겠습니다.
감사합니다. :)"
116471,2026-06-10 00:00:00,,,"뱃살다이어트를 매년 시도했는데 이번엔 이 기기랑 식단을 함께 했더니 복부 라인이 확연히 달라졌어요. 살을 뺀다기보다 모양을 잡는 개념이라는 걸 알게 됐고, 그게 다이어트에 대한 생각 자체를 바꿔줬어요.",5ef3f44cf98d,,1003,바디풀고컷 경락 마사지기,99000,,기존리뷰,5,,0,0,1,"안녕하세요. 프리미엄 헬스테크 브랜드, 슬룸입니다.
진심 어린 소중한 후기 감사합니다. 💜

앞으로도 좋은 상품과 서비스로 고객님들을 찾아뵐 수 있도록 노력하겠습니다.
감사합니다. :)"
116472,2026-06-10 00:00:00,,,"밤마다 다리가 무거워서 잠드는 게 힘들었는데, 자기 전에 이걸 쓰고 나서 다리 편하게 누울 수 있다는 게 뭔지 알게 됐어요. 별거 아닌 것 같지만 수면의 질이 달라진 게 느껴졌어요. 지금은 자기 전 루틴에서 이걸 빼면 이상한 기분이 들어요.",693527eb1ef0,,1003,바디풀고컷 경락 마사지기,99000,,기존리뷰,4,,0,0,1,"안녕하세요. 프리미엄 헬스테크 브랜드, 슬룸입니다.
시간 내어 소중한 후기를 작성해 주셔서 감사드립니다. :)

믿고 찾는 쇼핑몰이 되기 위해 더 좋은 상품과 서비스를 준비하겠습니다.
감사합니다. 💜"
116473,2026-06-17 00:00:00,,,종아리 붓기가 빠지니까 발목 선이 살아났어요. 발목이 있는 사람이었는데 붓기에 가려져 있었던 거예요. 발목이 생기니까 슬랙스나 와이드 팬츠 핏이 확연히 달라 보여서 아침에 옷 고르는 게 즐거워졌어요.,bbb7fbddf46c,,1003,바디풀고컷 경락 마사지기,99000,,기존리뷰,5,,0,0,1,"안녕하세요. 프리미엄 헬스테크 브랜드, 슬룸입니다.
시간 내어 소중한 후기를 작성해 주셔서 감사드립니다. :)

믿고 찾는 쇼핑몰이 되기 위해 더 좋은 상품과 서비스를 준비하겠습니다.
감사합니다. 💜"
116474,2026-06-25 08:02:03,2026-06-18 14:51:35,2026-06-20 18:36:34,좋아여 아주 좋아여,,,636,허리편한케어 V2 허리 마사지기,131000,수량선택: 허리편한케어 V2 1개 (허리베개 1개 증정),기존리뷰,5,,0,0,1,"안녕하세요. 프리미엄 헬스테크 브랜드, 슬룸입니다.
정성스럽게 올려주신 소중한 후기 감사합니다. 💜

고객님의 목소리로 더 발전하는 슬룸이 되도록 노력하겠습니다.
감사합니다. 🙇‍♀️"
116475,2026-06-25 08:23:27,2026-06-11 21:23:05,2026-06-13 16:10:34,목디스크가 살짝있어서 집에서 목마사지하려고 구매했어요 일반 누워서 하는 마사지기기능에 목부분만 따로있는 느낌이고 자연스레 목뼈를 늘려주며 올려주는 느낌입니다. 온열마사지기능도 있어서 잠이 솔솔와요 충전하는 부분이 안쪽에있어서 끼우기힘들고 세탁이 안된다는것이 단점입니다.,,,909,목 마사지 베개 V2 경추 마사지기 베개,112000,수량선택: 목 마사지 베개 V2 1개 (허리베개 1개 증정),기존리뷰,4,,1,0,1,"안녕하세요. 프리미엄 헬스테크 브랜드, 슬룸입니다.
진심 어린 소중한 후기 감사합니다. 💜

앞으로도 좋은 상품과 서비스로 고객님들을 찾아뵐 수 있도록 노력하겠습니다.
감사합니다. :)"
116476,2026-06-25 09:15:35,2026-06-16 09:22:25,2026-06-17 13:40:36,배송도 빠르고 잘사용하고 있어요.,,,980,프리미엄 엘보케어 팔꿈치 마사지기,149000,수량선택: 팔꿈치 마사지기 1개,기존리뷰,5,,0,0,1,"안녕하세요. 프리미엄 헬스테크 브랜드, 슬룸입니다.
진심 어린 소중한 후기 감사합니다. 💜

앞으로도 좋은 상품과 서비스로 고객님들을 찾아뵐 수 있도록 노력하겠습니다.
감사합니다. :)"
116477,2026-06-25 10:38:35,2026-06-16 10:34:55,2026-06-17 18:40:59,"어우~괜히 인별보고 뭔 닥터가 만들엇니 추천하니 뭐니 기억도안난다.. 괜히 사서 도움 1도 안된다.이따구로만들거,나도 만든다.오늘아침에 홈쇼핑에 더 좋아보이는 목 맛사지기보이길래, 와~기다렷다 저거살걸하고,,왜하필 내눈에 이게 보여서..인스타를 끊던가해야지,,가라가 너무 판을 쳐대서..내가 속질말아야지",,,909,목 마사지 베개 V2 경추 마사지기 베개,112000,수량선택: 목 마사지 베개 V2 1개,기존리뷰,1,,1,0,1,"안녕하세요 고객님, 프리미엄 헬스테크 브랜드, 슬룸입니다.
고객님께 만족스러운 경험을 드리지 못해 대단히 죄송합니다.😥

슬룸의 모든 제품은 인체공학적으로 설계되어 편안한 사용이 가능하나 초기 사용 시 1~2주 이상의 적응 기간이 필요할 수 있습니다. 
다만 수령하신 날짜 기준으로 30일 동안 꾸준히 사용해보시고도 만족하지 못하셨을 경우에는, 슬룸에서 진행하는 <100%환불이벤트> 에 참여하여 왕복배송비 제외 전액 환불이 가능합니다.

※ 제품을 30일간 꾸준히 사용한 경우, 배송완료 후 40일이내 신청이 가능
※ 환불 서비스는 첫 구매 체험을 위한 서비스로 1회만 신청 가능

▶ <100% 환불 이벤트> 상세 환불 조건 : https://sleeplab.co.kr/notice/?page=1#13709226_notice 

슬룸을 믿고 편하게 사용 및 체험해보시고, 그럼에도 만족하시지 못하셨을 경우 슬룸 공식몰의 채널톡을 통해 이벤트 기간 내 문의 주시면 환불 접수 도움드리겠습니다."
116478,2026-06-25 11:04:29,2026-06-20 16:07:55,2026-06-23 18:43:52,필요한물건이에요.잘쓰겟습니다.,,,1001,[슬룸] 구독자 전용 ★초특가★ 비밀링크,84900,수량선택: 목 마사지 베개 V2 1개,기존리뷰,5,,0,0,1,"안녕하세요. 프리미엄 헬스테크 브랜드, 슬룸입니다.
시간 내어 소중한 후기를 작성해 주셔서 감사드립니다. :)

믿고 찾는 쇼핑몰이 되기 위해 더 좋은 상품과 서비스를 준비하겠습니다.
감사합니다. 💜"
116479,2026-06-25 13:15:20,2026-06-18 06:54:10,2026-06-19 16:11:29,마시지도 질되고 좋은데  클립에 끼워넣는게  조금 불편하네요,,,980,프리미엄 엘보케어 팔꿈치 마사지기,149000,수량선택: 데일리 릴렉스 세트 (팔꿈치 마사지기 + 마그네슘 시너지 크림),기존리뷰,5,,0,0,1,"안녕하세요. 프리미엄 헬스테크 브랜드, 슬룸입니다.
진심 어린 소중한 후기 감사합니다. 💜

앞으로도 좋은 상품과 서비스로 고객님들을 찾아뵐 수 있도록 노력하겠습니다.
감사합니다. :)"
116480,2026-06-25 13:41:33,2026-04-25 13:49:20,2026-04-28 16:46:00,한달만에고장나서버림 사지마세요,,,909,목 마사지 베개 V2 경추 마사지기 베개,112000,수량선택: 목 마사지 베개 V2 1개 (마그네슘 시너지 크림 30ml 1개 증정),기존리뷰,1,,0,0,1,"안녕하세요. 프리미엄 헬스테크 브랜드, 슬룸입니다.
고객님께 만족스러운 경험을 드리지 못해 대단히 죄송합니다. 😥

리뷰로는 상세한 안내가 어려워, 자세한 내용 알림톡(문자) 발송 도와드렸으니 확인 부탁드리겠습니다.
추가로 궁금하신 점이 있으시거나 문자 확인하신 후에도 해결되지 않는 경우
번거로우시겠지만 슬룸 채팅 상담을 통해 연락 주시면 빠르게 안내 도와드리겠습니다.

▶ 슬룸 채팅 상담 (※ 월-목 09:30-17:00, 금 09:30-16:00, 주말 및 공휴일 휴무)
http://sloom.channel.io/

고객님의 목소리로 더 발전하는 슬룸이 되도록 노력하겠습니다. 감사합니다."
116481,2026-06-25 14:39:33,2026-06-20 18:18:30,2026-06-23 21:08:00,'시원~하다' 이런 컨셉의 제품은 아니에요. 잠자기 전 목의 피로를 덜어주면서 숙면을 유도한다' 정도의 체감. 몇가지 모드가 있으나 비슷해요,,,1001,[슬룸] 구독자 전용 ★초특가★ 비밀링크,84900,수량선택: 목 마사지 베개 V2 1개,기존리뷰,4,,1,0,1,"안녕하세요. 프리미엄 헬스테크 브랜드, 슬룸입니다.
정성스럽게 올려주신 소중한 후기 감사합니다. 💜

고객님의 목소리로 더 발전하는 슬룸이 되도록 노력하겠습니다.
감사합니다. 🙇‍♀️"
116482,2026-06-25 16:13:03,2026-06-20 14:12:05,2026-06-23 18:43:17,좋은제품 고맙습니다,,,1001,[슬룸] 구독자 전용 ★초특가★ 비밀링크,84900,수량선택: 목 마사지 베개 V2 1개,기존리뷰,5,,0,0,1,"안녕하세요. 프리미엄 헬스테크 브랜드, 슬룸입니다.
정성스럽게 올려주신 소중한 후기 감사합니다. 💜

고객님의 목소리로 더 발전하는 슬룸이 되도록 노력하겠습니다.
감사합니다. 🙇‍♀️"
116483,2026-06-25 17:01:05,2026-06-19 07:23:30,2026-06-20 21:05:11,사용하니 확실히 편하긴해요^^,,,636,허리편한케어 V2 허리 마사지기,131000,수량선택: 허리편한케어 V2 1개 (허리베개 1개 증정),기존리뷰,5,,1,0,1,"안녕하세요. 프리미엄 헬스테크 브랜드, 슬룸입니다.
시간 내어 소중한 후기를 작성해 주셔서 감사드립니다. :)

믿고 찾는 쇼핑몰이 되기 위해 더 좋은 상품과 서비스를 준비하겠습니다.
감사합니다. 💜"
116484,2026-06-25 20:05:53,2026-06-23 21:34:45,2026-06-25 16:15:35,마사지 기기가좋긴하는데요 길이에서 조금아쉽네요 남자분이사용하기에 짧아요ㅠㅠ,,,980,프리미엄 엘보케어 팔꿈치 마사지기,149000,수량선택: 데일리 릴렉스 세트 (팔꿈치 마사지기 + 마그네슘 시너지 크림),기존리뷰,5,,1,0,1,"안녕하세요. 프리미엄 헬스테크 브랜드, 슬룸입니다.
진심 어린 소중한 후기 감사합니다. 💜

앞으로도 좋은 상품과 서비스로 고객님들을 찾아뵐 수 있도록 노력하겠습니다.
감사합니다. :)"
116485,2026-06-25 21:06:05,2026-06-20 20:38:55,2026-06-23 18:42:41,좋습니다 확 시원하진 않지만 가정용으론 딱인 제품,,,1001,[슬룸] 구독자 전용 ★초특가★ 비밀링크,84900,수량선택: ★SET★ 발편한케어 L 1개 + 목 마사지 베개 V2 1개 + 마그네슘 시너지 크림 100원 + (증정)중형 파우치,기존리뷰,5,,0,0,1,"안녕하세요. 프리미엄 헬스테크 브랜드, 슬룸입니다.
정성스럽게 올려주신 소중한 후기 감사합니다. 💜

고객님의 목소리로 더 발전하는 슬룸이 되도록 노력하겠습니다.
감사합니다. 🙇‍♀️"
116486,2026-06-25 21:25:49,2026-06-23 22:37:35,2026-06-25 16:15:31,발은 좋아요. 목은 아직 모르겠어요.,,,1001,[슬룸] 구독자 전용 ★초특가★ 비밀링크,84900,수량선택: ★SET★ 발편한케어 L 1개 + 목 마사지 베개 V2 1개 + 마그네슘 시너지 크림 100원 + (증정)중형 파우치,기존리뷰,4,,1,0,1,"안녕하세요. 프리미엄 헬스테크 브랜드, 슬룸입니다.
진심 어린 소중한 후기 감사합니다. 💜

앞으로도 좋은 상품과 서비스로 고객님들을 찾아뵐 수 있도록 노력하겠습니다.
감사합니다. :)"
116487,2026-06-25 21:56:20,2026-06-24 13:29:10,2026-06-25 21:05:24,오자마자 써봤는데 확~ 풀리는 느낌이네요. 아주 좋아요^^,,,184,목편한케어 플라잉 목 마사지기,119000,수량선택: 시그니처 세트 (허리편한케어 V2 + 목편한케어 플라잉),기존리뷰,5,,1,0,1,"안녕하세요. 프리미엄 헬스테크 브랜드, 슬룸입니다.
정성스럽게 올려주신 소중한 후기 감사합니다. 💜

고객님의 목소리로 더 발전하는 슬룸이 되도록 노력하겠습니다.
감사합니다. 🙇‍♀️"
116488,2026-06-25 21:58:54,2026-06-23 23:10:30,2026-06-25 16:10:21,"제질이  좋아요
잘사용 할께요",,,754,슬룸 전용 파우치,11900,수량선택: 슬룸 보관용 파우치 (중형) 1개 (33*48cm),기존리뷰,5,,0,0,1,"안녕하세요. 프리미엄 헬스테크 브랜드, 슬룸입니다.
진심 어린 소중한 후기 감사합니다. 💜

앞으로도 좋은 상품과 서비스로 고객님들을 찾아뵐 수 있도록 노력하겠습니다.
감사합니다. :)"
116489,2026-06-25 23:10:48,2026-05-31 21:35:05,2026-06-02 16:18:21,"허리가 안좋아 힘들어하는 남자친구 선물로 줬는데 너무 좋다며 꾸준히 잘 하더라구요ㅎㅎ
효과가 있나봐요",,,71,허리베개 프로 허리 마사지기,89000,수량선택: 허리베개 프로 1개,기존리뷰,5,,0,0,1,"안녕하세요. 프리미엄 헬스테크 브랜드, 슬룸입니다.
진심 어린 소중한 후기 감사합니다. 💜

앞으로도 좋은 상품과 서비스로 고객님들을 찾아뵐 수 있도록 노력하겠습니다.
감사합니다. :)"
116490,2026-06-26 08:35:25,2026-06-24 09:21:58,2026-06-25 16:11:34,강도가 세지 않고 퇴근후 피로가 사르르~ 절로 잠이 옵니다. 일자목때문에 목과 어깨가 자주 아픈데 도움 됩니다.,f895f3427a2d,,70,목편한케어 목 마사지기,99000,커버 추가: 목편한케어 커버 1개 (그레이),반응형(내리뷰),4,,1,0,1,"안녕하세요. 프리미엄 헬스테크 브랜드, 슬룸입니다.
시간 내어 소중한 후기를 작성해 주셔서 감사드립니다. :)

믿고 찾는 쇼핑몰이 되기 위해 더 좋은 상품과 서비스를 준비하겠습니다.
감사합니다. 💜"
116491,2026-06-26 09:20:23,2026-06-23 15:44:18,2026-06-25 16:15:29,"안녕하세요 
여러번 동영상을 보고 선택하게 됐어요  
목베계 한번 사용 해봤는대 따듯하고 편안한 느낌~~*",11d2226b45c2,,1001,[슬룸] 구독자 전용 ★초특가★ 비밀링크,84900,수량선택: ★SET★ 발편한케어 M 1개 + 목 마사지 베개 V2 1개 + 마그네슘 시너지 크림 100원 + (증정)중형 파우치,모바일,4,,1,0,1,"안녕하세요. 프리미엄 헬스테크 브랜드, 슬룸입니다.
정성스럽게 올려주신 소중한 후기 감사합니다. 💜

고객님의 목소리로 더 발전하는 슬룸이 되도록 노력하겠습니다.
감사합니다. 🙇‍♀️"
116492,2026-06-11 00:00:00,,,여름이 진짜 두려웠어요. 팔뚝이 신경 쓰여서 더운데도 긴 소매 입고 다녔거든요. 팔뚝 집중 케어 시작하고 3주가 됐는데 민소매 입는 게 이제 덜 무서워요. 확실히 달라진 건 느껴요.,2e1bf16015f5,,1003,바디풀고컷 경락 마사지기,99000,,기존리뷰,5,,0,0,1,"안녕하세요. 프리미엄 헬스테크 브랜드, 슬룸입니다.
시간 내어 소중한 후기를 작성해 주셔서 감사드립니다. :)

믿고 찾는 쇼핑몰이 되기 위해 더 좋은 상품과 서비스를 준비하겠습니다.
감사합니다. 💜"
116493,2026-06-10 00:00:00,,,림프 마사지 받으러 샵 가면 예약에 이동에 관리받고 귀가까지 두 시간이 훌쩍 넘거든요. 이 제품은 그 시간에 집에서 드라마 보면서 하면 되니까 진짜 생활이 달라졌어요. 비용도 시간도 다 아꼈어요~,5486121b7c12,,1003,바디풀고컷 경락 마사지기,99000,,기존리뷰,5,,0,0,1,"안녕하세요. 프리미엄 헬스테크 브랜드, 슬룸입니다.
시간 내어 소중한 후기를 작성해 주셔서 감사드립니다. :)

믿고 찾는 쇼핑몰이 되기 위해 더 좋은 상품과 서비스를 준비하겠습니다.
감사합니다. 💜"
116494,2026-06-08 00:00:00,,,"샵을 대체할 홈케어 기기를 찾고 있었어요. 모드가 다양해서 날에 따라 붓기 관리도 하고, 탄력 케어도 하고, 라인 정리도 할 수 있어요. 하나로 다 된다는 게 루틴화하기 좋은 이유예요.",588c1be55874,,1003,바디풀고컷 경락 마사지기,99000,,기존리뷰,5,,0,0,1,"안녕하세요. 프리미엄 헬스테크 브랜드, 슬룸입니다.
진심 어린 소중한 후기 감사합니다. 💜

앞으로도 좋은 상품과 서비스로 고객님들을 찾아뵐 수 있도록 노력하겠습니다.
감사합니다. :)"
116495,2026-06-23 00:00:00,,,여름마다 짧은 원피스 입는 게 주저됐는데 이번 여름은 이 제품으로 미리 준비했더니 달라요. 허벅지 피부 결이 좋아지고 탄력이 올라와서 이번엔 짧은 원피스 꼭 입어볼 거예요.,39a5afd20667,,1003,바디풀고컷 경락 마사지기,99000,,기존리뷰,4,,0,0,1,"안녕하세요. 프리미엄 헬스테크 브랜드, 슬룸입니다.
진심 어린 소중한 후기 감사합니다. 💜

앞으로도 좋은 상품과 서비스로 고객님들을 찾아뵐 수 있도록 노력하겠습니다.
감사합니다. :)"
116496,2026-06-19 00:00:00,,,한 달에 한 번 마사지 받으러 가는 루틴이 있었는데 이 제품 사고 나서 그 빈도가 줄었어요. 매일 집에서 케어하니까 오히려 더 꾸준한 관리가 돼요.,8d469ba2cc9d,,1003,바디풀고컷 경락 마사지기,99000,,기존리뷰,5,,0,0,1,"안녕하세요. 프리미엄 헬스테크 브랜드, 슬룸입니다.
진심 어린 소중한 후기 감사합니다. 💜

앞으로도 좋은 상품과 서비스로 고객님들을 찾아뵐 수 있도록 노력하겠습니다.
감사합니다. :)"
116497,2026-06-08 00:00:00,,,민소매 시즌 준비한다고 팔뚝 관리 시작했는데 M2 모드에서 두드림 자극이 오면서 탄력이 올라오는 게 느껴져요. 한 달 넘게 쓰면서 소매 없는 옷이 훨씬 자신감 있게 입어지네요~,a347d1318730,,1003,바디풀고컷 경락 마사지기,99000,,기존리뷰,5,,0,0,1,"안녕하세요. 프리미엄 헬스테크 브랜드, 슬룸입니다.
정성스럽게 올려주신 소중한 후기 감사합니다. 💜

고객님의 목소리로 더 발전하는 슬룸이 되도록 노력하겠습니다.
감사합니다. 🙇‍♀️"
116498,2026-06-13 00:00:00,,,시간 없는 날도 10분만 쓰면 되니까 루틴을 놓치는 일이 없어요. 예전엔 샵 예약 잡다가 못 가는 경우가 더 많았는데 이제 그런 스트레스가 없어요.,df516f4df25a,,1003,바디풀고컷 경락 마사지기,99000,,기존리뷰,5,,0,0,1,"안녕하세요. 프리미엄 헬스테크 브랜드, 슬룸입니다.
정성스럽게 올려주신 소중한 후기 감사합니다. 💜

고객님의 목소리로 더 발전하는 슬룸이 되도록 노력하겠습니다.
감사합니다. 🙇‍♀️"
116499,2026-06-08 00:00:00,,,에스테틱 원장님한테 '림프가 많이 막혀 있다'는 말을 들었는데 꾸준히 받으려니 비용이 진짜 장난이 아니었어요ㅠ M1 붓기 모드 집중으로 쓰고 있는데 몸이 무거운 느낌이 많이 줄었어요. 관리비 진짜 많이 아꼈어요.,8383ce393631,,1003,바디풀고컷 경락 마사지기,99000,,기존리뷰,4,,0,0,1,"안녕하세요. 프리미엄 헬스테크 브랜드, 슬룸입니다.
정성스럽게 올려주신 소중한 후기 감사합니다. 💜

고객님의 목소리로 더 발전하는 슬룸이 되도록 노력하겠습니다.
감사합니다. 🙇‍♀️"
116500,2026-06-16 00:00:00,,,"괄사 제품을 세 개나 샀다가 전부 서랍에 잠들었어요ㅋㅋ 본인이 직접 힘줘서 해야 하니까 너무 힘들었거든요. 이 제품은 12개 볼이 알아서 눌러주니까 팔에 힘 안 줘도 되고, 3주 째 매일 쓰고 있어요.",a38e9d060cd9,,1003,바디풀고컷 경락 마사지기,99000,,기존리뷰,5,,0,0,1,"안녕하세요. 프리미엄 헬스테크 브랜드, 슬룸입니다.
시간 내어 소중한 후기를 작성해 주셔서 감사드립니다. :)

믿고 찾는 쇼핑몰이 되기 위해 더 좋은 상품과 서비스를 준비하겠습니다.
감사합니다. 💜"
116501,2026-06-08 00:00:00,,,팔 운동을 열심히 해도 겉 팔뚝살이 버텼는데 이 제품 팔뚝에 집중하면서 라인이 정리되는 느낌이에요. 운동이랑 병행하니까 시너지가 나는 것 같아요. 민소매 입을 때 자신감이 늘었어요!,1a3fabb34a58,,1003,바디풀고컷 경락 마사지기,99000,,기존리뷰,5,,0,0,1,"안녕하세요. 프리미엄 헬스테크 브랜드, 슬룸입니다.
진심 어린 소중한 후기 감사합니다. 💜

앞으로도 좋은 상품과 서비스로 고객님들을 찾아뵐 수 있도록 노력하겠습니다.
감사합니다. :)"
116502,2026-06-09 00:00:00,,,퇴근 후 다리가 너무 무거워서 바닥에 눕는 게 일이었어요. 다리 들어올리고 누워있어도 붓기가 잘 안 빠졌거든요. 이 제품 쓰면서 확실히 빨리 빠지더라고요. 삶의 질이 올라간 것 같아요.,bd24715e9c25,,1003,바디풀고컷 경락 마사지기,99000,,기존리뷰,4,,0,0,1,"안녕하세요. 프리미엄 헬스테크 브랜드, 슬룸입니다.
진심 어린 소중한 후기 감사합니다. 💜

앞으로도 좋은 상품과 서비스로 고객님들을 찾아뵐 수 있도록 노력하겠습니다.
감사합니다. :)"
116503,2026-06-10 00:00:00,,,"모드별 용도가 명확하게 나눠져 있어서 어떤 날 어떤 모드 쓸지 계획 세우기 좋아요. 붓기 심한 날은 M1, 탄력 집중할 때는 M2, 라인 케어할 때는 M3. 루틴이 체계적으로 잡혔어요.",eec1761976b2,,1003,바디풀고컷 경락 마사지기,99000,,기존리뷰,5,,0,0,1,"안녕하세요. 프리미엄 헬스테크 브랜드, 슬룸입니다.
진심 어린 소중한 후기 감사합니다. 💜

앞으로도 좋은 상품과 서비스로 고객님들을 찾아뵐 수 있도록 노력하겠습니다.
감사합니다. :)"
116504,2026-06-20 00:00:00,,,혼자 하기 힘든 부위를 이 제품이 해결해줘요. 등이나 허벅지 뒤쪽 같은 닿기 힘든 부위도 어느 정도 접근이 돼요. 샵 없이 전신 케어가 된다는 게 홈케어 루틴의 완성 같아요.,fd79b1b0311e,,1003,바디풀고컷 경락 마사지기,99000,,기존리뷰,5,,0,0,1,"안녕하세요. 프리미엄 헬스테크 브랜드, 슬룸입니다.
진심 어린 소중한 후기 감사합니다. 💜

앞으로도 좋은 상품과 서비스로 고객님들을 찾아뵐 수 있도록 노력하겠습니다.
감사합니다. :)"
116505,2026-06-09 00:00:00,,,관리샵을 가고 싶어도 예약이 힘들고 비용도 부담이었어요. 이 제품 사고 나서 처음으로 꾸준한 홈케어 루틴을 만들었어요. 저녁에 씻고 나서 바로 쓰는 게 습관이 됐는데 2주 만에 몸이 달라진 게 느껴졌어요.,a8d1a06d71bf,,1003,바디풀고컷 경락 마사지기,99000,,기존리뷰,5,,0,0,1,"안녕하세요. 프리미엄 헬스테크 브랜드, 슬룸입니다.
시간 내어 소중한 후기를 작성해 주셔서 감사드립니다. :)

믿고 찾는 쇼핑몰이 되기 위해 더 좋은 상품과 서비스를 준비하겠습니다.
감사합니다. 💜"
116506,2026-06-23 00:00:00,,,"종아리 붓기 때문에 일주일에 한 번씩 샵을 갔었는데요, 아침엔 괜찮다가 저녁만 되면 터질 것 같아서요ㅠ 이 제품 쓰고 나서 아침이랑 저녁 차이가 진짜 줄었어요. 이제 예약하고 시간 맞춰서 나가지 않아도 된다는 게 이렇게 편한 줄 몰랐네요.",e0a628bbe0a5,,1003,바디풀고컷 경락 마사지기,99000,,기존리뷰,4,,0,0,1,"안녕하세요. 프리미엄 헬스테크 브랜드, 슬룸입니다.
시간 내어 소중한 후기를 작성해 주셔서 감사드립니다. :)

믿고 찾는 쇼핑몰이 되기 위해 더 좋은 상품과 서비스를 준비하겠습니다.
감사합니다. 💜"
116507,2026-06-19 00:00:00,,,하루 종일 서있는 날은 종아리가 심하게 부는데 M1 모드로 30분만 써도 확실히 달라요. 자기 전에 쓰고 자면 다음 날 아침에 훨씬 가벼운 발로 시작할 수 있어요.,c209261d8212,,1003,바디풀고컷 경락 마사지기,99000,,기존리뷰,5,,0,0,1,"안녕하세요. 프리미엄 헬스테크 브랜드, 슬룸입니다.
정성스럽게 올려주신 소중한 후기 감사합니다. 💜

고객님의 목소리로 더 발전하는 슬룸이 되도록 노력하겠습니다.
감사합니다. 🙇‍♀️"
116508,2026-06-12 00:00:00,,,M2 모드로 팔뚝에 쓰면 두드리는 진동이랑 EMS가 같이 오는데 팔 근육이 흔들리는 게 눈으로 보여요. 처음엔 좀 신기하기도 하고 무섭기도 했는데 그만큼 자극이 강하다는 증거더라고요. 꾸준히 쓰면서 팔뚝이 가벼워졌어요~,24c5b01dd5ee,,1003,바디풀고컷 경락 마사지기,99000,,기존리뷰,5,,0,0,1,"안녕하세요. 프리미엄 헬스테크 브랜드, 슬룸입니다.
정성스럽게 올려주신 소중한 후기 감사합니다. 💜

고객님의 목소리로 더 발전하는 슬룸이 되도록 노력하겠습니다.
감사합니다. 🙇‍♀️"
116509,2026-06-23 00:00:00,,,"에스테틱 연간 비용을 계산해보니까 이 제품 사고도 남더라고요. 두 달 됐는데 복부랑 허벅지 라인이 달라졌어요. 경제적으로도, 효과로도 두 마리 토끼를 다 잡은 기분이에요~",0977c4ca9ee9,,1003,바디풀고컷 경락 마사지기,99000,,기존리뷰,5,,0,0,1,"안녕하세요. 프리미엄 헬스테크 브랜드, 슬룸입니다.
진심 어린 소중한 후기 감사합니다. 💜

앞으로도 좋은 상품과 서비스로 고객님들을 찾아뵐 수 있도록 노력하겠습니다.
감사합니다. :)"
116510,2026-06-13 00:00:00,,,M1 모드로 종아리에 쓰면 촘촘하게 수축하는 느낌이 오는데 운동한 것처럼 뭉근해요. 이 정도 자극이 올 거라고 예상을 못 했거든요. 반신반의했던 제가 이제 주변에 막 추천하는 사람이 됐어요ㅋㅋ,3d8c30847c20,,1003,바디풀고컷 경락 마사지기,99000,,기존리뷰,4,,0,0,1,"안녕하세요. 프리미엄 헬스테크 브랜드, 슬룸입니다.
정성스럽게 올려주신 소중한 후기 감사합니다. 💜

고객님의 목소리로 더 발전하는 슬룸이 되도록 노력하겠습니다.
감사합니다. 🙇‍♀️"
116511,2026-06-24 00:00:00,,,기존에 쓰던 EMS 기기는 피부 표면에서만 자극이 느껴졌는데 이 제품은 고주파랑 같이 나오는 모드에서 확실히 더 깊은 층까지 오는 느낌이에요. 강도 3에서 시작했다가 지금은 10단계까지 올렸어요.,0a1f64352cbb,,1003,바디풀고컷 경락 마사지기,99000,,기존리뷰,5,,0,0,1,"안녕하세요. 프리미엄 헬스테크 브랜드, 슬룸입니다.
시간 내어 소중한 후기를 작성해 주셔서 감사드립니다. :)

믿고 찾는 쇼핑몰이 되기 위해 더 좋은 상품과 서비스를 준비하겠습니다.
감사합니다. 💜"
116512,2026-06-15 00:00:00,,,스트레스받으면 몸이 특히 잘 부어요. 퇴근 후엔 얼굴이랑 다리 다 붓거든요ㅠ 이 제품 쓰고 나면 몸이 전체적으로 가벼워지는 느낌이 있어서 스트레스 해소에도 도움이 되는 것 같아요.,4709450f11b1,,1003,바디풀고컷 경락 마사지기,99000,,기존리뷰,5,,0,0,1,"안녕하세요. 프리미엄 헬스테크 브랜드, 슬룸입니다.
정성스럽게 올려주신 소중한 후기 감사합니다. 💜

고객님의 목소리로 더 발전하는 슬룸이 되도록 노력하겠습니다.
감사합니다. 🙇‍♀️"
116513,2026-06-15 00:00:00,,,사무실에서 하루 종일 앉아 있으면 다리가 통통 부어요. 신발이 꽉 끼고 양말 자국이 깊게 남더라고요ㅠ M1 붓기 모드로 종아리랑 발목 주변 집중 케어하면 붓기가 빠지는 게 확실히 느껴져요.,ba7a77de9b84,,1003,바디풀고컷 경락 마사지기,99000,,기존리뷰,4,,0,0,1,"안녕하세요. 프리미엄 헬스테크 브랜드, 슬룸입니다.
진심 어린 소중한 후기 감사합니다. 💜

앞으로도 좋은 상품과 서비스로 고객님들을 찾아뵐 수 있도록 노력하겠습니다.
감사합니다. :)"
116514,2026-06-15 00:00:00,,,부유방이 고민이어서 팔뚝이랑 겨드랑이 쪽 집중으로 케어하고 있어요. 딱 붙는 소매 있는 옷 입으면 신경 쓰였는데 조금씩 정리되는 느낌이에요. 여름 민소매 깔끔하게 입는 게 목표예요!,eedd18ef2add,,1003,바디풀고컷 경락 마사지기,99000,,기존리뷰,5,,0,0,1,"안녕하세요. 프리미엄 헬스테크 브랜드, 슬룸입니다.
진심 어린 소중한 후기 감사합니다. 💜

앞으로도 좋은 상품과 서비스로 고객님들을 찾아뵐 수 있도록 노력하겠습니다.
감사합니다. :)"
116515,2026-06-17 00:00:00,,,허벅지 셀룰라이트가 오래된 고민이었어요. 다이어트도 해보고 마사지도 받아봤는데 끈질기더라고요ㅠ M3 모드 집중으로 매일 관리하면서 피부 결이 조금씩 달라지고 있어요.,3048dc49efea,,1003,바디풀고컷 경락 마사지기,99000,,기존리뷰,5,,0,0,1,"안녕하세요. 프리미엄 헬스테크 브랜드, 슬룸입니다.
정성스럽게 올려주신 소중한 후기 감사합니다. 💜

고객님의 목소리로 더 발전하는 슬룸이 되도록 노력하겠습니다.
감사합니다. 🙇‍♀️"
116516,2026-06-14 00:00:00,,,처음 쓸 때 강도를 너무 높여서 깜짝 놀랐어요ㅋㅋ 다시 낮춰서 적응하면서 올렸는데 지금은 그 자극이 개운하고 좋아요. EMS 효과 의심하는 분들 이 제품 써보면 생각이 바뀔 거예요.,d5c84237a228,,1003,바디풀고컷 경락 마사지기,99000,,기존리뷰,5,,0,0,1,"안녕하세요. 프리미엄 헬스테크 브랜드, 슬룸입니다.
진심 어린 소중한 후기 감사합니다. 💜

앞으로도 좋은 상품과 서비스로 고객님들을 찾아뵐 수 있도록 노력하겠습니다.
감사합니다. :)"
116517,2026-06-18 00:00:00,,,집에서 할 수 있는 바디 관리가 필요했는데 복잡하게 세팅할 필요 없이 충전해두고 쓰면 되니까 루틴화하기 쉬워요. 한 달 넘게 매일 쓰고 있어요.,bb1546c5cd0c,,1003,바디풀고컷 경락 마사지기,99000,,기존리뷰,4,,0,0,1,"안녕하세요. 프리미엄 헬스테크 브랜드, 슬룸입니다.
정성스럽게 올려주신 소중한 후기 감사합니다. 💜

고객님의 목소리로 더 발전하는 슬룸이 되도록 노력하겠습니다.
감사합니다. 🙇‍♀️"
116518,2026-06-11 00:00:00,,,예전에 쓰던 EMS 패드는 피부에 붙이는 방식이었는데 이 제품은 롤링하면서 쓰니까 자극 범위도 넓고 더 효과적이에요. 특히 종아리처럼 라운드진 부위에 볼이 밀착되는 게 잘 맞아요. 쓰고 나면 진짜 개운해요.,ab53dcc715b2,,1003,바디풀고컷 경락 마사지기,99000,,기존리뷰,5,,0,0,1,"안녕하세요. 프리미엄 헬스테크 브랜드, 슬룸입니다.
시간 내어 소중한 후기를 작성해 주셔서 감사드립니다. :)

믿고 찾는 쇼핑몰이 되기 위해 더 좋은 상품과 서비스를 준비하겠습니다.
감사합니다. 💜"
116519,2026-06-23 00:00:00,,,육아 중에 샵 가는 게 진짜 힘든데 아이 재우고 잠깐 쓸 수 있어서 너무 좋아요. 꾸준히 쓰니까 몸 상태가 유지되고 개인 관리를 하는 것 자체가 기분 전환이 돼요~,3d66f28f8001,,1003,바디풀고컷 경락 마사지기,99000,,기존리뷰,5,,0,0,1,"안녕하세요. 프리미엄 헬스테크 브랜드, 슬룸입니다.
진심 어린 소중한 후기 감사합니다. 💜

앞으로도 좋은 상품과 서비스로 고객님들을 찾아뵐 수 있도록 노력하겠습니다.
감사합니다. :)"
116520,2026-06-22 00:00:00,,,M2 탄력 모드에서 두드림 자극이 허벅지 깊이 들어가는 느낌인데 이게 탄력 만드는 데 도움이 되는 것 같아요. 평소에 허벅지 탄력이 없다고 느꼈는데 쓰면서 다리 라인이 달라지는 게 보여요.,a54522e7e7b1,,1003,바디풀고컷 경락 마사지기,99000,,기존리뷰,5,,0,0,1,"안녕하세요. 프리미엄 헬스테크 브랜드, 슬룸입니다.
진심 어린 소중한 후기 감사합니다. 💜

앞으로도 좋은 상품과 서비스로 고객님들을 찾아뵐 수 있도록 노력하겠습니다.
감사합니다. :)"
116521,2026-06-14 00:00:00,,,"복부에 집중하면서 지방이 분해되는 느낌이랄까, 배가 조금씩 들어가는 것 같아요. 숫자로 잴 수 있는 변화는 아직 없는데 핏 차이는 나요. 여름 크롭티 목표로 계속할 거예요!",f4c868c01e56,,1003,바디풀고컷 경락 마사지기,99000,,기존리뷰,4,,0,0,1,"안녕하세요. 프리미엄 헬스테크 브랜드, 슬룸입니다.
진심 어린 소중한 후기 감사합니다. 💜

앞으로도 좋은 상품과 서비스로 고객님들을 찾아뵐 수 있도록 노력하겠습니다.
감사합니다. :)"
116522,2026-06-11 00:00:00,,,몸이 뭉쳐있는 게 업무 집중력에도 영향을 주는 것 같더라고요. 퇴근 후 이 제품으로 승모근이랑 팔뚝 풀어주고 나면 다음날 컨디션이 달라요.,50c5e8d7d72d,,1003,바디풀고컷 경락 마사지기,99000,,기존리뷰,5,,0,0,1,"안녕하세요. 프리미엄 헬스테크 브랜드, 슬룸입니다.
정성스럽게 올려주신 소중한 후기 감사합니다. 💜

고객님의 목소리로 더 발전하는 슬룸이 되도록 노력하겠습니다.
감사합니다. 🙇‍♀️"
116523,2026-06-08 00:00:00,,,원하는 날에 예약이 안 맞아서 스트레스였는데 이 제품은 내 스케줄대로 할 수 있으니까 훨씬 편해요. 꾸준히 쓰니까 효과도 샵이랑 비교해서 뒤지지 않아요. 홈케어의 진짜 강점이 이거인 것 같아요.,f34ed9f0f425,,1003,바디풀고컷 경락 마사지기,99000,,기존리뷰,5,,0,0,1,"안녕하세요. 프리미엄 헬스테크 브랜드, 슬룸입니다.
시간 내어 소중한 후기를 작성해 주셔서 감사드립니다. :)

믿고 찾는 쇼핑몰이 되기 위해 더 좋은 상품과 서비스를 준비하겠습니다.
감사합니다. 💜"
116524,2026-06-24 00:00:00,,,이런 가격대 기기가 진짜 효과가 있을까 싶었거든요. 근데 M3 컷팅 모드로 허벅지 집중하니까 묵직하게 자극이 오는 게 느껴지더라고요? 이제 진짜 못 끊겠어요. 매일 씻고 나서 바로 루틴으로 자리 잡았어요.,073258a7029f,,1003,바디풀고컷 경락 마사지기,99000,,기존리뷰,4,,0,0,1,"안녕하세요. 프리미엄 헬스테크 브랜드, 슬룸입니다.
시간 내어 소중한 후기를 작성해 주셔서 감사드립니다. :)

믿고 찾는 쇼핑몰이 되기 위해 더 좋은 상품과 서비스를 준비하겠습니다.
감사합니다. 💜"
116525,2026-06-23 00:00:00,,,레깅스 입고 운동하는 걸 좋아하는데 허벅지 라인이 항상 걱정이었어요. 허벅지 탄력이 올라오니까 레깅스 핏이 달라 보여요. 운동 후에 쓰면 피로 회복도 되고 라인 관리도 되니까 진짜 일석이조예요.,db7b29c5b152,,1003,바디풀고컷 경락 마사지기,99000,,기존리뷰,5,,0,0,1,"안녕하세요. 프리미엄 헬스테크 브랜드, 슬룸입니다.
진심 어린 소중한 후기 감사합니다. 💜

앞으로도 좋은 상품과 서비스로 고객님들을 찾아뵐 수 있도록 노력하겠습니다.
감사합니다. :)"
116526,2026-06-22 00:00:00,,,크롭티 입고 싶어서 복부 관리 시작했어요. M3 컷팅 모드로 복부 집중하고 있는데 뱃살 라인이 정교하게 정리되는 느낌이에요. 이번 여름은 크롭티 도전해볼 수 있을 것 같아요!,e6a5b8125de8,,1003,바디풀고컷 경락 마사지기,99000,,기존리뷰,5,,0,0,1,"안녕하세요. 프리미엄 헬스테크 브랜드, 슬룸입니다.
시간 내어 소중한 후기를 작성해 주셔서 감사드립니다. :)

믿고 찾는 쇼핑몰이 되기 위해 더 좋은 상품과 서비스를 준비하겠습니다.
감사합니다. 💜"
116527,2026-06-15 00:00:00,,,뭘 사도 꾸준히 못 했었는데 이 제품은 달라요. 쓰기 쉽고 효과가 느껴지니까 스스로 찾게 되더라고요. 관리샵을 못 가도 이제 크게 아쉽지 않아요.,80199956f55b,,1003,바디풀고컷 경락 마사지기,99000,,기존리뷰,5,,0,0,1,"안녕하세요. 프리미엄 헬스테크 브랜드, 슬룸입니다.
진심 어린 소중한 후기 감사합니다. 💜

앞으로도 좋은 상품과 서비스로 고객님들을 찾아뵐 수 있도록 노력하겠습니다.
감사합니다. :)"
116528,2026-06-22 00:00:00,,,팔뚝 부유방 때문에 에스테틱에서도 쉽지 않다는 말 들었어요ㅠ 이 제품으로 팔뚝 집중하니까 옷 핏이 달라졌어요. 딱 붙는 티셔츠 입을 때 덜 신경 쓰이더라고요~ 샵 갔으면 이미 몇십만 원 썼을 텐데 이 하나로 관리하고 있어요.,bdebc019485a,,1003,바디풀고컷 경락 마사지기,99000,,기존리뷰,4,,0,0,1,"안녕하세요. 프리미엄 헬스테크 브랜드, 슬룸입니다.
시간 내어 소중한 후기를 작성해 주셔서 감사드립니다. :)

믿고 찾는 쇼핑몰이 되기 위해 더 좋은 상품과 서비스를 준비하겠습니다.
감사합니다. 💜"
116529,2026-06-10 00:00:00,,,EMS는 운동선수들이나 쓰는 거라고 생각했는데 강도가 15단계로 나눠져 있어서 일반인도 편하게 적응할 수 있어요. 저는 지금 8단계인데 자극이 딱 좋아요~,ffb109e1c287,,1003,바디풀고컷 경락 마사지기,99000,,기존리뷰,5,,0,0,1,"안녕하세요. 프리미엄 헬스테크 브랜드, 슬룸입니다.
정성스럽게 올려주신 소중한 후기 감사합니다. 💜

고객님의 목소리로 더 발전하는 슬룸이 되도록 노력하겠습니다.
감사합니다. 🙇‍♀️"
116530,2026-06-10 00:00:00,,,"에스테틱 한 번 가면 적어도 육만 원인데 퀄리티가 매번 달라서 좀 불만이었거든요. 이 제품은 내가 원하는 강도로, 원하는 부위에, 원하는 시간에 할 수 있으니까 오히려 만족도가 더 높아요. 샵에서 아파도 참았던 시간이 생각나서 혼자 웃었어요ㅋㅋ",fa9d0f979dde,,1003,바디풀고컷 경락 마사지기,99000,,기존리뷰,5,,0,0,1,"안녕하세요. 프리미엄 헬스테크 브랜드, 슬룸입니다.
시간 내어 소중한 후기를 작성해 주셔서 감사드립니다. :)

믿고 찾는 쇼핑몰이 되기 위해 더 좋은 상품과 서비스를 준비하겠습니다.
감사합니다. 💜"
116531,2026-06-24 00:00:00,,,구두 신고 하루 서있으면 저녁에 다리가 터질 것 같아요. 종아리에 집중해서 쓰면 혈액 순환이 되는 느낌이에요. 손으로 주무르는 것보다 훨씬 효과적이에요.,1fd89dcc8fdd,,1003,바디풀고컷 경락 마사지기,99000,,기존리뷰,5,,0,0,1,"안녕하세요. 프리미엄 헬스테크 브랜드, 슬룸입니다.
시간 내어 소중한 후기를 작성해 주셔서 감사드립니다. :)

믿고 찾는 쇼핑몰이 되기 위해 더 좋은 상품과 서비스를 준비하겠습니다.
감사합니다. 💜"
116532,2026-06-15 00:00:00,,,"뱃살은 탄력, 종아리는 붓기 목적으로 모드 바꿔가며 쓰고 있어요. 부위랑 목적에 맞게 선택할 수 있는 게 진짜 장점이에요. 여름에 딱 맞는 관리 루틴이 생긴 것 같아요.",71222cf77ed3,,1003,바디풀고컷 경락 마사지기,99000,,기존리뷰,4,,0,0,1,"안녕하세요. 프리미엄 헬스테크 브랜드, 슬룸입니다.
정성스럽게 올려주신 소중한 후기 감사합니다. 💜

고객님의 목소리로 더 발전하는 슬룸이 되도록 노력하겠습니다.
감사합니다. 🙇‍♀️"
116533,2026-06-23 00:00:00,,,여름에 짧은 옷 입고 싶어서 종아리랑 허벅지 탄력 관리 시작했어요. 쓰면서 확실히 피부가 탄탄해지는 느낌이 있어요. 임상 시험 결과도 있다고 해서 믿고 샀는데 실제로 체감이 돼서 좋아요.,8eccf9e43873,,1003,바디풀고컷 경락 마사지기,99000,,기존리뷰,5,,0,0,1,"안녕하세요. 프리미엄 헬스테크 브랜드, 슬룸입니다.
시간 내어 소중한 후기를 작성해 주셔서 감사드립니다. :)

믿고 찾는 쇼핑몰이 되기 위해 더 좋은 상품과 서비스를 준비하겠습니다.
감사합니다. 💜"
116534,2026-06-18 00:00:00,,,"괄사는 혼자 하기 너무 힘들고, 안마기는 그냥 두드리는 것 같아서 만족을 못 했거든요. 이 제품은 두드리면서 EMS까지 같이 오니까 확실히 달라요. 샵에서 경락 받고 나올 때 그 개운함이랑 비슷한데 집에서 된다는 게 아직도 신기해요.",68bde1dcba86,,1003,바디풀고컷 경락 마사지기,99000,,기존리뷰,5,,0,0,1,"안녕하세요. 프리미엄 헬스테크 브랜드, 슬룸입니다.
시간 내어 소중한 후기를 작성해 주셔서 감사드립니다. :)

믿고 찾는 쇼핑몰이 되기 위해 더 좋은 상품과 서비스를 준비하겠습니다.
감사합니다. 💜"
116535,2026-06-10 00:00:00,,,꾸준히 쓰는 제품이 거의 없는 사람인데 이 제품만큼은 매일 쓰게 돼요. 무선이라서 들고 다니기 편하고 갖다 대면 바로 시작되니까 귀찮지 않아요.,b21b739bdc3c,,1003,바디풀고컷 경락 마사지기,99000,,기존리뷰,4,,0,0,1,"안녕하세요. 프리미엄 헬스테크 브랜드, 슬룸입니다.
진심 어린 소중한 후기 감사합니다. 💜

앞으로도 좋은 상품과 서비스로 고객님들을 찾아뵐 수 있도록 노력하겠습니다.
감사합니다. :)"
116536,2026-06-11 00:00:00,,,롤링 방식과 EMS를 결합한 기기는 처음 써봤는데 밀면서 자극이 이동하는 느낌이 고정형이랑 전혀 달라요. 허벅지 셀룰라이트 부위에 집중하면 뭔가 활성화되는 느낌이 있어요. 자극감 있는 기기 찾으시는 분들께 강추예요!,2a358584929c,,1003,바디풀고컷 경락 마사지기,99000,,기존리뷰,5,,0,0,1,"안녕하세요. 프리미엄 헬스테크 브랜드, 슬룸입니다.
정성스럽게 올려주신 소중한 후기 감사합니다. 💜

고객님의 목소리로 더 발전하는 슬룸이 되도록 노력하겠습니다.
감사합니다. 🙇‍♀️"
116537,2026-06-09 00:00:00,,,"팔뚝, 뱃살, 허벅지 전부 관리하고 싶어서 샀는데 매일 저녁 부위별로 돌아가면서 쓰고 있어요. 2주 만에 확실히 달라진 게 느껴져요. 여름이 기대되는 건 처음이에요~",28de9e8771ed,,1003,바디풀고컷 경락 마사지기,99000,,기존리뷰,5,,0,0,1,"안녕하세요. 프리미엄 헬스테크 브랜드, 슬룸입니다.
진심 어린 소중한 후기 감사합니다. 💜

앞으로도 좋은 상품과 서비스로 고객님들을 찾아뵐 수 있도록 노력하겠습니다.
감사합니다. :)"
116538,2026-06-14 00:00:00,,,복부에 젤 바르고 M3 컷팅 모드로 관리하면 라인이 정리되는 느낌이 실제로 나요. 집에서 뱃살 관리를 이렇게 할 수 있다는 게 만족스러워요. 여름 내내 쓸 것 같아요.,1c0df4c1e1ed,,1003,바디풀고컷 경락 마사지기,99000,,기존리뷰,5,,0,0,1,"안녕하세요. 프리미엄 헬스테크 브랜드, 슬룸입니다.
시간 내어 소중한 후기를 작성해 주셔서 감사드립니다. :)

믿고 찾는 쇼핑몰이 되기 위해 더 좋은 상품과 서비스를 준비하겠습니다.
감사합니다. 💜"
116539,2026-06-15 00:00:00,,,팔뚝 관리 목적으로 구매했는데 한 달 지나고 소매 없는 옷 입었을 때 동료가 '팔 가늘어졌냐'고 물어봤어요. 이 말 듣는 게 목표였는데 드디어 들었어요~!!,8ef1fd11cf2d,,1003,바디풀고컷 경락 마사지기,99000,,기존리뷰,4,,0,0,1,"안녕하세요. 프리미엄 헬스테크 브랜드, 슬룸입니다.
시간 내어 소중한 후기를 작성해 주셔서 감사드립니다. :)

믿고 찾는 쇼핑몰이 되기 위해 더 좋은 상품과 서비스를 준비하겠습니다.
감사합니다. 💜"
116540,2026-06-11 00:00:00,,,"EMS 제품들이 다 거기서 거기인 줄 알았어요. 찌릿찌릿하다 끝나는 그 느낌이요. 근데 이 제품은 진짜 달라요. 강도를 올릴수록 근육이 실제로 수축하는 게 느껴지고, 12개 볼 압력이 더해지니까 속 근육까지 자극이 오는 게 완전 달라요.",b3c537f8e0bc,,1003,바디풀고컷 경락 마사지기,99000,,기존리뷰,5,,0,0,1,"안녕하세요. 프리미엄 헬스테크 브랜드, 슬룸입니다.
정성스럽게 올려주신 소중한 후기 감사합니다. 💜

고객님의 목소리로 더 발전하는 슬룸이 되도록 노력하겠습니다.
감사합니다. 🙇‍♀️"
116541,2026-06-16 00:00:00,,,에스테틱 원장님이 '경락은 꾸준히 받아야 해요' 하시는데 솔직히 매달 그 돈 내기가 부담이었어요ㅠ 이 제품 사고 나서 매일 저녁 루틴으로 쓰고 있는데 승모근이랑 팔뚝 쪽이 많이 가벼워졌어요. 원장님한테 말씀드렸더니 잘 샀다고 하시더라고요ㅋㅋ,677f0c16ef5e,,1003,바디풀고컷 경락 마사지기,99000,,기존리뷰,5,,0,0,1,"안녕하세요. 프리미엄 헬스테크 브랜드, 슬룸입니다.
시간 내어 소중한 후기를 작성해 주셔서 감사드립니다. :)

믿고 찾는 쇼핑몰이 되기 위해 더 좋은 상품과 서비스를 준비하겠습니다.
감사합니다. 💜"
116542,2026-06-23 00:00:00,,,이전에 산 바디 기기들은 전부 귀찮아서 안 쓰게 됐는데 이 제품은 갖다 대기만 하면 되니까 귀찮을 틈이 없어요. 꾸준히 할 수 있게 되는 건 결국 사용 편의성인 것 같아요.,2f7525a2c5fe,,1003,바디풀고컷 경락 마사지기,99000,,기존리뷰,5,,0,0,1,"안녕하세요. 프리미엄 헬스테크 브랜드, 슬룸입니다.
시간 내어 소중한 후기를 작성해 주셔서 감사드립니다. :)

믿고 찾는 쇼핑몰이 되기 위해 더 좋은 상품과 서비스를 준비하겠습니다.
감사합니다. 💜"
116543,2026-06-24 00:00:00,,,퇴근 후 다리 붓기가 심해서 일상이 힘들었는데 마사지 받으러 갈 시간도 없고 혼자 하기도 힘들었거든요ㅠ 이 제품 쓰면서 처음으로 매일 관리를 할 수 있게 됐어요. 종아리 붓기가 확실히 줄고 아침에 훨씬 가볍게 일어나요.,35aed6724242,,1003,바디풀고컷 경락 마사지기,99000,,기존리뷰,4,,0,0,1,"안녕하세요. 프리미엄 헬스테크 브랜드, 슬룸입니다.
시간 내어 소중한 후기를 작성해 주셔서 감사드립니다. :)

믿고 찾는 쇼핑몰이 되기 위해 더 좋은 상품과 서비스를 준비하겠습니다.
감사합니다. 💜"
116544,2026-06-23 00:00:00,,,강도 1에서 시작했는데 3단계부터 본격적으로 자극이 느껴지더라고요. 그 이후로 매주 한 단계씩 올렸는데 지금은 9단계예요. 강도 올릴수록 효과도 확실히 차이나요.,f82e02dcc32c,,1003,바디풀고컷 경락 마사지기,99000,,기존리뷰,5,,0,0,1,"안녕하세요. 프리미엄 헬스테크 브랜드, 슬룸입니다.
시간 내어 소중한 후기를 작성해 주셔서 감사드립니다. :)

믿고 찾는 쇼핑몰이 되기 위해 더 좋은 상품과 서비스를 준비하겠습니다.
감사합니다. 💜"
116545,2026-06-11 00:00:00,,,허벅지 안쪽 살이 운동으로 해결이 안 되는 부위더라고요ㅠ 이 제품으로 집중 케어 하면서 조금씩 달라지고 있어요. 피부 탄력이 올라온 게 먼저 느껴지고 살이 팽팽해지는 느낌이에요.,0fadb82c4d59,,1003,바디풀고컷 경락 마사지기,99000,,기존리뷰,5,,0,0,1,"안녕하세요. 프리미엄 헬스테크 브랜드, 슬룸입니다.
정성스럽게 올려주신 소중한 후기 감사합니다. 💜

고객님의 목소리로 더 발전하는 슬룸이 되도록 노력하겠습니다.
감사합니다. 🙇‍♀️"
116546,2026-06-20 00:00:00,,,EMS가 그냥 피부 간지럽히는 거 아닐까 생각했는데 볼로 누르면서 전기 자극이 동시에 오니까 속근육까지 확실히 느껴지더라고요. 복부에 쓸 때 코어가 당기는 게 느껴질 정도예요.,12e5c2bfb8e5,,1003,바디풀고컷 경락 마사지기,99000,,기존리뷰,4,,0,0,1,"안녕하세요. 프리미엄 헬스테크 브랜드, 슬룸입니다.
시간 내어 소중한 후기를 작성해 주셔서 감사드립니다. :)

믿고 찾는 쇼핑몰이 되기 위해 더 좋은 상품과 서비스를 준비하겠습니다.
감사합니다. 💜"
116547,2026-06-14 00:00:00,,,"괄사 스틱이요, 폼롤러요 다 사봤는데 며칠 못 가고 다 서랍으로 직행했어요😂 이건 그냥 전원 켜서 갖다 대기만 하면 되니까 2주째 매일 하고 있어요. 팔뚝 라인이 눈에 띄게 달라졌고 크롭티 입을 때 예전보다 훨씬 덜 신경 쓰여요.",663c265036c3,,1003,바디풀고컷 경락 마사지기,99000,,기존리뷰,5,,0,0,1,"안녕하세요. 프리미엄 헬스테크 브랜드, 슬룸입니다.
정성스럽게 올려주신 소중한 후기 감사합니다. 💜

고객님의 목소리로 더 발전하는 슬룸이 되도록 노력하겠습니다.
감사합니다. 🙇‍♀️"
116548,2026-06-12 00:00:00,,,팔뚝이랑 종아리 케어 목적으로 샀는데 두 달 가까이 쓰면서 샵을 한 번도 안 갔어요. 근데 오히려 상태가 더 좋아진 것 같아요! 경락볼이 진짜 손으로 누르는 것처럼 압이 느껴져서 처음에 좀 놀랐어요. 여름 전에 찐으로 효과 봤다는 말이 이제 제 얘기예요.,e63b9203ec93,,1003,바디풀고컷 경락 마사지기,99000,,기존리뷰,5,,0,0,1,"안녕하세요. 프리미엄 헬스테크 브랜드, 슬룸입니다.
정성스럽게 올려주신 소중한 후기 감사합니다. 💜

고객님의 목소리로 더 발전하는 슬룸이 되도록 노력하겠습니다.
감사합니다. 🙇‍♀️"
116549,2026-06-12 00:00:00,,,M3 모드로 팔뚝 안쪽에 쓰면 자극이 리듬감 있게 반복적으로 변해서 단순한 찌릿함이랑 달라요. 이 느낌이 다른 EMS 제품이랑 가장 다른 것 같아요. 한 번 쓰면 계속 찾게 돼요.,611eccac9bb7,,1003,바디풀고컷 경락 마사지기,99000,,기존리뷰,5,,0,0,1,"안녕하세요. 프리미엄 헬스테크 브랜드, 슬룸입니다.
진심 어린 소중한 후기 감사합니다. 💜

앞으로도 좋은 상품과 서비스로 고객님들을 찾아뵐 수 있도록 노력하겠습니다.
감사합니다. :)"
116550,2026-06-21 00:00:00,,,샵 예약하고 나가고 오는 수고가 없으니까 매일 할 수 있어요. 루틴이 생기니까 몸 상태도 꾸준히 유지되고 심리적으로도 안정감이 생겼어요.,61baf27fef40,,1003,바디풀고컷 경락 마사지기,99000,,기존리뷰,4,,0,0,1,"안녕하세요. 프리미엄 헬스테크 브랜드, 슬룸입니다.
진심 어린 소중한 후기 감사합니다. 💜

앞으로도 좋은 상품과 서비스로 고객님들을 찾아뵐 수 있도록 노력하겠습니다.
감사합니다. :)"
116551,2026-06-16 00:00:00,,,반신반의하면서 구매했는데 첫날 종아리에 M1로 집중했더니 쓰고 나서 확실히 가벼워졌어요. EMS 자극이 혈액 순환을 도와주는 게 느껴지더라고요. 다음날 아침에 발이 가볍게 눈이 떠졌어요.,86f7bfd7f49f,,1003,바디풀고컷 경락 마사지기,99000,,기존리뷰,5,,0,0,1,"안녕하세요. 프리미엄 헬스테크 브랜드, 슬룸입니다.
진심 어린 소중한 후기 감사합니다. 💜

앞으로도 좋은 상품과 서비스로 고객님들을 찾아뵐 수 있도록 노력하겠습니다.
감사합니다. :)"
116552,2026-06-13 00:00:00,,,M3 컷팅 모드로 허벅지 셀룰라이트 집중하고 있어요. 약하게 왔다가 강해지는 반복 자극이 실제로 느껴지는데 생각보다 효과적이에요. 운동 후에 쓰면 피로감도 많이 줄더라고요. EMS 효과 의심했던 분들은 진짜 꼭 써보세요.,e6e8ada3440b,,1003,바디풀고컷 경락 마사지기,99000,,기존리뷰,5,,0,0,1,"안녕하세요. 프리미엄 헬스테크 브랜드, 슬룸입니다.
정성스럽게 올려주신 소중한 후기 감사합니다. 💜

고객님의 목소리로 더 발전하는 슬룸이 되도록 노력하겠습니다.
감사합니다. 🙇‍♀️"
116553,2026-06-08 00:00:00,,,복부 탄력 임상 시험 결과를 보고 샀어요. 믿을 수 있는 데이터가 있으니까요. 실제로 써보니까 복부에 집중하면 탄력이 올라오는 게 피부로 느껴지더라고요. 뱃살이 줄었다기보다 탄탄해지는 느낌이에요.,20614124a9ab,,1003,바디풀고컷 경락 마사지기,99000,,기존리뷰,5,,0,0,1,"안녕하세요. 프리미엄 헬스테크 브랜드, 슬룸입니다.
시간 내어 소중한 후기를 작성해 주셔서 감사드립니다. :)

믿고 찾는 쇼핑몰이 되기 위해 더 좋은 상품과 서비스를 준비하겠습니다.
감사합니다. 💜"
116554,2026-06-23 00:00:00,,,에스테틱 1회 비용으로 이 제품을 훨씬 오래 쓸 수 있다는 걸 계산해보고 구매 결정했어요. 사용 시작하고 한 번도 후회한 적 없어요! 승모근이랑 팔뚝이 확연히 가벼워졌고 피부 탄력도 좋아진 것 같아요.,cce222aab821,,1003,바디풀고컷 경락 마사지기,99000,,기존리뷰,4,,0,0,1,"안녕하세요. 프리미엄 헬스테크 브랜드, 슬룸입니다.
시간 내어 소중한 후기를 작성해 주셔서 감사드립니다. :)

믿고 찾는 쇼핑몰이 되기 위해 더 좋은 상품과 서비스를 준비하겠습니다.
감사합니다. 💜"
116555,2026-06-12 00:00:00,,,강도 최대로 올렸을 때 허벅지 안쪽에 쓰면 운동하는 것처럼 근육이 수축해요. EMS 단독이 아니라 고주파랑 같이 나오니까 시너지가 확실히 달라요. 의심하면서 샀는데 이제 매일 루틴템이 됐어요.,299f910f9148,,1003,바디풀고컷 경락 마사지기,99000,,기존리뷰,5,,0,0,1,"안녕하세요. 프리미엄 헬스테크 브랜드, 슬룸입니다.
진심 어린 소중한 후기 감사합니다. 💜

앞으로도 좋은 상품과 서비스로 고객님들을 찾아뵐 수 있도록 노력하겠습니다.
감사합니다. :)"
116556,2026-06-24 00:00:00,,,하루 종일 서서 일하는 직업이에요. 퇴근하면 종아리가 터질 것 같고 발이 무거워서 집에 오면 아무것도 하기 싫었는데ㅠ 이 제품 쓰고 나서 소파에 앉아서 10분만 해도 훨씬 가벼워지는 게 느껴져요.,cb31a4c1fd28,,1003,바디풀고컷 경락 마사지기,99000,,기존리뷰,5,,0,0,1,"안녕하세요. 프리미엄 헬스테크 브랜드, 슬룸입니다.
정성스럽게 올려주신 소중한 후기 감사합니다. 💜

고객님의 목소리로 더 발전하는 슬룸이 되도록 노력하겠습니다.
감사합니다. 🙇‍♀️"
116557,2026-06-14 00:00:00,,,레깅스 입을 때 허벅지 라인이 항상 걱정이었어요. 운동해도 셀룰라이트가 쉽게 안 빠지더라고요ㅠ M3 모드로 집중 관리하면서 피부 결이 달라진 게 느껴지고 레깅스 핏이 훨씬 깔끔해졌어요.,5f954fca2f0a,,1003,바디풀고컷 경락 마사지기,99000,,기존리뷰,4,,0,0,1,"안녕하세요. 프리미엄 헬스테크 브랜드, 슬룸입니다.
시간 내어 소중한 후기를 작성해 주셔서 감사드립니다. :)

믿고 찾는 쇼핑몰이 되기 위해 더 좋은 상품과 서비스를 준비하겠습니다.
감사합니다. 💜"
116558,2026-06-24 00:00:00,,,전기 자극이 좀 무서워서 EMS 제품을 오래 피했었는데 강도가 15단계로 세세하게 나눠져 있어서 내 페이스대로 올릴 수 있어요. 1단계부터 시작해서 지금은 7단계 쓰는데 익숙해지니까 자극이 오히려 좋더라고요.,20b36c2613a7,,1003,바디풀고컷 경락 마사지기,99000,,기존리뷰,5,,0,0,1,"안녕하세요. 프리미엄 헬스테크 브랜드, 슬룸입니다.
진심 어린 소중한 후기 감사합니다. 💜

앞으로도 좋은 상품과 서비스로 고객님들을 찾아뵐 수 있도록 노력하겠습니다.
감사합니다. :)"
116559,2026-06-22 00:00:00,,,저녁에 다리 붓기가 심해서 잠드는 것도 힘들었는데 자기 전에 종아리랑 허벅지에 쓰고 자면 아침에 훨씬 개운하게 일어나요. 수면 질도 같이 올라가는 것 같아요.,c99417ca4d6a,,1003,바디풀고컷 경락 마사지기,99000,,기존리뷰,5,,0,0,1,"안녕하세요. 프리미엄 헬스테크 브랜드, 슬룸입니다.
시간 내어 소중한 후기를 작성해 주셔서 감사드립니다. :)

믿고 찾는 쇼핑몰이 되기 위해 더 좋은 상품과 서비스를 준비하겠습니다.
감사합니다. 💜"
116560,2026-06-08 00:00:00,,,근적외선 켜고 EMS 모드 같이 쓰면 체감이 완전 달라요. 따뜻하게 열이 올라오면서 근육이 풀리는데 거기에 전기 자극이 더해지니까 뭉친 부위에 더 깊이 파고드는 느낌이에요.,c2e045d1140a,,1003,바디풀고컷 경락 마사지기,99000,,기존리뷰,5,,0,0,1,"안녕하세요. 프리미엄 헬스테크 브랜드, 슬룸입니다.
시간 내어 소중한 후기를 작성해 주셔서 감사드립니다. :)

믿고 찾는 쇼핑몰이 되기 위해 더 좋은 상품과 서비스를 준비하겠습니다.
감사합니다. 💜"
116561,2026-06-18 00:00:00,,,종아리 붓기 모드로 매일 쓰고 있는데 아침이랑 저녁 차이가 훨씬 줄었어요. 예전엔 저녁에 신발 신기가 힘들었는데 이제 많이 개선됐어요.,d421ecb00e6b,,1003,바디풀고컷 경락 마사지기,99000,,기존리뷰,4,,0,0,1,"안녕하세요. 프리미엄 헬스테크 브랜드, 슬룸입니다.
정성스럽게 올려주신 소중한 후기 감사합니다. 💜

고객님의 목소리로 더 발전하는 슬룸이 되도록 노력하겠습니다.
감사합니다. 🙇‍♀️"
116562,2026-06-20 00:00:00,,,"한 달에 에스테틱을 두 번씩 다니다 보니까 지출이 진짜 장난이 아니었어요ㅠ 그래서 고민하다가 이걸 샀는데, 솔직히 샵에서 받는 경락이랑 비교해도 크게 차이가 없더라고요? 이제 거의 샵을 안 가고 있는데 한 달 관리비가 이 제품 하나 가격도 안 나와서 너무 이득이에요.",04ac16b43c9d,,1003,바디풀고컷 경락 마사지기,99000,,기존리뷰,5,,0,0,1,"안녕하세요. 프리미엄 헬스테크 브랜드, 슬룸입니다.
진심 어린 소중한 후기 감사합니다. 💜

앞으로도 좋은 상품과 서비스로 고객님들을 찾아뵐 수 있도록 노력하겠습니다.
감사합니다. :)"
116563,2026-06-11 00:00:00,,,승모근에 집중해서 쓰는데 볼 12개가 넓게 닿으면서 EMS가 같이 오니까 뭉친 부위가 집중적으로 풀리는 느낌이에요. 단순 진동 마사지기랑은 진짜 차원이 다른 자극이에요.,b439fc9cfc91,,1003,바디풀고컷 경락 마사지기,99000,,기존리뷰,5,,0,0,1,"안녕하세요. 프리미엄 헬스테크 브랜드, 슬룸입니다.
시간 내어 소중한 후기를 작성해 주셔서 감사드립니다. :)

믿고 찾는 쇼핑몰이 되기 위해 더 좋은 상품과 서비스를 준비하겠습니다.
감사합니다. 💜"
116564,2026-06-14 00:00:00,,,저녁마다 신발 벗으면 발이 엄청 커 보였는데ㅋㅋ 이 제품 쓰고 나서 많이 달라졌어요. 다음날 아침에 발이 가볍게 느껴지고 일어나기도 덜 힘들어요. 붓기 개선이 이렇게 빠를 줄 몰랐어요.,d93311e1e73c,,1003,바디풀고컷 경락 마사지기,99000,,기존리뷰,5,,0,0,1,"안녕하세요. 프리미엄 헬스테크 브랜드, 슬룸입니다.
시간 내어 소중한 후기를 작성해 주셔서 감사드립니다. :)

믿고 찾는 쇼핑몰이 되기 위해 더 좋은 상품과 서비스를 준비하겠습니다.
감사합니다. 💜"
116565,2026-06-12 00:00:00,,,복부 EMS 자극으로 속근육이 단단해지니까 자세도 달라지는 것 같아요. 코어가 활성화된다는 게 이런 느낌인가 싶어요. 여름 바디 준비에 진짜 최고예요.,2e0e49930532,,1003,바디풀고컷 경락 마사지기,99000,,기존리뷰,4,,0,0,1,"안녕하세요. 프리미엄 헬스테크 브랜드, 슬룸입니다.
진심 어린 소중한 후기 감사합니다. 💜

앞으로도 좋은 상품과 서비스로 고객님들을 찾아뵐 수 있도록 노력하겠습니다.
감사합니다. :)"
116566,2026-06-11 00:00:00,,,팔뚝이랑 복부를 같이 관리할 수 있어서 편해요. 다른 기기는 부위별로 따로 사야 하는 경우가 있는데 이 제품은 하나로 전신이 돼요! 여름 전에 관리할 부위가 많은 분들께 딱 맞는 제품이에요.,54da51eac418,,1003,바디풀고컷 경락 마사지기,99000,,기존리뷰,5,,0,0,1,"안녕하세요. 프리미엄 헬스테크 브랜드, 슬룸입니다.
진심 어린 소중한 후기 감사합니다. 💜

앞으로도 좋은 상품과 서비스로 고객님들을 찾아뵐 수 있도록 노력하겠습니다.
감사합니다. :)"
116567,2026-06-23 00:00:00,,,발이 잘 붓는 체질인데 저녁에 붓기 모드로 집중하면 확실히 빠지는 게 느껴지고 다음날 아침까지 가볍게 유지되는 것 같아요. 몸이 가벼워지니까 생활도 더 활기차졌어요.,99bb67ce6df2,,1003,바디풀고컷 경락 마사지기,99000,,기존리뷰,5,,0,0,1,"안녕하세요. 프리미엄 헬스테크 브랜드, 슬룸입니다.
시간 내어 소중한 후기를 작성해 주셔서 감사드립니다. :)

믿고 찾는 쇼핑몰이 되기 위해 더 좋은 상품과 서비스를 준비하겠습니다.
감사합니다. 💜"
116568,2026-06-14 00:00:00,,,복부에 갖다 대고 강도 올리면 배 근육이 수축하는 게 눈으로 보이거든요. 그때부터 EMS를 진짜 믿게 됐고 지금은 매일 쓰고 있어요. 자극 실화라는 말이 딱 맞아요.,70afac7092b8,,1003,바디풀고컷 경락 마사지기,99000,,기존리뷰,4,,0,0,1,"안녕하세요. 프리미엄 헬스테크 브랜드, 슬룸입니다.
정성스럽게 올려주신 소중한 후기 감사합니다. 💜

고객님의 목소리로 더 발전하는 슬룸이 되도록 노력하겠습니다.
감사합니다. 🙇‍♀️"
116569,2026-06-16 00:00:00,,,하이힐 신고 하루 서있으면 퇴근 후 발 마사지가 필수인데 혼자 하기가 진짜 힘들었어요. 이 제품은 갖다 대기만 하면 되니까 드라마 보면서 쓰다 보면 모르는 사이에 붓기가 빠져있어요.,bc7ab9f0ff48,,1003,바디풀고컷 경락 마사지기,99000,,기존리뷰,4,,0,0,1,"안녕하세요. 프리미엄 헬스테크 브랜드, 슬룸입니다.
정성스럽게 올려주신 소중한 후기 감사합니다. 💜

고객님의 목소리로 더 발전하는 슬룸이 되도록 노력하겠습니다.
감사합니다. 🙇‍♀️"
116570,2026-06-09 00:00:00,,,이동 시간 없이 집에서 바로 케어할 수 있어서 관리샵보다 훨씬 시간 효율적이에요. 몸 관리랑 휴식을 동시에 할 수 있으니까요.,60c5f2d5d7bc,,1003,바디풀고컷 경락 마사지기,99000,,기존리뷰,5,,0,0,1,"안녕하세요. 프리미엄 헬스테크 브랜드, 슬룸입니다.
진심 어린 소중한 후기 감사합니다. 💜

앞으로도 좋은 상품과 서비스로 고객님들을 찾아뵐 수 있도록 노력하겠습니다.
감사합니다. :)"
116571,2026-06-18 00:00:00,,,종아리 탄력이 없어서 고민이었는데 M2 모드로 집중하면 종아리 근육이 활성화되는 느낌이에요. 확실히 탄탄해졌고 짧은 치마나 반바지 입을 때 자신감이 생겼어요~,81248707ae82,,1003,바디풀고컷 경락 마사지기,99000,,기존리뷰,5,,0,0,1,"안녕하세요. 프리미엄 헬스테크 브랜드, 슬룸입니다.
시간 내어 소중한 후기를 작성해 주셔서 감사드립니다. :)

믿고 찾는 쇼핑몰이 되기 위해 더 좋은 상품과 서비스를 준비하겠습니다.
감사합니다. 💜"
116572,2026-06-14 00:00:00,,,퇴근하면 몸 전체가 뭉쳐있는데 특히 승모근이랑 종아리가 심해요. 이 제품 하나로 두 부위 다 관리할 수 있어서 좋아요. 승모근 먼저 풀고 다리 붓기 케어하면서 마무리하는 루틴이 너무 개운해요.,31b8ef989bc3,,1003,바디풀고컷 경락 마사지기,99000,,기존리뷰,4,,0,0,1,"안녕하세요. 프리미엄 헬스테크 브랜드, 슬룸입니다.
정성스럽게 올려주신 소중한 후기 감사합니다. 💜

고객님의 목소리로 더 발전하는 슬룸이 되도록 노력하겠습니다.
감사합니다. 🙇‍♀️"
116573,2026-06-11 00:00:00,,,"종아리 붓기 개선 임상 시험 결과가 있다길래 믿고 샀어요. 실제로 종아리에 집중해서 쓰니까 붓기가 줄어드는 게 느껴지고, 아침이랑 저녁 차이가 확연히 달라졌어요.",f7b69f2dd1b5,,1003,바디풀고컷 경락 마사지기,99000,,기존리뷰,5,,0,0,1,"안녕하세요. 프리미엄 헬스테크 브랜드, 슬룸입니다.
진심 어린 소중한 후기 감사합니다. 💜

앞으로도 좋은 상품과 서비스로 고객님들을 찾아뵐 수 있도록 노력하겠습니다.
감사합니다. :)"
116574,2026-06-10 00:00:00,,,야근이 잦아서 저녁에 다리가 너무 무거웠는데 귀가 후 30분 케어하는 게 루틴이 됐어요. 쓰기 전이랑 후가 확연히 다르고 발이 가벼워지는 게 실제로 체감돼요.,f9ce4474e0aa,,1003,바디풀고컷 경락 마사지기,99000,,기존리뷰,5,,0,0,1,"안녕하세요. 프리미엄 헬스테크 브랜드, 슬룸입니다.
진심 어린 소중한 후기 감사합니다. 💜

앞으로도 좋은 상품과 서비스로 고객님들을 찾아뵐 수 있도록 노력하겠습니다.
감사합니다. :)"
116575,2026-06-16 00:00:00,,,팔뚝 관리 제품 많이 써봤는데 볼 12개가 팔뚝에 밀착되면서 EMS가 같이 오니까 좁은 팔뚝 부위에도 고르게 자극이 가요. 한 달 꾸준히 했더니 팔뚝 라인이 정말 달라졌어요. 민소매 시즌이 기다려져요!,5e8020809deb,,1003,바디풀고컷 경락 마사지기,99000,,기존리뷰,5,,0,0,1,"안녕하세요. 프리미엄 헬스테크 브랜드, 슬룸입니다.
시간 내어 소중한 후기를 작성해 주셔서 감사드립니다. :)

믿고 찾는 쇼핑몰이 되기 위해 더 좋은 상품과 서비스를 준비하겠습니다.
감사합니다. 💜"
116576,2026-06-26 00:00:00,,,셀룰라이트 때문에 에스테틱에서 집중 케어를 여러 번 받았는데 비용이 장난이 아니었거든요. 이 제품으로 허벅지랑 복부 매일 관리하고 있는데 피부 결이 눈에 띄게 달라졌어요. 장기적으로는 훨씬 경제적인 선택이에요.,cbd776d31d62,,1003,바디풀고컷 경락 마사지기,99000,,기존리뷰,5,,0,0,1,"안녕하세요. 프리미엄 헬스테크 브랜드, 슬룸입니다.
정성스럽게 올려주신 소중한 후기 감사합니다. 💜

고객님의 목소리로 더 발전하는 슬룸이 되도록 노력하겠습니다.
감사합니다. 🙇‍♀️"
116577,2026-06-25 00:00:00,,,여름 전에 팔뚝 관리하려고 에스테틱 예약을 넣었다가 취소하고 이걸 샀어요. 결과적으로 너무 잘한 선택이었어요! 팔뚝살이 2주 사이에 실제로 달라 보이더라고요. 가족도 알아챌 정도면 진짜라는 거잖아요~,ada9a7f0263f,,1003,바디풀고컷 경락 마사지기,99000,,기존리뷰,5,,0,0,1,"안녕하세요. 프리미엄 헬스테크 브랜드, 슬룸입니다.
시간 내어 소중한 후기를 작성해 주셔서 감사드립니다. :)

믿고 찾는 쇼핑몰이 되기 위해 더 좋은 상품과 서비스를 준비하겠습니다.
감사합니다. 💜"
116578,2026-06-08 00:00:00,,,운동 후에 이 제품으로 마무리하는 게 루틴이 됐어요. EMS 자극이 근육 피로 회복에 진짜 도움이 되는 것 같아요. 예전엔 운동 다음날 뻐근함이 심했는데 지금은 훨씬 빨리 풀리는 느낌이에요.,92bab3c714a0,,1003,바디풀고컷 경락 마사지기,99000,,기존리뷰,5,,0,0,1,"안녕하세요. 프리미엄 헬스테크 브랜드, 슬룸입니다.
진심 어린 소중한 후기 감사합니다. 💜

앞으로도 좋은 상품과 서비스로 고객님들을 찾아뵐 수 있도록 노력하겠습니다.
감사합니다. :)"
116579,2026-06-15 00:00:00,,,"M2 탄력 모드로 복부에 쓰는데 자극이 생각보다 강해서 첫날 깜짝 놀랐어요ㅋㅋ 강도 5단계만 해도 꽤 강하게 느껴지고, 8단계 넘어가면 진짜 운동하는 것처럼 근육이 당겨요. 허벅지에 쓸 때는 특히 속 근육까지 오는 느낌이 확실해요.",981eabf80668,,1003,바디풀고컷 경락 마사지기,99000,,기존리뷰,5,,0,0,1,"안녕하세요. 프리미엄 헬스테크 브랜드, 슬룸입니다.
진심 어린 소중한 후기 감사합니다. 💜

앞으로도 좋은 상품과 서비스로 고객님들을 찾아뵐 수 있도록 노력하겠습니다.
감사합니다. :)"
116580,2026-06-11 00:00:00,,,운동해도 뱃살이 마지막까지 안 빠지잖아요ㅠ 이 제품 쓰면서 복부 근육 자극이 확실히 오는데 꾸준히 하니까 복부 라인이 점점 선명해지는 것 같아요. 크롭티 입을 때 이제 예전보다 덜 신경 쓰여요.,6278603fc74a,,1003,바디풀고컷 경락 마사지기,99000,,기존리뷰,5,,0,0,1,"안녕하세요. 프리미엄 헬스테크 브랜드, 슬룸입니다.
시간 내어 소중한 후기를 작성해 주셔서 감사드립니다. :)

믿고 찾는 쇼핑몰이 되기 위해 더 좋은 상품과 서비스를 준비하겠습니다.
감사합니다. 💜"
116581,2026-06-13 00:00:00,,,비슷한 기기를 여러 개 써봤는데 이 제품이 실제 경락 마사지에 가장 가깝게 느껴졌어요. 볼 12개가 촘촘하게 누르는 게 진짜 포인트인 것 같더라고요. 샵 다닐 때는 담당자마다 손 압이 달라서 불만이었는데 이건 내 손으로 강도 조절이 되니까 훨씬 좋아요.,f9c01eb362bd,,1003,바디풀고컷 경락 마사지기,99000,,기존리뷰,5,,0,0,1,"안녕하세요. 프리미엄 헬스테크 브랜드, 슬룸입니다.
정성스럽게 올려주신 소중한 후기 감사합니다. 💜

고객님의 목소리로 더 발전하는 슬룸이 되도록 노력하겠습니다.
감사합니다. 🙇‍♀️"
116582,2026-06-21 00:00:00,,,경락은 전문가 손이 있어야 한다고 생각했는데 이 제품의 볼 압력이 생각보다 강해서 진짜 경락 받는 느낌이 나더라고요. 이제 굳이 샵 다닐 이유가 없어졌어요. 집에서 이 정도 퀄리티가 된다는 게 놀라워요.,a63ae4722ea0,,1003,바디풀고컷 경락 마사지기,99000,,기존리뷰,5,,0,0,1,"안녕하세요. 프리미엄 헬스테크 브랜드, 슬룸입니다.
시간 내어 소중한 후기를 작성해 주셔서 감사드립니다. :)

믿고 찾는 쇼핑몰이 되기 위해 더 좋은 상품과 서비스를 준비하겠습니다.
감사합니다. 💜"
116583,2026-06-20 00:00:00,,,직장인이라 평일에 관리받으러 가기가 진짜 힘들어요. 예약은 놓치고 퇴근 후엔 문을 닫는 시간이고ㅠ 이 제품은 밤 11시에도 쓸 수 있으니까 너무 좋아요.,2149625c06dc,,1003,바디풀고컷 경락 마사지기,99000,,기존리뷰,4,,0,0,1,"안녕하세요. 프리미엄 헬스테크 브랜드, 슬룸입니다.
정성스럽게 올려주신 소중한 후기 감사합니다. 💜

고객님의 목소리로 더 발전하는 슬룸이 되도록 노력하겠습니다.
감사합니다. 🙇‍♀️"
116584,2026-06-19 00:00:00,,,에스테틱 원장님이 알면 서운해할 것 같아서 좀 조심스럽긴 한데ㅋㅋ 이 제품 이후로 샵을 거의 안 가게 됐어요. 특히 EMS랑 고주파가 같이 나오는 모드에서 살이 움직이는 느낌이 확실히 나더라고요.,2e4499e605c5,,1003,바디풀고컷 경락 마사지기,99000,,기존리뷰,5,,0,0,1,"안녕하세요. 프리미엄 헬스테크 브랜드, 슬룸입니다.
진심 어린 소중한 후기 감사합니다. 💜

앞으로도 좋은 상품과 서비스로 고객님들을 찾아뵐 수 있도록 노력하겠습니다.
감사합니다. :)"
116585,2026-06-12 00:00:00,,,홈케어 기기를 처음 써봤는데 생각보다 훨씬 쓰기 쉬워요. 리모컨으로 조작도 되고 무선이라서 편해요. 이제 집에 에스테틱이 생긴 것 같아요ㅋㅋ,dae3875c1eff,,1003,바디풀고컷 경락 마사지기,99000,,기존리뷰,5,,0,0,1,"안녕하세요. 프리미엄 헬스테크 브랜드, 슬룸입니다.
시간 내어 소중한 후기를 작성해 주셔서 감사드립니다. :)

믿고 찾는 쇼핑몰이 되기 위해 더 좋은 상품과 서비스를 준비하겠습니다.
감사합니다. 💜"
116586,2026-06-10 00:00:00,,,두 달 가까이 집중하니까 복부 라인이 확실히 달라졌어요. 볼록 나왔던 아랫배가 조금 들어갔고 허벅지도 탄탄해졌어요. 이번 여름은 비키니 도전해볼 마음이 생겼어요!,a5aab50ded4a,,1003,바디풀고컷 경락 마사지기,99000,,기존리뷰,5,,0,0,1,"안녕하세요. 프리미엄 헬스테크 브랜드, 슬룸입니다.
정성스럽게 올려주신 소중한 후기 감사합니다. 💜

고객님의 목소리로 더 발전하는 슬룸이 되도록 노력하겠습니다.
감사합니다. 🙇‍♀️"
116587,2026-06-20 00:00:00,,,장시간 앉아서 일하는 직업이라 허리랑 다리가 항상 무거웠는데 허벅지랑 종아리에 집중해서 쓰면 순환이 되는 느낌이에요. 발이 가벼워지는 게 퇴근 후 루틴의 이유가 됐어요.,ac50f9450049,,1003,바디풀고컷 경락 마사지기,99000,,기존리뷰,5,,0,0,1,"안녕하세요. 프리미엄 헬스테크 브랜드, 슬룸입니다.
정성스럽게 올려주신 소중한 후기 감사합니다. 💜

고객님의 목소리로 더 발전하는 슬룸이 되도록 노력하겠습니다.
감사합니다. 🙇‍♀️"
116588,2026-06-16 00:00:00,,,"허벅지, 복부, 종아리를 한 제품으로 다 케어할 수 있어요. 각 부위마다 모드 바꿔서 쓰면 맞춤 케어가 되는 느낌이에요. 여름 시즌 관리 부위 많은 분들한테 진짜 실용적인 제품이에요.",08cfd6001b4d,,1003,바디풀고컷 경락 마사지기,99000,,기존리뷰,5,,0,0,1,"안녕하세요. 프리미엄 헬스테크 브랜드, 슬룸입니다.
시간 내어 소중한 후기를 작성해 주셔서 감사드립니다. :)

믿고 찾는 쇼핑몰이 되기 위해 더 좋은 상품과 서비스를 준비하겠습니다.
감사합니다. 💜"
116589,2026-06-10 00:00:00,,,피부 관리는 열심히 하면서 바디 관리는 소홀했는데 이 제품 사고 나서 스킨케어하듯이 바디케어도 하게 됐어요. 꾸준한 관리가 이렇게 다를 줄 몰랐어요.,611b0dd2fd5d,,1003,바디풀고컷 경락 마사지기,99000,,기존리뷰,5,,0,0,1,"안녕하세요. 프리미엄 헬스테크 브랜드, 슬룸입니다.
진심 어린 소중한 후기 감사합니다. 💜

앞으로도 좋은 상품과 서비스로 고객님들을 찾아뵐 수 있도록 노력하겠습니다.
감사합니다. :)"
116590,2026-06-26 00:00:00,,,오래 앉아 있는 직업이라 허벅지랑 종아리에 늘 무거운 느낌이 있었는데 M1 모드의 촘촘한 자극이 림프 순환에 도움이 되는 것 같아요. 쓰고 나면 몸이 가벼워져요.,2044f2b25e32,,1003,바디풀고컷 경락 마사지기,99000,,기존리뷰,4,,0,0,1,"안녕하세요. 프리미엄 헬스테크 브랜드, 슬룸입니다.
정성스럽게 올려주신 소중한 후기 감사합니다. 💜

고객님의 목소리로 더 발전하는 슬룸이 되도록 노력하겠습니다.
감사합니다. 🙇‍♀️"
116591,2026-06-25 00:00:00,,,한 제품으로 여러 부위와 목적을 커버할 수 있어서 진짜 실용적이에요. 3개월 넘게 쓰면서 몸 상태가 유지되고 있어요. 이 루틴을 오래 가져가고 싶어요~,4503b1ded4ab,,1003,바디풀고컷 경락 마사지기,99000,,기존리뷰,5,,0,0,1,"안녕하세요. 프리미엄 헬스테크 브랜드, 슬룸입니다.
정성스럽게 올려주신 소중한 후기 감사합니다. 💜

고객님의 목소리로 더 발전하는 슬룸이 되도록 노력하겠습니다.
감사합니다. 🙇‍♀️"
116592,2026-06-26 13:37:29,2026-06-19 13:56:21,2026-06-20 16:16:39,너무 시원하고 역시 냉감패드가 짱입니다!! 가격도 너무 착해요! 타브랜드 퀸사이즈 20만원 넘게 주고 샀는데 슬룸 냉감패드가 훨씬 좋아요!,0887726a7e1c,,1002,[썸머 스페셜 특가] 살얼음 냉감 패드,59000,수량선택: [썸머 스페셜 특가 67% 할인] 살얼음 냉감 패드 (Q) 1개,모바일(팝업),5,,0,0,1,"안녕하세요. 프리미엄 헬스테크 브랜드, 슬룸입니다.
정성스럽게 올려주신 소중한 후기 감사합니다. 💜

고객님의 목소리로 더 발전하는 슬룸이 되도록 노력하겠습니다.
감사합니다. 🙇‍♀️"
116593,2026-06-26 20:51:04,2026-06-23 11:48:14,2026-06-24 18:35:43,음 자기 전에 목 마사지 좋아요. 어께 마사지기도 사야하나.. 집에 세라젬도 있는데 이게 간편해서 쓰기좋아요.,de8d612f4652,,995,[깜짝 타임특가] 목편한케어 목 마사지기,65000,수량선택: 목편한케어 1개 (목편한케어 커버 1개 증정),반응형(내리뷰),5,,1,0,1,"안녕하세요. 프리미엄 헬스테크 브랜드, 슬룸입니다.
정성스럽게 올려주신 소중한 후기 감사합니다. 💜

고객님의 목소리로 더 발전하는 슬룸이 되도록 노력하겠습니다.
감사합니다. 🙇‍♀️"
116594,2026-06-26 23:51:48,2026-06-20 22:47:22,2026-06-23 16:16:12,"엘보 통증이 늘 있어서 구입했어요.
남편이 주로 사용하는데
사이즈가 좀 더 크면 좋겠다고해요.
공기압 들어가면 벨크로가 자꾸 풀려요ㅠㅠ
뒤집어서 윗부분도 받고싶은데
거꾸로는 아예 안되네요.
크기가 조금 아쉽네요.
효과는 있는것 같아요.",2703ee7e7b12,,980,프리미엄 엘보케어 팔꿈치 마사지기,149000,수량선택: 데일리 릴렉스 세트 (팔꿈치 마사지기 + 마그네슘 시너지 크림),모바일(팝업),5,,1,0,1,"안녕하세요. 프리미엄 헬스테크 브랜드, 슬룸입니다.
진심 어린 소중한 후기 감사합니다. 💜

앞으로도 좋은 상품과 서비스로 고객님들을 찾아뵐 수 있도록 노력하겠습니다.
감사합니다. :)"
116595,2026-06-26 08:05:15,2026-06-24 09:49:55,2026-06-25 16:09:34,아직 미사용 이지만 너무 만족해요,,,1001,[슬룸] 구독자 전용 ★초특가★ 비밀링크,84900,수량선택: ★SET★ 발편한케어 L 1개 + 목 마사지 베개 V2 1개 + 마그네슘 시너지 크림 100원 + (증정)중형 파우치,기존리뷰,5,,1,0,1,"안녕하세요. 프리미엄 헬스테크 브랜드, 슬룸입니다.
시간 내어 소중한 후기를 작성해 주셔서 감사드립니다. :)

믿고 찾는 쇼핑몰이 되기 위해 더 좋은 상품과 서비스를 준비하겠습니다.
감사합니다. 💜"
116596,2026-06-26 10:01:06,2026-06-22 02:34:05,2026-06-23 10:42:47,배송빠르고 작동잘되고 아주좋아요~,,,1000,[김마통x슬룸] ★구독자 한정 역대급 할인 판매★,59900,수량선택: ★김마통SET★ 목편한케어 플라잉 1개 + 허리편한케어V1 1개 + (증정) 마그네슘 시너지 크림 100ml,기존리뷰,5,,1,0,1,"안녕하세요. 프리미엄 헬스테크 브랜드, 슬룸입니다.
시간 내어 소중한 후기를 작성해 주셔서 감사드립니다. :)

믿고 찾는 쇼핑몰이 되기 위해 더 좋은 상품과 서비스를 준비하겠습니다.
감사합니다. 💜"
116597,2026-06-26 10:13:30,2026-06-20 22:04:45,2026-06-23 13:44:30,목은 생각만큼 드라마틱하진 않음.,,,1001,[슬룸] 구독자 전용 ★초특가★ 비밀링크,84900,수량선택: ★SET★ 발편한케어 L 1개 + 목 마사지 베개 V2 1개 + 마그네슘 시너지 크림 100원 + (증정)중형 파우치,기존리뷰,4,,0,0,1,"안녕하세요 고객님, 프리미엄 헬스테크 브랜드, 슬룸입니다.
고객님께 만족스러운 경험을 드리지 못해 대단히 죄송합니다.😥

슬룸의 모든 제품은 인체공학적으로 설계되어 편안한 사용이 가능하나 초기 사용 시 1~2주 이상의 적응 기간이 필요할 수 있습니다. 
다만 수령하신 날짜 기준으로 30일 동안 꾸준히 사용해보시고도 만족하지 못하셨을 경우에는, 슬룸에서 진행하는 <100%환불이벤트> 에 참여하여 왕복배송비 제외 전액 환불이 가능합니다.

※ 제품을 30일간 꾸준히 사용한 경우, 배송완료 후 40일이내 신청이 가능
※ 환불 서비스는 첫 구매 체험을 위한 서비스로 1회만 신청 가능

▶ <100% 환불 이벤트> 상세 환불 조건 : https://sleeplab.co.kr/notice/?page=1#13709226_notice 

슬룸을 믿고 편하게 사용 및 체험해보시고, 그럼에도 만족하시지 못하셨을 경우 슬룸 공식몰의 채널톡을 통해 이벤트 기간 내 문의 주시면 환불 접수 도움드리겠습니다."
116598,2026-06-26 10:29:48,2026-06-24 12:40:25,2026-06-25 16:12:07,낫밷 합니다. 옆으로 누워잘 수 있도록 설계되면 좋겠습니다.,,,909,목 마사지 베개 V2 경추 마사지기 베개,112000,수량선택: 목 마사지 베개 V2 1개,기존리뷰,4,,0,0,1,"안녕하세요. 프리미엄 헬스테크 브랜드, 슬룸입니다.
정성스럽게 올려주신 소중한 후기 감사합니다. 💜

고객님의 목소리로 더 발전하는 슬룸이 되도록 노력하겠습니다.
감사합니다. 🙇‍♀️"
116599,2026-06-26 10:35:50,2026-05-12 09:13:25,2026-05-13 14:09:00,"목디스크·오십견 있는 남편의 인생 베개! 해외 촬영 갈 때도 무조건 챙겨가요 ✈️하루 종일 모니터를 보며 편집만 하는 남편이라 목디스크에 오십견까지 와서 고생이 많았습니다. 아침에 일어나면 목이 뻣뻣하게 굳어서 고개도 잘 못 돌릴 정도였거든요.지푸라기 잡는 심정으로 이 [경추 목 마사지기 베개]를 사줬는데, 정말 눈에 띄게 좋아지고 있어서 대만족 중입니다! 누워만 있어도 C자 커브를 탄탄하게 받쳐주고 시원하게 마사지해 주니까 목의 긴장이 확 풀린다고 해요. 요즘은 아침에 일어날 때 목이 훨씬 부드럽고 가볍다고 합니다.",,,291,목베개 플러스 경추 목 마사지기 베개,91000,수량선택: 목베개 플러스 1개 (마그네슘 시너지 크림 30ml 1개 증정),기존리뷰,5,,0,0,1,"안녕하세요. 프리미엄 헬스테크 브랜드, 슬룸입니다.
진심 어린 소중한 후기 감사합니다. 💜

앞으로도 좋은 상품과 서비스로 고객님들을 찾아뵐 수 있도록 노력하겠습니다.
감사합니다. :)"
116600,2026-06-26 10:44:10,2026-06-20 16:06:05,2026-06-24 20:06:04,신랑꺼 내꺼 주문했는데 사실 나는 제일쎄게 했는데도 약한편이라 생각이들고 신랑은 아주시원하다네요,,,1001,[슬룸] 구독자 전용 ★초특가★ 비밀링크,84900,수량선택: 발편한케어 M 1개 + L 1개,기존리뷰,5,,1,0,1,"안녕하세요. 프리미엄 헬스테크 브랜드, 슬룸입니다.
시간 내어 소중한 후기를 작성해 주셔서 감사드립니다. :)

믿고 찾는 쇼핑몰이 되기 위해 더 좋은 상품과 서비스를 준비하겠습니다.
감사합니다. 💜"
116601,2026-06-26 11:15:16,2026-06-20 22:12:05,2026-06-23 13:43:41,발편한 케어에 대한 만족도가 더 높습니다. 티비를 보거나 누워있을때 하기에 좋네요.,,,1001,[슬룸] 구독자 전용 ★초특가★ 비밀링크,84900,수량선택: ★SET★ 발편한케어 M 1개 + 목 마사지 베개 V2 1개 + 마그네슘 시너지 크림 100원 + (증정)중형 파우치,기존리뷰,4,,0,0,1,"안녕하세요. 프리미엄 헬스테크 브랜드, 슬룸입니다.
시간 내어 소중한 후기를 작성해 주셔서 감사드립니다. :)

믿고 찾는 쇼핑몰이 되기 위해 더 좋은 상품과 서비스를 준비하겠습니다.
감사합니다. 💜"
116602,2026-06-26 11:25:55,2026-06-20 10:14:00,2026-06-23 13:40:58,팔꿈치 마사지하기 편리하네요,,,980,프리미엄 엘보케어 팔꿈치 마사지기,149000,수량선택: 팔꿈치 마사지기 1개,기존리뷰,5,,0,0,1,"안녕하세요. 프리미엄 헬스테크 브랜드, 슬룸입니다.
정성스럽게 올려주신 소중한 후기 감사합니다. 💜

고객님의 목소리로 더 발전하는 슬룸이 되도록 노력하겠습니다.
감사합니다. 🙇‍♀️"
116603,2026-06-26 11:39:47,2026-06-20 23:34:40,2026-06-23 18:38:17,잘 사용 하겠습니다.,,,1001,[슬룸] 구독자 전용 ★초특가★ 비밀링크,84900,수량선택: 목 마사지 베개 V2 1개,기존리뷰,5,,0,0,1,"안녕하세요. 프리미엄 헬스테크 브랜드, 슬룸입니다.
정성스럽게 올려주신 소중한 후기 감사합니다. 💜

고객님의 목소리로 더 발전하는 슬룸이 되도록 노력하겠습니다.
감사합니다. 🙇‍♀️"
116604,2026-06-26 11:48:33,2026-06-20 18:22:55,2026-06-23 21:13:02,목이시원하고 피로가 풀어지는것같아요,,,1001,[슬룸] 구독자 전용 ★초특가★ 비밀링크,84900,수량선택: 목 마사지 베개 V2 1개,기존리뷰,5,,0,0,1,"안녕하세요. 프리미엄 헬스테크 브랜드, 슬룸입니다.
정성스럽게 올려주신 소중한 후기 감사합니다. 💜

고객님의 목소리로 더 발전하는 슬룸이 되도록 노력하겠습니다.
감사합니다. 🙇‍♀️"
116605,2026-06-26 11:51:19,2026-06-23 12:24:10,2026-06-24 16:13:16,"사용해보니 참 좋습니다. 테니스 엘보와 골프 엘보가 둘 다 와서, 체외충격파로 치료 받아서 많이 좋아졌는데, 이 제품이 치료를 돕고 있어서 통증 완화되어 더 좋아지고 있습니다. 빠른 배송도 좋았습니다. 감사합니다.",,,980,프리미엄 엘보케어 팔꿈치 마사지기,149000,수량선택: 팔꿈치 마사지기 1개,기존리뷰,5,,4,0,1,"안녕하세요. 프리미엄 헬스테크 브랜드, 슬룸입니다.
정성스럽게 올려주신 소중한 후기 감사합니다. 💜

고객님의 목소리로 더 발전하는 슬룸이 되도록 노력하겠습니다.
감사합니다. 🙇‍♀️"
116606,2026-06-26 12:19:43,2026-06-18 07:14:45,2026-06-19 16:11:48,목이 너무 아파. 마사지기 찾던 중에 리뷰 보고 구매했어요. 사용해보니 좋으네요.,,,1000,[김마통x슬룸] ★구독자 한정 역대급 할인 판매★,59900,수량선택: 목편한케어 플라잉 1개,기존리뷰,5,,1,0,1,"안녕하세요. 프리미엄 헬스테크 브랜드, 슬룸입니다.
정성스럽게 올려주신 소중한 후기 감사합니다. 💜

고객님의 목소리로 더 발전하는 슬룸이 되도록 노력하겠습니다.
감사합니다. 🙇‍♀️"
116607,2026-06-26 12:32:05,2026-06-21 13:34:05,2026-06-23 16:14:50,일단편하긴해요 효과는 아직모르겠어요,,,980,프리미엄 엘보케어 팔꿈치 마사지기,149000,수량선택: 팔꿈치 마사지기 1개,기존리뷰,5,,1,0,1,"안녕하세요. 프리미엄 헬스테크 브랜드, 슬룸입니다.
시간 내어 소중한 후기를 작성해 주셔서 감사드립니다. :)

믿고 찾는 쇼핑몰이 되기 위해 더 좋은 상품과 서비스를 준비하겠습니다.
감사합니다. 💜"
116608,2026-06-26 12:49:27,2026-06-21 00:22:20,2026-06-23 16:23:19,버튼이 안보여서 조작이 쉽지않네요,,,1001,[슬룸] 구독자 전용 ★초특가★ 비밀링크,84900,수량선택: ★SET★ 발편한케어 M 1개 + 목 마사지 베개 V2 1개 + 마그네슘 시너지 크림 100원 + (증정)중형 파우치,기존리뷰,5,,1,0,1,"안녕하세요 고객님, 프리미엄 헬스테크 브랜드, 슬룸입니다.
고객님께 만족스러운 경험을 드리지 못해 대단히 죄송합니다.😥

슬룸의 모든 제품은 인체공학적으로 설계되어 편안한 사용이 가능하나 초기 사용 시 1~2주 이상의 적응 기간이 필요할 수 있습니다. 
다만 수령하신 날짜 기준으로 30일 동안 꾸준히 사용해보시고도 만족하지 못하셨을 경우에는, 슬룸에서 진행하는 <100%환불이벤트> 에 참여하여 왕복배송비 제외 전액 환불이 가능합니다.

※ 제품을 30일간 꾸준히 사용한 경우, 배송완료 후 40일이내 신청이 가능
※ 환불 서비스는 첫 구매 체험을 위한 서비스로 1회만 신청 가능

▶ <100% 환불 이벤트> 상세 환불 조건 : https://sleeplab.co.kr/notice/?page=1#13709226_notice 

슬룸을 믿고 편하게 사용 및 체험해보시고, 그럼에도 만족하시지 못하셨을 경우 슬룸 공식몰의 채널톡을 통해 이벤트 기간 내 문의 주시면 환불 접수 도움드리겠습니다."
116609,2026-06-26 13:11:29,2026-06-22 11:09:50,2026-06-23 16:13:26,시원하고 잠이 솔솔,,,1001,[슬룸] 구독자 전용 ★초특가★ 비밀링크,84900,수량선택: ★SET★ 발편한케어 M 1개 + 목 마사지 베개 V2 1개 + 마그네슘 시너지 크림 100원 + (증정)중형 파우치,기존리뷰,5,,4,0,1,"안녕하세요. 프리미엄 헬스테크 브랜드, 슬룸입니다.
진심 어린 소중한 후기 감사합니다. 💜

앞으로도 좋은 상품과 서비스로 고객님들을 찾아뵐 수 있도록 노력하겠습니다.
감사합니다. :)"
116610,2026-06-26 14:00:10,2026-06-20 21:39:55,2026-06-23 21:09:35,부모님 선물 로 사싸어용 ㅈㅎ용ㅇ,,,1001,[슬룸] 구독자 전용 ★초특가★ 비밀링크,84900,수량선택: 발편한케어 M 1개,기존리뷰,5,,0,0,1,"안녕하세요. 프리미엄 헬스테크 브랜드, 슬룸입니다.
정성스럽게 올려주신 소중한 후기 감사합니다. 💜

고객님의 목소리로 더 발전하는 슬룸이 되도록 노력하겠습니다.
감사합니다. 🙇‍♀️"
116611,2026-06-26 14:10:04,2026-06-20 13:20:15,2026-06-23 21:06:13,전원키고 깜짝 놀랬습니다.   소음이 너무 커서 목마사지 한다고 누워서 쉬기보단 소음때문에 아랫집에서 시끄럽다고 하진 않을지 싶어서 저녁에 자기전엔 못하고 아침에나 시간있을때 가끔할까...  목 마사지도 아닌거 같고 이게 따뜻하게하고 막 부풀어서 올라오구 시끄럽게 진동은 계속 있고 그냥 따뜻하게 찜질만 쓸 수있음 차라리 나을텐데 이게 일단 너무 시끄러워서 자주 쓰긴 힘든거 같습니다 ㅜ.ㅜ,,,909,목 마사지 베개 V2 경추 마사지기 베개,112000,수량선택: 목 마사지 베개 V2 2개,기존리뷰,2,,0,0,1,"안녕하세요 고객님, 프리미엄 헬스테크 브랜드, 슬룸입니다.
고객님께 만족스러운 경험을 드리지 못해 대단히 죄송합니다.😥

슬룸의 모든 제품은 인체공학적으로 설계되어 편안한 사용이 가능하나 초기 사용 시 1~2주 이상의 적응 기간이 필요할 수 있습니다. 
다만 수령하신 날짜 기준으로 30일 동안 꾸준히 사용해보시고도 만족하지 못하셨을 경우에는, 슬룸에서 진행하는 <100%환불이벤트> 에 참여하여 왕복배송비 제외 전액 환불이 가능합니다.

※ 제품을 30일간 꾸준히 사용한 경우, 배송완료 후 40일이내 신청이 가능
※ 환불 서비스는 첫 구매 체험을 위한 서비스로 1회만 신청 가능

▶ <100% 환불 이벤트> 상세 환불 조건 : https://sleeplab.co.kr/notice/?page=1#13709226_notice 

슬룸을 믿고 편하게 사용 및 체험해보시고, 그럼에도 만족하시지 못하셨을 경우 슬룸 공식몰의 채널톡을 통해 이벤트 기간 내 문의 주시면 환불 접수 도움드리겠습니다."
116612,2026-06-26 14:42:45,2026-06-21 10:57:00,2026-06-23 18:38:40,간편하게쓰기좋은거같아요,,,1001,[슬룸] 구독자 전용 ★초특가★ 비밀링크,84900,수량선택: ★SET★ 발편한케어 L 1개 + 목 마사지 베개 V2 1개 + 마그네슘 시너지 크림 100원 + (증정)중형 파우치,기존리뷰,3,,0,0,1,"안녕하세요. 프리미엄 헬스테크 브랜드, 슬룸입니다.
정성스럽게 올려주신 소중한 후기 감사합니다. 💜

고객님의 목소리로 더 발전하는 슬룸이 되도록 노력하겠습니다.
감사합니다. 🙇‍♀️"
116613,2026-06-26 16:19:17,2026-06-21 10:06:50,2026-06-23 16:15:37,아버님이 팔꿈치(엘보)가 오랫동안 아프셔서 꾸준히 병원다니시다가 이 상품을 보고 주문해드렸는데 물리치료보다 더 시원하다고 말씀하시네요~~ 도움이 되었으면 좋겠습니다,,,980,프리미엄 엘보케어 팔꿈치 마사지기,149000,수량선택: 팔꿈치 마사지기 1개,기존리뷰,5,,2,0,1,"안녕하세요. 프리미엄 헬스테크 브랜드, 슬룸입니다.
정성스럽게 올려주신 소중한 후기 감사합니다. 💜

고객님의 목소리로 더 발전하는 슬룸이 되도록 노력하겠습니다.
감사합니다. 🙇‍♀️"
116614,2026-06-26 17:29:06,2026-06-21 22:38:25,2026-06-23 18:45:51,팔꿈치 마사지가 시원해요,,,980,프리미엄 엘보케어 팔꿈치 마사지기,149000,수량선택: 데일리 릴렉스 세트 (팔꿈치 마사지기 + 마그네슘 시너지 크림),기존리뷰,4,,1,0,1,"안녕하세요. 프리미엄 헬스테크 브랜드, 슬룸입니다.
정성스럽게 올려주신 소중한 후기 감사합니다. 💜

고객님의 목소리로 더 발전하는 슬룸이 되도록 노력하겠습니다.
감사합니다. 🙇‍♀️"
116615,2026-06-26 17:40:51,2026-06-23 09:17:45,2026-06-24 16:13:16,배송도 빠르고 상품도 좋아요,,,1001,[슬룸] 구독자 전용 ★초특가★ 비밀링크,84900,수량선택: 발편한케어 L 1개,기존리뷰,5,,0,0,1,"안녕하세요. 프리미엄 헬스테크 브랜드, 슬룸입니다.
시간 내어 소중한 후기를 작성해 주셔서 감사드립니다. :)

믿고 찾는 쇼핑몰이 되기 위해 더 좋은 상품과 서비스를 준비하겠습니다.
감사합니다. 💜"
116616,2026-06-26 17:58:42,2026-06-24 18:04:55,2026-06-26 13:37:06,어머니 선물로 드렸는데 너무 좋아하셨어요~ 얼른 엘보나았으면 좋겠네요,,,980,프리미엄 엘보케어 팔꿈치 마사지기,149000,수량선택: 팔꿈치 마사지기 1개,기존리뷰,5,,1,0,1,"안녕하세요. 프리미엄 헬스테크 브랜드, 슬룸입니다.
진심 어린 소중한 후기 감사합니다. 💜

앞으로도 좋은 상품과 서비스로 고객님들을 찾아뵐 수 있도록 노력하겠습니다.
감사합니다. :)"
116617,2026-06-26 18:15:55,2026-06-22 13:09:50,2026-06-23 18:44:04,목이 너무 불편했는데 사용하니 풀어져서 너무 좋아요 ㅠ,,,1001,[슬룸] 구독자 전용 ★초특가★ 비밀링크,84900,수량선택: 목 마사지 베개 V2 1개,기존리뷰,5,,1,0,1,"안녕하세요. 프리미엄 헬스테크 브랜드, 슬룸입니다.
진심 어린 소중한 후기 감사합니다. 💜

앞으로도 좋은 상품과 서비스로 고객님들을 찾아뵐 수 있도록 노력하겠습니다.
감사합니다. :)"
116618,2026-06-26 19:26:37,2026-06-23 09:14:30,2026-06-26 16:10:08,별루 헐덕이고 팔아프고,,,1003,바디풀고컷 경락 마사지기,99000,수량선택: 바디 풀고컷 1개 (트리플 샷 시너지 젤 1개 증정),기존리뷰,1,,0,0,1,"안녕하세요 고객님, 프리미엄 헬스테크 브랜드, 슬룸입니다.
고객님께 만족스러운 경험을 드리지 못해 대단히 죄송합니다.😥

슬룸의 모든 제품은 인체공학적으로 설계되어 편안한 사용이 가능하나 초기 사용 시 1~2주 이상의 적응 기간이 필요할 수 있습니다. 
다만 수령하신 날짜 기준으로 30일 동안 꾸준히 사용해보시고도 만족하지 못하셨을 경우에는, 슬룸에서 진행하는 <100%환불이벤트> 에 참여하여 왕복배송비 제외 전액 환불이 가능합니다.

※ 제품을 30일간 꾸준히 사용한 경우, 배송완료 후 40일이내 신청이 가능
※ 환불 서비스는 첫 구매 체험을 위한 서비스로 1회만 신청 가능

▶ <100% 환불 이벤트> 상세 환불 조건 : https://sleeplab.co.kr/notice/?page=1#13709226_notice 

슬룸을 믿고 편하게 사용 및 체험해보시고, 그럼에도 만족하시지 못하셨을 경우 슬룸 공식몰의 채널톡을 통해 이벤트 기간 내 문의 주시면 환불 접수 도움드리겠습니다."
116619,2026-06-26 23:40:32,2026-06-19 17:45:35,2026-06-23 16:10:27,"도수치료받은후처럼 좀 뻐근한데 무선에 열선이 있어서 편리하고 따끈따끈 좋습니다
꾸준히 사용해서 거북목 탈출하고 싶어요",,,909,목 마사지 베개 V2 경추 마사지기 베개,112000,수량선택: 목 마사지 베개 V2 1개,기존리뷰,4,,0,0,1,"안녕하세요. 프리미엄 헬스테크 브랜드, 슬룸입니다.
시간 내어 소중한 후기를 작성해 주셔서 감사드립니다. :)

믿고 찾는 쇼핑몰이 되기 위해 더 좋은 상품과 서비스를 준비하겠습니다.
감사합니다. 💜"
116620,2026-06-27 08:36:06,2026-06-25 12:04:43,2026-06-26 13:40:25,"병원에서 치료 받는 느낌입니다. 
테니스 엘보로 병원에 한의원 자주가는대 집에서도 쉽게 치료를 받는 느낌이라 넘 좋아요. ",1861f432c5a7,,980,프리미엄 엘보케어 팔꿈치 마사지기,149000,수량선택: 데일리 릴렉스 세트 (팔꿈치 마사지기 + 마그네슘 시너지 크림),반응형(내리뷰),5,,1,0,1,"안녕하세요. 프리미엄 헬스테크 브랜드, 슬룸입니다.
정성스럽게 올려주신 소중한 후기 감사합니다. 💜

고객님의 목소리로 더 발전하는 슬룸이 되도록 노력하겠습니다.
감사합니다. 🙇‍♀️"
116621,2026-06-27 10:24:13,2026-06-24 15:07:39,2026-06-26 16:09:55,와이프가 엘보가 와서 구매 했는데 만족합니다~,618d5c186a0e,,980,프리미엄 엘보케어 팔꿈치 마사지기,149000,수량선택: 데일리 릴렉스 세트 (팔꿈치 마사지기 + 마그네슘 시너지 크림),모바일,5,,1,0,1,"안녕하세요. 프리미엄 헬스테크 브랜드, 슬룸입니다.
진심 어린 소중한 후기 감사합니다. 💜

앞으로도 좋은 상품과 서비스로 고객님들을 찾아뵐 수 있도록 노력하겠습니다.
감사합니다. :)"
116622,2026-06-27 13:51:48,2026-06-26 12:07:18,2026-06-27 13:37:07,"도착하자 마자.장착해봅니다
첨 아사지기를.사용하는거라 어색했는데 두번해보고
정말 좋은.제품이란걸 느껐어요
잘사용사겠습니다 벌써부터 안아프네요",21963b47e848,,980,프리미엄 엘보케어 팔꿈치 마사지기,149000,수량선택: 데일리 릴렉스 세트 (팔꿈치 마사지기 + 마그네슘 시너지 크림),반응형(내리뷰),5,,1,0,1,"안녕하세요. 프리미엄 헬스테크 브랜드, 슬룸입니다.
시간 내어 소중한 후기를 작성해 주셔서 감사드립니다. :)

믿고 찾는 쇼핑몰이 되기 위해 더 좋은 상품과 서비스를 준비하겠습니다.
감사합니다. 💜"
116623,2026-06-27 16:38:37,2026-06-25 18:35:31,2026-06-27 16:08:27,공기압은 시끄럽고 진동은 머리 울려요. 그 소리를 참고 마사지 해 봤지만 목에 담 오고  더 뭉쳐서 못 쓰겠네요.  베개로만 사용하려 했는데 여름이 메모리폼 재질 때문인지 더워요. ,ecb0958c7553,,909,목 마사지 베개 V2 경추 마사지기 베개,112000,수량선택: 목 마사지 베개 V2 1개,모바일(상품리뷰),1,,1,0,1,"안녕하세요 고객님, 프리미엄 헬스테크 브랜드, 슬룸입니다.
고객님께 만족스러운 경험을 드리지 못해 대단히 죄송합니다.😥

슬룸의 모든 제품은 인체공학적으로 설계되어 편안한 사용이 가능하나 초기 사용 시 1~2주 이상의 적응 기간이 필요할 수 있습니다. 
다만 수령하신 날짜 기준으로 30일 동안 꾸준히 사용해보시고도 만족하지 못하셨을 경우에는, 슬룸에서 진행하는 <100%환불이벤트> 에 참여하여 왕복배송비 제외 전액 환불이 가능합니다.

※ 제품을 30일간 꾸준히 사용한 경우, 배송완료 후 40일이내 신청이 가능
※ 환불 서비스는 첫 구매 체험을 위한 서비스로 1회만 신청 가능

▶ <100% 환불 이벤트> 상세 환불 조건 : https://sleeplab.co.kr/notice/?page=1#13709226_notice 

슬룸을 믿고 편하게 사용 및 체험해보시고, 그럼에도 만족하시지 못하셨을 경우 슬룸 공식몰의 채널톡을 통해 이벤트 기간 내 문의 주시면 환불 접수 도움드리겠습니다."
116624,2026-06-27 20:49:59,2026-06-26 09:36:03,2026-06-27 13:37:06,"오른쪽 손목이  계속 아파서 케어 위해 구매했습니다.
압력도 세고, 온열까지 있어서 너무 시원합니다ㅎㅎ
역시 믿고 쓰는 슬룸이에요!",3a21d329b334,,996,[깜짝 타임특가] 손편한케어 프리미엄 손 마사지기,99000,수량선택: 손편한케어 1개,모바일(팝업),5,,1,0,1,"안녕하세요. 프리미엄 헬스테크 브랜드, 슬룸입니다.
정성스럽게 올려주신 소중한 후기 감사합니다. 💜

고객님의 목소리로 더 발전하는 슬룸이 되도록 노력하겠습니다.
감사합니다. 🙇‍♀️"
116625,2026-06-27 21:51:26,2026-06-15 23:02:59,2026-06-17 21:07:25," 목디스크로 인한 지속적인 통증으로 고생하다 슬룸 목 마사지 베개를 알게되었어요. 처음엔 큰 기대 없이 조금이라도 통증이 가벼워지길 바라며 사용했는데 며칠만에 목통증,승모근 뭉침 , 무엇보다 괴로웠던 두통까지 없어지면서 일상생활이 편해지게됐네요.
지금은 너무 만족하며 매일 사용하고 있어요.",01accc623734,,291,목베개 플러스 경추 목 마사지기 베개,91000,수량선택: 목베개 플러스 1개,반응형(내리뷰),5,,1,0,1,"안녕하세요. 프리미엄 헬스테크 브랜드, 슬룸입니다.
시간 내어 소중한 후기를 작성해 주셔서 감사드립니다. :)

믿고 찾는 쇼핑몰이 되기 위해 더 좋은 상품과 서비스를 준비하겠습니다.
감사합니다. 💜"
116626,2026-06-27 23:50:21,2026-06-26 14:40:02,2026-06-27 16:10:04,물리치료 받는것처럼 집에서도 받을수있어서 좋아요,12b72443bbe9,,980,프리미엄 엘보케어 팔꿈치 마사지기,149000,수량선택: 팔꿈치 마사지기 1개,모바일,5,,1,0,1,"안녕하세요. 프리미엄 헬스테크 브랜드, 슬룸입니다.
정성스럽게 올려주신 소중한 후기 감사합니다. 💜

고객님의 목소리로 더 발전하는 슬룸이 되도록 노력하겠습니다.
감사합니다. 🙇‍♀️"
116627,2026-06-27 06:27:25,2026-05-13 01:32:55,2026-05-14 15:06:00,스카이보고 구입했는데 생각보다 제품이 허접하네요,,,975,[스카이x슬룸] ★구독자 한정 역대급 할인 판매★,138000,수량선택: 목마사지베개V2 1개 + (증정) 마그네슘 시너지 크림 30ml 1개,기존리뷰,1,,0,0,1,"안녕하세요 고객님, 프리미엄 헬스테크 브랜드, 슬룸입니다.

소중한 후기 남겨주셔서 감사드리며, 기대하셨던 것만큼 만족감을 드리지 못한 점 진심으로 사과드립니다. 😥

슬룸 제품은 개인의 체형과 사용 습관에 따라 효과를 느끼시는 시기가 다를 수 있습니다.
사용 중 불편하거나 궁금하신 점이 있으시다면 언제든지 슬룸 공식몰 채널톡으로 편하게 문의해 주세요. 고객님의 상황에 맞게 안내해 드리겠습니다.

고객님의 의견을 수렴하여 더 발전하는 슬룸이 되도록 노력하겠습니다. 감사합니다."
116628,2026-06-27 07:16:06,2026-06-20 09:46:15,2026-06-23 16:14:22,팔 통증 때문에 구매했어요 아직까지 별 효과 없네요 ㅠㅠ,,,980,프리미엄 엘보케어 팔꿈치 마사지기,149000,수량선택: 데일리 릴렉스 세트 (팔꿈치 마사지기 + 마그네슘 시너지 크림),기존리뷰,4,,1,0,1,"안녕하세요 고객님, 프리미엄 헬스테크 브랜드, 슬룸입니다.
고객님께 만족스러운 경험을 드리지 못해 대단히 죄송합니다.😥

슬룸의 모든 제품은 인체공학적으로 설계되어 편안한 사용이 가능하나 초기 사용 시 1~2주 이상의 적응 기간이 필요할 수 있습니다. 
다만 수령하신 날짜 기준으로 30일 동안 꾸준히 사용해보시고도 만족하지 못하셨을 경우에는, 슬룸에서 진행하는 <100%환불이벤트> 에 참여하여 왕복배송비 제외 전액 환불이 가능합니다.

※ 제품을 30일간 꾸준히 사용한 경우, 배송완료 후 40일이내 신청이 가능
※ 환불 서비스는 첫 구매 체험을 위한 서비스로 1회만 신청 가능

▶ <100% 환불 이벤트> 상세 환불 조건 : https://sleeplab.co.kr/notice/?page=1#13709226_notice 

슬룸을 믿고 편하게 사용 및 체험해보시고, 그럼에도 만족하시지 못하셨을 경우 슬룸 공식몰의 채널톡을 통해 이벤트 기간 내 문의 주시면 환불 접수 도움드리겠습니다."
116629,2026-06-27 11:23:54,2026-06-22 22:01:35,2026-06-24 16:14:17,아주아주 좋아요~~,,,1001,[슬룸] 구독자 전용 ★초특가★ 비밀링크,84900,수량선택: 목 마사지 베개 V2 1개,기존리뷰,5,,0,0,1,"안녕하세요. 프리미엄 헬스테크 브랜드, 슬룸입니다.
정성스럽게 올려주신 소중한 후기 감사합니다. 💜

고객님의 목소리로 더 발전하는 슬룸이 되도록 노력하겠습니다.
감사합니다. 🙇‍♀️"
116630,2026-06-27 11:27:15,2026-06-20 13:07:25,2026-06-23 13:40:41,배송도 빠르고 가격도 저렴하게 잘 구입했어요~ 작동도 잘죄고~~ . 무선이라.. 사무실에서도 할수 있어서 좋아요~~ 시원합니다~^^,,,1000,[김마통x슬룸] ★구독자 한정 역대급 할인 판매★,59900,수량선택: 목편한케어 플라잉 1개,기존리뷰,5,,2,0,1,"안녕하세요. 프리미엄 헬스테크 브랜드, 슬룸입니다.
정성스럽게 올려주신 소중한 후기 감사합니다. 💜

고객님의 목소리로 더 발전하는 슬룸이 되도록 노력하겠습니다.
감사합니다. 🙇‍♀️"
116631,2026-06-27 12:16:47,2026-06-23 08:31:35,2026-06-24 16:09:15,"집에서 받는 물리치료
신랑이 사용하고 넘 좋아해요
아팠던 팔도 많이 좋아졌구요~",,,980,프리미엄 엘보케어 팔꿈치 마사지기,149000,수량선택: 팔꿈치 마사지기 1개,기존리뷰,5,,0,0,1,"안녕하세요. 프리미엄 헬스테크 브랜드, 슬룸입니다.
시간 내어 소중한 후기를 작성해 주셔서 감사드립니다. :)

믿고 찾는 쇼핑몰이 되기 위해 더 좋은 상품과 서비스를 준비하겠습니다.
감사합니다. 💜"
116632,2026-06-27 13:48:34,2026-06-19 17:58:25,2026-06-23 18:43:46,대체로 쓰기 편함 충전식이라 좋음,,,636,허리편한케어 V2 허리 마사지기,131000,수량선택: 허리편한케어 V2 1개 (허리베개 1개 증정),기존리뷰,4,,0,0,1,"안녕하세요. 프리미엄 헬스테크 브랜드, 슬룸입니다.
시간 내어 소중한 후기를 작성해 주셔서 감사드립니다. :)

믿고 찾는 쇼핑몰이 되기 위해 더 좋은 상품과 서비스를 준비하겠습니다.
감사합니다. 💜"
116633,2026-06-27 14:48:38,2026-06-25 21:12:00,2026-06-27 13:37:07,리뷰 보고도 반신반의 했는데 정말 좋네요. 엄마 것도 하나 더 사려고요. 처음부터 2개 살걸. 강추입니다,,,39,허리베개 허리 편안 베개,43800,수량선택: 허리베개 1개,기존리뷰,5,,0,0,1,"안녕하세요. 프리미엄 헬스테크 브랜드, 슬룸입니다.
시간 내어 소중한 후기를 작성해 주셔서 감사드립니다. :)

믿고 찾는 쇼핑몰이 되기 위해 더 좋은 상품과 서비스를 준비하겠습니다.
감사합니다. 💜"
116634,2026-06-27 17:34:28,2026-06-23 11:01:15,2026-06-24 16:08:48,생각보다 안 시원해요,,,1001,[슬룸] 구독자 전용 ★초특가★ 비밀링크,84900,수량선택: 목 마사지 베개 V2 1개,기존리뷰,3,,0,0,1,"안녕하세요 고객님, 프리미엄 헬스테크 브랜드, 슬룸입니다.
고객님께 만족스러운 경험을 드리지 못해 대단히 죄송합니다.😥

슬룸의 모든 제품은 인체공학적으로 설계되어 편안한 사용이 가능하나 초기 사용 시 1~2주 이상의 적응 기간이 필요할 수 있습니다. 
다만 수령하신 날짜 기준으로 30일 동안 꾸준히 사용해보시고도 만족하지 못하셨을 경우에는, 슬룸에서 진행하는 <100%환불이벤트> 에 참여하여 왕복배송비 제외 전액 환불이 가능합니다.

※ 제품을 30일간 꾸준히 사용한 경우, 배송완료 후 40일이내 신청이 가능
※ 환불 서비스는 첫 구매 체험을 위한 서비스로 1회만 신청 가능

▶ <100% 환불 이벤트> 상세 환불 조건 : https://sleeplab.co.kr/notice/?page=1#13709226_notice 

슬룸을 믿고 편하게 사용 및 체험해보시고, 그럼에도 만족하시지 못하셨을 경우 슬룸 공식몰의 채널톡을 통해 이벤트 기간 내 문의 주시면 환불 접수 도움드리겠습니다."
116635,2026-06-27 19:40:40,2026-06-20 09:06:00,2026-06-23 18:43:37,"전혀 시원하지도않고 어떤게장점인지모르겠어요
소음도 큰편인거같아요
저랑은 너무안맞지만 사용해봣으니 반품도 안되겠죠 돈아깝습니다",,,909,목 마사지 베개 V2 경추 마사지기 베개,112000,수량선택: 목 마사지 베개 V2 1개,기존리뷰,1,,0,0,1,"안녕하세요 고객님, 프리미엄 헬스테크 브랜드, 슬룸입니다.
고객님께 만족스러운 경험을 드리지 못해 대단히 죄송합니다.😥

슬룸의 모든 제품은 인체공학적으로 설계되어 편안한 사용이 가능하나 초기 사용 시 1~2주 이상의 적응 기간이 필요할 수 있습니다. 
다만 수령하신 날짜 기준으로 30일 동안 꾸준히 사용해보시고도 만족하지 못하셨을 경우에는, 슬룸에서 진행하는 <100%환불이벤트> 에 참여하여 왕복배송비 제외 전액 환불이 가능합니다.

※ 제품을 30일간 꾸준히 사용한 경우, 배송완료 후 40일이내 신청이 가능
※ 환불 서비스는 첫 구매 체험을 위한 서비스로 1회만 신청 가능

▶ <100% 환불 이벤트> 상세 환불 조건 : https://sleeplab.co.kr/notice/?page=1#13709226_notice 

슬룸을 믿고 편하게 사용 및 체험해보시고, 그럼에도 만족하시지 못하셨을 경우 슬룸 공식몰의 채널톡을 통해 이벤트 기간 내 문의 주시면 환불 접수 도움드리겠습니다."
116636,2026-06-27 20:19:42,2026-06-15 11:08:50,2026-06-16 16:17:22,"진짜 크게기대하고구매를했나바요 엛보가너무심해서진짜우울해고힘든데 하루2,3번은꼭하지만아지가지크게효과는못밨어요 그리고충전을완충해도3번정도하고나면그냥꺼지네요그래도열심히써볼께요",,,980,프리미엄 엘보케어 팔꿈치 마사지기,149000,수량선택: 팔꿈치 마사지기 1개,기존리뷰,4,,1,0,1,"안녕하세요 고객님, 프리미엄 헬스테크 브랜드, 슬룸입니다.
고객님께 만족스러운 경험을 드리지 못해 대단히 죄송합니다.😥

슬룸의 모든 제품은 인체공학적으로 설계되어 편안한 사용이 가능하나 초기 사용 시 1~2주 이상의 적응 기간이 필요할 수 있습니다. 
다만 수령하신 날짜 기준으로 30일 동안 꾸준히 사용해보시고도 만족하지 못하셨을 경우에는, 슬룸에서 진행하는 <100%환불이벤트> 에 참여하여 왕복배송비 제외 전액 환불이 가능합니다.

※ 제품을 30일간 꾸준히 사용한 경우, 배송완료 후 40일이내 신청이 가능
※ 환불 서비스는 첫 구매 체험을 위한 서비스로 1회만 신청 가능

▶ <100% 환불 이벤트> 상세 환불 조건 : https://sleeplab.co.kr/notice/?page=1#13709226_notice 

슬룸을 믿고 편하게 사용 및 체험해보시고, 그럼에도 만족하시지 못하셨을 경우 슬룸 공식몰의 채널톡을 통해 이벤트 기간 내 문의 주시면 환불 접수 도움드리겠습니다."
116637,2026-06-27 21:20:41,2026-06-25 14:51:10,2026-06-27 16:08:38,엘보가 오래동안 지속되서 집에서 치료차 구매했어요 .전기자극이 조금 약한거빼고는 괜찮은듯. 좀 더사용해볼께요,,,980,프리미엄 엘보케어 팔꿈치 마사지기,149000,수량선택: 팔꿈치 마사지기 1개,기존리뷰,5,,1,0,1,"안녕하세요. 프리미엄 헬스테크 브랜드, 슬룸입니다.
정성스럽게 올려주신 소중한 후기 감사합니다. 💜

고객님의 목소리로 더 발전하는 슬룸이 되도록 노력하겠습니다.
감사합니다. 🙇‍♀️"
116638,2026-06-27 21:28:25,2026-06-23 23:27:30,2026-06-25 18:37:22,좋아요 좋아요 좋아요 좋아요 좋아요,,,874,발편한케어 프리미엄 고주파 발 마사지기,91000,"사이즈&세트선택: L (250-295mm), 수량선택: 발편한케어 1개 (파우치 중형 1개 증정)",기존리뷰,5,,0,0,1,"안녕하세요. 프리미엄 헬스테크 브랜드, 슬룸입니다.
정성스럽게 올려주신 소중한 후기 감사합니다. 💜

고객님의 목소리로 더 발전하는 슬룸이 되도록 노력하겠습니다.
감사합니다. 🙇‍♀️"
116639,2026-06-27 22:03:04,2026-06-16 23:14:55,2026-06-18 13:41:35,"잘 사용하고 있습니다. 그런데 제가 팔뚝이 조금 두꺼워서, 구입할때 큰 사이즈가 있다면, 큰 사이즈로 구입할껄 그랬습니다~ 일반 분에게는 딱 맞을것 같습니다~ ^^",,,980,프리미엄 엘보케어 팔꿈치 마사지기,149000,수량선택: 팔꿈치 마사지기 1개,기존리뷰,5,,1,0,1,"안녕하세요. 프리미엄 헬스테크 브랜드, 슬룸입니다.
정성스럽게 올려주신 소중한 후기 감사합니다. 💜

고객님의 목소리로 더 발전하는 슬룸이 되도록 노력하겠습니다.
감사합니다. 🙇‍♀️"
116640,2026-06-27 22:13:58,2026-06-20 15:45:05,2026-06-23 18:40:54,휴대용으로 좋은데 단점이 바닥에 밀착되어야만 마사지가되네요 누워서는 안되네요 아쉬워요,,,1001,[슬룸] 구독자 전용 ★초특가★ 비밀링크,84900,수량선택: ★SET★ 발편한케어 L 1개 + 목 마사지 베개 V2 1개 + 마그네슘 시너지 크림 100원 + (증정)중형 파우치,기존리뷰,4,,1,0,1,"안녕하세요 고객님, 프리미엄 헬스테크 브랜드, 슬룸입니다.
고객님께 만족스러운 경험을 드리지 못해 대단히 죄송합니다.😥

휴대가 간편한 점은 만족스러우셨으나, 사용 환경에 제약이 있어 아쉬움이 크셨을 것 같습니다.

해당 제품은 EMS(저주파) 방식을 사용하기 때문에, 전도성 패드가 발바닥에 밀착되어야만 전기 자극이 정확하게 전달되는 특성이 있습니다.
앉아 있을 때 또는 서있을 때는 체중이 실려 발바닥이 패드에 자연스럽게 밀착되지만, 누워 계실 때는 제품과 발바닥 사이에 틈이 생기거나 접촉면이 부족해져 마사지 효과가 체감상 미미하거나 느껴지지 않을 수 있습니다.

수령하신 날짜 기준으로 30일 동안 꾸준히 사용해보시고도 만족하지 못하셨을 경우에는, 슬룸에서 진행하는 <100%환불이벤트> 에 참여하여 왕복배송비 제외 전액 환불이 가능합니다.

※ 제품을 30일간 꾸준히 사용한 경우, 배송완료 후 40일이내 신청이 가능
※ 환불 서비스는 첫 구매 체험을 위한 서비스로 1회만 신청 가능

▶ <100% 환불 이벤트> 상세 환불 조건 : https://sleeplab.co.kr/notice/?page=1#13709226_notice 

슬룸을 믿고 편하게 사용 및 체험해보시고, 그럼에도 만족하시지 못하셨을 경우 슬룸 공식몰의 채널톡을 통해 이벤트 기간 내 문의 주시면 환불 접수 도움드리겠습니다."
116641,2026-06-27 23:07:15,2026-06-08 01:45:45,2026-06-09 21:08:05,목이 안아파요 절대추천,,,909,목 마사지 베개 V2 경추 마사지기 베개,112000,수량선택: 목 마사지 베개 V2 1개 (허리베개 1개 증정),기존리뷰,5,,0,0,1,"안녕하세요. 프리미엄 헬스테크 브랜드, 슬룸입니다.
정성스럽게 올려주신 소중한 후기 감사합니다. 💜

고객님의 목소리로 더 발전하는 슬룸이 되도록 노력하겠습니다.
감사합니다. 🙇‍♀️"
116642,2026-06-27 23:47:52,2026-06-22 12:41:40,2026-06-23 13:40:22,골프엘보로 힘들었는데 도움이 많이되네요^^ 잘쓰겠습니다,,,980,프리미엄 엘보케어 팔꿈치 마사지기,149000,수량선택: 데일리 릴렉스 세트 (팔꿈치 마사지기 + 마그네슘 시너지 크림),기존리뷰,5,,0,0,1,"안녕하세요. 프리미엄 헬스테크 브랜드, 슬룸입니다.
정성스럽게 올려주신 소중한 후기 감사합니다. 💜

고객님의 목소리로 더 발전하는 슬룸이 되도록 노력하겠습니다.
감사합니다. 🙇‍♀️"
116643,2026-06-28 00:28:48,2026-06-25 23:10:30,2026-06-27 16:11:49,따듯한 온열감이 넘 좋았구요. 목이 시원해지는 느낌이 좋았습니다. 단 하나 불만이 있는데요. 겉커버 제작 좀 해주세요. 저는 땀같은 것이 잘 나는 편인지라 더러워질까봐 수건하나 깔고 사용했습니다. 겉커버 만들어 주시면 구입하겠습니다.,,,291,목베개 플러스 경추 목 마사지기 베개,91000,수량선택: 목베개 플러스 1개,기존리뷰,5,,1,0,1,"안녕하세요. 프리미엄 헬스테크 브랜드, 슬룸입니다.
시간 내어 소중한 후기를 작성해 주셔서 감사드립니다. :)

믿고 찾는 쇼핑몰이 되기 위해 더 좋은 상품과 서비스를 준비하겠습니다.
감사합니다. 💜"
116644,2026-06-28 08:01:07,2026-05-09 13:04:20,2026-05-12 17:56:32,"잘 모르겠어요 
허리가 풀린다는  느낌은...",,,636,허리편한케어 V2 허리 마사지기,131000,수량선택: 허리편한케어 V2 1개 (마그네슘 시너지 크림 30ml 1개 증정),기존리뷰,2,,0,0,1,"안녕하세요 고객님, 프리미엄 헬스테크 브랜드, 슬룸입니다.

소중한 후기 남겨주셔서 감사드리며, 기대하셨던 것만큼 만족감을 드리지 못한 점 진심으로 사과드립니다. 😥

슬룸 제품은 개인의 체형과 사용 습관에 따라 효과를 느끼시는 시기가 다를 수 있습니다.
사용 중 불편하거나 궁금하신 점이 있으시다면 언제든지 슬룸 공식몰 채널톡으로 편하게 문의해 주세요. 고객님의 상황에 맞게 안내해 드리겠습니다.

고객님의 의견을 수렴하여 더 발전하는 슬룸이 되도록 노력하겠습니다. 감사합니다."
116645,2026-06-28 09:25:16,2026-06-07 08:57:00,2026-06-09 13:45:28,일단 잘쓰고있는데 효과는 더 지켜봐야할것 같네요,,,980,프리미엄 엘보케어 팔꿈치 마사지기,149000,수량선택: 데일리 릴렉스 세트 (팔꿈치 마사지기 + 마그네슘 시너지 크림),기존리뷰,4,,0,0,1,"안녕하세요. 프리미엄 헬스테크 브랜드, 슬룸입니다.
정성스럽게 올려주신 소중한 후기 감사합니다. 💜

고객님의 목소리로 더 발전하는 슬룸이 되도록 노력하겠습니다.
감사합니다. 🙇‍♀️"
116646,2026-06-28 10:18:42,2026-05-24 17:37:00,2026-05-27 18:44:15,허리용은 조금 불편 목은 자주사용함,,,964,[코어 밸런스 업 세트] 허리편한케어 V2 + 목 마사지 베개 V2,242000,수량선택: 코어 밸런스 업 세트 (허리편한케어 V2 + 목 마사지 베개 V2),기존리뷰,5,,0,0,1,"안녕하세요 고객님, 프리미엄 헬스테크 브랜드, 슬룸입니다.
고객님께 만족스러운 경험을 드리지 못해 대단히 죄송합니다.😥

슬룸의 모든 제품은 인체공학적으로 설계되어 편안한 사용이 가능하나 초기 사용 시 1~2주 이상의 적응 기간이 필요할 수 있습니다. 
다만 수령하신 날짜 기준으로 30일 동안 꾸준히 사용해보시고도 만족하지 못하셨을 경우에는, 슬룸에서 진행하는 <100%환불이벤트> 에 참여하여 왕복배송비 제외 전액 환불이 가능합니다.

※ 제품을 30일간 꾸준히 사용한 경우, 배송완료 후 40일이내 신청이 가능
※ 환불 서비스는 첫 구매 체험을 위한 서비스로 1회만 신청 가능

▶ <100% 환불 이벤트> 상세 환불 조건 : https://sleeplab.co.kr/notice/?page=1#13709226_notice 

슬룸을 믿고 편하게 사용 및 체험해보시고, 그럼에도 만족하시지 못하셨을 경우 슬룸 공식몰의 채널톡을 통해 이벤트 기간 내 문의 주시면 환불 접수 도움드리겠습니다."
116647,2026-06-28 10:32:45,2026-06-24 20:13:00,2026-06-26 16:10:10,다리에 마사지가 짜릿하고 시원합니다 꼭 추천 드려요,,,1007,[뜨랑낄로x슬룸] 구독자 전용 ★초특가★ 비밀링크,84900,수량선택: 발편한케어 L 1개,기존리뷰,5,,1,0,1,"안녕하세요. 프리미엄 헬스테크 브랜드, 슬룸입니다.
진심 어린 소중한 후기 감사합니다. 💜

앞으로도 좋은 상품과 서비스로 고객님들을 찾아뵐 수 있도록 노력하겠습니다.
감사합니다. :)"
116648,2026-06-28 10:39:49,2026-06-23 23:26:50,2026-06-25 18:38:12,"무선이라 편리함.
사용한지 3일째 목이 오히려 더 아픔.
적응기라 생각하고 계속 쓰는중.",,,909,목 마사지 베개 V2 경추 마사지기 베개,112000,수량선택: 목 마사지 베개 V2 2개,기존리뷰,3,,0,0,1,"안녕하세요 고객님, 프리미엄 헬스테크 브랜드, 슬룸입니다.
고객님께 만족스러운 경험을 드리지 못해 대단히 죄송합니다.😥

슬룸의 모든 제품은 인체공학적으로 설계되어 편안한 사용이 가능하나 초기 사용 시 1~2주 이상의 적응 기간이 필요할 수 있습니다. 
다만 수령하신 날짜 기준으로 30일 동안 꾸준히 사용해보시고도 만족하지 못하셨을 경우에는, 슬룸에서 진행하는 <100%환불이벤트> 에 참여하여 왕복배송비 제외 전액 환불이 가능합니다.

※ 제품을 30일간 꾸준히 사용한 경우, 배송완료 후 40일이내 신청이 가능
※ 환불 서비스는 첫 구매 체험을 위한 서비스로 1회만 신청 가능

▶ <100% 환불 이벤트> 상세 환불 조건 : https://sleeplab.co.kr/notice/?page=1#13709226_notice 

슬룸을 믿고 편하게 사용 및 체험해보시고, 그럼에도 만족하시지 못하셨을 경우 슬룸 공식몰의 채널톡을 통해 이벤트 기간 내 문의 주시면 환불 접수 도움드리겠습니다."
116649,2026-06-28 11:00:52,2026-06-24 15:47:35,2026-06-26 13:40:33,엄마 사드렸는데 맛사지 받고 나면 목이 개운하다고 하세요,,,1001,[슬룸] 구독자 전용 ★초특가★ 비밀링크,84900,수량선택: ★SET★ 발편한케어 M 1개 + 목 마사지 베개 V2 1개 + 마그네슘 시너지 크림 100원 + (증정)중형 파우치,기존리뷰,5,,1,0,1,"안녕하세요. 프리미엄 헬스테크 브랜드, 슬룸입니다.
시간 내어 소중한 후기를 작성해 주셔서 감사드립니다. :)

믿고 찾는 쇼핑몰이 되기 위해 더 좋은 상품과 서비스를 준비하겠습니다.
감사합니다. 💜"
116650,2026-06-28 11:52:16,2026-05-30 19:32:00,2026-06-05 12:06:12,"생각보다시원하지않아서 실망했어요
반품하고싶지만",,,909,목 마사지 베개 V2 경추 마사지기 베개,112000,수량선택: 목 마사지 베개 V2 1개,기존리뷰,3,,0,0,1,"안녕하세요 고객님, 프리미엄 헬스테크 브랜드, 슬룸입니다.
고객님께 만족스러운 경험을 드리지 못해 대단히 죄송합니다.😥

슬룸의 모든 제품은 인체공학적으로 설계되어 편안한 사용이 가능하나 초기 사용 시 1~2주 이상의 적응 기간이 필요할 수 있습니다. 
다만 수령하신 날짜 기준으로 30일 동안 꾸준히 사용해보시고도 만족하지 못하셨을 경우에는, 슬룸에서 진행하는 <100%환불이벤트> 에 참여하여 왕복배송비 제외 전액 환불이 가능합니다.

※ 제품을 30일간 꾸준히 사용한 경우, 배송완료 후 40일이내 신청이 가능
※ 환불 서비스는 첫 구매 체험을 위한 서비스로 1회만 신청 가능

▶ <100% 환불 이벤트> 상세 환불 조건 : https://sleeplab.co.kr/notice/?page=1#13709226_notice 

슬룸을 믿고 편하게 사용 및 체험해보시고, 그럼에도 만족하시지 못하셨을 경우 슬룸 공식몰의 채널톡을 통해 이벤트 기간 내 문의 주시면 환불 접수 도움드리겠습니다."
116651,2026-06-28 12:20:17,2026-06-25 23:39:05,2026-06-27 16:12:10,배송도 빠르고 제품도 만족 스럽습니다.,,,1007,[뜨랑낄로x슬룸] 구독자 전용 ★초특가★ 비밀링크,84900,수량선택: ★SET★발편한케어 L 1개 + 목마사지베개V2 1개 + (증정) 중형 파우치 1개,기존리뷰,5,,0,0,1,"안녕하세요. 프리미엄 헬스테크 브랜드, 슬룸입니다.
시간 내어 소중한 후기를 작성해 주셔서 감사드립니다. :)

믿고 찾는 쇼핑몰이 되기 위해 더 좋은 상품과 서비스를 준비하겠습니다.
감사합니다. 💜"
116652,2026-06-28 12:40:55,2026-06-24 12:30:45,2026-06-25 13:40:26,발마사지기용으로 샀는게 사이즈가 커요,,,754,슬룸 전용 파우치,11900,수량선택: 슬룸 보관용 파우치 (중형) 1개 (33*48cm),기존리뷰,5,,0,0,1,"안녕하세요. 프리미엄 헬스테크 브랜드, 슬룸입니다.
정성스럽게 올려주신 소중한 후기 감사합니다. 💜

고객님의 목소리로 더 발전하는 슬룸이 되도록 노력하겠습니다.
감사합니다. 🙇‍♀️"
116653,2026-06-28 12:53:37,2026-06-24 00:43:15,2026-06-25 10:37:03,잘쓰고있습니다 발마사지기.생각보다좋아요 목마사지 베게도 좋습니다,,,1001,[슬룸] 구독자 전용 ★초특가★ 비밀링크,84900,수량선택: ★SET★ 발편한케어 L 1개 + 목 마사지 베개 V2 1개 + 마그네슘 시너지 크림 100원 + (증정)중형 파우치,기존리뷰,5,,0,0,1,"안녕하세요. 프리미엄 헬스테크 브랜드, 슬룸입니다.
시간 내어 소중한 후기를 작성해 주셔서 감사드립니다. :)

믿고 찾는 쇼핑몰이 되기 위해 더 좋은 상품과 서비스를 준비하겠습니다.
감사합니다. 💜"
116654,2026-06-28 19:35:12,2026-06-26 06:24:30,2026-06-27 16:11:10,잘도착 했습니다. 착용이ㅇ불편해요. ㅠㅠ,,,997,[깜짝 타임특가] 넥숄더 힐링케어 목 어깨 마사지기,73000,수량선택: 넥숄더 힐링케어 1개 (쿨링 커버 1개 증정),기존리뷰,3,,1,0,1,"안녕하세요 고객님, 프리미엄 헬스테크 브랜드, 슬룸입니다.
고객님께 만족스러운 경험을 드리지 못해 대단히 죄송합니다.😥

슬룸의 모든 제품은 인체공학적으로 설계되어 편안한 사용이 가능하나 초기 사용 시 1~2주 이상의 적응 기간이 필요할 수 있습니다. 
다만 수령하신 날짜 기준으로 30일 동안 꾸준히 사용해보시고도 만족하지 못하셨을 경우에는, 슬룸에서 진행하는 <100%환불이벤트> 에 참여하여 왕복배송비 제외 전액 환불이 가능합니다.

※ 제품을 30일간 꾸준히 사용한 경우, 배송완료 후 40일이내 신청이 가능
※ 환불 서비스는 첫 구매 체험을 위한 서비스로 1회만 신청 가능

▶ <100% 환불 이벤트> 상세 환불 조건 : https://sleeplab.co.kr/notice/?page=1#13709226_notice 

슬룸을 믿고 편하게 사용 및 체험해보시고, 그럼에도 만족하시지 못하셨을 경우 슬룸 공식몰의 채널톡을 통해 이벤트 기간 내 문의 주시면 환불 접수 도움드리겠습니다."
116655,2026-06-28 19:35:45,2026-06-26 06:24:30,2026-06-27 16:08:41,잘도착 했습니다. 잘쓰겠습니다.,,,872,종아리편한케어 프리미엄 종아리 마사지기,149000,수량선택: 종아리편한케어 1개,기존리뷰,4,,1,0,1,"안녕하세요. 프리미엄 헬스테크 브랜드, 슬룸입니다.
진심 어린 소중한 후기 감사합니다. 💜

앞으로도 좋은 상품과 서비스로 고객님들을 찾아뵐 수 있도록 노력하겠습니다.
감사합니다. :)"
116656,2026-06-28 23:10:24,2026-06-25 09:12:45,2026-06-26 18:37:13,감사합니다 최고에요 잘 쓰겠습니다.,,,909,목 마사지 베개 V2 경추 마사지기 베개,112000,수량선택: 목 마사지 베개 V2 1개,기존리뷰,5,,0,0,1,"안녕하세요. 프리미엄 헬스테크 브랜드, 슬룸입니다.
정성스럽게 올려주신 소중한 후기 감사합니다. 💜

고객님의 목소리로 더 발전하는 슬룸이 되도록 노력하겠습니다.
감사합니다. 🙇‍♀️"
116657,2026-06-29 00:00:48,2026-06-24 08:40:45,2026-06-25 16:15:29,마사지 기능은 없지만 릴렉스하기 좋음,,,1001,[슬룸] 구독자 전용 ★초특가★ 비밀링크,84900,수량선택: ★SET★ 발편한케어 M 1개 + 목 마사지 베개 V2 1개 + 마그네슘 시너지 크림 100원 + (증정)중형 파우치,기존리뷰,4,,1,0,1,"안녕하세요. 프리미엄 헬스테크 브랜드, 슬룸입니다.
진심 어린 소중한 후기 감사합니다. 💜

앞으로도 좋은 상품과 서비스로 고객님들을 찾아뵐 수 있도록 노력하겠습니다.
감사합니다. :)"
116658,2026-06-29 11:19:54,2026-06-19 21:57:37,2026-06-23 16:13:38,발바닥이랑 종아리가 늘 아파 사용해보려고 구매했습니다. EMS가 마사지하듯 자극을 주느 한결 가벼워진 느낌이고 제일 좋았던 것은 부위별로 사용하기가 편하다는 점이었습니다. 좋은제품 계속 내주시길 ㅎ,2ca2c494f393,,875,[프리미엄 하체 케어 세트] 종아리편한케어 + 발편한케어,242000,수량선택: 프리미엄 하체 케어 세트 (종아리편한케어 + 발편한케어 L),모바일(팝업),5,,2,0,1,"안녕하세요. 프리미엄 헬스테크 브랜드, 슬룸입니다.
정성스럽게 올려주신 소중한 후기 감사합니다. 💜

고객님의 목소리로 더 발전하는 슬룸이 되도록 노력하겠습니다.
감사합니다. 🙇‍♀️"
116659,2026-06-29 11:22:00,2026-06-19 21:57:37,2026-06-23 16:13:38,목에 디스크가 있어 어깨가 늘 뻐근했는데 사용해보니 편안하고 누워서 베개로 바로 사용할수 있어 좋았습니다.,2ca2c494f393,,909,목 마사지 베개 V2 경추 마사지기 베개,112000,수량선택: 코어 밸런스 업 세트 (허리편한케어 V2 + 목 마사지 베개 V2),모바일(팝업),5,,1,0,1,"안녕하세요. 프리미엄 헬스테크 브랜드, 슬룸입니다.
진심 어린 소중한 후기 감사합니다. 💜

앞으로도 좋은 상품과 서비스로 고객님들을 찾아뵐 수 있도록 노력하겠습니다.
감사합니다. :)"
116660,2026-06-16 00:00:00,,,승모근 뭉침으로 두통이 오는 타입인데요. 마사지 받으면 그 순간만 풀리고 집에 오면 도로 굳는 사이클이 두 달째 끊겼어요. 근적외선이랑 같이 쓰면 뭔가 다르게 스며드는 느낌이 있어요.,baa705275775,,1003,바디풀고컷 경락 마사지기,99000,,기존리뷰,5,,0,0,1,"안녕하세요. 프리미엄 헬스테크 브랜드, 슬룸입니다.
진심 어린 소중한 후기 감사합니다. 💜

앞으로도 좋은 상품과 서비스로 고객님들을 찾아뵐 수 있도록 노력하겠습니다.
감사합니다. :)"
116661,2026-06-13 00:00:00,,,샵 원장 실력이 날마다 달라서 어떤 날은 너무 시원하고 어떤 날은 돈이 아깝고. 이건 내가 강도 정하고 내가 원하는 부위에 집중하니까 그런 편차가 없어요. 오히려 더 만족스러워요.,540afc83166a,,1003,바디풀고컷 경락 마사지기,99000,,기존리뷰,5,,0,0,1,"안녕하세요. 프리미엄 헬스테크 브랜드, 슬룸입니다.
시간 내어 소중한 후기를 작성해 주셔서 감사드립니다. :)

믿고 찾는 쇼핑몰이 되기 위해 더 좋은 상품과 서비스를 준비하겠습니다.
감사합니다. 💜"
116662,2026-06-21 00:00:00,,,바디 관리를 늘 작심삼일로 끝냈는데 이건 3개월째 이어지고 있어요. 효과가 눈에 보여야 계속하게 된다는 걸 알았어요. 체감되는 변화가 습관을 만들어줘요.,e5f3d4c1ff40,,1003,바디풀고컷 경락 마사지기,99000,,기존리뷰,5,,0,0,1,"안녕하세요. 프리미엄 헬스테크 브랜드, 슬룸입니다.
정성스럽게 올려주신 소중한 후기 감사합니다. 💜

고객님의 목소리로 더 발전하는 슬룸이 되도록 노력하겠습니다.
감사합니다. 🙇‍♀️"
116663,2026-06-20 00:00:00,,,이틀 만에 효과 느껴서 좀 놀랐어요. 이 빠른 피드백이 루틴을 유지하게 해줬어요. 체감되는 변화가 있으면 안 할 이유가 없어요.,fb50fa46f795,,1003,바디풀고컷 경락 마사지기,99000,,기존리뷰,4,,0,0,1,"안녕하세요. 프리미엄 헬스테크 브랜드, 슬룸입니다.
시간 내어 소중한 후기를 작성해 주셔서 감사드립니다. :)

믿고 찾는 쇼핑몰이 되기 위해 더 좋은 상품과 서비스를 준비하겠습니다.
감사합니다. 💜"
116664,2026-06-20 00:00:00,,,"사 놓고 안 쓰는 기기들이 있었는데, 이건 달랐어요. 첫날 쓰고 다음 날 또 쓰고 싶어졌거든요. 그게 지금 두 달 루틴으로 이어졌어요.",8d886c27b068,,1003,바디풀고컷 경락 마사지기,99000,,기존리뷰,5,,0,0,1,"안녕하세요. 프리미엄 헬스테크 브랜드, 슬룸입니다.
진심 어린 소중한 후기 감사합니다. 💜

앞으로도 좋은 상품과 서비스로 고객님들을 찾아뵐 수 있도록 노력하겠습니다.
감사합니다. :)"
116665,2026-06-17 00:00:00,,,반바지 목표로 허벅지 집중 케어 시작했어요. 컷팅모드로 한 달 안팎으로 했더니 자신감이 생겼어요. 목표 하나 있으니까 꾸준히 할 수 있었어요.,05f6b26536e8,,1003,바디풀고컷 경락 마사지기,99000,,기존리뷰,5,,0,0,1,"안녕하세요. 프리미엄 헬스테크 브랜드, 슬룸입니다.
시간 내어 소중한 후기를 작성해 주셔서 감사드립니다. :)

믿고 찾는 쇼핑몰이 되기 위해 더 좋은 상품과 서비스를 준비하겠습니다.
감사합니다. 💜"
116666,2026-06-16 00:00:00,,,"전에는 몸 관리가 돈 있을 때만 가능한 거라 생각했는데, 이거 쓰면서 매일 가능한 일상이 됐어요. 관리에 대한 인식 자체가 바뀐 것 같아요.",2eb0a2ff597f,,1003,바디풀고컷 경락 마사지기,99000,,기존리뷰,5,,0,0,1,"안녕하세요. 프리미엄 헬스테크 브랜드, 슬룸입니다.
정성스럽게 올려주신 소중한 후기 감사합니다. 💜

고객님의 목소리로 더 발전하는 슬룸이 되도록 노력하겠습니다.
감사합니다. 🙇‍♀️"
116667,2026-06-15 00:00:00,,,"다른 EMS 기기들이랑 비교하면, 경락볼이 피부 직접 누르면서 자극 전달되는 구조라 표면에만 머물지 않아요. 이 구조 차이가 체감 차이로 그대로 이어져요.",fab527e4802c,,1003,바디풀고컷 경락 마사지기,99000,,기존리뷰,4,,0,0,1,"안녕하세요. 프리미엄 헬스테크 브랜드, 슬룸입니다.
정성스럽게 올려주신 소중한 후기 감사합니다. 💜

고객님의 목소리로 더 발전하는 슬룸이 되도록 노력하겠습니다.
감사합니다. 🙇‍♀️"
116668,2026-06-26 00:00:00,,,경락 마사지 좋아하는데 인기 샵은 2주 전 예약이라 원할 때 못 받는 게 스트레스였거든요. 이제 원할 때 바로 쓰면 되니까 그 스트레스가 없어졌어요. 퀄리티도 충분히 납득해요.,9811340826b5,,1003,바디풀고컷 경락 마사지기,99000,,기존리뷰,5,,0,0,1,"안녕하세요. 프리미엄 헬스테크 브랜드, 슬룸입니다.
시간 내어 소중한 후기를 작성해 주셔서 감사드립니다. :)

믿고 찾는 쇼핑몰이 되기 위해 더 좋은 상품과 서비스를 준비하겠습니다.
감사합니다. 💜"
116669,2026-06-14 00:00:00,,,여름 전에 급하게 시작했는데 2주에 허벅지 안쪽이 타이트해지고 4주 되니까 확실히 다른 게 보였어요. 더 일찍 시작할 걸 싶어요.,a1feb445d7a5,,1003,바디풀고컷 경락 마사지기,99000,,기존리뷰,5,,0,0,1,"안녕하세요. 프리미엄 헬스테크 브랜드, 슬룸입니다.
정성스럽게 올려주신 소중한 후기 감사합니다. 💜

고객님의 목소리로 더 발전하는 슬룸이 되도록 노력하겠습니다.
감사합니다. 🙇‍♀️"
116670,2026-06-13 00:00:00,,,팔뚝에 4단계로 시작해서 지금 9단계예요. 단계마다 자극 차이가 명확해서 내 몸에 맞는 강도 찾는 재미가 있어요. 15단계까지 있으니까 앞으로도 올릴 여지 있어요.,526e4ca88033,,1003,바디풀고컷 경락 마사지기,99000,,기존리뷰,4,,0,0,1,"안녕하세요. 프리미엄 헬스테크 브랜드, 슬룸입니다.
진심 어린 소중한 후기 감사합니다. 💜

앞으로도 좋은 상품과 서비스로 고객님들을 찾아뵐 수 있도록 노력하겠습니다.
감사합니다. :)"
116671,2026-06-15 00:00:00,,,"복부랑 허벅지에 쓸 때 부위마다 반응이 다른데, 복부는 속근육 수축이고 허벅지는 더 넓은 근육이 반응하는 느낌이에요. 같은 모드인데 부위마다 다르게 체감되는 게 신기해요.",651fe087782f,,1003,바디풀고컷 경락 마사지기,99000,,기존리뷰,5,,0,0,1,"안녕하세요. 프리미엄 헬스테크 브랜드, 슬룸입니다.
시간 내어 소중한 후기를 작성해 주셔서 감사드립니다. :)

믿고 찾는 쇼핑몰이 되기 위해 더 좋은 상품과 서비스를 준비하겠습니다.
감사합니다. 💜"
116672,2026-06-19 00:00:00,,,EMS 패드 써봤는데 피부 표면에만 찌릿한 거 있잖아요. 이건 젤 바르고 경락볼 닿는 순간부터 달라요. 자극이 안으로 들어온다는 느낌이 뭔지 이거 쓰고 처음 알았어요.,ea08e73c09a8,,1003,바디풀고컷 경락 마사지기,99000,,기존리뷰,5,,0,0,1,"안녕하세요. 프리미엄 헬스테크 브랜드, 슬룸입니다.
시간 내어 소중한 후기를 작성해 주셔서 감사드립니다. :)

믿고 찾는 쇼핑몰이 되기 위해 더 좋은 상품과 서비스를 준비하겠습니다.
감사합니다. 💜"
116673,2026-06-20 00:00:00,,,"선생님이라 하루 종일 서서 얘기해요. 퇴근 후 승모근이랑 종아리 연속으로 케어하는데, 근적외선 켜면 따뜻하게 풀리는 느낌이 너무 좋아요. 이거 없으면 컨디션 유지가 힘들 것 같아요.",1a97eb00451a,,1003,바디풀고컷 경락 마사지기,99000,,기존리뷰,5,,0,0,1,"안녕하세요. 프리미엄 헬스테크 브랜드, 슬룸입니다.
진심 어린 소중한 후기 감사합니다. 💜

앞으로도 좋은 상품과 서비스로 고객님들을 찾아뵐 수 있도록 노력하겠습니다.
감사합니다. :)"
116674,2026-06-29 00:00:00,,,무선이라 소파에서도 침대에서도 써요. 장소 안 가리니까 핑계 댈 이유가 없어요. 이게 매일 하게 만드는 이유 중 하나예요.,315b040c710e,,1003,바디풀고컷 경락 마사지기,99000,,기존리뷰,4,,0,0,1,"안녕하세요. 프리미엄 헬스테크 브랜드, 슬룸입니다.
시간 내어 소중한 후기를 작성해 주셔서 감사드립니다. :)

믿고 찾는 쇼핑몰이 되기 위해 더 좋은 상품과 서비스를 준비하겠습니다.
감사합니다. 💜"
116675,2026-06-13 00:00:00,,,"민소매 핫팬츠 목표였는데 두 달 만에 달성했어요. 팔뚝이랑 허벅지 같이 케어했는데, 기기 없었으면 그냥 포기했을 것 같아요.",3859bc0ff9dc,,1003,바디풀고컷 경락 마사지기,99000,,기존리뷰,5,,0,0,1,"안녕하세요. 프리미엄 헬스테크 브랜드, 슬룸입니다.
진심 어린 소중한 후기 감사합니다. 💜

앞으로도 좋은 상품과 서비스로 고객님들을 찾아뵐 수 있도록 노력하겠습니다.
감사합니다. :)"
116676,2026-06-19 00:00:00,,,임신 후기에 다리가 너무 부었는데 붓기모드로 살살 케어했어요. 약한 강도로도 쓸 수 있어서 다행이었어요. 실제로 하지 순환에 도움이 됐어요.,050e21775510,,1003,바디풀고컷 경락 마사지기,99000,,기존리뷰,5,,0,0,1,"안녕하세요. 프리미엄 헬스테크 브랜드, 슬룸입니다.
정성스럽게 올려주신 소중한 후기 감사합니다. 💜

고객님의 목소리로 더 발전하는 슬룸이 되도록 노력하겠습니다.
감사합니다. 🙇‍♀️"
116677,2026-06-26 00:00:00,,,애 재우고 나서의 30분이 내 시간이에요. 육아하면 나를 위한 시간이 없는데 이 루틴이 생기면서 균형이 좀 잡히는 것 같아요.,c417777ce393,,1003,바디풀고컷 경락 마사지기,99000,,기존리뷰,5,,0,0,1,"안녕하세요. 프리미엄 헬스테크 브랜드, 슬룸입니다.
시간 내어 소중한 후기를 작성해 주셔서 감사드립니다. :)

믿고 찾는 쇼핑몰이 되기 위해 더 좋은 상품과 서비스를 준비하겠습니다.
감사합니다. 💜"
116678,2026-06-20 00:00:00,,,"괄사 기기 두 개 서랍에 잠들어 있어요. 이거도 그럴까봐 겁먹고 샀는데, 켜는 순간 달랐어요. EMS가 들어오면서 그냥 굴리는 거랑 완전히 다른 느낌이 오거든요. 이건 서랍 안 가요.",eb968add4555,,1003,바디풀고컷 경락 마사지기,99000,,기존리뷰,4,,0,0,1,"안녕하세요. 프리미엄 헬스테크 브랜드, 슬룸입니다.
진심 어린 소중한 후기 감사합니다. 💜

앞으로도 좋은 상품과 서비스로 고객님들을 찾아뵐 수 있도록 노력하겠습니다.
감사합니다. :)"
116679,2026-06-27 00:00:00,,,"자기 전에 종아리 쓰고 나서 수면 중에 쥐 나는 빈도가 줄었어요. 갑자기 쥐 나서 깨는 게 너무 힘들었는데, 이거 쓰고 나서 그 횟수가 확실히 줄었어요.",20384bd957ef,,1003,바디풀고컷 경락 마사지기,99000,,기존리뷰,5,,0,0,1,"안녕하세요. 프리미엄 헬스테크 브랜드, 슬룸입니다.
진심 어린 소중한 후기 감사합니다. 💜

앞으로도 좋은 상품과 서비스로 고객님들을 찾아뵐 수 있도록 노력하겠습니다.
감사합니다. :)"
116680,2026-06-21 00:00:00,,,팔뚝 때문에 반팔 원피스 늘 고민이었는데 3주 쓰고 사진 찍어보니 팔 라인이 달라 보였어요. 살 빠진 게 아니라 탄력이 생긴 건데 그게 시각적으로 이렇게 달라지는지 몰랐어요.,15073310d468,,1003,바디풀고컷 경락 마사지기,99000,,기존리뷰,5,,0,0,1,"안녕하세요. 프리미엄 헬스테크 브랜드, 슬룸입니다.
시간 내어 소중한 후기를 작성해 주셔서 감사드립니다. :)

믿고 찾는 쇼핑몰이 되기 위해 더 좋은 상품과 서비스를 준비하겠습니다.
감사합니다. 💜"
116681,2026-06-13 00:00:00,,,"수영복 입고 태닝하는 게 버킷리스트였는데 복부 탄력 없어서 포기하고 있다가, 두 달 케어 후에 드디어 했어요. 완벽하진 않아도 예전보다 자신 있었어요.",6c680586f66b,,1003,바디풀고컷 경락 마사지기,99000,,기존리뷰,4,,0,0,1,"안녕하세요. 프리미엄 헬스테크 브랜드, 슬룸입니다.
진심 어린 소중한 후기 감사합니다. 💜

앞으로도 좋은 상품과 서비스로 고객님들을 찾아뵐 수 있도록 노력하겠습니다.
감사합니다. :)"
116682,2026-06-18 00:00:00,,,저녁 붓기가 심해서 신발 살 때 저녁에 사러 가야 할 정도였는데요. 이거 쓰기 시작하고 아침이랑 저녁 발 크기가 비슷해졌어요. 붓기가 이렇게 잡힐 줄 몰랐어요.,3b9a85f8bd16,,1003,바디풀고컷 경락 마사지기,99000,,기존리뷰,5,,0,0,1,"안녕하세요. 프리미엄 헬스테크 브랜드, 슬룸입니다.
진심 어린 소중한 후기 감사합니다. 💜

앞으로도 좋은 상품과 서비스로 고객님들을 찾아뵐 수 있도록 노력하겠습니다.
감사합니다. :)"
116683,2026-06-26 00:00:00,,,"야근이 많은데 자기 전에 쓰는 게 유일한 나만의 시간이에요. 소파에서 TV 보면서 할 수 있으니까 지쳐도 꾸준히 되고, 자고 일어나면 다리가 확실히 가벼워요.",370731da142b,,1003,바디풀고컷 경락 마사지기,99000,,기존리뷰,5,,0,0,1,"안녕하세요. 프리미엄 헬스테크 브랜드, 슬룸입니다.
정성스럽게 올려주신 소중한 후기 감사합니다. 💜

고객님의 목소리로 더 발전하는 슬룸이 되도록 노력하겠습니다.
감사합니다. 🙇‍♀️"
116684,2026-06-23 00:00:00,,,"부종이 심해서 아침 저녁 체중 차이가 2.5kg이었는데, 꾸준히 쓰고 나서 1kg 이하로 줄었어요. 체중계 숫자가 안정되니까 다이어트 관리도 수월해졌어요.",a54522e7e7b1,,1003,바디풀고컷 경락 마사지기,99000,,기존리뷰,5,,0,0,1,"안녕하세요. 프리미엄 헬스테크 브랜드, 슬룸입니다.
진심 어린 소중한 후기 감사합니다. 💜

앞으로도 좋은 상품과 서비스로 고객님들을 찾아뵐 수 있도록 노력하겠습니다.
감사합니다. :)"
116685,2026-06-21 00:00:00,,,책상 앞에 하루 종일 앉아 있으면 저녁에 허벅지가 땅겨요. 집 오자마자 켜고 종아리랑 풀면 그 불쾌함이 사라져요. 퇴근 후 루틴이 생기니까 집에 오는 게 좀 기다려져요.,2c8692a2d8cb,,1003,바디풀고컷 경락 마사지기,99000,,기존리뷰,4,,0,0,1,"안녕하세요. 프리미엄 헬스테크 브랜드, 슬룸입니다.
진심 어린 소중한 후기 감사합니다. 💜

앞으로도 좋은 상품과 서비스로 고객님들을 찾아뵐 수 있도록 노력하겠습니다.
감사합니다. :)"
116686,2026-06-17 00:00:00,,,"크롭티 좋아하는데 복부 때문에 늘 눈치 봤는데, M2 꾸준히 쓰고 나서 뱃살이 줄었다기보다 피부가 탱탱해진 게 느껴져요. 크롭티 입고 나가는 게 훨씬 편해졌어요.",1fe523c5e1ec,,1003,바디풀고컷 경락 마사지기,99000,,기존리뷰,5,,0,0,1,"안녕하세요. 프리미엄 헬스테크 브랜드, 슬룸입니다.
시간 내어 소중한 후기를 작성해 주셔서 감사드립니다. :)

믿고 찾는 쇼핑몰이 되기 위해 더 좋은 상품과 서비스를 준비하겠습니다.
감사합니다. 💜"
116687,2026-06-19 00:00:00,,,롤링만 되는 괄사 기기랑 EMS+고주파까지 들어오는 이거랑 비교 자체가 의미 없어요. 카테고리가 달라요. 가격은 비슷한데 하는 게 훨씬 많아서 괄사 기기는 중고로 팔았어요.,68a2ab2c2d44,,1003,바디풀고컷 경락 마사지기,99000,,기존리뷰,5,,0,0,1,"안녕하세요. 프리미엄 헬스테크 브랜드, 슬룸입니다.
정성스럽게 올려주신 소중한 후기 감사합니다. 💜

고객님의 목소리로 더 발전하는 슬룸이 되도록 노력하겠습니다.
감사합니다. 🙇‍♀️"
116688,2026-06-23 00:00:00,,,생일 선물로 받았는데 올해 받은 선물 중 단연 1위예요. 에스테틱 비용 줄면서 효과는 더 좋아지고 있으니 선물해준 친구한테 진심으로 감사해요.,9a0ae8e2837c,,1003,바디풀고컷 경락 마사지기,99000,,기존리뷰,5,,0,0,1,"안녕하세요. 프리미엄 헬스테크 브랜드, 슬룸입니다.
시간 내어 소중한 후기를 작성해 주셔서 감사드립니다. :)

믿고 찾는 쇼핑몰이 되기 위해 더 좋은 상품과 서비스를 준비하겠습니다.
감사합니다. 💜"
116689,2026-06-16 00:00:00,,,주 4~5회로 정착했어요. 빡빡하지 않게 이 페이스 유지하니까 한 달 두 달 쌓이면서 몸이 달라지고 있어요.,60bfb04b351c,,1003,바디풀고컷 경락 마사지기,99000,,기존리뷰,4,,0,0,1,"안녕하세요. 프리미엄 헬스테크 브랜드, 슬룸입니다.
정성스럽게 올려주신 소중한 후기 감사합니다. 💜

고객님의 목소리로 더 발전하는 슬룸이 되도록 노력하겠습니다.
감사합니다. 🙇‍♀️"
116690,2026-06-15 00:00:00,,,"저녁에 신발 벗으면 양말 자국이 깊게 패는 게 일상이었는데, 이거 쓰기 시작하고 많이 옅어졌어요. 작은 변화지만 일상 붓기가 관리된다는 신호라 기분 좋아요.",82017dd345f0,,1003,바디풀고컷 경락 마사지기,99000,,기존리뷰,5,,0,0,1,"안녕하세요. 프리미엄 헬스테크 브랜드, 슬룸입니다.
진심 어린 소중한 후기 감사합니다. 💜

앞으로도 좋은 상품과 서비스로 고객님들을 찾아뵐 수 있도록 노력하겠습니다.
감사합니다. :)"
116691,2026-06-25 00:00:00,,,샵 비용 아끼면서 루틴으로 대체했는데 몸 상태가 오히려 더 좋아졌어요. 비용 줄고 시간 줄고 효과는 늘었어요. 홈케어 기기의 이상적인 역할이 이런 거 아닌가 싶어요.,5b7306ab06a7,,1003,바디풀고컷 경락 마사지기,99000,,기존리뷰,5,,0,0,1,"안녕하세요. 프리미엄 헬스테크 브랜드, 슬룸입니다.
시간 내어 소중한 후기를 작성해 주셔서 감사드립니다. :)

믿고 찾는 쇼핑몰이 되기 위해 더 좋은 상품과 서비스를 준비하겠습니다.
감사합니다. 💜"
116692,2026-06-16 00:00:00,,,택배 일인데 계단 오르내리고 무거운 거 나르니까 무릎 아래가 항상 힘들어요. 퇴근 후 쓰면 다음 날 덜 힘들어요. 오래 일하려면 몸 관리가 필수인데 이게 실질적으로 도움이 돼요.,729143b5b5f4,,1003,바디풀고컷 경락 마사지기,99000,,기존리뷰,4,,0,0,1,"안녕하세요. 프리미엄 헬스테크 브랜드, 슬룸입니다.
정성스럽게 올려주신 소중한 후기 감사합니다. 💜

고객님의 목소리로 더 발전하는 슬룸이 되도록 노력하겠습니다.
감사합니다. 🙇‍♀️"
116693,2026-06-24 00:00:00,,,하이힐 자주 신는 직업이라 종아리가 늘 뭉쳐 있어요. M1으로 풀고 M3으로 라인 잡으면 다음 날 출근할 때 발이 달라요. 하이힐 신는 게 이전보다 덜 힘들어졌어요.,b593c66cf9df,,1003,바디풀고컷 경락 마사지기,99000,,기존리뷰,5,,0,0,1,"안녕하세요. 프리미엄 헬스테크 브랜드, 슬룸입니다.
시간 내어 소중한 후기를 작성해 주셔서 감사드립니다. :)

믿고 찾는 쇼핑몰이 되기 위해 더 좋은 상품과 서비스를 준비하겠습니다.
감사합니다. 💜"
116694,2026-06-24 00:00:00,,,"교대근무라 불규칙한데, 몸이 제일 먼저 다리로 표현해요. 교대 끝나고 와서 켜는 게 몸 리셋 신호가 됐어요. 이거 쓰고 나면 다음 근무 버틸 수 있는 상태가 돼요.",440f26093233,,1003,바디풀고컷 경락 마사지기,99000,,기존리뷰,5,,0,0,1,"안녕하세요. 프리미엄 헬스테크 브랜드, 슬룸입니다.
정성스럽게 올려주신 소중한 후기 감사합니다. 💜

고객님의 목소리로 더 발전하는 슬룸이 되도록 노력하겠습니다.
감사합니다. 🙇‍♀️"
116695,2026-06-21 00:00:00,,,셀룰라이트 집중 케어 패키지 30만원짜리 고민하다가 이거 먼저 써봤는데 3주 만에 허벅지 피부 결이 달라진 게 느껴졌어요. 그 30만원짜리 안 끊길 잘한 것 같아요.,1529e068c749,,1003,바디풀고컷 경락 마사지기,99000,,기존리뷰,5,,0,0,1,"안녕하세요. 프리미엄 헬스테크 브랜드, 슬룸입니다.
시간 내어 소중한 후기를 작성해 주셔서 감사드립니다. :)

믿고 찾는 쇼핑몰이 되기 위해 더 좋은 상품과 서비스를 준비하겠습니다.
감사합니다. 💜"
116696,2026-06-14 00:00:00,,,한 달도 안 됐는데 주변에서 먼저 달라 보인다고 했어요. 그 말이 제일 동기부여가 됐어요. 이제 여름 관리는 이걸로 고정이에요.,92bab3c714a0,,1003,바디풀고컷 경락 마사지기,99000,,기존리뷰,4,,0,0,1,"안녕하세요. 프리미엄 헬스테크 브랜드, 슬룸입니다.
시간 내어 소중한 후기를 작성해 주셔서 감사드립니다. :)

믿고 찾는 쇼핑몰이 되기 위해 더 좋은 상품과 서비스를 준비하겠습니다.
감사합니다. 💜"
116697,2026-06-27 00:00:00,,,"옷장에 걸어두고 못 입던 숏 원피스가 있었는데, 팔뚝 때문에. 한 달 케어 후에 꺼내 입었어요. 그날 기분 진짜 좋았어요.",e8247f3ddfd5,,1003,바디풀고컷 경락 마사지기,99000,,기존리뷰,5,,0,0,1,"안녕하세요. 프리미엄 헬스테크 브랜드, 슬룸입니다.
시간 내어 소중한 후기를 작성해 주셔서 감사드립니다. :)

믿고 찾는 쇼핑몰이 되기 위해 더 좋은 상품과 서비스를 준비하겠습니다.
감사합니다. 💜"
116698,2026-06-16 00:00:00,,,회사 동료 세 명이 몸 달라 보인다고 뭐 했냐고 물어봐서 이거 소개해줬더니 셋 다 샀어요. 다들 에스테틱 끊겠다고 하더라고요.,3378cd417b47,,1003,바디풀고컷 경락 마사지기,99000,,기존리뷰,5,,0,0,1,"안녕하세요. 프리미엄 헬스테크 브랜드, 슬룸입니다.
시간 내어 소중한 후기를 작성해 주셔서 감사드립니다. :)

믿고 찾는 쇼핑몰이 되기 위해 더 좋은 상품과 서비스를 준비하겠습니다.
감사합니다. 💜"
116699,2026-06-25 00:00:00,,,종아리 붓기랑 굵기 둘 다 고민이었는데 붓기모드랑 컷팅모드 번갈아 쓰니까 두 가지가 같이 나아지는 느낌이에요. 이번 여름 반바지 입을 때 훨씬 편했어요.,8458a9b63293,,1003,바디풀고컷 경락 마사지기,99000,,기존리뷰,5,,0,0,1,"안녕하세요. 프리미엄 헬스테크 브랜드, 슬룸입니다.
정성스럽게 올려주신 소중한 후기 감사합니다. 💜

고객님의 목소리로 더 발전하는 슬룸이 되도록 노력하겠습니다.
감사합니다. 🙇‍♀️"
116700,2026-06-15 00:00:00,,,허벅지 안쪽이 걸을 때 닿는 불편함이 있었는데 탄력 생기면서 많이 줄었어요. 외형보다 이 불편함이 줄어든 게 더 체감이 컸어요.,6fd78c3a2b20,,1003,바디풀고컷 경락 마사지기,99000,,기존리뷰,4,,0,0,1,"안녕하세요. 프리미엄 헬스테크 브랜드, 슬룸입니다.
시간 내어 소중한 후기를 작성해 주셔서 감사드립니다. :)

믿고 찾는 쇼핑몰이 되기 위해 더 좋은 상품과 서비스를 준비하겠습니다.
감사합니다. 💜"
116701,2026-06-22 00:00:00,,,운동 열심히 하는데 팔뚝만 안 빠지는 게 있잖아요. 이거 병행하고 나서 그 고집스러운 살이 조금씩 잡혀요. 운동으로 안 되던 게 달라지는 게 신기해요.,be845ab093d5,,1003,바디풀고컷 경락 마사지기,99000,,기존리뷰,5,,0,0,1,"안녕하세요. 프리미엄 헬스테크 브랜드, 슬룸입니다.
시간 내어 소중한 후기를 작성해 주셔서 감사드립니다. :)

믿고 찾는 쇼핑몰이 되기 위해 더 좋은 상품과 서비스를 준비하겠습니다.
감사합니다. 💜"
116702,2026-06-24 00:00:00,,,젤 충분히 바르는 게 진짜 중요해요. 처음에 조금 발랐더니 자극이 약해서 불량인 줄 알았어요. 넉넉하게 바르고 나니까 완전히 달라졌어요. 사용법이 괜히 있는 게 아니에요.,3623d77451cd,,1003,바디풀고컷 경락 마사지기,99000,,기존리뷰,5,,0,0,1,"안녕하세요. 프리미엄 헬스테크 브랜드, 슬룸입니다.
정성스럽게 올려주신 소중한 후기 감사합니다. 💜

고객님의 목소리로 더 발전하는 슬룸이 되도록 노력하겠습니다.
감사합니다. 🙇‍♀️"
116703,2026-06-19 00:00:00,,,단계를 천천히 올리는 게 포인트예요. 처음에 5단계가 세다 했는데 지금은 11단계가 딱 맞아요. 몸이 적응해가면서 올릴 수 있는 게 재미있어요.,4d302ace0d8a,,1003,바디풀고컷 경락 마사지기,99000,,기존리뷰,4,,0,0,1,"안녕하세요. 프리미엄 헬스테크 브랜드, 슬룸입니다.
정성스럽게 올려주신 소중한 후기 감사합니다. 💜

고객님의 목소리로 더 발전하는 슬룸이 되도록 노력하겠습니다.
감사합니다. 🙇‍♀️"
116704,2026-06-15 00:00:00,,,옆구리 살이 항상 콤플렉스였는데 컷팅모드 집중하고 나서 청바지 입었을 때 허리 라인 나아 보인다는 말 들었어요. 그 말 듣고 기분 진짜 좋았어요.,7cd4fefb019a,,1003,바디풀고컷 경락 마사지기,99000,,기존리뷰,5,,0,0,1,"안녕하세요. 프리미엄 헬스테크 브랜드, 슬룸입니다.
진심 어린 소중한 후기 감사합니다. 💜

앞으로도 좋은 상품과 서비스로 고객님들을 찾아뵐 수 있도록 노력하겠습니다.
감사합니다. :)"
116705,2026-06-14 00:00:00,,,셀룰라이트 완전히 없애는 건 어렵더라도 줄이는 건 됐어요. 한 달 반 집중하니까 눈에 띄게 줄었어요. 좋아지고 있다는 게 느껴지면 계속하게 되는 것 같아요.,e687e5fd0a29,,1003,바디풀고컷 경락 마사지기,99000,,기존리뷰,5,,0,0,1,"안녕하세요. 프리미엄 헬스테크 브랜드, 슬룸입니다.
진심 어린 소중한 후기 감사합니다. 💜

앞으로도 좋은 상품과 서비스로 고객님들을 찾아뵐 수 있도록 노력하겠습니다.
감사합니다. :)"
116706,2026-06-20 00:00:00,,,"M2 켰더니 두드리는 진동이랑 전기 자극이 동시에 오는데, 이런 복합 자극은 처음이라 잠깐 당황했어요. 아 이래서 경락을 기기로 구현했다고 하는 건가 싶었어요.",7c1b237a99af,,1003,바디풀고컷 경락 마사지기,99000,,기존리뷰,5,,0,0,1,"안녕하세요. 프리미엄 헬스테크 브랜드, 슬룸입니다.
시간 내어 소중한 후기를 작성해 주셔서 감사드립니다. :)

믿고 찾는 쇼핑몰이 되기 위해 더 좋은 상품과 서비스를 준비하겠습니다.
감사합니다. 💜"
116707,2026-06-22 00:00:00,,,손발이 늘 차가운 편인데 이거 쓰면 혈액 도는 느낌이 와요. 종아리 쓸 때 따뜻해지면서 혈색이 좋아지는 게 눈에 보여서 신기해요.,5a0120e34665,,1003,바디풀고컷 경락 마사지기,99000,,기존리뷰,4,,0,0,1,"안녕하세요. 프리미엄 헬스테크 브랜드, 슬룸입니다.
시간 내어 소중한 후기를 작성해 주셔서 감사드립니다. :)

믿고 찾는 쇼핑몰이 되기 위해 더 좋은 상품과 서비스를 준비하겠습니다.
감사합니다. 💜"
116708,2026-06-15 00:00:00,,,"유튜브 리뷰 보고 과장 아닐까 싶었는데, 복부가 빠르게 반응해서 좀 놀랐어요. 에스테틱 복부 코스랑 비교해도 이게 더 낫고 돈도 훨씬 적게 들어요.",c80b02c9fe64,,1003,바디풀고컷 경락 마사지기,99000,,기존리뷰,5,,0,0,1,"안녕하세요. 프리미엄 헬스테크 브랜드, 슬룸입니다.
시간 내어 소중한 후기를 작성해 주셔서 감사드립니다. :)

믿고 찾는 쇼핑몰이 되기 위해 더 좋은 상품과 서비스를 준비하겠습니다.
감사합니다. 💜"
116709,2026-06-20 00:00:00,,,여름에도 카디건 챙겼는데 올해 처음으로 안 챙기고 나갔어요. 팔이 탄탄해지니까 날씬해 보이는 효과가 생겨요. 이 차이가 이렇게 클 줄 몰랐어요.,d56b0f3472f3,,1003,바디풀고컷 경락 마사지기,99000,,기존리뷰,5,,0,0,1,"안녕하세요. 프리미엄 헬스테크 브랜드, 슬룸입니다.
시간 내어 소중한 후기를 작성해 주셔서 감사드립니다. :)

믿고 찾는 쇼핑몰이 되기 위해 더 좋은 상품과 서비스를 준비하겠습니다.
감사합니다. 💜"
116710,2026-06-16 00:00:00,,,팔뚝 탄력 생기고 민소매가 예뻐 보이기 시작했어요. 같은 옷인데 이렇게 달라 보이는지 몰랐어요. 새 옷 산 것도 아닌데 작년 여름이랑 확 달라진 느낌이에요.,3a8099469ba1,,1003,바디풀고컷 경락 마사지기,99000,,기존리뷰,5,,0,0,1,"안녕하세요. 프리미엄 헬스테크 브랜드, 슬룸입니다.
정성스럽게 올려주신 소중한 후기 감사합니다. 💜

고객님의 목소리로 더 발전하는 슬룸이 되도록 노력하겠습니다.
감사합니다. 🙇‍♀️"
116711,2026-06-25 00:00:00,,,"괄사 샵에서 멍이 너무 심하게 들어서 그만뒀는데, 이건 강도를 내가 정하니까 멍 없이 시원한 느낌만 남아요. 7단계가 제 적정선이고 매일 그 강도로 쓰고 있어요.",ccb4da24c099,,1003,바디풀고컷 경락 마사지기,99000,,기존리뷰,4,,0,0,1,"안녕하세요. 프리미엄 헬스테크 브랜드, 슬룸입니다.
시간 내어 소중한 후기를 작성해 주셔서 감사드립니다. :)

믿고 찾는 쇼핑몰이 되기 위해 더 좋은 상품과 서비스를 준비하겠습니다.
감사합니다. 💜"
116712,2026-06-21 00:00:00,,,"박스 뜯고 한 달 방치했다가 꺼냈는데, 허벅지 라인이 2주 만에 달라지는 게 느껴졌어요. 에스테틱 다닐 때는 이런 느낌 못 봤거든요. 방치 기간이 너무 아까워요.",0b65a0b5a932,,1003,바디풀고컷 경락 마사지기,99000,,기존리뷰,5,,0,0,1,"안녕하세요. 프리미엄 헬스테크 브랜드, 슬룸입니다.
진심 어린 소중한 후기 감사합니다. 💜

앞으로도 좋은 상품과 서비스로 고객님들을 찾아뵐 수 있도록 노력하겠습니다.
감사합니다. :)"
116713,2026-06-27 00:00:00,,,운동 후 종아리에 쓰면 다음 날 뻐근함이 확 줄어들어요. 피로 회복이 빠른 것 같아요. 운동 전후 루틴으로 쓰는 게 제일 효율적인 것 같아요.,456e30b8eca1,,1003,바디풀고컷 경락 마사지기,99000,,기존리뷰,5,,0,0,1,"안녕하세요. 프리미엄 헬스테크 브랜드, 슬룸입니다.
시간 내어 소중한 후기를 작성해 주셔서 감사드립니다. :)

믿고 찾는 쇼핑몰이 되기 위해 더 좋은 상품과 서비스를 준비하겠습니다.
감사합니다. 💜"
116714,2026-06-24 00:00:00,,,"종아리가 알 배기는 타입이라 스커트 늘 눈치 봤는데, 붓기모드로 꾸준히 하고 나서 가늘어 보여요. 예쁜 스커트 꺼내 입었어요. 이 날이 올 줄 몰랐어요.",983a0add20bb,,1003,바디풀고컷 경락 마사지기,99000,,기존리뷰,4,,0,0,1,"안녕하세요. 프리미엄 헬스테크 브랜드, 슬룸입니다.
시간 내어 소중한 후기를 작성해 주셔서 감사드립니다. :)

믿고 찾는 쇼핑몰이 되기 위해 더 좋은 상품과 서비스를 준비하겠습니다.
감사합니다. 💜"
116715,2026-06-18 00:00:00,,,강도 높이다가 깜짝 놀라서 바로 낮춘 적 있어요. 그게 제대로 된 EMS라는 증거 아닌가요. 아무리 올려도 그저 그런 기기들이랑은 달라요.,7d0c1a104e3e,,1003,바디풀고컷 경락 마사지기,99000,,기존리뷰,5,,0,0,1,"안녕하세요. 프리미엄 헬스테크 브랜드, 슬룸입니다.
정성스럽게 올려주신 소중한 후기 감사합니다. 💜

고객님의 목소리로 더 발전하는 슬룸이 되도록 노력하겠습니다.
감사합니다. 🙇‍♀️"
116716,2026-06-24 00:00:00,,,간호사인데요. 12시간 서 있으면 퇴근할 때 발이 소시지 상태예요. 이거 30분이면 거짓말처럼 정상으로 돌아와요. 이 직업에 이건 필수품이에요.,eec1761976b2,,1003,바디풀고컷 경락 마사지기,99000,,기존리뷰,5,,0,0,1,"안녕하세요. 프리미엄 헬스테크 브랜드, 슬룸입니다.
진심 어린 소중한 후기 감사합니다. 💜

앞으로도 좋은 상품과 서비스로 고객님들을 찾아뵐 수 있도록 노력하겠습니다.
감사합니다. :)"
116717,2026-06-24 00:00:00,,,출산 후 뱃살이 늘어진 상태였는데 꾸준히 하니까 피부가 조금씩 올라오고 있어요. 완전 회복까지는 시간이 걸리겠지만 방향이 맞다는 게 느껴져서 포기 안 하고 계속하고 있어요.,b9da5701c5b2,,1003,바디풀고컷 경락 마사지기,99000,,기존리뷰,5,,0,0,1,"안녕하세요. 프리미엄 헬스테크 브랜드, 슬룸입니다.
정성스럽게 올려주신 소중한 후기 감사합니다. 💜

고객님의 목소리로 더 발전하는 슬룸이 되도록 노력하겠습니다.
감사합니다. 🙇‍♀️"
116718,2026-06-19 00:00:00,,,"하루에 이만 보 이상 걷는 날이 많은데, 그날 저녁엔 이거 없으면 못 버텨요. 발부터 허벅지까지 한 기기로 다 되니까 시간도 안 걸려요.",d2d03d83669c,,1003,바디풀고컷 경락 마사지기,99000,,기존리뷰,4,,0,0,1,"안녕하세요. 프리미엄 헬스테크 브랜드, 슬룸입니다.
정성스럽게 올려주신 소중한 후기 감사합니다. 💜

고객님의 목소리로 더 발전하는 슬룸이 되도록 노력하겠습니다.
감사합니다. 🙇‍♀️"
116719,2026-06-21 00:00:00,,,"민소매 입으면 겨드랑이 옆 살이 나오는 게 싫었는데, 부유방 부위 집중 케어하고 나서 라인이 정리됐어요. 이것만으로도 산 값 했어요.",22fcadc00886,,1003,바디풀고컷 경락 마사지기,99000,,기존리뷰,5,,0,0,1,"안녕하세요. 프리미엄 헬스테크 브랜드, 슬룸입니다.
시간 내어 소중한 후기를 작성해 주셔서 감사드립니다. :)

믿고 찾는 쇼핑몰이 되기 위해 더 좋은 상품과 서비스를 준비하겠습니다.
감사합니다. 💜"
116720,2026-06-15 00:00:00,,,림프 드레니지를 9만원짜리로 다니다가 이걸로 넘어왔어요. 붓기모드 쓰면 림프 도는 느낌이 확실히 와요. 그 샵 다닐 때보다 붓기 관리가 더 잘 되고 있어요.,cf958f6fbdc4,,1003,바디풀고컷 경락 마사지기,99000,,기존리뷰,5,,0,0,1,"안녕하세요. 프리미엄 헬스테크 브랜드, 슬룸입니다.
진심 어린 소중한 후기 감사합니다. 💜

앞으로도 좋은 상품과 서비스로 고객님들을 찾아뵐 수 있도록 노력하겠습니다.
감사합니다. :)"
116721,2026-06-18 00:00:00,,,"팔, 복부, 허벅지, 종아리 이거 하나로 다 돼요. 30분이면 전신 케어 끝이에요. 부위별 기기 따로 살 필요가 없어요.",5bcd9164faf8,,1003,바디풀고컷 경락 마사지기,99000,,기존리뷰,5,,0,0,1,"안녕하세요. 프리미엄 헬스테크 브랜드, 슬룸입니다.
진심 어린 소중한 후기 감사합니다. 💜

앞으로도 좋은 상품과 서비스로 고객님들을 찾아뵐 수 있도록 노력하겠습니다.
감사합니다. :)"
116722,2026-06-20 00:00:00,,,아이 둘이라 샵 예약 자체가 이벤트예요. 이거 생기고 나서 애 재우고 내 시간에 쓰면 되니까 처음으로 몸 관리가 일상이 됐어요. 이게 제일 큰 변화인 것 같아요.,dc051dae9a5a,,1003,바디풀고컷 경락 마사지기,99000,,기존리뷰,4,,0,0,1,"안녕하세요. 프리미엄 헬스테크 브랜드, 슬룸입니다.
시간 내어 소중한 후기를 작성해 주셔서 감사드립니다. :)

믿고 찾는 쇼핑몰이 되기 위해 더 좋은 상품과 서비스를 준비하겠습니다.
감사합니다. 💜"
116723,2026-06-18 00:00:00,,,M1으로 붓기 빼고 M3으로 라인 잡으면 샵 두 코스 효과예요. 근데 집에서. 두 달 동안 샵 한 번도 안 갔는데 몸이 더 나아졌어요. 이게 말이 되는 건지 싶은데 실제로 그래요.,947d63f2a0b5,,1003,바디풀고컷 경락 마사지기,99000,,기존리뷰,5,,0,0,1,"안녕하세요. 프리미엄 헬스테크 브랜드, 슬룸입니다.
정성스럽게 올려주신 소중한 후기 감사합니다. 💜

고객님의 목소리로 더 발전하는 슬룸이 되도록 노력하겠습니다.
감사합니다. 🙇‍♀️"
116724,2026-06-27 00:00:00,,,회사 가기 전 아침 10분 루틴으로 쓰고 있어요. 짧게 부위별로 돌아가면서 하는데 이게 쌓이면 효과 있어요. 매일 조금씩이 가끔 길게 하는 것보다 나은 것 같아요.,6137303ff3ce,,1003,바디풀고컷 경락 마사지기,99000,,기존리뷰,5,,0,0,1,"안녕하세요. 프리미엄 헬스테크 브랜드, 슬룸입니다.
진심 어린 소중한 후기 감사합니다. 💜

앞으로도 좋은 상품과 서비스로 고객님들을 찾아뵐 수 있도록 노력하겠습니다.
감사합니다. :)"
116725,2026-06-25 00:00:00,,,운동하는 남동생이 EMS 퀄리티 생각보다 높다고 하더라고요. 여성 기기인 줄 알았는데 남자도 잘 맞고 운동 보조로도 충분하다고 했어요.,16e08ae403d3,,1003,바디풀고컷 경락 마사지기,99000,,기존리뷰,4,,0,0,1,"안녕하세요. 프리미엄 헬스테크 브랜드, 슬룸입니다.
진심 어린 소중한 후기 감사합니다. 💜

앞으로도 좋은 상품과 서비스로 고객님들을 찾아뵐 수 있도록 노력하겠습니다.
감사합니다. :)"
116726,2026-06-21 00:00:00,,,복부에 쓸 때 속이 움찔거리는 게 플랭크 버티는 것이랑 비슷한 느낌이에요. 코어 반응이 느껴지거든요. 운동 못 한 날 이거라도 쓰면 조금 덜 미안해요.,ec8f7c339514,,1003,바디풀고컷 경락 마사지기,99000,,기존리뷰,5,,0,0,1,"안녕하세요. 프리미엄 헬스테크 브랜드, 슬룸입니다.
진심 어린 소중한 후기 감사합니다. 💜

앞으로도 좋은 상품과 서비스로 고객님들을 찾아뵐 수 있도록 노력하겠습니다.
감사합니다. :)"
116727,2026-06-20 00:00:00,,,쓰고 나서 젤 닦고 충전에 꽂으면 끝이에요. 관리가 복잡하면 점점 안 꺼내게 되는데 이건 그런 귀찮음이 없어요. 이 단순함이 오래 쓰게 만드는 이유 같아요.,0a1f64352cbb,,1003,바디풀고컷 경락 마사지기,99000,,기존리뷰,5,,0,0,1,"안녕하세요. 프리미엄 헬스테크 브랜드, 슬룸입니다.
시간 내어 소중한 후기를 작성해 주셔서 감사드립니다. :)

믿고 찾는 쇼핑몰이 되기 위해 더 좋은 상품과 서비스를 준비하겠습니다.
감사합니다. 💜"
116728,2026-06-23 00:00:00,,,재택근무가 오히려 더 안 움직이니까 붓기가 심해요. 오후 되면 발목이 뻑뻑하고 양말 벗기 찝찝해지거든요. 업무 끝나고 이거 쓰면 리셋되는 느낌이에요.,32814871c77c,,1003,바디풀고컷 경락 마사지기,99000,,기존리뷰,5,,0,0,1,"안녕하세요. 프리미엄 헬스테크 브랜드, 슬룸입니다.
시간 내어 소중한 후기를 작성해 주셔서 감사드립니다. :)

믿고 찾는 쇼핑몰이 되기 위해 더 좋은 상품과 서비스를 준비하겠습니다.
감사합니다. 💜"
116729,2026-06-14 00:00:00,,,"탄력모드 진동이 꽤 세서 처음엔 당황했는데, 이게 살을 깨우는 느낌이에요. 셀룰라이트 있는 부위에 쓰면 묵직하게 시원한 자극이 와서 이 모드를 제일 자주 써요.",672528cccf97,,1003,바디풀고컷 경락 마사지기,99000,,기존리뷰,4,,0,0,1,"안녕하세요. 프리미엄 헬스테크 브랜드, 슬룸입니다.
시간 내어 소중한 후기를 작성해 주셔서 감사드립니다. :)

믿고 찾는 쇼핑몰이 되기 위해 더 좋은 상품과 서비스를 준비하겠습니다.
감사합니다. 💜"
116730,2026-06-20 00:00:00,,,캐셔라 8시간 서 있는데 퇴근할 때 다리가 터질 것 같거든요. 집에 와서 이거 켜면 살아나는 느낌이에요. 없었으면 어떻게 버텼을지 모르겠어요.,34e4ac26ac88,,1003,바디풀고컷 경락 마사지기,99000,,기존리뷰,5,,0,0,1,"안녕하세요. 프리미엄 헬스테크 브랜드, 슬룸입니다.
진심 어린 소중한 후기 감사합니다. 💜

앞으로도 좋은 상품과 서비스로 고객님들을 찾아뵐 수 있도록 노력하겠습니다.
감사합니다. :)"
116731,2026-06-14 00:00:00,,,남편이 등이 자주 뭉쳐서 같이 쓰고 있는데 경락볼 열두 개가 등 넓이에 딱 맞는다고 좋아해요. 둘이 쓰면 가성비가 배로 올라가는 거잖아요.,9280332bfe0a,,1003,바디풀고컷 경락 마사지기,99000,,기존리뷰,5,,0,0,1,"안녕하세요. 프리미엄 헬스테크 브랜드, 슬룸입니다.
정성스럽게 올려주신 소중한 후기 감사합니다. 💜

고객님의 목소리로 더 발전하는 슬룸이 되도록 노력하겠습니다.
감사합니다. 🙇‍♀️"
116732,2026-06-23 00:00:00,,,"효과 보면 샵 가고, 안 가면 원상복구, 또 가고. 이 사이클이 반복됐는데 집에 있으니까 유지가 돼요. 비싼 케어 가끔보다 이게 결국 나은 것 같아요.",1a06c109da37,,1003,바디풀고컷 경락 마사지기,99000,,기존리뷰,5,,0,0,1,"안녕하세요. 프리미엄 헬스테크 브랜드, 슬룸입니다.
정성스럽게 올려주신 소중한 후기 감사합니다. 💜

고객님의 목소리로 더 발전하는 슬룸이 되도록 노력하겠습니다.
감사합니다. 🙇‍♀️"
116733,2026-06-25 00:00:00,,,홈케어 기기가 집에 몇 개 있는데 이게 제일 오래 쓰고 있어요. 이유는 단순해요. 쓸 때마다 효과가 느껴지니까요. 그게 루틴 유지의 핵심이에요.,de4965b866c6,,1003,바디풀고컷 경락 마사지기,99000,,기존리뷰,4,,0,0,1,"안녕하세요. 프리미엄 헬스테크 브랜드, 슬룸입니다.
정성스럽게 올려주신 소중한 후기 감사합니다. 💜

고객님의 목소리로 더 발전하는 슬룸이 되도록 노력하겠습니다.
감사합니다. 🙇‍♀️"
116734,2026-06-21 00:00:00,,,레깅스 항상 긴 거만 찾았는데 이거 꾸준히 쓰고 나서 숏 레깅스도 입게 됐어요. 셀룰라이트가 없어진 건 아닌데 탄력이 생기니까 덜 도드라져 보여요. 이 차이가 생각보다 커요.,6e2a35c7c7c5,,1003,바디풀고컷 경락 마사지기,99000,,기존리뷰,5,,0,0,1,"안녕하세요. 프리미엄 헬스테크 브랜드, 슬룸입니다.
진심 어린 소중한 후기 감사합니다. 💜

앞으로도 좋은 상품과 서비스로 고객님들을 찾아뵐 수 있도록 노력하겠습니다.
감사합니다. :)"
116735,2026-06-15 00:00:00,,,"허벅지에 7단계 쓰면 근육이 혼자 움찔거려요. 힘 안 줬는데 반응하는 게 처음엔 좀 무서웠는데, 다음 날 운동한 것처럼 뻐근한 거 보니까 EMS가 제대로 들어갔다는 거잖아요.",afd3b67ec820,,1003,바디풀고컷 경락 마사지기,99000,,기존리뷰,5,,0,0,1,"안녕하세요. 프리미엄 헬스테크 브랜드, 슬룸입니다.
시간 내어 소중한 후기를 작성해 주셔서 감사드립니다. :)

믿고 찾는 쇼핑몰이 되기 위해 더 좋은 상품과 서비스를 준비하겠습니다.
감사합니다. 💜"
116736,2026-06-19 00:00:00,,,배가 처지는 느낌이 싫었는데 M2 M3 번갈아 쓰니까 피부가 올라오는 느낌이 왔어요. 배 만지면 예전이랑 달라요. 속근육 자극이 겉으로 나타나는 게 이런 거구나 싶었어요.,22b14f02acc7,,1003,바디풀고컷 경락 마사지기,99000,,기존리뷰,4,,0,0,1,"안녕하세요. 프리미엄 헬스테크 브랜드, 슬룸입니다.
진심 어린 소중한 후기 감사합니다. 💜

앞으로도 좋은 상품과 서비스로 고객님들을 찾아뵐 수 있도록 노력하겠습니다.
감사합니다. :)"
116737,2026-06-23 00:00:00,,,씻고 스킨케어 하듯이 이거 쓰는 게 자연스러워졌어요. 가끔 하는 케어가 아니라 그냥 일상이 됐어요. 이 루틴 생기고 나서 몸 상태가 안정적이에요.,59869ce9b93c,,1003,바디풀고컷 경락 마사지기,99000,,기존리뷰,4,,0,0,1,"안녕하세요. 프리미엄 헬스테크 브랜드, 슬룸입니다.
정성스럽게 올려주신 소중한 후기 감사합니다. 💜

고객님의 목소리로 더 발전하는 슬룸이 되도록 노력하겠습니다.
감사합니다. 🙇‍♀️"
116738,2026-06-19 00:00:00,,,마사지 받는 느낌으로 쓸 수 있어서 스트레스 해소에도 좋아요. 몸 케어인데 마음도 같이 풀리는 시간이에요. 하루 마무리로 이게 딱인 것 같아요.,059ae76f52a7,,1003,바디풀고컷 경락 마사지기,99000,,기존리뷰,5,,0,0,1,"안녕하세요. 프리미엄 헬스테크 브랜드, 슬룸입니다.
진심 어린 소중한 후기 감사합니다. 💜

앞으로도 좋은 상품과 서비스로 고객님들을 찾아뵐 수 있도록 노력하겠습니다.
감사합니다. :)"
116739,2026-06-28 00:00:00,,,3단계만 해도 종아리 근육이 반응해요. 손으로 잡으면 수축하는 게 느껴지거든요. 이게 쌓이면 라인이 달라지겠다는 게 바로 이해됐어요.,7cea5260a5c5,,1003,바디풀고컷 경락 마사지기,99000,,기존리뷰,5,,0,0,1,"안녕하세요. 프리미엄 헬스테크 브랜드, 슬룸입니다.
정성스럽게 올려주신 소중한 후기 감사합니다. 💜

고객님의 목소리로 더 발전하는 슬룸이 되도록 노력하겠습니다.
감사합니다. 🙇‍♀️"
116740,2026-06-25 00:00:00,,,여름 끝물에 샀는데 다음 여름 위해서 지금부터 쓰고 있어요. 미리 시작하면 결과가 다를 거라는 걸 이번에 배웠어요.,76f4fc3c3f0a,,1003,바디풀고컷 경락 마사지기,99000,,기존리뷰,4,,0,0,1,"안녕하세요. 프리미엄 헬스테크 브랜드, 슬룸입니다.
시간 내어 소중한 후기를 작성해 주셔서 감사드립니다. :)

믿고 찾는 쇼핑몰이 되기 위해 더 좋은 상품과 서비스를 준비하겠습니다.
감사합니다. 💜"
116741,2026-06-27 00:00:00,,,"에스테틱 10회권 갱신 안 하고 이걸로 바꿨어요. 샵은 전신 코스라 집중하고 싶은 부위만 하기 애매했는데, 이건 오늘 팔뚝, 내일 부유방 이런 식으로 내 맘대로 할 수 있어서 훨씬 잘 맞아요.",b6e82acb3444,,1003,바디풀고컷 경락 마사지기,99000,,기존리뷰,5,,0,0,1,"안녕하세요. 프리미엄 헬스테크 브랜드, 슬룸입니다.
정성스럽게 올려주신 소중한 후기 감사합니다. 💜

고객님의 목소리로 더 발전하는 슬룸이 되도록 노력하겠습니다.
감사합니다. 🙇‍♀️"
116742,2026-06-17 00:00:00,,,"고주파가 피부로 느껴지냐고 하면, 느껴져요. 탄력모드 쓸 때 피부 안쪽이 따뜻해지면서 통하는 느낌이 있는데 EMS랑은 다른 층의 자극이에요.",3be2d8967fa5,,1003,바디풀고컷 경락 마사지기,99000,,기존리뷰,5,,0,0,1,"안녕하세요. 프리미엄 헬스테크 브랜드, 슬룸입니다.
진심 어린 소중한 후기 감사합니다. 💜

앞으로도 좋은 상품과 서비스로 고객님들을 찾아뵐 수 있도록 노력하겠습니다.
감사합니다. :)"
116743,2026-06-21 00:00:00,,,에스테틱 쿠폰 세 장 남아 있는데 환불할까 고민 중이에요. 이거 쓰기 시작하고 샵 갈 이유를 못 찾겠어요. 경락볼 열두 개가 동시에 눌리는 면적이 넓어서 손으로 받는 것과 체감 차이가 생각보다 없거든요.,a032d610ad11,,1003,바디풀고컷 경락 마사지기,99000,,기존리뷰,5,,0,0,1,"안녕하세요. 프리미엄 헬스테크 브랜드, 슬룸입니다.
시간 내어 소중한 후기를 작성해 주셔서 감사드립니다. :)

믿고 찾는 쇼핑몰이 되기 위해 더 좋은 상품과 서비스를 준비하겠습니다.
감사합니다. 💜"
116744,2026-06-17 00:00:00,,,복부 탄력 생기고 배 만지는 게 재미있어졌어요. 탱탱한 게 직접 느껴지거든요. 이 변화가 쌓이면 다음 여름엔 수영복 자신 있게 입을 수 있을 것 같아요.,286b7aa20d54,,1003,바디풀고컷 경락 마사지기,99000,,기존리뷰,5,,0,0,1,"안녕하세요. 프리미엄 헬스테크 브랜드, 슬룸입니다.
시간 내어 소중한 후기를 작성해 주셔서 감사드립니다. :)

믿고 찾는 쇼핑몰이 되기 위해 더 좋은 상품과 서비스를 준비하겠습니다.
감사합니다. 💜"
116745,2026-06-20 00:00:00,,,"사무직 10년 차인데, 하체 붓기가 직업병이었어요. 별걸 다 해봤는데 이게 제일 효과 있어요. 10년 된 직업병이 관리가 되고 있어요. 진작 알았으면 좋았을 텐데요.",b75dec467e3b,,1003,바디풀고컷 경락 마사지기,99000,,기존리뷰,5,,0,0,1,"안녕하세요. 프리미엄 헬스테크 브랜드, 슬룸입니다.
진심 어린 소중한 후기 감사합니다. 💜

앞으로도 좋은 상품과 서비스로 고객님들을 찾아뵐 수 있도록 노력하겠습니다.
감사합니다. :)"
116746,2026-06-21 00:00:00,,,"식당 일이라 온종일 서 있는데, 퇴근 후엔 발바닥부터 종아리까지 다 힘들어요. 붓기모드 15분이면 반 이상 풀려요. 이게 없는 삶은 생각하기 싫어요.",58d10d2530cf,,1003,바디풀고컷 경락 마사지기,99000,,기존리뷰,5,,0,0,1,"안녕하세요. 프리미엄 헬스테크 브랜드, 슬룸입니다.
정성스럽게 올려주신 소중한 후기 감사합니다. 💜

고객님의 목소리로 더 발전하는 슬룸이 되도록 노력하겠습니다.
감사합니다. 🙇‍♀️"
116747,2026-06-26 00:00:00,,,리모컨이 있어서 기기 대고 있으면서 조작이 편해요. 이 작은 편의성이 지속성에 생각보다 영향을 많이 줘요. 중간에 끊기지 않고 계속할 수 있거든요.,77f9b4fa842e,,1003,바디풀고컷 경락 마사지기,99000,,기존리뷰,5,,0,0,1,"안녕하세요. 프리미엄 헬스테크 브랜드, 슬룸입니다.
진심 어린 소중한 후기 감사합니다. 💜

앞으로도 좋은 상품과 서비스로 고객님들을 찾아뵐 수 있도록 노력하겠습니다.
감사합니다. :)"
116748,2026-06-25 00:00:00,,,에스테틱은 주 1회 권장인데 돈이랑 시간이 있어야 가능하잖아요. 이건 주 5~6회도 되고 내가 시간 정해요. 빈도가 달라지니까 효과 속도도 다를 수밖에 없어요.,01905498f0a1,,1003,바디풀고컷 경락 마사지기,99000,,기존리뷰,5,,0,0,1,"안녕하세요. 프리미엄 헬스테크 브랜드, 슬룸입니다.
진심 어린 소중한 후기 감사합니다. 💜

앞으로도 좋은 상품과 서비스로 고객님들을 찾아뵐 수 있도록 노력하겠습니다.
감사합니다. :)"
116749,2026-06-24 00:00:00,,,운동 후 회복용으로 쓰고 있어요. 다음 날 컨디션이 확실히 달라요. 운동이랑 이걸 세트로 쓰게 됐는데 두 가지가 시너지 내는 것 같아요.,c97eb7e5427c,,1003,바디풀고컷 경락 마사지기,99000,,기존리뷰,5,,0,0,1,"안녕하세요. 프리미엄 헬스테크 브랜드, 슬룸입니다.
시간 내어 소중한 후기를 작성해 주셔서 감사드립니다. :)

믿고 찾는 쇼핑몰이 되기 위해 더 좋은 상품과 서비스를 준비하겠습니다.
감사합니다. 💜"
116750,2026-06-20 00:00:00,,,오래 앉았다가 일어서면 종아리가 저리는 게 있었는데 이거 쓰고 많이 줄었어요. 혈액순환 개선되는 게 일상에서 느껴지니까 꾸준히 하게 돼요.,2c66f86da9cf,,1003,바디풀고컷 경락 마사지기,99000,,기존리뷰,5,,0,0,1,"안녕하세요. 프리미엄 헬스테크 브랜드, 슬룸입니다.
정성스럽게 올려주신 소중한 후기 감사합니다. 💜

고객님의 목소리로 더 발전하는 슬룸이 되도록 노력하겠습니다.
감사합니다. 🙇‍♀️"
116751,2026-06-17 00:00:00,,,"월경 전 일주일이 제일 힘든데, 온몸이 붓고 무거워서요. 붓기모드로 하체 케어하면 많이 가라앉아요. 매달 이걸로 버티고 있어요.",8d4c79f8d09e,,1003,바디풀고컷 경락 마사지기,99000,,기존리뷰,4,,0,0,1,"안녕하세요. 프리미엄 헬스테크 브랜드, 슬룸입니다.
시간 내어 소중한 후기를 작성해 주셔서 감사드립니다. :)

믿고 찾는 쇼핑몰이 되기 위해 더 좋은 상품과 서비스를 준비하겠습니다.
감사합니다. 💜"
116752,2026-06-29 00:00:00,,,"하의실종 룩 도전하고 싶어서 허벅지랑 복부 집중 케어 시작했는데, 두 달 만에 뒷모습이 생각보다 괜찮아서 거울 보면서 혼자 웃었어요.",1572196c819b,,1003,바디풀고컷 경락 마사지기,99000,,기존리뷰,5,,0,0,1,"안녕하세요. 프리미엄 헬스테크 브랜드, 슬룸입니다.
정성스럽게 올려주신 소중한 후기 감사합니다. 💜

고객님의 목소리로 더 발전하는 슬룸이 되도록 노력하겠습니다.
감사합니다. 🙇‍♀️"
116753,2026-06-28 00:00:00,,,자기 전에 허벅지 쓰기 시작하고 자다가 종아리 쥐 나는 빈도가 줄었어요. EMS 덕분인지는 모르겠는데 확실히 달라진 건 사실이에요.,ab2522ac3cbc,,1003,바디풀고컷 경락 마사지기,99000,,기존리뷰,5,,0,0,1,"안녕하세요. 프리미엄 헬스테크 브랜드, 슬룸입니다.
정성스럽게 올려주신 소중한 후기 감사합니다. 💜

고객님의 목소리로 더 발전하는 슬룸이 되도록 노력하겠습니다.
감사합니다. 🙇‍♀️"
116754,2026-06-15 00:00:00,,,"자기 전 30분 쓰는 루틴이 생겼는데, 이게 매일 에스테틱 받는 거랑 같은 거잖아요. 한 달 뒤에 언니가 몸 달라 보인다고 했어요. 언니 눈은 정확한 편이에요.",4fc0582edf3c,,1003,바디풀고컷 경락 마사지기,99000,,기존리뷰,5,,0,0,1,"안녕하세요. 프리미엄 헬스테크 브랜드, 슬룸입니다.
시간 내어 소중한 후기를 작성해 주셔서 감사드립니다. :)

믿고 찾는 쇼핑몰이 되기 위해 더 좋은 상품과 서비스를 준비하겠습니다.
감사합니다. 💜"
116755,2026-06-14 00:00:00,,,근적외선이랑 EMS 같이 켜는 게 완전 다른 레벨이에요. 온열감에 근육 풀리면서 EMS가 더 깊이 들어오는 느낌이 확 달라져요. 이 조합 안 쓰면 손해 보는 것 같아요.,3be50ee63cac,,1003,바디풀고컷 경락 마사지기,99000,,기존리뷰,5,,0,0,1,"안녕하세요. 프리미엄 헬스테크 브랜드, 슬룸입니다.
시간 내어 소중한 후기를 작성해 주셔서 감사드립니다. :)

믿고 찾는 쇼핑몰이 되기 위해 더 좋은 상품과 서비스를 준비하겠습니다.
감사합니다. 💜"
116756,2026-06-16 00:00:00,,,종아리에 쓸 때 근육 수축이랑 혈액 도는 느낌이 같이 와요. 불쾌한 찌릿함이 아니라 통하는 느낌이라서 계속 쓰게 되는 것 같아요.,6012a3eb3037,,1003,바디풀고컷 경락 마사지기,99000,,기존리뷰,5,,0,0,1,"안녕하세요. 프리미엄 헬스테크 브랜드, 슬룸입니다.
정성스럽게 올려주신 소중한 후기 감사합니다. 💜

고객님의 목소리로 더 발전하는 슬룸이 되도록 노력하겠습니다.
감사합니다. 🙇‍♀️"
116757,2026-06-17 00:00:00,,,M3 패턴이 제일 마음에 들어요. 약하다 강해지다 반복하는 리듬이 수기 마사지 받을 때랑 비슷해서 몸이 자연스럽게 따라가요. 지루하지 않아서 오래 쓰게 돼요.,795889e9bf84,,1003,바디풀고컷 경락 마사지기,99000,,기존리뷰,5,,0,0,1,"안녕하세요. 프리미엄 헬스테크 브랜드, 슬룸입니다.
정성스럽게 올려주신 소중한 후기 감사합니다. 💜

고객님의 목소리로 더 발전하는 슬룸이 되도록 노력하겠습니다.
감사합니다. 🙇‍♀️"
116758,2026-06-18 00:00:00,,,올해 수영장 가는 게 목표였어요. 달성했어요. 허벅지 복부 위주로 컷팅모드 한 달 썼더니 피부 결이 달라지고 자신감이 생겼어요.,5d0e6365e0e7,,1003,바디풀고컷 경락 마사지기,99000,,기존리뷰,4,,0,0,1,"안녕하세요. 프리미엄 헬스테크 브랜드, 슬룸입니다.
시간 내어 소중한 후기를 작성해 주셔서 감사드립니다. :)

믿고 찾는 쇼핑몰이 되기 위해 더 좋은 상품과 서비스를 준비하겠습니다.
감사합니다. 💜"
116759,2026-06-26 00:00:00,,,1단계 켰을 때 이게 장난 아니다 싶었어요. 패드형이랑은 시작부터 달랐어요. 강하진 않은데 반응이 확실히 오거든요.,0b35ce37441e,,1003,바디풀고컷 경락 마사지기,99000,,기존리뷰,5,,0,0,1,"안녕하세요. 프리미엄 헬스테크 브랜드, 슬룸입니다.
진심 어린 소중한 후기 감사합니다. 💜

앞으로도 좋은 상품과 서비스로 고객님들을 찾아뵐 수 있도록 노력하겠습니다.
감사합니다. :)"
116760,2026-06-29 15:18:45,2026-06-21 08:46:11,2026-06-23 16:24:14,별 기대 없이 주문 했는데요 마사지를 해보니 목 근육이 풀리면서 확실히 잠도 잘오는 느낌이네요. 직작에서도 사용하려고 하나더 구입해야겠어요.,6dbf7364dfb8,,291,목베개 플러스 경추 목 마사지기 베개,91000,수량선택: 목베개 플러스 1개,모바일,5,,2,0,1,"안녕하세요. 프리미엄 헬스테크 브랜드, 슬룸입니다.
시간 내어 소중한 후기를 작성해 주셔서 감사드립니다. :)

믿고 찾는 쇼핑몰이 되기 위해 더 좋은 상품과 서비스를 준비하겠습니다.
감사합니다. 💜"
116761,2026-06-29 16:42:04,2026-06-21 13:56:56,2026-06-23 18:45:00,"진짜 내돈내산 솔직한 후기.. 아무것도 바라지도 않고 그냥 낸 금액이 많아서 할말해야하는 후기씁니다. 유튜버 꾸준님 홍보통해서 홀린듯 구매했습니다. 진짜 솔직한 후기 아래 씁니다. 많은 분들께 도움이 되셨으면 좋겠고, 결코 편향적인 리뷰아니니깐 관계자분들은 피드백 하셨으면 좋겠습니다.

현재 5일 동안 하루도 빠짐없이 꾸준히 썼습니다.

1) 목베개 ★★★★

불필요한 기능이 많습니다. 왜 열감은 디폴트값으로 해두셨나요? 자동으로 목에 열감이 올라서 더워요... 쓰다가 불쾌감에 중간에 끈 적도 있습니다. 진동기능은 왜 넣으신건지 ㅠㅠ 실제로 이걸 넣으신 이유가 궁금합니다. 소리만 요란하고 시끄럽고 진동으로 인한 마사지 효과 기능은 제로에 가깝습니다. 총 15분동안 마사지 가능은 단순 그 자체입니다. 뒷목 부분을 공기압으로 올렸다가 내림, 이 패턴이 끝입니다. 다른 패턴은 느껴지지 않습니다. 그냥 단순 패턴으로 15분 동안 마사지 기능이 끝! 단, 이 단순한 기능이라도 목 뒷부분을 꽉 눌러주고 풀어주는기능은 있어 실제로 개운한 느낌이 들긴 들었고, 나쁘진 않았음..(시원하긴함) 단 이 단순한 패턴 1가지로 15분동안의 마사지 기능은 조금 아쉽다. 마지막으로 커버가 분리되지 않는다는점.. 세탁방법은 알아서 겉에 오염된 부분을 닦아서 쓰라는건데..이 부분도 아쉽네요

2) 슬리퍼 ★★★★☆

이건 꽤 높은 점수를 줍니다. 모드도 다양하고.. 개인적으로 발의 피로도 쉽게 풀리는 느낌을 받아서 이 제품은 좋은거 같아요. 단 너무 단순하고 조잡한 얇은 껍데기의 슬리퍼일 뿐인데.. 이 정도 가격이 맞나 싶고.. 이미 시중에 다른 브랜드 제품들 많은데 약간 슬룸이 비싼듯? 그래도 브랜드 쓰고 싶어서 슬룸으로 추천

솔직히 돈은 그닥 아깝지 않고… 꾸준히 쓰긴 할듯 지금도 잘 쓰고 있어요",aa120d90811d,,1001,[슬룸] 구독자 전용 ★초특가★ 비밀링크,84900,수량선택: ★SET★ 발편한케어 L 1개 + 목 마사지 베개 V2 1개 + 마그네슘 시너지 크림 100원 + (증정)중형 파우치,PC,5,,1,0,1,"안녕하세요. 프리미엄 헬스테크 브랜드, 슬룸입니다.
진심 어린 소중한 후기 감사합니다. 💜

앞으로도 좋은 상품과 서비스로 고객님들을 찾아뵐 수 있도록 노력하겠습니다.
감사합니다. :)"
116762,2026-06-29 06:11:36,2026-06-20 20:49:40,2026-06-23 18:40:48,엘보통증으로 고생하시는 부모님 사드렸어요,,,980,프리미엄 엘보케어 팔꿈치 마사지기,149000,수량선택: 데일리 릴렉스 세트 (팔꿈치 마사지기 + 마그네슘 시너지 크림),기존리뷰,5,,0,0,1,"안녕하세요. 프리미엄 헬스테크 브랜드, 슬룸입니다.
정성스럽게 올려주신 소중한 후기 감사합니다. 💜

고객님의 목소리로 더 발전하는 슬룸이 되도록 노력하겠습니다.
감사합니다. 🙇‍♀️"
116763,2026-06-29 07:35:08,2026-06-20 14:20:40,2026-06-23 18:42:13,무용하느라 언제나 발이 피곤한데 일주일에 한두번 쓰면 발이 좀 가벼워지는 느낌이예요 무리한날 족욕하고 약하게 이용해요,,,1001,[슬룸] 구독자 전용 ★초특가★ 비밀링크,84900,수량선택: 발편한케어 M 1개,기존리뷰,5,,1,0,1,"안녕하세요. 프리미엄 헬스테크 브랜드, 슬룸입니다.
진심 어린 소중한 후기 감사합니다. 💜

앞으로도 좋은 상품과 서비스로 고객님들을 찾아뵐 수 있도록 노력하겠습니다.
감사합니다. :)"
116764,2026-06-29 08:08:43,2026-06-25 17:57:55,2026-06-27 18:36:45,골반 틀어짐으로 허리가 아픈데 이 부분을 완화해줍니다. 효과는 계속 써봐야 확실히 알 거 같습니다.,,,966,골반 케어 프리미엄 골반 마사지기,191000,수량선택: 골반 마사지기 1개,기존리뷰,5,,0,0,1,"안녕하세요. 프리미엄 헬스테크 브랜드, 슬룸입니다.
시간 내어 소중한 후기를 작성해 주셔서 감사드립니다. :)

믿고 찾는 쇼핑몰이 되기 위해 더 좋은 상품과 서비스를 준비하겠습니다.
감사합니다. 💜"
116765,2026-06-29 08:49:04,2026-04-19 22:35:35,2026-04-21 19:23:00,사이즈 잘맞아요 질감도좋고사이즈도좋고 상태는 좋아요,,,925,★7일 특별 연장★ 덤순이X슬룸 구독자 한정 역대급 할인,98800,수량선택: ★덤순이SET★ 넥숄더 힐링케어V2 1개 + 허리편한케어V2 1개 + (증정) 코어요추벨트 1개,기존리뷰,5,,0,0,1,"안녕하세요. 프리미엄 헬스테크 브랜드, 슬룸입니다.
진심 어린 소중한 후기 감사합니다. 💜

앞으로도 좋은 상품과 서비스로 고객님들을 찾아뵐 수 있도록 노력하겠습니다.
감사합니다. :)"
116766,2026-06-29 10:26:48,2026-06-24 15:32:50,2026-06-26 13:40:33,생각보다 소음이 심함.....,,,1001,[슬룸] 구독자 전용 ★초특가★ 비밀링크,84900,수량선택: ★SET★ 발편한케어 L 1개 + 목 마사지 베개 V2 1개 + 마그네슘 시너지 크림 100원 + (증정)중형 파우치,기존리뷰,1,,0,0,1,"안녕하세요 고객님, 프리미엄 헬스테크 브랜드, 슬룸입니다.
고객님께 만족스러운 경험을 드리지 못해 대단히 죄송합니다.😥

슬룸의 모든 제품은 인체공학적으로 설계되어 편안한 사용이 가능하나 초기 사용 시 1~2주 이상의 적응 기간이 필요할 수 있습니다. 
다만 수령하신 날짜 기준으로 30일 동안 꾸준히 사용해보시고도 만족하지 못하셨을 경우에는, 슬룸에서 진행하는 <100%환불이벤트> 에 참여하여 왕복배송비 제외 전액 환불이 가능합니다.

※ 제품을 30일간 꾸준히 사용한 경우, 배송완료 후 40일이내 신청이 가능
※ 환불 서비스는 첫 구매 체험을 위한 서비스로 1회만 신청 가능

▶ <100% 환불 이벤트> 상세 환불 조건 : https://sleeplab.co.kr/notice/?page=1#13709226_notice 

슬룸을 믿고 편하게 사용 및 체험해보시고, 그럼에도 만족하시지 못하셨을 경우 슬룸 공식몰의 채널톡을 통해 이벤트 기간 내 문의 주시면 환불 접수 도움드리겠습니다."
116767,2026-06-29 12:33:21,2026-06-04 21:16:30,2026-06-06 10:40:10,충전도 간단하고 아침저녁으로 매일 사용하고 있어요~목이 좀 편안해진것같아요,,,909,목 마사지 베개 V2 경추 마사지기 베개,112000,수량선택: 목 마사지 베개 V2 1개 (허리베개 1개 증정),기존리뷰,5,,0,0,1,"안녕하세요. 프리미엄 헬스테크 브랜드, 슬룸입니다.
정성스럽게 올려주신 소중한 후기 감사합니다. 💜

고객님의 목소리로 더 발전하는 슬룸이 되도록 노력하겠습니다.
감사합니다. 🙇‍♀️"
116768,2026-06-29 13:12:58,2026-06-22 22:03:05,2026-06-24 16:08:27,향도좋고 뭐 좋습니다.,,,909,목 마사지 베개 V2 경추 마사지기 베개,112000,수량선택: 목 마사지 베개 V2 1개,기존리뷰,3,,0,0,1,"안녕하세요. 프리미엄 헬스테크 브랜드, 슬룸입니다.
진심 어린 소중한 후기 감사합니다. 💜

앞으로도 좋은 상품과 서비스로 고객님들을 찾아뵐 수 있도록 노력하겠습니다.
감사합니다. :)"
116769,2026-06-29 16:34:44,2026-06-24 18:16:25,2026-06-26 16:12:14,아직 써본지 며칠정도긴한데 온열기능이라던지 겨울에 쓰기 좋을듯 합니다.,,,1007,[뜨랑낄로x슬룸] 구독자 전용 ★초특가★ 비밀링크,84900,수량선택: 목마사지베개V2 2개,기존리뷰,5,,1,0,1,"안녕하세요. 프리미엄 헬스테크 브랜드, 슬룸입니다.
진심 어린 소중한 후기 감사합니다. 💜

앞으로도 좋은 상품과 서비스로 고객님들을 찾아뵐 수 있도록 노력하겠습니다.
감사합니다. :)"
116770,2026-06-29 17:06:59,2026-06-23 22:39:15,2026-06-25 13:42:32,"선물로 구매를했는데 너무좋아라 하십니다
저도 기회가 되면 사보겠습니다",,,1001,[슬룸] 구독자 전용 ★초특가★ 비밀링크,84900,수량선택: ★SET★ 발편한케어 L 1개 + 목 마사지 베개 V2 1개 + 마그네슘 시너지 크림 100원 + (증정)중형 파우치,기존리뷰,5,,0,0,1,"안녕하세요. 프리미엄 헬스테크 브랜드, 슬룸입니다.
진심 어린 소중한 후기 감사합니다. 💜

앞으로도 좋은 상품과 서비스로 고객님들을 찾아뵐 수 있도록 노력하겠습니다.
감사합니다. :)"
116771,2026-06-29 17:13:36,2026-05-18 13:21:45,2026-05-19 13:43:16,경추 후종인대골화증이 있어 베개 사용에 아주 신중한편인데 목 뒤도 따뜻하게 해주고 너무 좋습니다,,,291,목베개 플러스 경추 목 마사지기 베개,91000,수량선택: 목베개 플러스 1개,기존리뷰,5,,0,0,1,"안녕하세요. 프리미엄 헬스테크 브랜드, 슬룸입니다.
시간 내어 소중한 후기를 작성해 주셔서 감사드립니다. :)

믿고 찾는 쇼핑몰이 되기 위해 더 좋은 상품과 서비스를 준비하겠습니다.
감사합니다. 💜"
116772,2026-06-29 19:16:55,2026-06-15 13:48:50,2026-06-16 10:46:39,완전 만족 디스크 허리 완화가 되는 것 같아요.,,,636,허리편한케어 V2 허리 마사지기,131000,수량선택: 허리편한케어 V2 1개,기존리뷰,5,,0,0,1,"안녕하세요. 프리미엄 헬스테크 브랜드, 슬룸입니다.
진심 어린 소중한 후기 감사합니다. 💜

앞으로도 좋은 상품과 서비스로 고객님들을 찾아뵐 수 있도록 노력하겠습니다.
감사합니다. :)"
116773,2026-06-29 20:31:51,2026-06-20 17:52:45,2026-06-23 21:09:31,벌 피로가 제대로 해결되는거 같아요,,,1001,[슬룸] 구독자 전용 ★초특가★ 비밀링크,84900,수량선택: 발편한케어 L 1개,기존리뷰,5,,0,0,1,"안녕하세요. 프리미엄 헬스테크 브랜드, 슬룸입니다.
정성스럽게 올려주신 소중한 후기 감사합니다. 💜

고객님의 목소리로 더 발전하는 슬룸이 되도록 노력하겠습니다.
감사합니다. 🙇‍♀️"
116774,2026-06-29 21:48:26,2026-06-26 06:24:30,2026-06-27 16:10:32,잘도착 했습니다. 잘쓰겠습니다.,,,998,[깜짝 타임특가] 코어 요추벨트 허리 보호대,40000,수량선택: 코어 요추벨트 1개,기존리뷰,4,,1,0,1,"안녕하세요. 프리미엄 헬스테크 브랜드, 슬룸입니다.
진심 어린 소중한 후기 감사합니다. 💜

앞으로도 좋은 상품과 서비스로 고객님들을 찾아뵐 수 있도록 노력하겠습니다.
감사합니다. :)"
116775,2026-06-29 22:58:16,2026-06-26 12:37:40,2026-06-27 16:11:25,테니스엘보로 자주 고생 하는데 써보니 진짜 물리치료 따로 안받도 괜찬을 것 같이요,,,980,프리미엄 엘보케어 팔꿈치 마사지기,149000,수량선택: 팔꿈치 마사지기 1개,기존리뷰,5,,1,0,1,"안녕하세요. 프리미엄 헬스테크 브랜드, 슬룸입니다.
시간 내어 소중한 후기를 작성해 주셔서 감사드립니다. :)

믿고 찾는 쇼핑몰이 되기 위해 더 좋은 상품과 서비스를 준비하겠습니다.
감사합니다. 💜"
116776,2026-06-29 23:31:59,2026-06-11 13:00:20,2026-06-12 21:05:10,음... 이거 참 좋거든요?? 이주정도 사용해봤는데 사용법도 편하고 참 좋은데 이거 찍찍이좀 개선하세요 ㅋㅋ 이주 사용했더니 안붙어요 안붙으년 고정이 안되요 사용을 못해요 참 슬픈일이죠 그리고 제가 헬스 하는데 팔이 그렇게 큰편이 아니거든요?? 작아요 ㅋㅋㅋ 찍찍이 제일 작게 붙이고 합니다,,,980,프리미엄 엘보케어 팔꿈치 마사지기,149000,수량선택: 데일리 릴렉스 세트 (팔꿈치 마사지기 + 마그네슘 시너지 크림),기존리뷰,3,,1,0,1,"안녕하세요. 프리미엄 헬스테크 브랜드, 슬룸입니다.
시간 내어 소중한 후기를 작성해 주셔서 감사드립니다. :)

믿고 찾는 쇼핑몰이 되기 위해 더 좋은 상품과 서비스를 준비하겠습니다.
감사합니다. 💜"
116777,2026-06-29 23:43:19,2026-05-15 00:41:20,2026-05-16 17:22:00,좋습니다 아버지가 너무 좋아해요,,,874,발편한케어 프리미엄 고주파 발 마사지기,91000,수량선택: 발편한케어 프로 1개,기존리뷰,5,,0,0,1,"안녕하세요. 프리미엄 헬스테크 브랜드, 슬룸입니다.
시간 내어 소중한 후기를 작성해 주셔서 감사드립니다. :)

믿고 찾는 쇼핑몰이 되기 위해 더 좋은 상품과 서비스를 준비하겠습니다.
감사합니다. 💜"
116778,2026-06-30 11:08:51,2026-06-21 20:34:52,2026-06-23 16:10:45,주말에 침대누워있으면 허리가뻐근해서 샀어요~ 스트레칭제대로되너요,3293f39668f5,,636,허리편한케어 V2 허리 마사지기,131000,수량선택: 허리편한케어 V2 1개 (허리베개 1개 증정),모바일(팝업),5,,1,0,1,"안녕하세요. 프리미엄 헬스테크 브랜드, 슬룸입니다.
정성스럽게 올려주신 소중한 후기 감사합니다. 💜

고객님의 목소리로 더 발전하는 슬룸이 되도록 노력하겠습니다.
감사합니다. 🙇‍♀️"
116779,2026-06-30 11:11:46,2026-06-24 10:07:08,2026-06-25 18:36:55,지인선물해줫는대 너무편하고 꿀잠잔다고하네요,35bda131c413,,909,목 마사지 베개 V2 경추 마사지기 베개,112000,수량선택: 목 마사지 베개 V2 1개,모바일(팝업),5,,0,0,1,"안녕하세요. 프리미엄 헬스테크 브랜드, 슬룸입니다.
시간 내어 소중한 후기를 작성해 주셔서 감사드립니다. :)

믿고 찾는 쇼핑몰이 되기 위해 더 좋은 상품과 서비스를 준비하겠습니다.
감사합니다. 💜"
116780,2026-06-30 11:12:24,2026-06-21 20:39:18,2026-06-23 21:11:43,온열기능에 골프치고 근육풀어주기좋은듯여~,3293f39668f5,,980,프리미엄 엘보케어 팔꿈치 마사지기,149000,수량선택: 데일리 릴렉스 세트 (팔꿈치 마사지기 + 마그네슘 시너지 크림),반응형(내리뷰),5,동영상 리뷰,1,1,1,"안녕하세요. 프리미엄 헬스테크 브랜드, 슬룸입니다.
진심 어린 소중한 후기 감사합니다. 💜

앞으로도 좋은 상품과 서비스로 고객님들을 찾아뵐 수 있도록 노력하겠습니다.
감사합니다. :)"
116781,2026-06-16 00:00:00,,,"다른 분들 후기를 몇 개 찾아보고 샀는데, 솔직히 과장된 거 아닐까 의심했어요. 막상 써보니까 복부 부위가 생각보다 빨리 반응해서 좀 놀랐어요. 일주일 만에 배 만지는 느낌이 살짝 달라졌거든요. 예전에 받던 에스테틱 복부 집중 코스랑 비교해도 이게 더 효과적인 것 같고 가격은 비교가 안 될 정도로 적게 들어요.",b718b0030cab,,1003,바디풀고컷 경락 마사지기,99000,,기존리뷰,5,,0,0,1,"안녕하세요. 프리미엄 헬스테크 브랜드, 슬룸입니다.
정성스럽게 올려주신 소중한 후기 감사합니다. 💜

고객님의 목소리로 더 발전하는 슬룸이 되도록 노력하겠습니다.
감사합니다. 🙇‍♀️"
116782,2026-06-30 00:00:00,,,"예전에 저렴한 EMS 패드를 하나 산 적이 있었는데, 종아리에 붙이면 미세하게 찌릿한 정도였어요. 자극이 정말 피부 표면에만 머무는 느낌이었거든요. 이건 젤 바르고 경락볼이 피부에 닿는 순간부터 완전히 달라요. 1단계로 켰는데도 안쪽으로 들어온다는 느낌이 확실하게 와서 깜짝 놀랐어요. 아, 이게 EMS구나 싶었어요.",002c460810be,,1003,바디풀고컷 경락 마사지기,99000,,기존리뷰,5,,0,0,1,"안녕하세요. 프리미엄 헬스테크 브랜드, 슬룸입니다.
정성스럽게 올려주신 소중한 후기 감사합니다. 💜

고객님의 목소리로 더 발전하는 슬룸이 되도록 노력하겠습니다.
감사합니다. 🙇‍♀️"
116783,2026-06-21 00:00:00,,,"탄력모드 M2를 처음 켰을 때 두드리는 진동이랑 전기 자극이 동시에 들어오는 게 신기했어요. 처음엔 좀 당황해서 강도를 낮췄다가, 두 번째 쓸 때부터는 오히려 그 자극이 좋아서 익숙한 강도로 올렸어요. 이런 복합 자극은 처음 경험해봐서 경락을 기기로 구현했다는 말이 무슨 뜻인지 바로 이해됐어요.",78914c613712,,1003,바디풀고컷 경락 마사지기,99000,,기존리뷰,5,,0,0,1,"안녕하세요. 프리미엄 헬스테크 브랜드, 슬룸입니다.
시간 내어 소중한 후기를 작성해 주셔서 감사드립니다. :)

믿고 찾는 쇼핑몰이 되기 위해 더 좋은 상품과 서비스를 준비하겠습니다.
감사합니다. 💜"
116784,2026-06-20 00:00:00,,,"남편이 등 윗부분이 자주 뭉친다고 해서 같이 쓰기 시작했어요. 경락볼 열두 개가 등 넓이에 딱 맞아서 좋다고 하더라고요. 둘이 같이 쓰니까 한 사람당 비용으로 따지면 절반인 셈이고, 샵 다니면 둘이서 한 달에 최소 20만원은 나갈 텐데 이건 한 번 구입하고 끝이니까 가성비가 진짜 좋은 것 같아요.",1410674e035d,,1003,바디풀고컷 경락 마사지기,99000,,기존리뷰,4,,0,0,1,"안녕하세요. 프리미엄 헬스테크 브랜드, 슬룸입니다.
정성스럽게 올려주신 소중한 후기 감사합니다. 💜

고객님의 목소리로 더 발전하는 슬룸이 되도록 노력하겠습니다.
감사합니다. 🙇‍♀️"
116785,2026-06-20 00:00:00,,,"경락 마사지를 정말 좋아해서 한 달에 두 번씩 다니던 단골샵이 있었는데, 거기가 워낙 인기라 2주 전에 예약해야 겨우 시간이 잡혔어요. 원할 때 바로 못 받는 게 제일 스트레스였거든요. 이제는 그 스트레스 자체가 없어요. 퇴근하고 컨디션 안 좋다 싶으면 바로 꺼내서 쓰면 되니까요. 퀄리티도 그 샵이랑 비교했을 때 80% 정도는 따라온다고 느껴서 충분히 만족스러워요.",50deb191f7a3,,1003,바디풀고컷 경락 마사지기,99000,,기존리뷰,5,,0,0,1,"안녕하세요. 프리미엄 헬스테크 브랜드, 슬룸입니다.
정성스럽게 올려주신 소중한 후기 감사합니다. 💜

고객님의 목소리로 더 발전하는 슬룸이 되도록 노력하겠습니다.
감사합니다. 🙇‍♀️"
116786,2026-06-17 00:00:00,,,"회사 동료 세 명이 요즘 몸이 달라 보인다고 뭐 했냐고 물어봐서 솔직하게 이거 쓴다고 보여줬어요. 세 명 다 그날 바로 검색해서 주문했더라고요. 다들 에스테틱은 끊겠다고 하던데, 한 명은 정말 한 달 다니던 곳 해지했대요.",cb382453a617,,1003,바디풀고컷 경락 마사지기,99000,,기존리뷰,5,,0,0,1,"안녕하세요. 프리미엄 헬스테크 브랜드, 슬룸입니다.
시간 내어 소중한 후기를 작성해 주셔서 감사드립니다. :)

믿고 찾는 쇼핑몰이 되기 위해 더 좋은 상품과 서비스를 준비하겠습니다.
감사합니다. 💜"
116787,2026-06-16 00:00:00,,,달력에 쓴 날마다 스티커를 붙이기 시작했어요. 별것 아닌데 스티커 붙이는 재미에 빠져서 꾸준히 하게 됐어요. 이런 작은 동기부여 장치가 생각보다 효과적이라는 걸 알았어요.,8ef328047c9d,,1003,바디풀고컷 경락 마사지기,99000,,기존리뷰,5,,0,0,1,"안녕하세요. 프리미엄 헬스테크 브랜드, 슬룸입니다.
진심 어린 소중한 후기 감사합니다. 💜

앞으로도 좋은 상품과 서비스로 고객님들을 찾아뵐 수 있도록 노력하겠습니다.
감사합니다. :)"
116788,2026-06-15 00:00:00,,,"택배 박스를 뜯어놓고 한 달을 그냥 방치했어요. 이사 준비랑 겹쳐서 정신이 없었거든요. 이사 끝나고 짐 정리하다 다시 발견해서 꺼내 썼는데, 허벅지 안쪽에 컷팅모드로 2주 정도 써보니까 라인이 확실히 달라진 게 느껴졌어요. 그 전까지 에스테틱을 1년 넘게 다니면서도 이 정도 변화는 못 봤거든요. 방치했던 한 달이 너무 아까워요 진짜.",2bd392e3fbca,,1003,바디풀고컷 경락 마사지기,99000,,기존리뷰,4,,0,0,1,"안녕하세요. 프리미엄 헬스테크 브랜드, 슬룸입니다.
시간 내어 소중한 후기를 작성해 주셔서 감사드립니다. :)

믿고 찾는 쇼핑몰이 되기 위해 더 좋은 상품과 서비스를 준비하겠습니다.
감사합니다. 💜"
116789,2026-06-26 00:00:00,,,"자기 전에 허벅지에 쓰기 시작하고 나서 자다가 종아리에 쥐 나는 빈도가 확실히 줄었어요. EMS 덕분인지는 정확히 모르겠지만, 쓰기 전이랑 비교하면 변화가 분명히 있어서 그 후로 자기 전 루틴으로 자리잡았어요.",1fb0b46de500,,1003,바디풀고컷 경락 마사지기,99000,,기존리뷰,5,,0,0,1,"안녕하세요. 프리미엄 헬스테크 브랜드, 슬룸입니다.
진심 어린 소중한 후기 감사합니다. 💜

앞으로도 좋은 상품과 서비스로 고객님들을 찾아뵐 수 있도록 노력하겠습니다.
감사합니다. :)"
116790,2026-06-14 00:00:00,,,처음엔 큰 효과를 기대 안 하고 그냥 신기해서 썼는데 어느새 빠질 수 없는 루틴이 됐어요. 기대 없이 시작한 게 오히려 부담 없이 습관으로 자리 잡게 한 것 같아요.,b71b9cef4b3d,,1003,바디풀고컷 경락 마사지기,99000,,기존리뷰,5,,0,0,1,"안녕하세요. 프리미엄 헬스테크 브랜드, 슬룸입니다.
정성스럽게 올려주신 소중한 후기 감사합니다. 💜

고객님의 목소리로 더 발전하는 슬룸이 되도록 노력하겠습니다.
감사합니다. 🙇‍♀️"
116791,2026-06-13 00:00:00,,,"예전에 써본 다른 EMS 기기들은 자극이 다 표면에만 머물렀는데, 이건 경락볼이 피부를 직접 누르면서 자극이 전달되는 구조라 더 깊이 들어온다는 게 체감돼요. 가격 차이가 그냥 나는 게 아니라는 걸 직접 써보고 알았어요.",0d2d0f5d4bbd,,1003,바디풀고컷 경락 마사지기,99000,,기존리뷰,4,,0,0,1,"안녕하세요. 프리미엄 헬스테크 브랜드, 슬룸입니다.
진심 어린 소중한 후기 감사합니다. 💜

앞으로도 좋은 상품과 서비스로 고객님들을 찾아뵐 수 있도록 노력하겠습니다.
감사합니다. :)"
116792,2026-06-15 00:00:00,,,"여름 전에 시작했지만 가을, 겨울까지도 계속 쓸 생각이에요. 한 번 습관이 잡히니까 효과까지 좋아서 계절에 상관없이 계속하는 게 맞다는 결론을 내렸어요.",d602f16a3944,,1003,바디풀고컷 경락 마사지기,99000,,기존리뷰,5,,0,0,1,"안녕하세요. 프리미엄 헬스테크 브랜드, 슬룸입니다.
시간 내어 소중한 후기를 작성해 주셔서 감사드립니다. :)

믿고 찾는 쇼핑몰이 되기 위해 더 좋은 상품과 서비스를 준비하겠습니다.
감사합니다. 💜"
116793,2026-06-19 00:00:00,,,"다섯 살, 두 살 두 아이를 키우는데 에스테틱 예약 자체가 거의 작전이에요. 시댁이나 친정에 아이 맡길 사람을 구해야 하니까요. 이거 생기고 나서는 둘째 재우고 첫째 책 읽어주고 나서 9시쯤 거실 소파에서 쓰는 게 루틴이 됐어요. 처음으로 몸 관리가 가끔 하는 큰 이벤트가 아니라 매일 할 수 있는 일상이 됐다는 게 제일 큰 변화예요.",ace223a9980b,,1003,바디풀고컷 경락 마사지기,99000,,기존리뷰,5,,0,0,1,"안녕하세요. 프리미엄 헬스테크 브랜드, 슬룸입니다.
시간 내어 소중한 후기를 작성해 주셔서 감사드립니다. :)

믿고 찾는 쇼핑몰이 되기 위해 더 좋은 상품과 서비스를 준비하겠습니다.
감사합니다. 💜"
116794,2026-06-20 00:00:00,,,"야간 근무를 주로 하는 직업이라 생활 패턴이 불규칙한데, 다리 붓기랑 무거움이 항상 일상이었어요. 퇴근하면 바로 이거 켜는 게 루틴이 됐고, 그 덕분에 불규칙한 생활 속에서도 몸 상태가 한결 나아졌어요.",9e36728cead5,,1003,바디풀고컷 경락 마사지기,99000,,기존리뷰,5,,0,0,1,"안녕하세요. 프리미엄 헬스테크 브랜드, 슬룸입니다.
정성스럽게 올려주신 소중한 후기 감사합니다. 💜

고객님의 목소리로 더 발전하는 슬룸이 되도록 노력하겠습니다.
감사합니다. 🙇‍♀️"
116795,2026-06-29 00:00:00,,,가족이 다 같이 돌아가면서 쓰고 있어요. 한 사람만 쓰는 게 아니라 가족 공용으로 쓰니까 비용 대비 활용도가 더 높아진 느낌이에요. 다 같이 건강 챙기는 느낌도 들어서 더 좋아요.,d04ec1b916b4,,1003,바디풀고컷 경락 마사지기,99000,,기존리뷰,4,,0,0,1,"안녕하세요. 프리미엄 헬스테크 브랜드, 슬룸입니다.
시간 내어 소중한 후기를 작성해 주셔서 감사드립니다. :)

믿고 찾는 쇼핑몰이 되기 위해 더 좋은 상품과 서비스를 준비하겠습니다.
감사합니다. 💜"
116796,2026-06-13 00:00:00,,,운동 끝나고 자연스럽게 이어서 쓰는 루틴을 만들었어요. 운동과 케어를 묶어서 한 번에 처리하니까 따로 시간을 내야 한다는 부담이 많이 줄었어요.,080b1158baf2,,1003,바디풀고컷 경락 마사지기,99000,,기존리뷰,5,,0,0,1,"안녕하세요. 프리미엄 헬스테크 브랜드, 슬룸입니다.
시간 내어 소중한 후기를 작성해 주셔서 감사드립니다. :)

믿고 찾는 쇼핑몰이 되기 위해 더 좋은 상품과 서비스를 준비하겠습니다.
감사합니다. 💜"
116797,2026-06-19 00:00:00,,,종아리에 쓸 때 근육 수축이랑 혈액이 도는 느낌이 동시에 와요. 찌릿함이 불쾌하지 않고 시원하게 통하는 느낌이라서 오히려 그 감각을 느끼려고 자꾸 쓰게 돼요. 붓기모드 M1이 이런 느낌이 제일 빠르게 오는 것 같아요.,72f61ecc78b9,,1003,바디풀고컷 경락 마사지기,99000,,기존리뷰,5,,0,0,1,"안녕하세요. 프리미엄 헬스테크 브랜드, 슬룸입니다.
정성스럽게 올려주신 소중한 후기 감사합니다. 💜

고객님의 목소리로 더 발전하는 슬룸이 되도록 노력하겠습니다.
감사합니다. 🙇‍♀️"
116798,2026-06-26 00:00:00,,,"운동을 시작했다가 무릎 통증 때문에 두 달 만에 그만뒀어요. 운동 없이도 라인을 관리할 방법이 필요했는데, 이걸로 허벅지를 집중 케어하니까 운동 없이도 어느 정도 라인 관리가 가능하다는 걸 알았어요.",22b0dd5bd6f5,,1003,바디풀고컷 경락 마사지기,99000,,기존리뷰,5,,0,0,1,"안녕하세요. 프리미엄 헬스테크 브랜드, 슬룸입니다.
진심 어린 소중한 후기 감사합니다. 💜

앞으로도 좋은 상품과 서비스로 고객님들을 찾아뵐 수 있도록 노력하겠습니다.
감사합니다. :)"
116799,2026-06-20 00:00:00,,,"다른 운동 기구들은 보관하기 번거로워서 결국 안 쓰게 됐는데, 이건 크기도 작고 충전식이라 부담 없이 꺼내고 넣고 하는 게 가능해요. 이게 루틴 유지의 핵심인 것 같아요.",371964bdbd0c,,1003,바디풀고컷 경락 마사지기,99000,,기존리뷰,4,,0,0,1,"안녕하세요. 프리미엄 헬스테크 브랜드, 슬룸입니다.
진심 어린 소중한 후기 감사합니다. 💜

앞으로도 좋은 상품과 서비스로 고객님들을 찾아뵐 수 있도록 노력하겠습니다.
감사합니다. :)"
116800,2026-06-27 00:00:00,,,회사 워크숍 때 행사 진행을 맡아서 하루 종일 서서 진행하다 보니 다리가 남아나지 않았어요. 워크숍 끝나고 숙소에서 바로 썼는데 다음 날 컨디션이 완전히 달랐어요. 그 뒤로 출장 갈 때마다 챙겨 다녀요.,5f4e7dd31182,,1003,바디풀고컷 경락 마사지기,99000,,기존리뷰,5,,0,0,1,"안녕하세요. 프리미엄 헬스테크 브랜드, 슬룸입니다.
진심 어린 소중한 후기 감사합니다. 💜

앞으로도 좋은 상품과 서비스로 고객님들을 찾아뵐 수 있도록 노력하겠습니다.
감사합니다. :)"
116801,2026-06-21 00:00:00,,,처음엔 택배 박스째로 거실 구석에 일주일 넘게 뒀어요. 어느 날 정리하다가 꺼내서 한 번 써본 후로는 거실 테이블 위가 고정석이 됐어요. 눈에 보이는 곳에 두니까 TV 보다가도 자연스럽게 손이 가게 되더라고요.,e14a7102bb3c,,1003,바디풀고컷 경락 마사지기,99000,,기존리뷰,5,,0,0,1,"안녕하세요. 프리미엄 헬스테크 브랜드, 슬룸입니다.
시간 내어 소중한 후기를 작성해 주셔서 감사드립니다. :)

믿고 찾는 쇼핑몰이 되기 위해 더 좋은 상품과 서비스를 준비하겠습니다.
감사합니다. 💜"
116802,2026-06-30 00:00:00,,,"처음 사용할 때 젤을 너무 조금 발라서 자극이 거의 없었어요. 혹시 불량인가 싶었는데, 사용설명서 다시 읽어보고 넉넉하게 바르고 썼더니 완전히 다른 제품처럼 느껴졌어요. 사용법이 괜히 있는 게 아니구나 싶었어요.",dd99d47da08c,,1003,바디풀고컷 경락 마사지기,99000,,기존리뷰,4,,0,0,1,"안녕하세요. 프리미엄 헬스테크 브랜드, 슬룸입니다.
진심 어린 소중한 후기 감사합니다. 💜

앞으로도 좋은 상품과 서비스로 고객님들을 찾아뵐 수 있도록 노력하겠습니다.
감사합니다. :)"
116803,2026-06-18 00:00:00,,,고등학교 동창 모임에 나갔는데 다들 살 빠졌냐고 물어봐서 좀 당황했어요. 사실 몸무게는 작년이랑 똑같은데 탄력이 생기면서 라인이 다르게 보인 거였어요. 모임 끝나고 단톡방에서 제품 이름 물어보길래 그대로 링크 보내줬어요.,8d9ec626e8e7,,1003,바디풀고컷 경락 마사지기,99000,,기존리뷰,5,,0,0,1,"안녕하세요. 프리미엄 헬스테크 브랜드, 슬룸입니다.
시간 내어 소중한 후기를 작성해 주셔서 감사드립니다. :)

믿고 찾는 쇼핑몰이 되기 위해 더 좋은 상품과 서비스를 준비하겠습니다.
감사합니다. 💜"
116804,2026-06-26 00:00:00,,,"여름에 짧은 바지나 치마를 입을 때마다 종아리가 신경 쓰여서 스트레스였는데, 두 달 동안 종아리 라인을 집중적으로 케어하고 나서 그 스트레스가 많이 줄었어요. 옷 고르는 시간도 확실히 짧아졌어요.",30af88252252,,1003,바디풀고컷 경락 마사지기,99000,,기존리뷰,5,,0,0,1,"안녕하세요. 프리미엄 헬스테크 브랜드, 슬룸입니다.
진심 어린 소중한 후기 감사합니다. 💜

앞으로도 좋은 상품과 서비스로 고객님들을 찾아뵐 수 있도록 노력하겠습니다.
감사합니다. :)"
116805,2026-06-23 00:00:00,,,다리 붓기가 너무 심해서 압박스타킹을 신어봤는데 답답해서 오래 못 신었어요. 이건 능동적으로 순환을 도와주는 느낌이라 압박스타킹보다 훨씬 효과적인 것 같아요. 답답함 없이 효과를 보는 게 제일 만족스러운 점이에요.,7ea2e52b17fc,,1003,바디풀고컷 경락 마사지기,99000,,기존리뷰,5,,0,0,1,"안녕하세요. 프리미엄 헬스테크 브랜드, 슬룸입니다.
정성스럽게 올려주신 소중한 후기 감사합니다. 💜

고객님의 목소리로 더 발전하는 슬룸이 되도록 노력하겠습니다.
감사합니다. 🙇‍♀️"
116806,2026-06-21 00:00:00,,,"팔뚝, 복부, 허벅지 세 부위를 동시에 신경 써야 해서 시간이 부족할까 걱정했는데, 막상 해보니까 부위별로 10분씩만 해도 30분이면 전신 케어가 끝나더라고요. 생각보다 효율적이었어요.",dd838ee78c0b,,1003,바디풀고컷 경락 마사지기,99000,,기존리뷰,4,,0,0,1,"안녕하세요. 프리미엄 헬스테크 브랜드, 슬룸입니다.
진심 어린 소중한 후기 감사합니다. 💜

앞으로도 좋은 상품과 서비스로 고객님들을 찾아뵐 수 있도록 노력하겠습니다.
감사합니다. :)"
116807,2026-06-17 00:00:00,,,주 4회 헬스장을 다니는데 운동 끝나고 다리가 너무 뻐근해서 다음 날까지 영향을 줬어요. 운동 끝나고 샤워하고 나서 바로 이거로 마무리 케어를 하니까 다음 날 컨디션이 훨씬 좋아졌어요. 운동 회복용으로도 진짜 효과적이에요.,a0a193239e15,,1003,바디풀고컷 경락 마사지기,99000,,기존리뷰,5,,0,0,1,"안녕하세요. 프리미엄 헬스테크 브랜드, 슬룸입니다.
정성스럽게 올려주신 소중한 후기 감사합니다. 💜

고객님의 목소리로 더 발전하는 슬룸이 되도록 노력하겠습니다.
감사합니다. 🙇‍♀️"
116808,2026-06-19 00:00:00,,,"영업직이라 출장이 잦은데 캐리어 끌고 공항이랑 클라이언트 사무실을 돌아다니면 발이 금방 피곤해져요. 호텔에서 바로 쓸 수 있게 항상 챙겨 다니는데, 출장 중 컨디션 유지에 진짜 큰 도움이 돼요.",277172ed5fed,,1003,바디풀고컷 경락 마사지기,99000,,기존리뷰,5,,0,0,1,"안녕하세요. 프리미엄 헬스테크 브랜드, 슬룸입니다.
진심 어린 소중한 후기 감사합니다. 💜

앞으로도 좋은 상품과 서비스로 고객님들을 찾아뵐 수 있도록 노력하겠습니다.
감사합니다. :)"
116809,2026-06-23 00:00:00,,,퇴근하고 헬스장 가고 싶은데 다리가 너무 무거워서 못 가던 날이 많았어요. 집에서 이거로 먼저 붓기를 빼고 가니까 운동할 의욕도 생기고 몸도 훨씬 가벼워져서 운동 빈도 자체가 늘었어요.,92d1cd75e4ab,,1003,바디풀고컷 경락 마사지기,99000,,기존리뷰,5,,0,0,1,"안녕하세요. 프리미엄 헬스테크 브랜드, 슬룸입니다.
정성스럽게 올려주신 소중한 후기 감사합니다. 💜

고객님의 목소리로 더 발전하는 슬룸이 되도록 노력하겠습니다.
감사합니다. 🙇‍♀️"
116810,2026-06-16 00:00:00,,,"허벅지에 7단계를 쓰면 근육이 제 의지와 상관없이 혼자 움찔거려요. 처음 그걸 느꼈을 때는 솔직히 좀 무서웠어요. 다음 날 허벅지가 마치 스쿼트 100개 한 것처럼 뻐근했는데, 그게 EMS가 제대로 들어갔다는 증거더라고요. 그 뒤로는 그 뻐근함이 오히려 기다려져요.",2ac11e0d766b,,1003,바디풀고컷 경락 마사지기,99000,,기존리뷰,4,,0,0,1,"안녕하세요. 프리미엄 헬스테크 브랜드, 슬룸입니다.
시간 내어 소중한 후기를 작성해 주셔서 감사드립니다. :)

믿고 찾는 쇼핑몰이 되기 위해 더 좋은 상품과 서비스를 준비하겠습니다.
감사합니다. 💜"
116811,2026-06-15 00:00:00,,,"에스테틱은 보통 주 1회 권장인데, 그 정도 시간이랑 돈을 들이는 게 쉽지 않잖아요. 이건 주 5~6회도 가능하고 제가 시간을 정해요. 빈도가 이렇게 차이 나니까 효과 속도도 다를 수밖에 없는 것 같아요. 접근성이 이렇게 중요한 변수였다는 걸 새삼 느꼈어요.",e36dc31721d2,,1003,바디풀고컷 경락 마사지기,99000,,기존리뷰,5,,0,0,1,"안녕하세요. 프리미엄 헬스테크 브랜드, 슬룸입니다.
시간 내어 소중한 후기를 작성해 주셔서 감사드립니다. :)

믿고 찾는 쇼핑몰이 되기 위해 더 좋은 상품과 서비스를 준비하겠습니다.
감사합니다. 💜"
116812,2026-06-25 00:00:00,,,1단계로 켰을 때부터 이게 장난이 아니다 싶었어요. 강하진 않은데 반응이 확실히 오거든요. 그동안 써본 패드형 제품들이랑은 시작 단계부터 달랐어요.,06f1ee9e30fb,,1003,바디풀고컷 경락 마사지기,99000,,기존리뷰,5,,0,0,1,"안녕하세요. 프리미엄 헬스테크 브랜드, 슬룸입니다.
정성스럽게 올려주신 소중한 후기 감사합니다. 💜

고객님의 목소리로 더 발전하는 슬룸이 되도록 노력하겠습니다.
감사합니다. 🙇‍♀️"
116813,2026-06-16 00:00:00,,,주 2회 수영 강습을 다니는데 수영복 입은 모습이 항상 신경 쓰였어요. 강습 시작하면서 동시에 이걸로 허벅지랑 복부 케어를 병행했는데 강습 끝날 때쯤엔 자신 있게 수영복을 입을 수 있었어요. 운동이랑 같이 하니까 효과가 더 빨리 오는 것 같아요.,a7b0b202e7fb,,1003,바디풀고컷 경락 마사지기,99000,,기존리뷰,4,,0,0,1,"안녕하세요. 프리미엄 헬스테크 브랜드, 슬룸입니다.
정성스럽게 올려주신 소중한 후기 감사합니다. 💜

고객님의 목소리로 더 발전하는 슬룸이 되도록 노력하겠습니다.
감사합니다. 🙇‍♀️"
116814,2026-06-24 00:00:00,,,"매일 자기 전 30분씩 쓰는 루틴이 생겼어요. 이게 매일 에스테틱을 받는 거랑 똑같은 셈이잖아요. 한 달쯤 지나서 친언니가 갑자기 너 요즘 몸 좋아 보인다고 하더라고요. 살 빠진 거냐고 물어봤는데 사실 체중은 그대로고 탄력만 달라진 건데, 언니가 그걸 눈치챈 게 신기했어요.",8348b9a84b48,,1003,바디풀고컷 경락 마사지기,99000,,기존리뷰,5,,0,0,1,"안녕하세요. 프리미엄 헬스테크 브랜드, 슬룸입니다.
진심 어린 소중한 후기 감사합니다. 💜

앞으로도 좋은 상품과 서비스로 고객님들을 찾아뵐 수 있도록 노력하겠습니다.
감사합니다. :)"
116815,2026-06-24 00:00:00,,,주말 아침 9시쯤 30분씩 쓰는 루틴을 만들었어요. 평일엔 출근 준비랑 야근 때문에 못 하더라도 주말 루틴만 꾸준히 지켜도 몸 상태 유지에는 충분한 것 같아요.,5d2c997d23ed,,1003,바디풀고컷 경락 마사지기,99000,,기존리뷰,5,,0,0,1,"안녕하세요. 프리미엄 헬스테크 브랜드, 슬룸입니다.
진심 어린 소중한 후기 감사합니다. 💜

앞으로도 좋은 상품과 서비스로 고객님들을 찾아뵐 수 있도록 노력하겠습니다.
감사합니다. :)"
116816,2026-06-21 00:00:00,,,"종아리 라인 때문에 무릎 위로 올라가는 짧은 치마는 절대 안 입었어요. 두 달 동안 붓기모드랑 컷팅모드를 번갈아 쓴 후에 처음으로 짧은 스커트를 입고 출근했는데, 다리가 가늘어 보인다는 말을 들어서 너무 기뻤어요.",7ae8898fbd8b,,1003,바디풀고컷 경락 마사지기,99000,,기존리뷰,5,,0,0,1,"안녕하세요. 프리미엄 헬스테크 브랜드, 슬룸입니다.
시간 내어 소중한 후기를 작성해 주셔서 감사드립니다. :)

믿고 찾는 쇼핑몰이 되기 위해 더 좋은 상품과 서비스를 준비하겠습니다.
감사합니다. 💜"
116817,2026-06-14 00:00:00,,,복부 탄력이 부족해서 정장 바지를 입으면 항상 배가 나와 보였어요. 두 달 정도 탄력모드로 케어하고 나서 정장을 입어도 라인이 깔끔하게 떨어지는 게 보여요. 옷맵시가 이렇게 달라지는 게 제일 큰 변화예요.,22dc60cea2de,,1003,바디풀고컷 경락 마사지기,99000,,기존리뷰,4,,0,0,1,"안녕하세요. 프리미엄 헬스테크 브랜드, 슬룸입니다.
시간 내어 소중한 후기를 작성해 주셔서 감사드립니다. :)

믿고 찾는 쇼핑몰이 되기 위해 더 좋은 상품과 서비스를 준비하겠습니다.
감사합니다. 💜"
116818,2026-06-27 00:00:00,,,"탄력모드 진동이 처음엔 꽤 세게 느껴져서 당황했는데, 이게 살을 깨우는 느낌이라는 걸 며칠 쓰고 나니까 알겠더라고요. 셀룰라이트 있는 허벅지 뒤쪽에 쓰면 묵직하게 시원한 느낌이 와서 이 모드를 제일 자주 쓰게 됐어요.",3de213010767,,1003,바디풀고컷 경락 마사지기,99000,,기존리뷰,5,,0,0,1,"안녕하세요. 프리미엄 헬스테크 브랜드, 슬룸입니다.
정성스럽게 올려주신 소중한 후기 감사합니다. 💜

고객님의 목소리로 더 발전하는 슬룸이 되도록 노력하겠습니다.
감사합니다. 🙇‍♀️"
116819,2026-06-16 00:00:00,,,"괄사 샵에서 종아리에 멍이 너무 심하게 들어서 한 달 넘게 멍 자국이 안 빠진 적이 있어요. 그 뒤로 무서워서 안 갔거든요. 이건 강도를 1단계부터 15단계까지 직접 조절하니까 멍 들 정도로 세게 안 해도 충분히 시원해요. 지금은 7단계가 제 적정선인데, 그 강도로 매일 종아리랑 허벅지를 번갈아 쓰고 있어요.",c1eb8fd394ed,,1003,바디풀고컷 경락 마사지기,99000,,기존리뷰,5,,0,0,1,"안녕하세요. 프리미엄 헬스테크 브랜드, 슬룸입니다.
시간 내어 소중한 후기를 작성해 주셔서 감사드립니다. :)

믿고 찾는 쇼핑몰이 되기 위해 더 좋은 상품과 서비스를 준비하겠습니다.
감사합니다. 💜"
116820,2026-06-25 00:00:00,,,롤링만 되는 괄사 기기랑 EMS에 고주파까지 들어오는 이 제품을 비교하는 거 자체가 의미가 없어요. 가격대는 비슷한데 할 수 있는 게 차원이 다르거든요. 작년에 산 괄사 기기는 중고로 헐값에 처분했어요.,77ade2072481,,1003,바디풀고컷 경락 마사지기,99000,,기존리뷰,5,,0,0,1,"안녕하세요. 프리미엄 헬스테크 브랜드, 슬룸입니다.
진심 어린 소중한 후기 감사합니다. 💜

앞으로도 좋은 상품과 서비스로 고객님들을 찾아뵐 수 있도록 노력하겠습니다.
감사합니다. :)"
116821,2026-06-15 00:00:00,,,"공무원 시험 준비할 때 독서실에서 하루 10시간 넘게 앉아서 공부했는데, 그때 다리 저림이 정말 심했어요. 그땐 이런 제품도 몰랐는데, 합격하고 취업한 지금이라도 알아서 매일 쓰고 있어요.",9e57ea7661e5,,1003,바디풀고컷 경락 마사지기,99000,,기존리뷰,4,,0,0,1,"안녕하세요. 프리미엄 헬스테크 브랜드, 슬룸입니다.
정성스럽게 올려주신 소중한 후기 감사합니다. 💜

고객님의 목소리로 더 발전하는 슬룸이 되도록 노력하겠습니다.
감사합니다. 🙇‍♀️"
116822,2026-06-22 00:00:00,,,3단계만 해도 종아리 근육이 반응하는 게 손으로 잡았을 때 확실히 느껴져요. 처음엔 진짜 근육이 수축하는 건가 신기해서 손으로 계속 만져봤어요. 이게 매일 쌓이면 라인이 달라지겠다는 게 직접 만져보니까 바로 이해가 되더라고요.,f7cf96a6c8ba,,1003,바디풀고컷 경락 마사지기,99000,,기존리뷰,5,,0,0,1,"안녕하세요. 프리미엄 헬스테크 브랜드, 슬룸입니다.
진심 어린 소중한 후기 감사합니다. 💜

앞으로도 좋은 상품과 서비스로 고객님들을 찾아뵐 수 있도록 노력하겠습니다.
감사합니다. :)"
116823,2026-06-24 00:00:00,,,복부랑 허벅지 둘 다 신경 쓰여서 매일 번갈아 가며 케어했어요. 한 달 후에 처음 사진이랑 비교해보니까 둘 다 확실히 달라져 있더라고요. 꾸준함이 결국 답이라는 걸 새삼 느꼈어요.,061a1fefc419,,1003,바디풀고컷 경락 마사지기,99000,,기존리뷰,5,,0,0,1,"안녕하세요. 프리미엄 헬스테크 브랜드, 슬룸입니다.
시간 내어 소중한 후기를 작성해 주셔서 감사드립니다. :)

믿고 찾는 쇼핑몰이 되기 위해 더 좋은 상품과 서비스를 준비하겠습니다.
감사합니다. 💜"
116824,2026-06-30 00:00:00,,,"식스팩까지 욕심내진 않고, 그냥 배가 좀 들어가 보이는 정도만 원했어요. 6주 정도 탄력모드로 복부 케어했더니 그 정도는 충분히 달성됐어요. 무리한 목표보다 현실적인 목표가 오히려 빨리 이뤄지는 것 같아요.",9406cb64938c,,1003,바디풀고컷 경락 마사지기,99000,,기존리뷰,4,,0,0,1,"안녕하세요. 프리미엄 헬스테크 브랜드, 슬룸입니다.
시간 내어 소중한 후기를 작성해 주셔서 감사드립니다. :)

믿고 찾는 쇼핑몰이 되기 위해 더 좋은 상품과 서비스를 준비하겠습니다.
감사합니다. 💜"
116825,2026-06-15 00:00:00,,,허벅지 두께 자체보다 탄력이 더 중요하다는 걸 이번에 확실히 깨달았어요. 두께는 거의 그대로인데 탄력이 생기니까 보이는 느낌이 완전히 달라졌거든요.,d4710b11fea5,,1003,바디풀고컷 경락 마사지기,99000,,기존리뷰,5,,0,0,1,"안녕하세요. 프리미엄 헬스테크 브랜드, 슬룸입니다.
시간 내어 소중한 후기를 작성해 주셔서 감사드립니다. :)

믿고 찾는 쇼핑몰이 되기 위해 더 좋은 상품과 서비스를 준비하겠습니다.
감사합니다. 💜"
116826,2026-06-14 00:00:00,,,"체형 자체가 완전히 바뀌는 건 아니지만, 부분 부분 탄력이 생기면서 전체적인 비율이 좋아 보이는 효과가 있어요. 살을 빼는 것보다 이게 더 빠르고 확실한 방법인 것 같다는 생각이 들었어요.",520de501e230,,1003,바디풀고컷 경락 마사지기,99000,,기존리뷰,5,,0,0,1,"안녕하세요. 프리미엄 헬스테크 브랜드, 슬룸입니다.
시간 내어 소중한 후기를 작성해 주셔서 감사드립니다. :)

믿고 찾는 쇼핑몰이 되기 위해 더 좋은 상품과 서비스를 준비하겠습니다.
감사합니다. 💜"
116827,2026-06-20 00:00:00,,,출퇴근에 왕복 두 시간이 걸리는데 그 시간 내내 만원 지하철에서 서서 가요. 집에 도착하면 다리가 천근만근인데 바로 이거 켜고 종아리부터 풀어주면 다음 날 컨디션이 확실히 달라요. 이게 없었으면 매일 출퇴근 자체가 더 힘들었을 것 같아요.,4698e5c2f5fb,,1003,바디풀고컷 경락 마사지기,99000,,기존리뷰,5,,0,0,1,"안녕하세요. 프리미엄 헬스테크 브랜드, 슬룸입니다.
정성스럽게 올려주신 소중한 후기 감사합니다. 💜

고객님의 목소리로 더 발전하는 슬룸이 되도록 노력하겠습니다.
감사합니다. 🙇‍♀️"
116828,2026-06-22 00:00:00,,,결혼기념일에 남편이 예쁜 원피스를 선물해줬는데 처음엔 입을 자신이 없었어요. 한 달 정도 복부랑 옆구리 집중 케어한 후에 그 원피스를 입고 기념일 저녁 식사를 즐겼어요. 선물한 보람이 있게 입을 수 있어서 다행이었어요.,f4579d331787,,1003,바디풀고컷 경락 마사지기,99000,,기존리뷰,4,,0,0,1,"안녕하세요. 프리미엄 헬스테크 브랜드, 슬룸입니다.
진심 어린 소중한 후기 감사합니다. 💜

앞으로도 좋은 상품과 서비스로 고객님들을 찾아뵐 수 있도록 노력하겠습니다.
감사합니다. :)"
116829,2026-06-15 00:00:00,,,장거리 택배 운전을 하는 직업이라 하루 8시간 넘게 운전하다 보면 다리가 항상 뻣뻣해요. 운전 끝나고 집에 와서 쓰면 그 뻣뻣함이 풀리는 게 확실히 느껴져요. 장거리 운전하시는 분들한테는 필수템 같아요.,f1fdc3c92b4d,,1003,바디풀고컷 경락 마사지기,99000,,기존리뷰,5,,0,0,1,"안녕하세요. 프리미엄 헬스테크 브랜드, 슬룸입니다.
진심 어린 소중한 후기 감사합니다. 💜

앞으로도 좋은 상품과 서비스로 고객님들을 찾아뵐 수 있도록 노력하겠습니다.
감사합니다. :)"
116830,2026-06-20 00:00:00,,,"남편이랑 매일 밤 10시쯤 같이 쓰는 시간을 정해놨어요. 둘이 같이 쓰면서 그날 하루 있었던 일 얘기도 하고 케어도 같이 하니까, 일상 루틴이면서 동시에 부부 시간이 되는 느낌이라 좋아요.",9bb16f22453a,,1003,바디풀고컷 경락 마사지기,99000,,기존리뷰,5,,0,0,1,"안녕하세요. 프리미엄 헬스테크 브랜드, 슬룸입니다.
정성스럽게 올려주신 소중한 후기 감사합니다. 💜

고객님의 목소리로 더 발전하는 슬룸이 되도록 노력하겠습니다.
감사합니다. 🙇‍♀️"
116831,2026-06-16 00:00:00,,,컷팅모드 M3의 자극 패턴이 제일 마음에 들어요. 약했다가 강해지는 게 반복되는데 이게 수기 마사지 받을 때 손길의 강약이랑 비슷한 리듬이거든요. 그래서 그런지 30분을 써도 지루하지가 않아요. 처음 써본 날은 모드 바꿀 생각도 안 하고 그냥 컷팅모드만 30분 채웠어요.,8bf4944db405,,1003,바디풀고컷 경락 마사지기,99000,,기존리뷰,5,,0,0,1,"안녕하세요. 프리미엄 헬스테크 브랜드, 슬룸입니다.
진심 어린 소중한 후기 감사합니다. 💜

앞으로도 좋은 상품과 서비스로 고객님들을 찾아뵐 수 있도록 노력하겠습니다.
감사합니다. :)"
116832,2026-06-25 00:00:00,,,"림프 드레니지 전문 샵을 9만원짜리로 한 달에 한 번씩 다녔는데, 종아리 붓기 때문에 어쩔 수 없이 계속 갔던 거예요. 이거 쓰고 나서는 그 비용이 완전히 없어졌어요. 붓기모드 M1으로 종아리를 15분 정도 쓰면 림프가 흐르는 느낌이 확실하게 와요. 그 9만원짜리 샵 다닐 때보다 오히려 빈도가 잦으니까 붓기 관리가 더 잘 되는 것 같아요.",128dfbabff96,,1003,바디풀고컷 경락 마사지기,99000,,기존리뷰,4,,0,0,1,"안녕하세요. 프리미엄 헬스테크 브랜드, 슬룸입니다.
시간 내어 소중한 후기를 작성해 주셔서 감사드립니다. :)

믿고 찾는 쇼핑몰이 되기 위해 더 좋은 상품과 서비스를 준비하겠습니다.
감사합니다. 💜"
116833,2026-06-21 00:00:00,,,출퇴근 가방에 항상 넣고 다니면서 점심시간이나 잠깐의 휴식 시간에도 써요. 집에서만 쓰는 게 아니라 어디서든 쓸 수 있다는 게 루틴 유지에 정말 큰 도움이 돼요.,3cfbeae42254,,1003,바디풀고컷 경락 마사지기,99000,,기존리뷰,5,,0,0,1,"안녕하세요. 프리미엄 헬스테크 브랜드, 슬룸입니다.
시간 내어 소중한 후기를 작성해 주셔서 감사드립니다. :)

믿고 찾는 쇼핑몰이 되기 위해 더 좋은 상품과 서비스를 준비하겠습니다.
감사합니다. 💜"
116834,2026-06-27 00:00:00,,,다이어트는 따로 안 하고 식단도 그대로인데 이것만 매일 쓰면서 라인이 달라졌어요. 체중 변화가 거의 없는데 탄력만으로 이렇게 다르게 보이는 게 신기해서 친구들한테도 추천했어요.,abce5a4e4b4d,,1003,바디풀고컷 경락 마사지기,99000,,기존리뷰,5,,0,0,1,"안녕하세요. 프리미엄 헬스테크 브랜드, 슬룸입니다.
정성스럽게 올려주신 소중한 후기 감사합니다. 💜

고객님의 목소리로 더 발전하는 슬룸이 되도록 노력하겠습니다.
감사합니다. 🙇‍♀️"
116835,2026-06-24 00:00:00,,,"백화점 매장에서 일하는데 8시간 내내 서서 손님을 응대하다 보면 발목이 퉁퉁 부어요. 퇴근 후 루틴으로 자리잡은 지 한 달 됐는데, 출근할 때 신발 신는 느낌부터가 예전이랑 달라요. 발이 가벼워졌다는 게 이런 거구나 싶었어요.",ed776f5ce48a,,1003,바디풀고컷 경락 마사지기,99000,,기존리뷰,4,,0,0,1,"안녕하세요. 프리미엄 헬스테크 브랜드, 슬룸입니다.
진심 어린 소중한 후기 감사합니다. 💜

앞으로도 좋은 상품과 서비스로 고객님들을 찾아뵐 수 있도록 노력하겠습니다.
감사합니다. :)"
116836,2026-06-18 00:00:00,,,"운동을 진짜 열심히 하는 남동생한테 한번 써보라고 했는데, EMS 퀄리티가 생각보다 높다고 평가해주더라고요. 여성용 기기인 줄 알았는데 남자도 잘 맞고 운동 보조용으로도 충분히 쓸 만하다고 했어요. 운동하는 사람이 인정하니까 신뢰가 더 생겼어요.",3b21efeead53,,1003,바디풀고컷 경락 마사지기,99000,,기존리뷰,5,,0,0,1,"안녕하세요. 프리미엄 헬스테크 브랜드, 슬룸입니다.
시간 내어 소중한 후기를 작성해 주셔서 감사드립니다. :)

믿고 찾는 쇼핑몰이 되기 위해 더 좋은 상품과 서비스를 준비하겠습니다.
감사합니다. 💜"
116837,2026-06-24 00:00:00,,,"팔뚝 콤플렉스 때문에 6월부터 8월까지는 무조건 긴팔이나 카디건만 입었어요. 올해는 처음으로 7월에 반팔 입고 출근했는데, 동료들은 모르겠지만 저 혼자 거울 보면서 느끼는 자신감이 확실히 달라졌어요.",265f8edaa1f3,,1003,바디풀고컷 경락 마사지기,99000,,기존리뷰,5,,0,0,1,"안녕하세요. 프리미엄 헬스테크 브랜드, 슬룸입니다.
진심 어린 소중한 후기 감사합니다. 💜

앞으로도 좋은 상품과 서비스로 고객님들을 찾아뵐 수 있도록 노력하겠습니다.
감사합니다. :)"
116838,2026-06-24 00:00:00,,,퇴근하고 옷 갈아입는 순서 사이에 이걸 끼워 넣었어요. 옷 갈아입고 바로 쓰는 흐름으로 만드니까 별다른 의지 없이도 자동으로 손이 가게 됐어요. 루틴을 만드는 데 순서 배치가 이렇게 중요한지 몰랐어요.,4433fc5bb744,,1003,바디풀고컷 경락 마사지기,99000,,기존리뷰,5,,0,0,1,"안녕하세요. 프리미엄 헬스테크 브랜드, 슬룸입니다.
진심 어린 소중한 후기 감사합니다. 💜

앞으로도 좋은 상품과 서비스로 고객님들을 찾아뵐 수 있도록 노력하겠습니다.
감사합니다. :)"
116839,2026-06-30 00:00:00,,,운동 후 종아리에 쓰면 다음 날 뻐근함이 확실히 줄어들어요. EMS가 근육 순환을 도와주는 건지 회복 속도가 빠른 것 같아요. 운동 전후로 쓰는 루틴이 생기고 나서 운동 효과도 더 잘 느껴지는 것 같아요.,67aa2f197145,,1003,바디풀고컷 경락 마사지기,99000,,기존리뷰,4,,0,0,1,"안녕하세요. 프리미엄 헬스테크 브랜드, 슬룸입니다.
시간 내어 소중한 후기를 작성해 주셔서 감사드립니다. :)

믿고 찾는 쇼핑몰이 되기 위해 더 좋은 상품과 서비스를 준비하겠습니다.
감사합니다. 💜"
116840,2026-06-21 00:00:00,,,"주말마다 북한산 등산을 다니는데, 하산하고 나면 다리가 풀리면서 동시에 피곤함이 몰려와요. 하산 후 차에 타자마자 바로 쓰는 루틴이 생겼는데, 집에 도착할 때쯤이면 다리가 한결 가벼워져 있어요.",2d423d1885c8,,1003,바디풀고컷 경락 마사지기,99000,,기존리뷰,5,,0,0,1,"안녕하세요. 프리미엄 헬스테크 브랜드, 슬룸입니다.
정성스럽게 올려주신 소중한 후기 감사합니다. 💜

고객님의 목소리로 더 발전하는 슬룸이 되도록 노력하겠습니다.
감사합니다. 🙇‍♀️"
116841,2026-06-15 00:00:00,,,"항공사에서 일하는데 장거리 비행 후엔 다리가 항상 심하게 부어요. 인천에서 LA까지 비행하고 나면 발이 신발 안에서 꽉 끼는 느낌인데, 호텔 도착하자마자 이거 쓰면 다음 날 일정 소화하는 게 훨씬 수월해요.",5f454cf1b47a,,1003,바디풀고컷 경락 마사지기,99000,,기존리뷰,5,,0,0,1,"안녕하세요. 프리미엄 헬스테크 브랜드, 슬룸입니다.
정성스럽게 올려주신 소중한 후기 감사합니다. 💜

고객님의 목소리로 더 발전하는 슬룸이 되도록 노력하겠습니다.
감사합니다. 🙇‍♀️"
116842,2026-06-18 00:00:00,,,허벅지 안쪽 라인을 잡는 게 생각보다 오래 걸렸어요. 두 달 정도는 꾸준히 매일 해야 눈에 띄는 변화가 오는 것 같더라고요. 다른 부위보다 인내심이 더 필요한 부위인 것 같아요.,bbac7ef33105,,1003,바디풀고컷 경락 마사지기,99000,,기존리뷰,5,,0,0,1,"안녕하세요. 프리미엄 헬스테크 브랜드, 슬룸입니다.
시간 내어 소중한 후기를 작성해 주셔서 감사드립니다. :)

믿고 찾는 쇼핑몰이 되기 위해 더 좋은 상품과 서비스를 준비하겠습니다.
감사합니다. 💜"
116843,2026-06-20 00:00:00,,,근적외선이랑 EMS를 같이 켜고 쓰는 게 진짜 다른 레벨이에요. 처음엔 두 가지를 따로 써보다가 같이 써보니까 온열감에 근육이 풀리면서 EMS가 더 깊이 들어오는 느낌이 확실히 달라요. 이제는 둘 다 안 켜고 쓰면 뭔가 손해 보는 느낌이라 항상 같이 켜요.,2db2c0b2aac3,,1003,바디풀고컷 경락 마사지기,99000,,기존리뷰,4,,0,0,1,"안녕하세요. 프리미엄 헬스테크 브랜드, 슬룸입니다.
정성스럽게 올려주신 소중한 후기 감사합니다. 💜

고객님의 목소리로 더 발전하는 슬룸이 되도록 노력하겠습니다.
감사합니다. 🙇‍♀️"
116844,2026-06-18 00:00:00,,,처음 일주일은 매일 빠짐없이 썼는데 그 이후로는 자연스럽게 텀이 생겼어요. 그래도 일주일에 4번 정도는 꼭 쓰게 되는 게 신기해요. 몸이 먼저 그 시원함을 기억하고 찾는 것 같은 느낌이에요.,d8d4cd2cedbe,,1003,바디풀고컷 경락 마사지기,99000,,기존리뷰,5,,0,0,1,"안녕하세요. 프리미엄 헬스테크 브랜드, 슬룸입니다.
정성스럽게 올려주신 소중한 후기 감사합니다. 💜

고객님의 목소리로 더 발전하는 슬룸이 되도록 노력하겠습니다.
감사합니다. 🙇‍♀️"
116845,2026-06-27 00:00:00,,,"여름 한정으로 산 거였는데 효과를 직접 보고 나서 사계절 내내 쓰기로 마음먹었어요. 여름 끝났다고 그만두면 다시 원래대로 돌아갈 것 같아서, 일년 내내 꾸준히 쓰는 게 맞다는 결론을 내렸어요.",6892bfe7d988,,1003,바디풀고컷 경락 마사지기,99000,,기존리뷰,5,,0,0,1,"안녕하세요. 프리미엄 헬스테크 브랜드, 슬룸입니다.
진심 어린 소중한 후기 감사합니다. 💜

앞으로도 좋은 상품과 서비스로 고객님들을 찾아뵐 수 있도록 노력하겠습니다.
감사합니다. :)"
116846,2026-06-25 00:00:00,,,"출산 휴가 6개월 끝나고 다시 종일 서서 일하는 매장직으로 복귀했는데, 예전보다 다리 붓기가 훨씬 심해졌어요. 출산 후 체질이 바뀐 건지 모르겠는데, 이게 없으면 매일이 정말 힘들 것 같아요. 퇴근하자마자 켜는 게 습관이 됐어요.",26961daec3e2,,1003,바디풀고컷 경락 마사지기,99000,,기존리뷰,4,,0,0,1,"안녕하세요. 프리미엄 헬스테크 브랜드, 슬룸입니다.
시간 내어 소중한 후기를 작성해 주셔서 감사드립니다. :)

믿고 찾는 쇼핑몰이 되기 위해 더 좋은 상품과 서비스를 준비하겠습니다.
감사합니다. 💜"
116847,2026-06-21 00:00:00,,,다니던 샵 원장님 실력 편차가 좀 있었어요. 어떤 날은 손맛이 진짜 시원하고 어떤 날은 그냥 시간만 채우다 가는 느낌이었거든요. 이건 제가 강도와 모드를 직접 정하고 원하는 부위에 원하는 만큼 집중할 수 있어서 그런 편차가 전혀 없어요. 오히려 일관되게 만족스러운 케어를 받는 느낌이라 더 믿음이 가요.,7a471b98bd0d,,1003,바디풀고컷 경락 마사지기,99000,,기존리뷰,5,,0,0,1,"안녕하세요. 프리미엄 헬스테크 브랜드, 슬룸입니다.
진심 어린 소중한 후기 감사합니다. 💜

앞으로도 좋은 상품과 서비스로 고객님들을 찾아뵐 수 있도록 노력하겠습니다.
감사합니다. :)"
116848,2026-06-20 00:00:00,,,복부에 쓸 때 속이 움찔거리는 게 플랭크 1분 버틸 때 느낌이랑 비슷해요. 코어 근육이 직접 반응하는 게 느껴지거든요. 운동 안 한 날 저녁에 이거라도 쓰면 조금은 죄책감이 줄어드는 효과도 있어요.,783a643bba93,,1003,바디풀고컷 경락 마사지기,99000,,기존리뷰,5,,0,0,1,"안녕하세요. 프리미엄 헬스테크 브랜드, 슬룸입니다.
정성스럽게 올려주신 소중한 후기 감사합니다. 💜

고객님의 목소리로 더 발전하는 슬룸이 되도록 노력하겠습니다.
감사합니다. 🙇‍♀️"
116849,2026-06-23 00:00:00,,,셀룰라이트 집중 케어 패키지가 4회에 30만원이었어요. 결제 직전까지 갔다가 망설여져서 일단 이것부터 써보자 했는데 3주 만에 허벅지 뒤쪽 피부 결이 확실히 달라졌어요. 손으로 만져보면 예전엔 오돌토돌했는데 지금은 훨씬 매끈해요. 그 30만원짜리 패키지 결제 안 하길 잘한 것 같아요. 이거 두 달 쓰는 시간이 그 패키지 받는 기간이랑 비슷한데 비용 차이는 어마어마하니까요.,6534327bd6af,,1003,바디풀고컷 경락 마사지기,99000,,기존리뷰,5,,0,0,1,"안녕하세요. 프리미엄 헬스테크 브랜드, 슬룸입니다.
시간 내어 소중한 후기를 작성해 주셔서 감사드립니다. :)

믿고 찾는 쇼핑몰이 되기 위해 더 좋은 상품과 서비스를 준비하겠습니다.
감사합니다. 💜"
116850,2026-06-14 00:00:00,,,"올여름에 입으려고 산 흰색 린넨 원피스가 있는데, 작년에 비슷한 옷 입었던 사진이랑 비교해보니 핏이 훨씬 잘 나와요. 같은 체형인 줄 알았는데 탄력 하나로 옷발이 이렇게 다르게 나올 수 있다는 게 신기했어요.",42af965a7389,,1003,바디풀고컷 경락 마사지기,99000,,기존리뷰,4,,0,0,1,"안녕하세요. 프리미엄 헬스테크 브랜드, 슬룸입니다.
진심 어린 소중한 후기 감사합니다. 💜

앞으로도 좋은 상품과 서비스로 고객님들을 찾아뵐 수 있도록 노력하겠습니다.
감사합니다. :)"
116851,2026-06-20 00:00:00,,,허벅지 사이 간격을 만드는 게 목표였는데 완전히 만들지는 못했어요. 그래도 두 달 정도 컷팅모드 집중 케어 후에 걸을 때 허벅지 안쪽이 닿는 느낌이 확실히 줄어들었어요. 이 정도만으로도 충분히 만족스러워요.,c215723fccf7,,1003,바디풀고컷 경락 마사지기,99000,,기존리뷰,5,,0,0,1,"안녕하세요. 프리미엄 헬스테크 브랜드, 슬룸입니다.
정성스럽게 올려주신 소중한 후기 감사합니다. 💜

고객님의 목소리로 더 발전하는 슬룸이 되도록 노력하겠습니다.
감사합니다. 🙇‍♀️"
116852,2026-06-30 00:00:00,,,"생일에 친구한테 선물로 받았어요. 받을 때는 비싼 거 부담스럽다고 했는데, 한 달 써보고 나서는 올해 받은 선물 중에 단연 1등이라고 말하고 다녀요. 에스테틱 비용 줄면서 효과는 더 좋아지고 있으니, 그 친구한테 정말 두고두고 고맙다고 했어요.",798d34ad886f,,1003,바디풀고컷 경락 마사지기,99000,,기존리뷰,5,,0,0,1,"안녕하세요. 프리미엄 헬스테크 브랜드, 슬룸입니다.
정성스럽게 올려주신 소중한 후기 감사합니다. 💜

고객님의 목소리로 더 발전하는 슬룸이 되도록 노력하겠습니다.
감사합니다. 🙇‍♀️"
116853,2026-06-23 00:00:00,,,친구랑 서로 인증샷을 매일 카톡으로 보내면서 동기부여를 받고 있어요. 혼자 하면 흐지부지될 수 있는데 같이 하니까 책임감이 생겨서 더 꾸준해졌어요. 벌써 한 달 넘게 둘 다 끊긴 적이 없어요.,971c3ea9e94f,,1003,바디풀고컷 경락 마사지기,99000,,기존리뷰,5,,0,0,1,"안녕하세요. 프리미엄 헬스테크 브랜드, 슬룸입니다.
시간 내어 소중한 후기를 작성해 주셔서 감사드립니다. :)

믿고 찾는 쇼핑몰이 되기 위해 더 좋은 상품과 서비스를 준비하겠습니다.
감사합니다. 💜"
116854,2026-06-25 00:00:00,,,"여름휴가로 7월 말에 발리를 갔는데, 그 전 한 달 동안 매일 저녁 복부랑 허벅지를 컷팅모드로 케어했어요. 솔직히 큰 기대 없이 시작했는데 휴가 가서 비치 사진 찍을 때 예전보다 훨씬 당당하게 찍을 수 있었어요. 친구가 사진 보더니 살 빠졌냐고 물어봤는데 체중계 숫자는 그대로였거든요.",9ba4a15020c1,,1003,바디풀고컷 경락 마사지기,99000,,기존리뷰,4,,0,0,1,"안녕하세요. 프리미엄 헬스테크 브랜드, 슬룸입니다.
정성스럽게 올려주신 소중한 후기 감사합니다. 💜

고객님의 목소리로 더 발전하는 슬룸이 되도록 노력하겠습니다.
감사합니다. 🙇‍♀️"
116855,2026-06-21 00:00:00,,,남자친구가 팔뚝을 만져보더니 단단해졌다고 말해줬어요. 그 한마디 듣고 효과가 진짜구나 확신이 들었어요. 옆에서 지켜본 사람이 그렇게 말해주니까 효과를 더 실감하게 되더라고요.,def6a32a7ae4,,1003,바디풀고컷 경락 마사지기,99000,,기존리뷰,5,,0,0,1,"안녕하세요. 프리미엄 헬스테크 브랜드, 슬룸입니다.
정성스럽게 올려주신 소중한 후기 감사합니다. 💜

고객님의 목소리로 더 발전하는 슬룸이 되도록 노력하겠습니다.
감사합니다. 🙇‍♀️"
116856,2026-06-15 00:00:00,,,승모근이 만성으로 뭉쳐서 두통약을 거의 매일 먹다시피 했어요. 한 달에 한 번 마사지샵 가면 시원하긴 한데 그 효과가 길어야 일주일이고 그 뒤엔 도로 굳어버리는 패턴이 2년 넘게 반복됐거든요. 이거 쓰고 나서 처음엔 큰 기대 안 했는데 한 달쯤 지나니까 두통약 먹는 횟수가 확실히 줄었어요. 근적외선이랑 같이 켜고 승모근 쪽에 5분 정도 가만히 대고 있으면 따뜻하게 풀리는 느낌이 마사지샵이랑 비슷해요. 지금 마사지 예약 안 잡은 지 두 달째예요.,06bf3097cbe0,,1003,바디풀고컷 경락 마사지기,99000,,기존리뷰,5,,0,0,1,"안녕하세요. 프리미엄 헬스테크 브랜드, 슬룸입니다.
시간 내어 소중한 후기를 작성해 주셔서 감사드립니다. :)

믿고 찾는 쇼핑몰이 되기 위해 더 좋은 상품과 서비스를 준비하겠습니다.
감사합니다. 💜"
116857,2026-06-19 00:00:00,,,헤어 디자이너로 일하는데 8시간 내내 서서 가위질하다 보면 발바닥부터 종아리까지 다 아파요. 퇴근하고 미용실 정리 끝내고 집에 와서 이거 쓰면 그 통증이 많이 가라앉아요. 직업병처럼 달고 살던 발 통증이 줄어든 게 제일 큰 변화예요.,64b315eb27bb,,1003,바디풀고컷 경락 마사지기,99000,,기존리뷰,4,,0,0,1,"안녕하세요. 프리미엄 헬스테크 브랜드, 슬룸입니다.
진심 어린 소중한 후기 감사합니다. 💜

앞으로도 좋은 상품과 서비스로 고객님들을 찾아뵐 수 있도록 노력하겠습니다.
감사합니다. :)"
116858,2026-06-23 00:00:00,,,장시간 서서 요리하는 일을 하는데 발바닥 통증이 거의 일상이었어요. 퇴근 후 발바닥부터 종아리까지 천천히 케어하면 다음 날 출근할 때 부담이 확실히 줄어들어요.,6a66548dcda7,,1003,바디풀고컷 경락 마사지기,99000,,기존리뷰,4,,0,0,1,"안녕하세요. 프리미엄 헬스테크 브랜드, 슬룸입니다.
진심 어린 소중한 후기 감사합니다. 💜

앞으로도 좋은 상품과 서비스로 고객님들을 찾아뵐 수 있도록 노력하겠습니다.
감사합니다. :)"
116859,2026-06-19 00:00:00,,,"에스테틱 10회권을 39만원 주고 끊었는데 7회쯤 쓰고 나서 갱신을 고민하다 안 했어요. 대신 이걸 샀거든요. 샵에서는 전신 코스로 진행되니까 제가 유독 신경 쓰이는 부유방 부위만 길게 받기가 애매했어요. 이건 오늘은 부유방 10분, 내일은 팔뚝 10분 이런 식으로 제가 원하는 대로 시간 배분이 가능하니까 훨씬 효율적인 느낌이에요. 한 달 써보니 그 39만원짜리 패키지보다 만족도가 높아요.",a11165e48b44,,1003,바디풀고컷 경락 마사지기,99000,,기존리뷰,5,,0,0,1,"안녕하세요. 프리미엄 헬스테크 브랜드, 슬룸입니다.
진심 어린 소중한 후기 감사합니다. 💜

앞으로도 좋은 상품과 서비스로 고객님들을 찾아뵐 수 있도록 노력하겠습니다.
감사합니다. :)"
116860,2026-06-28 00:00:00,,,"에스테틱 효과 보면 몇 달 다니다가 안 가면 다시 원래대로 돌아오고, 그럼 또 다시 다니고. 이 패턴이 몇 년째 반복됐어요. 결국 제일 중요한 게 유지였는데 집에 있으니까 그 유지가 가능해지더라고요. 비싼 케어 가끔보다 저렴한 케어를 매일 하는 게 진짜 나은 방법이라는 걸 이번에 몸으로 배웠어요.",9bb256efe596,,1003,바디풀고컷 경락 마사지기,99000,,기존리뷰,5,,0,0,1,"안녕하세요. 프리미엄 헬스테크 브랜드, 슬룸입니다.
시간 내어 소중한 후기를 작성해 주셔서 감사드립니다. :)

믿고 찾는 쇼핑몰이 되기 위해 더 좋은 상품과 서비스를 준비하겠습니다.
감사합니다. 💜"
116861,2026-06-25 00:00:00,,,"매주 화요일 저녁 7시, 회사 끝나고 집 가는 길에 들르던 단골 에스테틱이 있었어요. 한 번에 7만원씩 6개월을 다녔으니까 따져보면 백만원도 넘게 썼더라고요. 이거 사고 나서 처음 일주일은 반신반의했는데 셋째 주쯤 거울 보다가 어 이거 뭔가 다른데 싶었어요. 경락볼 열두 개가 한 번에 눌리니까 손가락 두 개로 받던 마사지보다 면적 자체가 넓어서 그런지 시원함의 정도가 달라요. 지난주에 그 에스테틱 사장님한테 문자로 당분간 못 갈 것 같다고 연락드렸어요.",76f004443e6c,,1003,바디풀고컷 경락 마사지기,99000,,기존리뷰,4,,0,0,1,"안녕하세요. 프리미엄 헬스테크 브랜드, 슬룸입니다.
진심 어린 소중한 후기 감사합니다. 💜

앞으로도 좋은 상품과 서비스로 고객님들을 찾아뵐 수 있도록 노력하겠습니다.
감사합니다. :)"
116862,2026-06-27 00:00:00,,,"충전 거치대를 침대 옆 협탁에 두니까 자기 전에 자연스럽게 손이 가요. 처음엔 그냥 충전만 하려고 둔 건데, 위치 하나가 루틴 유지에 이렇게 중요한 역할을 할 줄은 몰랐어요.",15ed3dca6b67,,1003,바디풀고컷 경락 마사지기,99000,,기존리뷰,5,,0,0,1,"안녕하세요. 프리미엄 헬스테크 브랜드, 슬룸입니다.
정성스럽게 올려주신 소중한 후기 감사합니다. 💜

고객님의 목소리로 더 발전하는 슬룸이 되도록 노력하겠습니다.
감사합니다. 🙇‍♀️"
116863,2026-06-17 00:00:00,,,"임신 32주차인데 다리 붓기가 너무 심해서 산부인과에서도 순환 관리를 권하셨어요. 약한 강도인 3단계로 매일 저녁 다리를 케어하는데, 확실히 도움이 되는 것 같아서 출산할 때까지 계속 쓸 생각이에요.",8285b3216f5f,,1003,바디풀고컷 경락 마사지기,99000,,기존리뷰,5,,0,0,1,"안녕하세요. 프리미엄 헬스테크 브랜드, 슬룸입니다.
정성스럽게 올려주신 소중한 후기 감사합니다. 💜

고객님의 목소리로 더 발전하는 슬룸이 되도록 노력하겠습니다.
감사합니다. 🙇‍♀️"
116864,2026-06-21 00:00:00,,,팔뚝에 4단계로 시작해서 지금은 9단계까지 올렸어요. 단계 하나 올릴 때마다 자극이 확실히 달라지는 게 느껴져서 제 몸에 맞는 강도를 찾아가는 게 일종의 재미가 됐어요. 15단계까지 있으니까 아직 더 올릴 여지가 남아 있다는 것도 묘하게 기대돼요.,c6786bd8af78,,1003,바디풀고컷 경락 마사지기,99000,,기존리뷰,5,,0,0,1,"안녕하세요. 프리미엄 헬스테크 브랜드, 슬룸입니다.
진심 어린 소중한 후기 감사합니다. 💜

앞으로도 좋은 상품과 서비스로 고객님들을 찾아뵐 수 있도록 노력하겠습니다.
감사합니다. :)"
116865,2026-06-17 00:00:00,,,물류센터에서 피킹 업무를 하는데 하루 종일 걷고 무거운 박스 나르고 하다 보니 퇴근하면 거의 기진맥진이에요. 이거 쓰고 나서 회복 속도가 빨라진 게 확실히 느껴져요. 다음 날 출근할 때 몸 상태가 훨씬 가벼워요.,473e5ab74e74,,1003,바디풀고컷 경락 마사지기,99000,,기존리뷰,5,,0,0,1,"안녕하세요. 프리미엄 헬스테크 브랜드, 슬룸입니다.
진심 어린 소중한 후기 감사합니다. 💜

앞으로도 좋은 상품과 서비스로 고객님들을 찾아뵐 수 있도록 노력하겠습니다.
감사합니다. :)"
116866,2026-06-20 00:00:00,,,친구가 다이어트 약을 권했는데 저는 먼저 이걸 시도해봤어요. 약 없이도 두 달 만에 라인이 확실히 달라지는 게 보여서 친구한테도 약 대신 이거 먼저 써보라고 권했어요.,9d67861c94d8,,1003,바디풀고컷 경락 마사지기,99000,,기존리뷰,5,,0,0,1,"안녕하세요. 프리미엄 헬스테크 브랜드, 슬룸입니다.
진심 어린 소중한 후기 감사합니다. 💜

앞으로도 좋은 상품과 서비스로 고객님들을 찾아뵐 수 있도록 노력하겠습니다.
감사합니다. :)"
116867,2026-06-21 00:00:00,,,"M1으로 종아리 붓기 먼저 빼고 M3로 허벅지 라인 잡는 루틴인데, 이게 사실 샵에서 두 가지 코스를 받는 거랑 비슷한 효과예요. 근데 집에서 무료로요. 6~7만원이 한 번에 나가던 게 없어졌어요. 두 달째 샵을 한 번도 안 갔는데 오히려 몸 상태는 더 좋아진 것 같아요. 매일 케어한다는 게 이렇게 다르구나 싶었어요.",197f83f93d1b,,1003,바디풀고컷 경락 마사지기,99000,,기존리뷰,5,,0,0,1,"안녕하세요. 프리미엄 헬스테크 브랜드, 슬룸입니다.
진심 어린 소중한 후기 감사합니다. 💜

앞으로도 좋은 상품과 서비스로 고객님들을 찾아뵐 수 있도록 노력하겠습니다.
감사합니다. :)"
116868,2026-06-26 00:00:00,,,민소매 핏이 예뻐 보이려고 시작했는데 생각보다 빠르게 만족스러운 결과가 나왔어요. 다음 시즌엔 더 짧은 옷도 자신 있게 도전해보려고 계획 중이에요.,3a668d81a2ef,,1003,바디풀고컷 경락 마사지기,99000,,기존리뷰,5,,0,0,1,"안녕하세요. 프리미엄 헬스테크 브랜드, 슬룸입니다.
시간 내어 소중한 후기를 작성해 주셔서 감사드립니다. :)

믿고 찾는 쇼핑몰이 되기 위해 더 좋은 상품과 서비스를 준비하겠습니다.
감사합니다. 💜"
116869,2026-06-25 00:00:00,,,처음 한 달은 의식적으로 시간을 정해놓고 썼는데 이제는 따로 시간을 안 정해도 자연스럽게 생각이 나요. 습관이 무의식적으로 자리잡은 게 신기하고 뿌듯해요.,8c49424992f6,,1003,바디풀고컷 경락 마사지기,99000,,기존리뷰,5,,0,0,1,"안녕하세요. 프리미엄 헬스테크 브랜드, 슬룸입니다.
정성스럽게 올려주신 소중한 후기 감사합니다. 💜

고객님의 목소리로 더 발전하는 슬룸이 되도록 노력하겠습니다.
감사합니다. 🙇‍♀️"
116870,2026-06-24 00:00:00,,,"프리랜서로 일러스트 작업을 하는데 마감 때는 12시간 넘게 의자에 앉아 있어요. 마감 끝나고 몸이 다 뭉쳐 있는 느낌인데, 그날 밤 이거로 종아리랑 허벅지를 풀어주면 그 뭉침이 확실히 줄어드는 게 느껴져요.",8bc8af109aaa,,1003,바디풀고컷 경락 마사지기,99000,,기존리뷰,5,,0,0,1,"안녕하세요. 프리미엄 헬스테크 브랜드, 슬룸입니다.
시간 내어 소중한 후기를 작성해 주셔서 감사드립니다. :)

믿고 찾는 쇼핑몰이 되기 위해 더 좋은 상품과 서비스를 준비하겠습니다.
감사합니다. 💜"
116871,2026-06-20 00:00:00,,,"팔뚝이 두꺼운 편이라 결혼식 하객으로 갈 때마다 옷 고르는 게 스트레스였어요. 이번 결혼식엔 큰맘 먹고 민소매 원피스를 입고 갔는데, 아무도 제 팔뚝을 신경 쓰지 않더라고요. 그게 제일 큰 변화였어요.",88d3c83983fc,,1003,바디풀고컷 경락 마사지기,99000,,기존리뷰,5,,0,0,1,"안녕하세요. 프리미엄 헬스테크 브랜드, 슬룸입니다.
시간 내어 소중한 후기를 작성해 주셔서 감사드립니다. :)

믿고 찾는 쇼핑몰이 되기 위해 더 좋은 상품과 서비스를 준비하겠습니다.
감사합니다. 💜"
116872,2026-06-17 00:00:00,,,스튜어디스인 친구가 추천해줬어요. 비행 내내 서 있어야 하는 직업이라 그런지 진짜 효과 있다고 강조하더라고요. 저도 사무직이지만 써보니까 다리 피로 회복 속도가 확실히 빨라진 게 느껴져요.,c0f72af9e367,,1003,바디풀고컷 경락 마사지기,99000,,기존리뷰,4,,0,0,1,"안녕하세요. 프리미엄 헬스테크 브랜드, 슬룸입니다.
정성스럽게 올려주신 소중한 후기 감사합니다. 💜

고객님의 목소리로 더 발전하는 슬룸이 되도록 노력하겠습니다.
감사합니다. 🙇‍♀️"
116873,2026-06-29 00:00:00,,,"콜센터에서 하루 9시간 헤드셋 끼고 앉아만 있어요. 다리 움직일 일이 거의 없으니까 저녁이면 발이 항상 무겁고 부어 있었는데, 이거 쓰고 나서 그 무거움이 많이 줄었어요. 퇴근하고 30분만 붓기모드로 종아리 케어하면 다음 날 출근할 때 발 컨디션이 확실히 달라요.",2eca8555fe3e,,1003,바디풀고컷 경락 마사지기,99000,,기존리뷰,5,,0,0,1,"안녕하세요. 프리미엄 헬스테크 브랜드, 슬룸입니다.
정성스럽게 올려주신 소중한 후기 감사합니다. 💜

고객님의 목소리로 더 발전하는 슬룸이 되도록 노력하겠습니다.
감사합니다. 🙇‍♀️"
116874,2026-06-28 00:00:00,,,강도를 욕심내서 높이다가 너무 강해서 깜짝 놀라 바로 낮춘 적이 있어요. 그게 제대로 된 EMS라는 증거 같아요. 아무리 올려도 그저 그런 약한 기기들이랑은 분명히 다르거든요. 제 몸에 맞는 레벨 찾는 데 일주일 정도 걸렸어요.,f596cbbdf791,,1003,바디풀고컷 경락 마사지기,99000,,기존리뷰,5,,0,0,1,"안녕하세요. 프리미엄 헬스테크 브랜드, 슬룸입니다.
시간 내어 소중한 후기를 작성해 주셔서 감사드립니다. :)

믿고 찾는 쇼핑몰이 되기 위해 더 좋은 상품과 서비스를 준비하겠습니다.
감사합니다. 💜"
116875,2026-06-15 00:00:00,,,고주파가 피부로 느껴지냐고 물어보면 느껴진다고 답할 수 있어요. 탄력모드 쓸 때 EMS 자극 외에 피부 안쪽이 따뜻해지면서 통하는 느낌이 따로 있거든요. 그게 고주파가 들어오는 거라는 걸 며칠 써보고 알았어요.,6b76454da900,,1003,바디풀고컷 경락 마사지기,99000,,기존리뷰,5,,0,0,1,"안녕하세요. 프리미엄 헬스테크 브랜드, 슬룸입니다.
시간 내어 소중한 후기를 작성해 주셔서 감사드립니다. :)

믿고 찾는 쇼핑몰이 되기 위해 더 좋은 상품과 서비스를 준비하겠습니다.
감사합니다. 💜"
116876,2026-06-14 00:00:00,,,팔뚝 라인을 잡으려고 시작했는데 의외로 복부 라인까지 같이 좋아졌어요. 한 부위만 집중적으로 쓰는데도 전체적인 몸 컨디션이 같이 좋아지는 느낌이 들었어요.,e9259f110d5f,,1003,바디풀고컷 경락 마사지기,99000,,기존리뷰,5,,0,0,1,"안녕하세요. 프리미엄 헬스테크 브랜드, 슬룸입니다.
시간 내어 소중한 후기를 작성해 주셔서 감사드립니다. :)

믿고 찾는 쇼핑몰이 되기 위해 더 좋은 상품과 서비스를 준비하겠습니다.
감사합니다. 💜"
116877,2026-06-16 00:00:00,,,처음엔 매일 써야 하나 부담스러웠는데 지금은 오히려 안 쓰는 날이 더 어색해요. 이 정도면 완전히 일상 습관으로 자리잡았다고 봐요. 몸이 알아서 그 시간을 찾는 느낌이에요.,936d6dae7962,,1003,바디풀고컷 경락 마사지기,99000,,기존리뷰,5,,0,0,1,"안녕하세요. 프리미엄 헬스테크 브랜드, 슬룸입니다.
시간 내어 소중한 후기를 작성해 주셔서 감사드립니다. :)

믿고 찾는 쇼핑몰이 되기 위해 더 좋은 상품과 서비스를 준비하겠습니다.
감사합니다. 💜"
116878,2026-06-17 00:00:00,,,"집 베란다 한쪽에 괄사 기기가 두 개 굴러다니고 있었어요. 하나는 플라스틱이고 하나는 옥으로 된 건데 둘 다 한 달도 못 쓰고 처박혔거든요. 손목이 너무 아파서요. 이건 다를까 걱전 반 기대 반으로 박스를 뜯었는데, 처음 종아리에 댔을 때 EMS가 들어오는 순간 어 이거 다르다 싶었어요. 경락볼이 누르면서 동시에 전기 자극이 들어오니까 굳이 손목 써가며 굴릴 필요가 없더라고요. 이건 베란다로 안 가고 침대 옆에 자리잡았어요.",1cba814e0733,,1003,바디풀고컷 경락 마사지기,99000,,기존리뷰,5,,0,0,1,"안녕하세요. 프리미엄 헬스테크 브랜드, 슬룸입니다.
정성스럽게 올려주신 소중한 후기 감사합니다. 💜

고객님의 목소리로 더 발전하는 슬룸이 되도록 노력하겠습니다.
감사합니다. 🙇‍♀️"
116879,2026-06-18 00:00:00,,,단계를 천천히 올려가는 게 포인트인 것 같아요. 처음엔 5단계가 강하다고 느꼈는데 지금은 11단계가 딱 적당해요. 몸이 적응해가면서 강도를 올릴 수 있다는 게 의외로 성취감이 느껴져요.,923b79289157,,1003,바디풀고컷 경락 마사지기,99000,,기존리뷰,4,,0,0,1,"안녕하세요. 프리미엄 헬스테크 브랜드, 슬룸입니다.
시간 내어 소중한 후기를 작성해 주셔서 감사드립니다. :)

믿고 찾는 쇼핑몰이 되기 위해 더 좋은 상품과 서비스를 준비하겠습니다.
감사합니다. 💜"
116880,2026-06-26 00:00:00,,,복부랑 허벅지에 쓸 때 부위마다 반응이 다르게 느껴져요. 복부는 속근육이 수축하는 느낌이고 허벅지는 더 넓은 근육이 통째로 반응하는 느낌이에요. 같은 모드인데 부위마다 이렇게 다르게 체감되는 게 신기했어요.,a7d442a07ec0,,1003,바디풀고컷 경락 마사지기,99000,,기존리뷰,5,,0,0,1,"안녕하세요. 프리미엄 헬스테크 브랜드, 슬룸입니다.
정성스럽게 올려주신 소중한 후기 감사합니다. 💜

고객님의 목소리로 더 발전하는 슬룸이 되도록 노력하겠습니다.
감사합니다. 🙇‍♀️"
116881,2026-06-30 16:30:11,2026-06-08 10:25:07,2026-06-09 21:11:50,"골반케어를 위해 효도선물로 내돈대산 구매했어요!
고관절이 아프신 어머니를 위해 준비했어요..
나중에 출산후에도 사용할것 같아서 
효도도하고 저도 득볼려고 합니다 ㅎㅎ",5307b7865efc,,966,골반 케어 프리미엄 골반 마사지기,191000,수량선택: 골반 마사지기 1개,PC,5,,2,0,1,"안녕하세요. 프리미엄 헬스테크 브랜드, 슬룸입니다.
시간 내어 소중한 후기를 작성해 주셔서 감사드립니다. :)

믿고 찾는 쇼핑몰이 되기 위해 더 좋은 상품과 서비스를 준비하겠습니다.
감사합니다. 💜"
116882,2026-06-30 21:10:03,2026-06-28 20:22:05,2026-06-30 18:48:59,와이프가 요새 발바닥 통증으로 힘들어해서 고민하던 차에 꾸준티비에서 광고하는 것을 보고 구매하게 되었습니다. 와이프가 써보고 너무 시원하다며 좋은제품 사주어 고맙다고 전해주었습니다. 저도 써보았는데 너무 좋더라구요 꾸준히 사용하겠습니다. 감사합니다,50b462aa9723,,1001,[슬룸] 구독자 전용 ★초특가★ 비밀링크,84900,수량선택: 발편한케어 M 1개,모바일,5,,1,0,1,"안녕하세요. 프리미엄 헬스테크 브랜드, 슬룸입니다.
진심 어린 소중한 후기 감사합니다. 💜

앞으로도 좋은 상품과 서비스로 고객님들을 찾아뵐 수 있도록 노력하겠습니다.
감사합니다. :)"
116883,2026-06-30 08:00:43,2026-06-05 06:50:35,2026-06-06 16:12:06,만족합니다 너무 좋아요,,,980,프리미엄 엘보케어 팔꿈치 마사지기,149000,수량선택: 팔꿈치 마사지기 1개,기존리뷰,5,,0,0,1,"안녕하세요. 프리미엄 헬스테크 브랜드, 슬룸입니다.
진심 어린 소중한 후기 감사합니다. 💜

앞으로도 좋은 상품과 서비스로 고객님들을 찾아뵐 수 있도록 노력하겠습니다.
감사합니다. :)"
116884,2026-06-30 09:50:24,2026-05-28 11:05:25,2026-05-29 21:05:12,"크기가 좀만 더 컸으면 좋았을거같아요 
겉감도 한여름에는 더울거같은 제질이예요",,,909,목 마사지 베개 V2 경추 마사지기 베개,112000,수량선택: 목 마사지 베개 V2 1개,기존리뷰,4,,0,0,1,"안녕하세요. 프리미엄 헬스테크 브랜드, 슬룸입니다.
시간 내어 소중한 후기를 작성해 주셔서 감사드립니다. :)

믿고 찾는 쇼핑몰이 되기 위해 더 좋은 상품과 서비스를 준비하겠습니다.
감사합니다. 💜"
116885,2026-06-30 11:09:23,2026-05-29 08:13:55,2026-05-30 13:40:55,골반 미사지 기능은 괜찮아요,,,966,골반 케어 프리미엄 골반 마사지기,191000,수량선택: 골반 마사지기 1개,기존리뷰,4,,0,0,1,"안녕하세요. 프리미엄 헬스테크 브랜드, 슬룸입니다.
진심 어린 소중한 후기 감사합니다. 💜

앞으로도 좋은 상품과 서비스로 고객님들을 찾아뵐 수 있도록 노력하겠습니다.
감사합니다. :)"
116886,2026-06-30 11:29:50,2026-06-25 20:52:20,2026-06-27 13:44:59,어머니 사드렸는데 좋다고 합니다 수고하세요,,,909,목 마사지 베개 V2 경추 마사지기 베개,112000,수량선택: 목 마사지 베개 V2 1개,기존리뷰,5,,0,0,1,"안녕하세요. 프리미엄 헬스테크 브랜드, 슬룸입니다.
시간 내어 소중한 후기를 작성해 주셔서 감사드립니다. :)

믿고 찾는 쇼핑몰이 되기 위해 더 좋은 상품과 서비스를 준비하겠습니다.
감사합니다. 💜"
116887,2026-06-30 11:33:54,2026-06-26 01:27:20,2026-06-27 13:38:06,오 치료보조용으로 괜찮은듯,,,980,프리미엄 엘보케어 팔꿈치 마사지기,149000,수량선택: 팔꿈치 마사지기 1개,기존리뷰,5,,0,0,1,"안녕하세요. 프리미엄 헬스테크 브랜드, 슬룸입니다.
정성스럽게 올려주신 소중한 후기 감사합니다. 💜

고객님의 목소리로 더 발전하는 슬룸이 되도록 노력하겠습니다.
감사합니다. 🙇‍♀️"
116888,2026-06-30 12:07:32,2026-06-26 13:07:30,2026-06-27 13:45:00,아직까지는 잘 모르겠는데 시원합니다,,,995,[깜짝 타임특가] 목편한케어 목 마사지기,65000,수량선택: 목편한케어 1개 (목편한케어 커버 1개 증정),기존리뷰,5,,0,0,1,"안녕하세요. 프리미엄 헬스테크 브랜드, 슬룸입니다.
시간 내어 소중한 후기를 작성해 주셔서 감사드립니다. :)

믿고 찾는 쇼핑몰이 되기 위해 더 좋은 상품과 서비스를 준비하겠습니다.
감사합니다. 💜"
116889,2026-06-30 13:28:24,2026-05-27 10:48:05,2026-05-28 13:38:02,"평소에 목,어깨가 뻐근했었는데 마침 인스타 광고를 보고 구매했어요. 온열과 마찰 마사지로 목,어깨를 아침 저녁을 풀어주니 하루가 상쾌해요.",,,291,목베개 플러스 경추 목 마사지기 베개,91000,수량선택: 목베개 플러스 1개,기존리뷰,5,,0,0,1,"안녕하세요. 프리미엄 헬스테크 브랜드, 슬룸입니다.
정성스럽게 올려주신 소중한 후기 감사합니다. 💜

고객님의 목소리로 더 발전하는 슬룸이 되도록 노력하겠습니다.
감사합니다. 🙇‍♀️"
116890,2026-06-30 14:53:21,2026-06-29 07:18:50,2026-06-30 10:43:14,"꼼꼼한포장으로 잘 왔어요.충전하고,설명서대로 해봤어요.(팔뚝살  진짜ㅠㅠ)효과있음좋겠네요.",,,1003,바디풀고컷 경락 마사지기,99000,수량선택: 바디 풀고컷 1개 (트리플 샷 시너지 젤 1개 증정),기존리뷰,5,,0,0,1,"안녕하세요. 프리미엄 헬스테크 브랜드, 슬룸입니다.
진심 어린 소중한 후기 감사합니다. 💜

앞으로도 좋은 상품과 서비스로 고객님들을 찾아뵐 수 있도록 노력하겠습니다.
감사합니다. :)"
116891,2026-06-30 15:04:20,2026-06-25 23:37:55,2026-06-27 16:11:54,다양한 모드의 안마기능과 편안함이 좋았어요,,,909,목 마사지 베개 V2 경추 마사지기 베개,112000,수량선택: 목 마사지 베개 V2 1개,기존리뷰,5,,1,0,1,"안녕하세요. 프리미엄 헬스테크 브랜드, 슬룸입니다.
진심 어린 소중한 후기 감사합니다. 💜

앞으로도 좋은 상품과 서비스로 고객님들을 찾아뵐 수 있도록 노력하겠습니다.
감사합니다. :)"
116892,2026-06-30 15:18:44,2026-05-07 19:39:20,2026-05-09 13:48:00,시원한 느낌이 없어요 자극이 없어요,,,909,목 마사지 베개 V2 경추 마사지기 베개,112000,수량선택: 목 마사지 베개 V2 1개 (마그네슘 시너지 크림 30ml 1개 증정),기존리뷰,2,,0,0,1,"안녕하세요 고객님, 프리미엄 헬스테크 브랜드, 슬룸입니다.

소중한 후기 남겨주셔서 감사드리며, 기대하셨던 것만큼 만족감을 드리지 못한 점 진심으로 사과드립니다. 😥

슬룸 제품은 개인의 체형과 사용 습관에 따라 효과를 느끼시는 시기가 다를 수 있습니다.
사용 중 불편하거나 궁금하신 점이 있으시다면 언제든지 슬룸 공식몰 채널톡으로 편하게 문의해 주세요. 고객님의 상황에 맞게 안내해 드리겠습니다.

고객님의 의견을 수렴하여 더 발전하는 슬룸이 되도록 노력하겠습니다. 감사합니다."
116893,2026-06-30 17:57:22,2026-05-25 00:37:25,2026-05-27 14:05:00,생각했던것보다 다소 약한듯하지만 연속2회정도 사용합니다,,,909,목 마사지 베개 V2 경추 마사지기 베개,112000,수량선택: 목 마사지 베개 V2 1개,기존리뷰,4,,0,0,1,"안녕하세요. 프리미엄 헬스테크 브랜드, 슬룸입니다.
정성스럽게 올려주신 소중한 후기 감사합니다. 💜

고객님의 목소리로 더 발전하는 슬룸이 되도록 노력하겠습니다.
감사합니다. 🙇‍♀️"
116894,2026-06-30 18:10:21,2026-06-17 11:39:40,2026-06-18 21:05:08,신랑팔이 아파 주문했어요.  강도가세면 찍찍이가 떨어져요 ㅜ,,,980,프리미엄 엘보케어 팔꿈치 마사지기,149000,수량선택: 팔꿈치 마사지기 1개,기존리뷰,4,,0,0,1,"안녕하세요 고객님, 프리미엄 헬스테크 브랜드, 슬룸입니다.
고객님께 만족스러운 경험을 드리지 못해 대단히 죄송합니다.😥

팔꿈치 마사지기의 벨크로(찍찍이)가 부착이 잘 되지 않을 경우에는 마사지기를 착용하고 벨크로를 붙인 뒤, 그 위를 꾹 누른 상태에서 상하좌우로 움직여 주면 고정력을 높일 수 있는 점 참고 부탁드립니다.

슬룸의 모든 제품은 인체공학적으로 설계되어 편안한 사용이 가능하나 초기 사용 시 1~2주 이상의 적응 기간이 필요할 수 있습니다. 
다만 수령하신 날짜 기준으로 30일 동안 꾸준히 사용해보시고도 만족하지 못하셨을 경우에는, 슬룸에서 진행하는 <100%환불이벤트> 에 참여하여 왕복배송비 제외 전액 환불이 가능합니다.

※ 제품을 30일간 꾸준히 사용한 경우, 배송완료 후 40일이내 신청이 가능
※ 환불 서비스는 첫 구매 체험을 위한 서비스로 1회만 신청 가능

▶ <100% 환불 이벤트> 상세 환불 조건 : https://sleeplab.co.kr/notice/?page=1#13709226_notice 

슬룸을 믿고 편하게 사용 및 체험해보시고, 그럼에도 만족하시지 못하셨을 경우 슬룸 공식몰의 채널톡을 통해 이벤트 기간 내 문의 주시면 환불 접수 도움드리겠습니다."
116895,2026-06-30 18:21:35,2026-06-29 00:44:50,2026-06-30 16:30:00,좋아요 좋아요 좋아요 좋아요,,,724,★최대할인 비밀링크★ 목베개 플러스 특가,69000,수량선택: 목베개 플러스 1개,기존리뷰,5,,0,0,1,"안녕하세요. 프리미엄 헬스테크 브랜드, 슬룸입니다.
시간 내어 소중한 후기를 작성해 주셔서 감사드립니다. :)

믿고 찾는 쇼핑몰이 되기 위해 더 좋은 상품과 서비스를 준비하겠습니다.
감사합니다. 💜"
116896,2026-06-30 19:33:38,2026-06-27 23:51:40,2026-06-30 18:49:05,애매하다 돈 아깝다,,,909,목 마사지 베개 V2 경추 마사지기 베개,112000,수량선택: 목 마사지 베개 V2 1개,기존리뷰,5,,1,0,1,"안녕하세요 고객님, 프리미엄 헬스테크 브랜드, 슬룸입니다.
고객님께 만족스러운 경험을 드리지 못해 대단히 죄송합니다.😥

슬룸의 모든 제품은 인체공학적으로 설계되어 편안한 사용이 가능하나 초기 사용 시 1~2주 이상의 적응 기간이 필요할 수 있습니다. 
다만 수령하신 날짜 기준으로 30일 동안 꾸준히 사용해보시고도 만족하지 못하셨을 경우에는, 슬룸에서 진행하는 <100%환불이벤트> 에 참여하여 왕복배송비 제외 전액 환불이 가능합니다.

※ 제품을 30일간 꾸준히 사용한 경우, 배송완료 후 40일이내 신청이 가능
※ 환불 서비스는 첫 구매 체험을 위한 서비스로 1회만 신청 가능

▶ <100% 환불 이벤트> 상세 환불 조건 : https://sleeplab.co.kr/notice/?page=1#13709226_notice 

슬룸을 믿고 편하게 사용 및 체험해보시고, 그럼에도 만족하시지 못하셨을 경우 슬룸 공식몰의 채널톡을 통해 이벤트 기간 내 문의 주시면 환불 접수 도움드리겠습니다."
116897,2026-06-30 20:35:45,2026-06-29 13:27:00,2026-06-30 16:14:25,목베게 너무 편하고 발은  마사지되는데 오늘 발이 안아파서 그런가 발아플때하면 효과 좋을듯합니다,,,1007,[뜨랑낄로x슬룸] 구독자 전용 ★초특가★ 비밀링크,84900,수량선택: ★SET★발편한케어 M 1개 + 목마사지베개V2 1개 + (증정) 중형 파우치 1개,기존리뷰,5,,0,0,1,"안녕하세요. 프리미엄 헬스테크 브랜드, 슬룸입니다.
정성스럽게 올려주신 소중한 후기 감사합니다. 💜

고객님의 목소리로 더 발전하는 슬룸이 되도록 노력하겠습니다.
감사합니다. 🙇‍♀️"
116898,2026-06-30 21:25:09,2026-06-25 12:30:25,2026-06-26 18:36:13,배송은 빨라서 좋았는데 찍찍이 길이가 짧아서 팔이 조금만 두꺼워도 혼자서는 착용하기 힘들고 운동해서 팔이 두꺼운 분들은 찍찍이가 짧아 착용하면 피가 안통하고 아플겁니다 마지막으로 엘보통증에는 효과가 별로 없는거 같습니다,,,980,프리미엄 엘보케어 팔꿈치 마사지기,149000,수량선택: 팔꿈치 마사지기 1개,기존리뷰,3,,1,0,1,"안녕하세요 고객님, 프리미엄 헬스테크 브랜드, 슬룸입니다.
고객님께 만족스러운 경험을 드리지 못해 대단히 죄송합니다.😥

슬룸의 모든 제품은 인체공학적으로 설계되어 편안한 사용이 가능하나 초기 사용 시 1~2주 이상의 적응 기간이 필요할 수 있습니다. 
다만 수령하신 날짜 기준으로 30일 동안 꾸준히 사용해보시고도 만족하지 못하셨을 경우에는, 슬룸에서 진행하는 <100%환불이벤트> 에 참여하여 왕복배송비 제외 전액 환불이 가능합니다.

※ 제품을 30일간 꾸준히 사용한 경우, 배송완료 후 40일이내 신청이 가능
※ 환불 서비스는 첫 구매 체험을 위한 서비스로 1회만 신청 가능

▶ <100% 환불 이벤트> 상세 환불 조건 : https://sleeplab.co.kr/notice/?page=1#13709226_notice 

슬룸을 믿고 편하게 사용 및 체험해보시고, 그럼에도 만족하시지 못하셨을 경우 슬룸 공식몰의 채널톡을 통해 이벤트 기간 내 문의 주시면 환불 접수 도움드리겠습니다."
116899,2026-06-30 22:35:58,2026-06-25 22:27:35,2026-06-27 16:10:45,기계를쓸때는아프긴한데흐고나서걸으면조금편해지는느낌이예여~일단써볼려구여,,,636,허리편한케어 V2 허리 마사지기,131000,수량선택: 허리편한케어 V2 1개 (허리베개 1개 증정),기존리뷰,5,,0,0,1,"안녕하세요. 프리미엄 헬스테크 브랜드, 슬룸입니다.
진심 어린 소중한 후기 감사합니다. 💜

앞으로도 좋은 상품과 서비스로 고객님들을 찾아뵐 수 있도록 노력하겠습니다.
감사합니다. :)"
116900,2026-06-30 23:54:31,2026-06-28 21:41:10,2026-06-30 16:18:35,완벽한 베개.. 마사지 기능 없이도 너무너무 편해요. 이 모양 그대로 마사지 기능만 빠진 베개도 만들어 주세요,,,1005,[마리코리아x슬룸] 구독자 전용 ★초특가★ 비밀링크,119900,수량선택: 허리펀한케어V2 1개 + 목마사지베개V2 1개 +(증정) 마그네슘 시너지 크림 100ml 1개,기존리뷰,5,,0,0,1,"안녕하세요. 프리미엄 헬스테크 브랜드, 슬룸입니다.
정성스럽게 올려주신 소중한 후기 감사합니다. 💜

고객님의 목소리로 더 발전하는 슬룸이 되도록 노력하겠습니다.
감사합니다. 🙇‍♀️"
116903,2026-06-16 00:00:00,,,올여름은 크롭티 입겠다고 결심하고 복부 관리 시작했어요. 이거 쓰면서 복부에 열감이랑 자극이 동시에 들어오니까 효과 날 것 같다는 믿음이 생겼어요. 포기 안 하고 꾸준히 해봤더니 진짜 달라지고 있어요.,462c11153d67,,1003,바디풀고컷 경락 마사지기,99000,,기존리뷰,5,,0,0,1,"안녕하세요. 프리미엄 헬스테크 브랜드, 슬룸입니다.
진심 어린 소중한 후기 감사합니다. 💜

앞으로도 좋은 상품과 서비스로 고객님들을 찾아뵐 수 있도록 노력하겠습니다.
감사합니다. :)"
116904,2026-06-30 00:00:00,,,자극이 약하면 의미 없다고 생각해서 처음부터 강도를 높여봤는데 솔직히 좀 무서웠어요. 강도를 단계별로 올려가면서 적응하니까 지금은 꽤 높은 강도에서도 괜찮아요. 이 자극 수준이면 집에서 쓰는 기기 중에 최강인 것 같아요.,9660087b8982,,1003,바디풀고컷 경락 마사지기,99000,,기존리뷰,5,,0,0,1,"안녕하세요. 프리미엄 헬스테크 브랜드, 슬룸입니다.
정성스럽게 올려주신 소중한 후기 감사합니다. 💜

고객님의 목소리로 더 발전하는 슬룸이 되도록 노력하겠습니다.
감사합니다. 🙇‍♀️"
116905,2026-06-21 00:00:00,,,매일 저녁 다리 붓기 때문에 스트레스였는데 이 루틴 생기고 나서 걱정이 없어졌어요. 아침이랑 저녁 몸 상태가 달라서 신기하고 이게 일상이 되니까 몸 관리에 자신감이 생겼어요.,11ef18974a89,,1003,바디풀고컷 경락 마사지기,99000,,기존리뷰,5,,0,0,1,"안녕하세요. 프리미엄 헬스테크 브랜드, 슬룸입니다.
정성스럽게 올려주신 소중한 후기 감사합니다. 💜

고객님의 목소리로 더 발전하는 슬룸이 되도록 노력하겠습니다.
감사합니다. 🙇‍♀️"
116906,2026-06-20 00:00:00,,,아이 키우면서 샵 가는 시간 내기가 너무 어렵더라고요. 아이 재우고 나서 이거 쓰는 게 저의 시간이 됐어요. 밤 시간에 조용하게 집에서 관리할 수 있어서 이 루틴이 생기고 나서 저한테만의 케어 시간이 생긴 것 같아요.,6a348882fab2,,1003,바디풀고컷 경락 마사지기,99000,,기존리뷰,4,,0,0,1,"안녕하세요. 프리미엄 헬스테크 브랜드, 슬룸입니다.
진심 어린 소중한 후기 감사합니다. 💜

앞으로도 좋은 상품과 서비스로 고객님들을 찾아뵐 수 있도록 노력하겠습니다.
감사합니다. :)"
116907,2026-06-20 00:00:00,,,관리 받으러 샵 다니는 게 귀찮기도 하고 예약도 잡기 어렵고 해서 홈케어 기기를 찾고 있었어요. 이거저거 써봤는데 이게 제일 자극이 강하고 실제로 뭔가 되는 느낌이에요. 특히 고주파랑 EMS가 같이 들어오는 탄력 모드 쓸 때 피부 깊이 자극이 오는 게 확실히 느껴져요.,914e1b4b3cbb,,1003,바디풀고컷 경락 마사지기,99000,,기존리뷰,5,,0,0,1,"안녕하세요. 프리미엄 헬스테크 브랜드, 슬룸입니다.
진심 어린 소중한 후기 감사합니다. 💜

앞으로도 좋은 상품과 서비스로 고객님들을 찾아뵐 수 있도록 노력하겠습니다.
감사합니다. :)"
116908,2026-06-17 00:00:00,,,팔뚝살이 오래된 고민이었는데 에스테틱에서 팔 집중 관리 받아봤지만 비용 대비 효과가 애매했어요. 이거는 매일 쓸 수 있으니까 누적 효과가 다른 것 같아요. 2주 차이 비교 사진 찍었는데 진짜 달라 보여서 저도 놀랐어요. 샵 가는 돈이랑 시간 다 아끼고 효과는 더 좋은 것 같아서 만족해요.,8ac71332c35f,,1003,바디풀고컷 경락 마사지기,99000,,기존리뷰,5,,0,0,1,"안녕하세요. 프리미엄 헬스테크 브랜드, 슬룸입니다.
진심 어린 소중한 후기 감사합니다. 💜

앞으로도 좋은 상품과 서비스로 고객님들을 찾아뵐 수 있도록 노력하겠습니다.
감사합니다. :)"
116909,2026-06-16 00:00:00,,,EMS 기기를 예전에 한 번 써봤는데 찌릿찌릿하기만 하고 뭔가 효과가 있나 싶었거든요. 이건 달라요. EMS에 고주파까지 더해지니까 자극이 그냥 표면에서 끝나는 게 아니라 안쪽 근육까지 들어오는 느낌이에요. 처음에 강도 조절 안 하고 올렸다가 진짜 강해서 다시 내렸어요.,7dc43c75d61f,,1003,바디풀고컷 경락 마사지기,99000,,기존리뷰,5,,0,0,1,"안녕하세요. 프리미엄 헬스테크 브랜드, 슬룸입니다.
정성스럽게 올려주신 소중한 후기 감사합니다. 💜

고객님의 목소리로 더 발전하는 슬룸이 되도록 노력하겠습니다.
감사합니다. 🙇‍♀️"
116910,2026-06-15 00:00:00,,,원래 괄사 도구 혼자 써봤는데 제대로 쓰는 건지 모르겠고 효과도 잘 모르겠어서 포기했었어요. 이건 모드가 정해져 있어서 그냥 쓰면 되니까 쉽고 자극도 확실해요. 붓기 모드로 시작해서 컷팅 모드까지 루틴 만들어서 쓰고 있는데 몸이 가벼워지는 게 확실히 달라요.,6db33dbadcab,,1003,바디풀고컷 경락 마사지기,99000,,기존리뷰,4,,0,0,1,"안녕하세요. 프리미엄 헬스테크 브랜드, 슬룸입니다.
진심 어린 소중한 후기 감사합니다. 💜

앞으로도 좋은 상품과 서비스로 고객님들을 찾아뵐 수 있도록 노력하겠습니다.
감사합니다. :)"
116911,2026-06-26 00:00:00,,,괄사 직접 해보려고 유튜브 보면서 따라 했는데 손도 아프고 제대로 되는 건지도 모르겠고 결국 포기했었거든요. 이건 그냥 갖다 대면 알아서 자극이 들어오니까 완전 편해요. 팔뚝이랑 허벅지 집중으로 쓰고 있는데 살이 말랑말랑해지는 느낌이 확실히 달라요.,afa1aecdffa3,,1003,바디풀고컷 경락 마사지기,99000,,기존리뷰,5,,0,0,1,"안녕하세요. 프리미엄 헬스테크 브랜드, 슬룸입니다.
시간 내어 소중한 후기를 작성해 주셔서 감사드립니다. :)

믿고 찾는 쇼핑몰이 되기 위해 더 좋은 상품과 서비스를 준비하겠습니다.
감사합니다. 💜"
116912,2026-06-14 00:00:00,,,오래 서있는 날은 특히 종아리가 터질 것 같아요. 이거 집에 오자마자 쓰는 게 습관이 됐는데 쓰고 나면 확실히 가벼워지거든요. 저녁 붓기 때문에 고민이신 분들한테 강추예요.,71f6b01f7695,,1003,바디풀고컷 경락 마사지기,99000,,기존리뷰,5,,0,0,1,"안녕하세요. 프리미엄 헬스테크 브랜드, 슬룸입니다.
시간 내어 소중한 후기를 작성해 주셔서 감사드립니다. :)

믿고 찾는 쇼핑몰이 되기 위해 더 좋은 상품과 서비스를 준비하겠습니다.
감사합니다. 💜"
116913,2026-06-13 00:00:00,,,발이 심하게 붓는 편이라 저녁에 신발 벗기도 힘들 때가 있어요. 이거 종아리부터 발목까지 쓰면 붓기 빠지는 게 느껴져요. 퇴근 후 이 루틴이 생기고 나서 저녁 시간이 훨씬 편안해졌어요.,022fcebbd8a2,,1003,바디풀고컷 경락 마사지기,99000,,기존리뷰,4,,0,0,1,"안녕하세요. 프리미엄 헬스테크 브랜드, 슬룸입니다.
시간 내어 소중한 후기를 작성해 주셔서 감사드립니다. :)

믿고 찾는 쇼핑몰이 되기 위해 더 좋은 상품과 서비스를 준비하겠습니다.
감사합니다. 💜"
116914,2026-06-15 00:00:00,,,승모근이 워낙 심하게 뭉쳐서 전문 경락 받으러 다녔는데 지금은 이걸로 거의 해결해요. 샵에서 받을 때 그 시원하게 눌리는 느낌이랑 비슷한 게 집에서 되니까 신기하더라고요. 매달 나가던 관리비가 확 줄었는데 몸은 오히려 더 잘 관리되고 있어서 진짜 잘 산 것 같아요.,c20a98dd6d36,,1003,바디풀고컷 경락 마사지기,99000,,기존리뷰,5,,0,0,1,"안녕하세요. 프리미엄 헬스테크 브랜드, 슬룸입니다.
정성스럽게 올려주신 소중한 후기 감사합니다. 💜

고객님의 목소리로 더 발전하는 슬룸이 되도록 노력하겠습니다.
감사합니다. 🙇‍♀️"
116915,2026-06-19 00:00:00,,,에스테틱 원장님이 집에서도 관리해야 효과가 이어진다고 하셨는데 뭘 써야 할지 몰랐거든요. 이거 쓰고 나서 샵 방문 횟수도 줄이고 집에서 매일 보조 케어 하고 있어요. 오히려 지금이 더 꾸준히 관리되는 것 같아서 원장님도 몸 상태 좋아졌다고 하셨어요.,1716fa46ce7a,,1003,바디풀고컷 경락 마사지기,99000,,기존리뷰,5,,0,0,1,"안녕하세요. 프리미엄 헬스테크 브랜드, 슬룸입니다.
정성스럽게 올려주신 소중한 후기 감사합니다. 💜

고객님의 목소리로 더 발전하는 슬룸이 되도록 노력하겠습니다.
감사합니다. 🙇‍♀️"
116916,2026-06-20 00:00:00,,,처음 써보는 날 강도를 잘못 높였다가 깜짝 놀라서 바로 내렸는데 그게 오히려 효과 증명이었어요. 이 자극 수준이면 확실히 뭔가 되겠다 싶었거든요. 지금은 적정 강도 찾아서 매일 루틴으로 쓰고 있어요.,c1f7dfb43249,,1003,바디풀고컷 경락 마사지기,99000,,기존리뷰,5,,0,0,1,"안녕하세요. 프리미엄 헬스테크 브랜드, 슬룸입니다.
시간 내어 소중한 후기를 작성해 주셔서 감사드립니다. :)

믿고 찾는 쇼핑몰이 되기 위해 더 좋은 상품과 서비스를 준비하겠습니다.
감사합니다. 💜"
116917,2026-06-29 00:00:00,,,여름 전 급관리 목적으로 샀는데 기대 이상이에요. 특히 허벅지 탄력이 좋아진 게 느껴지고 만져봐도 달라졌어요. 레깅스 핏이 예뻐진 것 같아서 만족스러워요.,b699a6d0c2ad,,1003,바디풀고컷 경락 마사지기,99000,,기존리뷰,4,,0,0,1,"안녕하세요. 프리미엄 헬스테크 브랜드, 슬룸입니다.
시간 내어 소중한 후기를 작성해 주셔서 감사드립니다. :)

믿고 찾는 쇼핑몰이 되기 위해 더 좋은 상품과 서비스를 준비하겠습니다.
감사합니다. 💜"
116918,2026-06-13 00:00:00,,,복부 집중 관리 받으러 다이어트 에스테틱 다녔었는데 한 달에 이십만원 넘게 썼거든요. 이거 사고 나서 그 돈 다 아꼈는데 결과는 비슷하거나 더 좋아요. 컷팅 모드 쓰면 배 주변 라인이 확실히 정리되는 느낌이 들어요. 경락 마사지 원리라고 하는데 그 시원함이 실제로 느껴져서 깜짝 놀랐어요.,010868a148b9,,1003,바디풀고컷 경락 마사지기,99000,,기존리뷰,5,,0,0,1,"안녕하세요. 프리미엄 헬스테크 브랜드, 슬룸입니다.
시간 내어 소중한 후기를 작성해 주셔서 감사드립니다. :)

믿고 찾는 쇼핑몰이 되기 위해 더 좋은 상품과 서비스를 준비하겠습니다.
감사합니다. 💜"
116919,2026-06-19 00:00:00,,,하루 종일 서서 일하는 편인데 저녁에 다리가 무거워서 집에 오면 바닥에 드러눕고 싶어요. 이거 발견하고 나서 드러누워서 쓰니까 완전 제 스타일이에요. 퇴근 후 회복 속도가 확실히 빨라졌어요.,ac407385b753,,1003,바디풀고컷 경락 마사지기,99000,,기존리뷰,5,,0,0,1,"안녕하세요. 프리미엄 헬스테크 브랜드, 슬룸입니다.
진심 어린 소중한 후기 감사합니다. 💜

앞으로도 좋은 상품과 서비스로 고객님들을 찾아뵐 수 있도록 노력하겠습니다.
감사합니다. :)"
116920,2026-06-26 00:00:00,,,여름마다 에스테틱 등록해서 팔뚝이랑 뱃살 관리 받았는데 이번엔 이거 사서 혼자 해봤어요. 솔직히 샵만큼 드라마틱하지 않을 거라 생각했는데 꾸준히 하니까 오히려 더 관리가 잘 되는 것 같아요. 샵은 일주일에 한두 번이지만 이건 매일 하니까 누적이 다른 거 같아요.,d3f3695b2ecd,,1003,바디풀고컷 경락 마사지기,99000,,기존리뷰,5,,0,0,1,"안녕하세요. 프리미엄 헬스테크 브랜드, 슬룸입니다.
진심 어린 소중한 후기 감사합니다. 💜

앞으로도 좋은 상품과 서비스로 고객님들을 찾아뵐 수 있도록 노력하겠습니다.
감사합니다. :)"
116921,2026-06-20 00:00:00,,,허벅지 바깥쪽에 쓸 때 자극이 가장 강하게 느껴지는데 이 부위가 원래 많이 뭉쳐있어서 그런 것 같아요. EMS 자극으로 뭉친 근육이 풀리는 느낌이 나면서 동시에 자극도 받으니까 일석이조예요.,8c4bdc25b670,,1003,바디풀고컷 경락 마사지기,99000,,기존리뷰,4,,0,0,1,"안녕하세요. 프리미엄 헬스테크 브랜드, 슬룸입니다.
정성스럽게 올려주신 소중한 후기 감사합니다. 💜

고객님의 목소리로 더 발전하는 슬룸이 되도록 노력하겠습니다.
감사합니다. 🙇‍♀️"
116922,2026-06-27 00:00:00,,,허벅지 바깥쪽 군살이 레깅스 입을 때 신경 쓰였는데 이거 쓰면서 달라지고 있어요. 허벅지 라인이 매끄러워지는 느낌이고 예전보다 레깅스 핏이 예뻐진 것 같아요.,f6cf8ad8f546,,1003,바디풀고컷 경락 마사지기,99000,,기존리뷰,5,,0,0,1,"안녕하세요. 프리미엄 헬스테크 브랜드, 슬룸입니다.
시간 내어 소중한 후기를 작성해 주셔서 감사드립니다. :)

믿고 찾는 쇼핑몰이 되기 위해 더 좋은 상품과 서비스를 준비하겠습니다.
감사합니다. 💜"
116923,2026-06-21 00:00:00,,,여름 되기 전에 뭐라도 해야겠다 싶어서 샵 끊고 이거 질렀어요. 처음엔 의심 반 기대 반이었는데 근적외선이랑 EMS가 같이 들어오니까 자극이 정말 깊이 느껴지거든요. 두 달 쓰니까 허벅지 셀룰라이트가 확실히 줄었어요. 여름 전에 진짜 효과 봤다고 말할 수 있어서 다행이에요.,8d8b8b46449e,,1003,바디풀고컷 경락 마사지기,99000,,기존리뷰,5,,0,0,1,"안녕하세요. 프리미엄 헬스테크 브랜드, 슬룸입니다.
시간 내어 소중한 후기를 작성해 주셔서 감사드립니다. :)

믿고 찾는 쇼핑몰이 되기 위해 더 좋은 상품과 서비스를 준비하겠습니다.
감사합니다. 💜"
116924,2026-06-30 00:00:00,,,허벅지 안쪽 살이 너무 고민이었는데 EMS가 그쪽 근육을 직접 자극해주는 느낌이 달라요. 운동으로는 이 부위가 잘 안 되는데 이거 쓰면 허벅지 안쪽이 실제로 수축하는 게 느껴져요. 진짜 자극 오는지 의심했는데 이제는 확신해요.,e0629ca3fe9b,,1003,바디풀고컷 경락 마사지기,99000,,기존리뷰,4,,0,0,1,"안녕하세요. 프리미엄 헬스테크 브랜드, 슬룸입니다.
진심 어린 소중한 후기 감사합니다. 💜

앞으로도 좋은 상품과 서비스로 고객님들을 찾아뵐 수 있도록 노력하겠습니다.
감사합니다. :)"
116925,2026-06-18 00:00:00,,,복부 라인 잡으려고 운동도 해봤는데 뱃살은 운동만으로 잘 안 빠지잖아요. 이거 컷팅 모드로 복부 집중하니까 라인이 조금씩 잡히는 것 같아요. 운동이랑 병행하면 더 효과 좋을 것 같아서 둘 다 하고 있어요.,ba2b0962b2c4,,1003,바디풀고컷 경락 마사지기,99000,,기존리뷰,5,,0,0,1,"안녕하세요. 프리미엄 헬스테크 브랜드, 슬룸입니다.
시간 내어 소중한 후기를 작성해 주셔서 감사드립니다. :)

믿고 찾는 쇼핑몰이 되기 위해 더 좋은 상품과 서비스를 준비하겠습니다.
감사합니다. 💜"
116926,2026-06-26 00:00:00,,,운동해도 허벅지 셀룰라이트는 변화가 없었는데 이거 쓰면서 달라지고 있어요. 운동이랑 병행하니까 시너지 나는 것 같고 허벅지 전체적으로 라인이 정리되는 느낌이에요.,74042435ab17,,1003,바디풀고컷 경락 마사지기,99000,,기존리뷰,5,,0,0,1,"안녕하세요. 프리미엄 헬스테크 브랜드, 슬룸입니다.
정성스럽게 올려주신 소중한 후기 감사합니다. 💜

고객님의 목소리로 더 발전하는 슬룸이 되도록 노력하겠습니다.
감사합니다. 🙇‍♀️"
116927,2026-06-23 00:00:00,,,강도 15단계까지 다 올려봤는데 최고 강도는 진짜 강해요. 저는 열 단계 정도에서 쓰는데 이 강도면 충분히 자극이 느껴지거든요. 기기 자체 성능이 탄탄하다는 느낌이 있어요.,cba42b0492b2,,1003,바디풀고컷 경락 마사지기,99000,,기존리뷰,5,,0,0,1,"안녕하세요. 프리미엄 헬스테크 브랜드, 슬룸입니다.
진심 어린 소중한 후기 감사합니다. 💜

앞으로도 좋은 상품과 서비스로 고객님들을 찾아뵐 수 있도록 노력하겠습니다.
감사합니다. :)"
116928,2026-06-21 00:00:00,,,운동 전후 루틴으로 쓰고 있어요. 운동 전에 붓기 모드로 워밍업하고 운동 후에 컷팅 모드로 정리하는 루틴이에요. 이 루틴 만들고 나서 운동 효과도 더 좋아진 것 같아요.,4874ff35889a,,1003,바디풀고컷 경락 마사지기,99000,,기존리뷰,4,,0,0,1,"안녕하세요. 프리미엄 헬스테크 브랜드, 슬룸입니다.
시간 내어 소중한 후기를 작성해 주셔서 감사드립니다. :)

믿고 찾는 쇼핑몰이 되기 위해 더 좋은 상품과 서비스를 준비하겠습니다.
감사합니다. 💜"
116929,2026-06-17 00:00:00,,,부유방이 신경 쓰여서 전문 관리 받으러 다녔는데 여기 케어하는 샵이 많지 않았어요. 이거 쓰면서 부유방 부위 집중으로 돌리고 있는데 조금씩 정리되는 느낌이에요. 한 기기로 팔뚝 복부 허벅지 종아리 부유방까지 다 케어할 수 있어서 샵 여러 군데 다니던 것보다 훨씬 효율적이에요.,4e452cea7c30,,1003,바디풀고컷 경락 마사지기,99000,,기존리뷰,5,,0,0,1,"안녕하세요. 프리미엄 헬스테크 브랜드, 슬룸입니다.
시간 내어 소중한 후기를 작성해 주셔서 감사드립니다. :)

믿고 찾는 쇼핑몰이 되기 위해 더 좋은 상품과 서비스를 준비하겠습니다.
감사합니다. 💜"
116930,2026-06-19 00:00:00,,,컷팅 모드에서 강약이 반복되는 자극이 오는데 처음엔 리듬이 불규칙한가 싶었는데 익숙해지니까 이 자극이 더 효과적인 것 같아요. 약했다 강해졌다 하면서 근육이 계속 반응하는 게 느껴지거든요. 단조로운 자극보다 이 방식이 훨씬 자극이 잘 느껴져요.,5fb513fd6611,,1003,바디풀고컷 경락 마사지기,99000,,기존리뷰,5,,0,0,1,"안녕하세요. 프리미엄 헬스테크 브랜드, 슬룸입니다.
진심 어린 소중한 후기 감사합니다. 💜

앞으로도 좋은 상품과 서비스로 고객님들을 찾아뵐 수 있도록 노력하겠습니다.
감사합니다. :)"
116931,2026-06-23 00:00:00,,,팔뚝이랑 복부 허벅지 동시에 관리하고 싶었는데 이게 하나로 다 되니까 좋아요. 각 부위 집중 시간 나눠서 루틴 만들어 쓰고 있어요.,fff6382bc67d,,1003,바디풀고컷 경락 마사지기,99000,,기존리뷰,5,,0,0,1,"안녕하세요. 프리미엄 헬스테크 브랜드, 슬룸입니다.
시간 내어 소중한 후기를 작성해 주셔서 감사드립니다. :)

믿고 찾는 쇼핑몰이 되기 위해 더 좋은 상품과 서비스를 준비하겠습니다.
감사합니다. 💜"
116932,2026-06-16 00:00:00,,,사무직이라 하루 종일 앉아있으면 저녁에 허벅지 뒤쪽이랑 종아리가 뭉쳐서 걷기도 불편해요. 이거 퇴근 후에 쓰면 그 불편함이 없어지거든요. 다음날 아침에 훨씬 가볍게 출근할 수 있어요.,2ab43d31eb5d,,1003,바디풀고컷 경락 마사지기,99000,,기존리뷰,4,,0,0,1,"안녕하세요. 프리미엄 헬스테크 브랜드, 슬룸입니다.
시간 내어 소중한 후기를 작성해 주셔서 감사드립니다. :)

믿고 찾는 쇼핑몰이 되기 위해 더 좋은 상품과 서비스를 준비하겠습니다.
감사합니다. 💜"
116933,2026-06-15 00:00:00,,,서서 일하는 직종이라 저녁 되면 다리가 통나무 같아요. 이거 붓기 모드로 종아리부터 허벅지까지 올려주면 순환이 되는 느낌이 실제로 나요. 자기 전에 쓰면 아침에 확실히 달라요.,fb0e12e8df28,,1003,바디풀고컷 경락 마사지기,99000,,기존리뷰,5,,0,0,1,"안녕하세요. 프리미엄 헬스테크 브랜드, 슬룸입니다.
정성스럽게 올려주신 소중한 후기 감사합니다. 💜

고객님의 목소리로 더 발전하는 슬룸이 되도록 노력하겠습니다.
감사합니다. 🙇‍♀️"
116934,2026-06-25 00:00:00,,,부유방이 신경 쓰여서 겨드랑이 부근도 집중으로 돌리고 있어요. 팔뚝이랑 부유방 동시에 케어할 수 있어서 한 기기로 여러 부위 다 되니까 편해요.,2b904b030582,,1003,바디풀고컷 경락 마사지기,99000,,기존리뷰,5,,0,0,1,"안녕하세요. 프리미엄 헬스테크 브랜드, 슬룸입니다.
시간 내어 소중한 후기를 작성해 주셔서 감사드립니다. :)

믿고 찾는 쇼핑몰이 되기 위해 더 좋은 상품과 서비스를 준비하겠습니다.
감사합니다. 💜"
116935,2026-06-16 00:00:00,,,이게 있으면 관리샵 굳이 안 가도 된다는 생각이 들어요. 물론 샵이랑 완전히 같진 않지만 가격 차이가 크고 매일 할 수 있다는 장점이 훨씬 크거든요.,91e8a3ff2da4,,1003,바디풀고컷 경락 마사지기,99000,,기존리뷰,4,,0,0,1,"안녕하세요. 프리미엄 헬스테크 브랜드, 슬룸입니다.
진심 어린 소중한 후기 감사합니다. 💜

앞으로도 좋은 상품과 서비스로 고객님들을 찾아뵐 수 있도록 노력하겠습니다.
감사합니다. :)"
116936,2026-06-24 00:00:00,,,다리 붓기가 심한 편이라 저녁마다 고민이었는데 이거 쓰면서 매일 관리가 돼서 좋아요. 붓기 모드가 촘촘하게 자극 준다는 게 실제로 느껴지거든요.,359c00313298,,1003,바디풀고컷 경락 마사지기,99000,,기존리뷰,5,,0,0,1,"안녕하세요. 프리미엄 헬스테크 브랜드, 슬룸입니다.
진심 어린 소중한 후기 감사합니다. 💜

앞으로도 좋은 상품과 서비스로 고객님들을 찾아뵐 수 있도록 노력하겠습니다.
감사합니다. :)"
116937,2026-06-24 00:00:00,,,남편도 같이 쓰고 있어요. 운동 후 뭉친 부위 풀 때 쓴다고 하더라고요. 부부가 같이 쓸 수 있는 기기라서 더 가성비 좋은 것 같아요. 집에 하나 있으면 전신 관리 다 되니까 완전 홈케어 필수템이에요.,44ca93a76c81,,1003,바디풀고컷 경락 마사지기,99000,,기존리뷰,5,,0,0,1,"안녕하세요. 프리미엄 헬스테크 브랜드, 슬룸입니다.
정성스럽게 올려주신 소중한 후기 감사합니다. 💜

고객님의 목소리로 더 발전하는 슬룸이 되도록 노력하겠습니다.
감사합니다. 🙇‍♀️"
116938,2026-06-21 00:00:00,,,승모근이 항상 심하게 뭉쳐있어서 전문 마사지를 주기적으로 받았는데 이제 집에서 해결해요. 경락볼이 실제 손으로 누르는 느낌에 가장 가까워서 승모근 케어에 최고예요.,89c68a3b8e13,,1003,바디풀고컷 경락 마사지기,99000,,기존리뷰,5,,0,0,1,"안녕하세요. 프리미엄 헬스테크 브랜드, 슬룸입니다.
진심 어린 소중한 후기 감사합니다. 💜

앞으로도 좋은 상품과 서비스로 고객님들을 찾아뵐 수 있도록 노력하겠습니다.
감사합니다. :)"
116939,2026-06-14 00:00:00,,,처음에 유튜브에서 봤을 때 과장광고 같다고 생각했는데 지인이 실제 써보고 추천해줘서 믿고 샀어요. 정말 팔뚝살 2주 차이가 느껴져요. 남들은 안 믿을 수도 있는데 저는 직접 느꼈거든요. 이제 에스테틱 예약하는 시간에 이거 쓰고 있어요.,8f44e4b034e7,,1003,바디풀고컷 경락 마사지기,99000,,기존리뷰,4,,0,0,1,"안녕하세요. 프리미엄 헬스테크 브랜드, 슬룸입니다.
정성스럽게 올려주신 소중한 후기 감사합니다. 💜

고객님의 목소리로 더 발전하는 슬룸이 되도록 노력하겠습니다.
감사합니다. 🙇‍♀️"
116940,2026-06-27 00:00:00,,,뱃살 셀룰라이트가 생겨서 고민이었는데 이거 컷팅 모드로 꾸준히 하니까 표면이 매끄러워지는 것 같아요. 만져봤을 때 질감이 달라진 게 느껴지고 라인도 조금씩 잡혀가요.,986a3fa77f00,,1003,바디풀고컷 경락 마사지기,99000,,기존리뷰,5,,0,0,1,"안녕하세요. 프리미엄 헬스테크 브랜드, 슬룸입니다.
시간 내어 소중한 후기를 작성해 주셔서 감사드립니다. :)

믿고 찾는 쇼핑몰이 되기 위해 더 좋은 상품과 서비스를 준비하겠습니다.
감사합니다. 💜"
116941,2026-06-16 00:00:00,,,허벅지 셀룰라이트가 줄어드는 게 느껴져서 수영복 입는 게 전보다 덜 무섭게 됐어요. 완전히 없어진 건 아니지만 확실히 줄었고 질감도 달라졌어요.,de00d294c2d9,,1003,바디풀고컷 경락 마사지기,99000,,기존리뷰,5,,0,0,1,"안녕하세요. 프리미엄 헬스테크 브랜드, 슬룸입니다.
진심 어린 소중한 후기 감사합니다. 💜

앞으로도 좋은 상품과 서비스로 고객님들을 찾아뵐 수 있도록 노력하겠습니다.
감사합니다. :)"
116942,2026-06-25 00:00:00,,,허벅지 셀룰라이트가 오래된 고민이었는데 이거 쓰면서 달라지고 있어요. 레깅스 입을 때 허벅지 라인이 예전보다 훨씬 매끄러워진 것 같고 살 질감도 달라진 게 느껴져요.,47f8d622f42e,,1003,바디풀고컷 경락 마사지기,99000,,기존리뷰,5,,0,0,1,"안녕하세요. 프리미엄 헬스테크 브랜드, 슬룸입니다.
진심 어린 소중한 후기 감사합니다. 💜

앞으로도 좋은 상품과 서비스로 고객님들을 찾아뵐 수 있도록 노력하겠습니다.
감사합니다. :)"
116943,2026-06-15 00:00:00,,,복부에 올려놓으면 배가 알아서 수축하는 느낌이 나요. 운동할 때 복근에 힘주는 느낌이랑 비슷한데 내가 힘을 안 줘도 되니까 편하게 누워서 받을 수 있어요. EMS가 이렇게 강하게 느껴지는 홈케어 기기는 처음이에요.,4263a73a2940,,1003,바디풀고컷 경락 마사지기,99000,,기존리뷰,4,,0,0,1,"안녕하세요. 프리미엄 헬스테크 브랜드, 슬룸입니다.
정성스럽게 올려주신 소중한 후기 감사합니다. 💜

고객님의 목소리로 더 발전하는 슬룸이 되도록 노력하겠습니다.
감사합니다. 🙇‍♀️"
116944,2026-06-22 00:00:00,,,하이힐 신고 하루 종일 서있으면 저녁에 발이랑 종아리가 퉁퉁 부어요. 이거 쓰기 시작하면서 그 붓기가 빠지는 속도가 확실히 빨라졌어요. 전엔 다음날까지 붓기가 남았는데 이제 자고 나면 깔끔해요.,02b1b368f312,,1003,바디풀고컷 경락 마사지기,99000,,기존리뷰,5,,0,0,1,"안녕하세요. 프리미엄 헬스테크 브랜드, 슬룸입니다.
진심 어린 소중한 후기 감사합니다. 💜

앞으로도 좋은 상품과 서비스로 고객님들을 찾아뵐 수 있도록 노력하겠습니다.
감사합니다. :)"
116945,2026-06-24 00:00:00,,,주말에만 샵 가려다가 스케줄 맞추기 어렵고 비용도 부담돼서 포기하고 이거 구매했어요. 집에서 매일 할 수 있으니까 결과적으로 더 자주 관리하게 됐어요. 전보다 몸 상태가 더 좋아진 것 같아요.,bea34be12f4e,,1003,바디풀고컷 경락 마사지기,99000,,기존리뷰,5,,0,0,1,"안녕하세요. 프리미엄 헬스테크 브랜드, 슬룸입니다.
진심 어린 소중한 후기 감사합니다. 💜

앞으로도 좋은 상품과 서비스로 고객님들을 찾아뵐 수 있도록 노력하겠습니다.
감사합니다. :)"
116946,2026-06-30 00:00:00,,,처음엔 유튜브 광고인 줄 알고 넘겼는데 주변에 두 명이 써보고 추천해줘서 샀어요. 이제 못 끊어요 진짜로. 퇴근하고 샤워하고 젤 바르고 허벅지 종아리 돌리면 그날 피로가 풀리는 게 느껴져요. 에스테틱 다닐 때보다 더 자주 관리하고 있으니까 오히려 몸 상태가 더 좋아진 것 같아요.,8e0a9a2f69f1,,1003,바디풀고컷 경락 마사지기,99000,,기존리뷰,4,,0,0,1,"안녕하세요. 프리미엄 헬스테크 브랜드, 슬룸입니다.
정성스럽게 올려주신 소중한 후기 감사합니다. 💜

고객님의 목소리로 더 발전하는 슬룸이 되도록 노력하겠습니다.
감사합니다. 🙇‍♀️"
116947,2026-06-15 00:00:00,,,오래 앉아있는 직종이라 허벅지 뒤쪽이 항상 뭉쳐있어요. 이거 허벅지 뒤쪽 집중으로 쓰면 뭉친 게 풀리는 느낌이에요. 퇴근 후 루틴 만들고 나서 다음날 몸 상태가 확실히 달라요.,c07b1ffa61b3,,1003,바디풀고컷 경락 마사지기,99000,,기존리뷰,5,,0,0,1,"안녕하세요. 프리미엄 헬스테크 브랜드, 슬룸입니다.
진심 어린 소중한 후기 감사합니다. 💜

앞으로도 좋은 상품과 서비스로 고객님들을 찾아뵐 수 있도록 노력하겠습니다.
감사합니다. :)"
116948,2026-06-14 00:00:00,,,팔뚝에 쓸 때 팔 근육이 실제로 수축하는 게 느껴져요. 이게 속근육까지 자극된다는 게 단순히 표면 마사지가 아니라는 증거 같아서 믿음이 갔어요. 꾸준히 쓰니까 팔뚝이 단단해지는 느낌이 들어요.,31a53c51dae7,,1003,바디풀고컷 경락 마사지기,99000,,기존리뷰,5,,0,0,1,"안녕하세요. 프리미엄 헬스테크 브랜드, 슬룸입니다.
정성스럽게 올려주신 소중한 후기 감사합니다. 💜

고객님의 목소리로 더 발전하는 슬룸이 되도록 노력하겠습니다.
감사합니다. 🙇‍♀️"
116949,2026-06-20 00:00:00,,,EMS 자극이 근육에 들어오면서 동시에 열감이 느껴지는 게 근적외선 효과랑 합쳐진 것 같아요. 두 가지가 같이 오니까 뭉친 근육이 풀리면서 자극도 받는 느낌이라 복합적인 효과가 나는 것 같아요.,042ea458dd2d,,1003,바디풀고컷 경락 마사지기,99000,,기존리뷰,5,,0,0,1,"안녕하세요. 프리미엄 헬스테크 브랜드, 슬룸입니다.
시간 내어 소중한 후기를 작성해 주셔서 감사드립니다. :)

믿고 찾는 쇼핑몰이 되기 위해 더 좋은 상품과 서비스를 준비하겠습니다.
감사합니다. 💜"
116950,2026-06-22 00:00:00,,,셀룰라이트 때문에 허벅지 관리 비용이 너무 많이 들어서 고민이었어요. 이거 한 달 써보고 진짜 효과 있으면 계속 쓰고 없으면 반품하자 했는데 지금은 두 달째 매일 쓰고 있어요. 허벅지 셀룰라이트가 눈에 띄게 줄었고 만져보면 질감 자체가 달라진 게 느껴져요. 에스테틱 비용 생각하면 이게 훨씬 이득이에요.,31244ce96126,,1003,바디풀고컷 경락 마사지기,99000,,기존리뷰,4,,0,0,1,"안녕하세요. 프리미엄 헬스테크 브랜드, 슬룸입니다.
시간 내어 소중한 후기를 작성해 주셔서 감사드립니다. :)

믿고 찾는 쇼핑몰이 되기 위해 더 좋은 상품과 서비스를 준비하겠습니다.
감사합니다. 💜"
116951,2026-06-15 00:00:00,,,크롭티 입을 때 복부가 신경 쓰여서 뱃살 집중으로 쓰고 있어요. 컷팅 모드로 복부 위아래 구석구석 돌리면 배가 자극받는 게 느껴지는데 꾸준히 하니까 복부 라인이 조금씩 잡혀가는 것 같아요.,206e11c54af6,,1003,바디풀고컷 경락 마사지기,99000,,기존리뷰,5,,0,0,1,"안녕하세요. 프리미엄 헬스테크 브랜드, 슬룸입니다.
진심 어린 소중한 후기 감사합니다. 💜

앞으로도 좋은 상품과 서비스로 고객님들을 찾아뵐 수 있도록 노력하겠습니다.
감사합니다. :)"
116952,2026-06-20 00:00:00,,,친정 엄마한테도 사드렸어요. 같이 집에서 케어하는 루틴 만들었는데 어머니가 온몸이 뭉쳐 있어서 경락 마사지를 좋아하시는데 이게 그 느낌이랑 비슷하다고 굉장히 좋아하세요.,1cd1570e7977,,1003,바디풀고컷 경락 마사지기,99000,,기존리뷰,5,,0,0,1,"안녕하세요. 프리미엄 헬스테크 브랜드, 슬룸입니다.
정성스럽게 올려주신 소중한 후기 감사합니다. 💜

고객님의 목소리로 더 발전하는 슬룸이 되도록 노력하겠습니다.
감사합니다. 🙇‍♀️"
116953,2026-06-16 00:00:00,,,여름 전 바디 관리 필수템이 됐어요. 팔뚝이랑 허벅지 집중해서 쓰고 있는데 두 달 만에 확실히 달라졌고 올여름은 작년보다 자신 있게 입을 것 같아요.,5d67cf6ebc2f,,1003,바디풀고컷 경락 마사지기,99000,,기존리뷰,5,,0,0,1,"안녕하세요. 프리미엄 헬스테크 브랜드, 슬룸입니다.
시간 내어 소중한 후기를 작성해 주셔서 감사드립니다. :)

믿고 찾는 쇼핑몰이 되기 위해 더 좋은 상품과 서비스를 준비하겠습니다.
감사합니다. 💜"
116954,2026-06-25 00:00:00,,,종아리 붓기 모드로 쓸 때 EMS가 종아리 근육을 펌핑해주는 느낌이 나요. 운동 후 종아리 스트레칭하는 느낌이랑 비슷한데 더 깊이 자극이 들어와요. 이게 림프 순환을 돕는다는 게 자극으로 느껴지니까 효과가 있겠다 싶어요.,95d5a9a0c42b,,1003,바디풀고컷 경락 마사지기,99000,,기존리뷰,4,,0,0,1,"안녕하세요. 프리미엄 헬스테크 브랜드, 슬룸입니다.
시간 내어 소중한 후기를 작성해 주셔서 감사드립니다. :)

믿고 찾는 쇼핑몰이 되기 위해 더 좋은 상품과 서비스를 준비하겠습니다.
감사합니다. 💜"
116955,2026-06-21 00:00:00,,,민소매 입으려고 팔뚝 집중 관리 시작했는데 이거 두 달 쓰니까 팔뚝 라인이 확실히 정리됐어요. 팔 들었을 때 흔들리던 게 많이 줄었어요. 여름 전에 시작해서 다행이에요.,1daba0cdeb56,,1003,바디풀고컷 경락 마사지기,99000,,기존리뷰,5,,0,0,1,"안녕하세요. 프리미엄 헬스테크 브랜드, 슬룸입니다.
진심 어린 소중한 후기 감사합니다. 💜

앞으로도 좋은 상품과 서비스로 고객님들을 찾아뵐 수 있도록 노력하겠습니다.
감사합니다. :)"
116956,2026-06-27 00:00:00,,,EMS 기기 몇 개 써봤는데 이게 제일 자극이 진해요. 패드형은 자극 범위가 작고 롤러형 중에도 이렇게 강한 건 없었거든요. 특히 고주파랑 동시에 들어올 때 피부 표면이 아니라 안쪽에서 자극이 오는 게 달라요.,677973a4f00a,,1003,바디풀고컷 경락 마사지기,99000,,기존리뷰,5,,0,0,1,"안녕하세요. 프리미엄 헬스테크 브랜드, 슬룸입니다.
정성스럽게 올려주신 소중한 후기 감사합니다. 💜

고객님의 목소리로 더 발전하는 슬룸이 되도록 노력하겠습니다.
감사합니다. 🙇‍♀️"
116957,2026-06-24 00:00:00,,,15단계 강도 조절이 되는데 처음에는 낮은 단계에서 시작하다가 지금은 꽤 높게 쓰고 있어요. 강도가 올라갈수록 자극이 진짜 무시무시하게 들어와요. 이게 EMS가 피부 속 근육까지 자극한다는 게 실제로 체감되니까 효과 의심 안 하게 됐어요.,f5ad8f93fee7,,1003,바디풀고컷 경락 마사지기,99000,,기존리뷰,4,,0,0,1,"안녕하세요. 프리미엄 헬스테크 브랜드, 슬룸입니다.
시간 내어 소중한 후기를 작성해 주셔서 감사드립니다. :)

믿고 찾는 쇼핑몰이 되기 위해 더 좋은 상품과 서비스를 준비하겠습니다.
감사합니다. 💜"
116958,2026-06-18 00:00:00,,,종아리 붓기가 아침저녁으로 차이가 생겼어요. 저녁에 이거 쓰고 자면 다음날 아침에 종아리가 확실히 덜 부어있어요. 이게 습관이 되니까 이제 이거 없으면 불안할 것 같아요.,284b7564dad1,,1003,바디풀고컷 경락 마사지기,99000,,기존리뷰,5,,0,0,1,"안녕하세요. 프리미엄 헬스테크 브랜드, 슬룸입니다.
정성스럽게 올려주신 소중한 후기 감사합니다. 💜

고객님의 목소리로 더 발전하는 슬룸이 되도록 노력하겠습니다.
감사합니다. 🙇‍♀️"
116959,2026-06-24 00:00:00,,,하루 종일 앉아있다 보니까 허리랑 다리가 같이 피로해요. 허리는 스트레칭으로 풀고 다리는 이거로 풀어주는 루틴 만들었어요. 퇴근 후 이 루틴이 생기고 나서 몸 상태 관리가 훨씬 잘 되고 있어요.,2968193ad75d,,1003,바디풀고컷 경락 마사지기,99000,,기존리뷰,5,,0,0,1,"안녕하세요. 프리미엄 헬스테크 브랜드, 슬룸입니다.
진심 어린 소중한 후기 감사합니다. 💜

앞으로도 좋은 상품과 서비스로 고객님들을 찾아뵐 수 있도록 노력하겠습니다.
감사합니다. :)"
116960,2026-06-24 00:00:00,,,직장 생활 하면서 몸 관리 시간이 없는데 이건 누워서 쓸 수 있으니까 퇴근 후 드라마 보면서 할 수 있어요. 하루 20분 이 루틴이 생기고 나서 몸이 확실히 달라졌어요.,365f781d1d2e,,1003,바디풀고컷 경락 마사지기,99000,,기존리뷰,5,,0,0,1,"안녕하세요. 프리미엄 헬스테크 브랜드, 슬룸입니다.
진심 어린 소중한 후기 감사합니다. 💜

앞으로도 좋은 상품과 서비스로 고객님들을 찾아뵐 수 있도록 노력하겠습니다.
감사합니다. :)"
116961,2026-06-30 00:00:00,,,수영복 입을 생각에 복부랑 허벅지 집중 관리 시작했어요. 혼자 하는 건데 이렇게 자극이 강하니까 효과가 있을 것 같아서 믿고 하고 있어요. 꾸준히 하면 여름에 자신 있게 입을 수 있을 것 같아요.,7c6acac5cb68,,1003,바디풀고컷 경락 마사지기,99000,,기존리뷰,4,,0,0,1,"안녕하세요. 프리미엄 헬스테크 브랜드, 슬룸입니다.
정성스럽게 올려주신 소중한 후기 감사합니다. 💜

고객님의 목소리로 더 발전하는 슬룸이 되도록 노력하겠습니다.
감사합니다. 🙇‍♀️"
116962,2026-06-21 00:00:00,,,허벅지 안쪽 살이 오래 고민이었는데 운동해도 이 부위는 효과가 느린 편이잖아요. 이거 EMS로 직접 자극 주니까 운동만 했을 때보다 변화가 빨리 오는 것 같아요.,c0a01ad14c72,,1003,바디풀고컷 경락 마사지기,99000,,기존리뷰,5,,0,0,1,"안녕하세요. 프리미엄 헬스테크 브랜드, 슬룸입니다.
정성스럽게 올려주신 소중한 후기 감사합니다. 💜

고객님의 목소리로 더 발전하는 슬룸이 되도록 노력하겠습니다.
감사합니다. 🙇‍♀️"
116963,2026-06-15 00:00:00,,,관리샵 예약이 항상 문제였어요. 가고 싶은 날 못 가고 자리 있는 날 맞추다 보면 결국 못 가는 날이 많았는데 이건 그런 고민이 없어요. 매일 원할 때 쓸 수 있으니까 오히려 샵보다 더 자주 관리하고 있어요.,519aad3a1160,,1003,바디풀고컷 경락 마사지기,99000,,기존리뷰,5,,0,0,1,"안녕하세요. 프리미엄 헬스테크 브랜드, 슬룸입니다.
진심 어린 소중한 후기 감사합니다. 💜

앞으로도 좋은 상품과 서비스로 고객님들을 찾아뵐 수 있도록 노력하겠습니다.
감사합니다. :)"
116964,2026-06-18 00:00:00,,,처음에 솔직히 이 가격에 이게 되겠어? 싶었어요. 에스테틱에서 쓰는 기기들이 다 몇백만원짜리잖아요. 근데 막상 써보니까 EMS 자극이 진짜 피부 속으로 들어오는 느낌이라 깜짝 놀랐어요. 이제 샵 가는 돈이랑 예약하는 시간 둘 다 아꼈어요. 이게 진짜 가성비 갑인 것 같아요.,ec5af39e463f,,1003,바디풀고컷 경락 마사지기,99000,,기존리뷰,5,,0,0,1,"안녕하세요. 프리미엄 헬스테크 브랜드, 슬룸입니다.
정성스럽게 올려주신 소중한 후기 감사합니다. 💜

고객님의 목소리로 더 발전하는 슬룸이 되도록 노력하겠습니다.
감사합니다. 🙇‍♀️"
116965,2026-06-20 00:00:00,,,솔직히 EMS 효과 반신반의였는데 이거 강도 높이면 근육이 실제로 수축하는 게 느껴져요. 운동할 때 쓰는 근육이 자극되는 그 느낌이에요. 탄력 모드에서 EMS랑 고주파 같이 오니까 자극이 깊고 강해서 처음엔 깜짝 놀랐어요.,193e29b93e46,,1003,바디풀고컷 경락 마사지기,99000,,기존리뷰,4,,0,0,1,"안녕하세요. 프리미엄 헬스테크 브랜드, 슬룸입니다.
정성스럽게 올려주신 소중한 후기 감사합니다. 💜

고객님의 목소리로 더 발전하는 슬룸이 되도록 노력하겠습니다.
감사합니다. 🙇‍♀️"
116966,2026-06-18 00:00:00,,,전신 라인 케어하고 싶어서 샀는데 팔뚝부터 복부 허벅지 종아리까지 하나로 다 되니까 진짜 올인원이에요. 부위별로 시간 나눠서 집중하면서 쓰고 있어요.,23a556039245,,1003,바디풀고컷 경락 마사지기,99000,,기존리뷰,5,,0,0,1,"안녕하세요. 프리미엄 헬스테크 브랜드, 슬룸입니다.
정성스럽게 올려주신 소중한 후기 감사합니다. 💜

고객님의 목소리로 더 발전하는 슬룸이 되도록 노력하겠습니다.
감사합니다. 🙇‍♀️"
116967,2026-06-27 00:00:00,,,임산부 때부터 다리 붓기가 심했는데 출산 후에도 이게 남아있어서 고민이었어요. 이거 쓰면서 다리 순환이 개선되는 느낌이고 저녁에 붓기가 훨씬 덜 올라요.,5a8644307b2d,,1003,바디풀고컷 경락 마사지기,99000,,기존리뷰,5,,0,0,1,"안녕하세요. 프리미엄 헬스테크 브랜드, 슬룸입니다.
시간 내어 소중한 후기를 작성해 주셔서 감사드립니다. :)

믿고 찾는 쇼핑몰이 되기 위해 더 좋은 상품과 서비스를 준비하겠습니다.
감사합니다. 💜"
116968,2026-06-25 00:00:00,,,원래 자기 관리에 꾸준하지 못한 편인데 이건 계속 하게 돼요. 자극이 강하니까 쓸 때마다 효과가 느껴지거든요. 효과가 느껴지니까 포기 안 하게 되고 자연스럽게 루틴이 됐어요.,42e717f7c25d,,1003,바디풀고컷 경락 마사지기,99000,,기존리뷰,4,,0,0,1,"안녕하세요. 프리미엄 헬스테크 브랜드, 슬룸입니다.
정성스럽게 올려주신 소중한 후기 감사합니다. 💜

고객님의 목소리로 더 발전하는 슬룸이 되도록 노력하겠습니다.
감사합니다. 🙇‍♀️"
116969,2026-06-21 00:00:00,,,가격 보고 살까 말까 엄청 고민했는데 에스테틱 두 번 값이라고 생각하니까 그냥 지르게 됐어요. 결론적으로 정말 잘 산 것 같아요. 매일 쓸 수 있다는 게 가장 큰 장점인데 꾸준히 하니까 몸이 점점 가벼워지고 라인이 정리되는 게 느껴져요. 샵 끊어도 됩니다 진짜로요.,f30294bbde3d,,1003,바디풀고컷 경락 마사지기,99000,,기존리뷰,5,,0,0,1,"안녕하세요. 프리미엄 헬스테크 브랜드, 슬룸입니다.
진심 어린 소중한 후기 감사합니다. 💜

앞으로도 좋은 상품과 서비스로 고객님들을 찾아뵐 수 있도록 노력하겠습니다.
감사합니다. :)"
116970,2026-06-20 00:00:00,,,퇴근 후 다리 붓기 때문에 매일 고민이었는데 이거 루틴 만들고 나서 걱정이 없어졌어요. 붓기 모드 쓰면 종아리랑 허벅지 순환이 되는 느낌이 실제로 나거든요.,a77333f0be48,,1003,바디풀고컷 경락 마사지기,99000,,기존리뷰,5,,0,0,1,"안녕하세요. 프리미엄 헬스테크 브랜드, 슬룸입니다.
진심 어린 소중한 후기 감사합니다. 💜

앞으로도 좋은 상품과 서비스로 고객님들을 찾아뵐 수 있도록 노력하겠습니다.
감사합니다. :)"
116971,2026-06-23 00:00:00,,,크롭티 입을 때 복부가 신경 쓰여서 항상 가리는 스타일 입었는데 이거 쓰면서 자신감이 생겼어요. 완벽하게 예뻐졌다기보다 전보다 달라진 게 느껴지니까 옷 선택이 더 자유로워졌어요.,e9906756834b,,1003,바디풀고컷 경락 마사지기,99000,,기존리뷰,5,,0,0,1,"안녕하세요. 프리미엄 헬스테크 브랜드, 슬룸입니다.
정성스럽게 올려주신 소중한 후기 감사합니다. 💜

고객님의 목소리로 더 발전하는 슬룸이 되도록 노력하겠습니다.
감사합니다. 🙇‍♀️"
116972,2026-06-14 00:00:00,,,에스테틱 한 번 값으로 이거 사서 매일 쓰고 있어요. 처음엔 반신반의했는데 2주 지나고 나서 팔뚝 라인이 달라 보인다고 남편이 먼저 얘기해줬어요. 제가 봐도 옷 입을 때 팔뚝이 덜 신경 쓰이더라고요. 크롭티 꺼내 입으면서 이거 없었으면 어쩔 뻔 했나 싶었어요.,d1a3076b3f18,,1003,바디풀고컷 경락 마사지기,99000,,기존리뷰,4,,0,0,1,"안녕하세요. 프리미엄 헬스테크 브랜드, 슬룸입니다.
진심 어린 소중한 후기 감사합니다. 💜

앞으로도 좋은 상품과 서비스로 고객님들을 찾아뵐 수 있도록 노력하겠습니다.
감사합니다. :)"
116973,2026-06-20 00:00:00,,,원래 한 달에 두 번씩 에스테틱 다녔는데 한 번 가면 기본 칠팔만원이라 부담이 컸거든요. 친구 추천으로 이거 써봤는데 진짜 후회가 없어요. 경락볼이 열두 개나 달려있어서 손으로 누르는 것처럼 압이 느껴지는데 집에서 이 느낌 받을 수 있을 줄 몰랐어요. 샵 끊은 지 두 달 됐는데 몸 상태는 더 좋아진 것 같아요.,5ac5e7312f09,,1003,바디풀고컷 경락 마사지기,99000,,기존리뷰,5,,0,0,1,"안녕하세요. 프리미엄 헬스테크 브랜드, 슬룸입니다.
진심 어린 소중한 후기 감사합니다. 💜

앞으로도 좋은 상품과 서비스로 고객님들을 찾아뵐 수 있도록 노력하겠습니다.
감사합니다. :)"
116974,2026-06-30 00:00:00,,,여름 바디 관리를 위해 팔뚝 복부 허벅지 집중으로 쓰고 있는데 부위마다 다 효과가 느껴져서 신기해요. 한 기기로 이렇게 여러 부위 케어되니까 가성비 최고예요.,702ab134298d,,1003,바디풀고컷 경락 마사지기,99000,,기존리뷰,5,,0,0,1,"안녕하세요. 프리미엄 헬스테크 브랜드, 슬룸입니다.
진심 어린 소중한 후기 감사합니다. 💜

앞으로도 좋은 상품과 서비스로 고객님들을 찾아뵐 수 있도록 노력하겠습니다.
감사합니다. :)"
116975,2026-06-23 00:00:00,,,여름마다 팔뚝 때문에 민소매를 못 입었는데 이번 여름은 다를 것 같아요. 두 달째 팔뚝 집중으로 쓰고 있는데 라인이 확실히 정리됐어요. 크롭티 입을 때 이제 팔뚝 덜 신경 써요.,2ddc3097c54b,,1003,바디풀고컷 경락 마사지기,99000,,기존리뷰,5,,0,0,1,"안녕하세요. 프리미엄 헬스테크 브랜드, 슬룸입니다.
시간 내어 소중한 후기를 작성해 주셔서 감사드립니다. :)

믿고 찾는 쇼핑몰이 되기 위해 더 좋은 상품과 서비스를 준비하겠습니다.
감사합니다. 💜"
116976,2026-06-25 00:00:00,,,민소매 입으려고 시작했는데 팔뚝뿐 아니라 팔 전체 라인이 정리되는 것 같아요. 특히 팔뚝 위쪽 살이 달라진 게 느껴져서 이번 여름엔 자신 있게 민소매 입을 수 있을 것 같아요.,1d42a5ac771e,,1003,바디풀고컷 경락 마사지기,99000,,기존리뷰,4,,0,0,1,"안녕하세요. 프리미엄 헬스테크 브랜드, 슬룸입니다.
진심 어린 소중한 후기 감사합니다. 💜

앞으로도 좋은 상품과 서비스로 고객님들을 찾아뵐 수 있도록 노력하겠습니다.
감사합니다. :)"
116977,2026-06-21 00:00:00,,,야근이 잦아서 저녁 늦게 퇴근하면 다리가 너무 피곤한데 이거 쓰면 그나마 회복이 돼요. 늦은 밤에도 조용하게 쓸 수 있어서 야근 후 루틴으로 딱이에요.,db870af1fe70,,1003,바디풀고컷 경락 마사지기,99000,,기존리뷰,5,,0,0,1,"안녕하세요. 프리미엄 헬스테크 브랜드, 슬룸입니다.
정성스럽게 올려주신 소중한 후기 감사합니다. 💜

고객님의 목소리로 더 발전하는 슬룸이 되도록 노력하겠습니다.
감사합니다. 🙇‍♀️"
116978,2026-06-15 00:00:00,,,붓기 모드는 촘촘한 자극이라고 하는데 정말 미세하고 촘촘하게 자극이 들어와요. 다른 모드들이랑 확실히 다른 리듬이라 부위마다 모드 바꿔서 쓰면 더 효과적인 것 같아요.,801c3db6d6a7,,1003,바디풀고컷 경락 마사지기,99000,,기존리뷰,5,,0,0,1,"안녕하세요. 프리미엄 헬스테크 브랜드, 슬룸입니다.
시간 내어 소중한 후기를 작성해 주셔서 감사드립니다. :)

믿고 찾는 쇼핑몰이 되기 위해 더 좋은 상품과 서비스를 준비하겠습니다.
감사합니다. 💜"
116979,2026-06-19 00:00:00,,,종아리 붓기가 심해서 에스테틱에서 림프 관리 받고 있었는데 한 번에 육만원씩 부담이었어요. 이거 쓰면서 아침저녁으로 종아리 집중 케어 하고 있는데 자기 전에 퉁퉁하던 게 아침에 훨씬 가벼워요. 샵에서 받던 것처럼 완전히 똑같진 않아도 이 가격 이 편리함이면 충분히 대체가 돼요.,03a2d48fcd1b,,1003,바디풀고컷 경락 마사지기,99000,,기존리뷰,4,,0,0,1,"안녕하세요. 프리미엄 헬스테크 브랜드, 슬룸입니다.
진심 어린 소중한 후기 감사합니다. 💜

앞으로도 좋은 상품과 서비스로 고객님들을 찾아뵐 수 있도록 노력하겠습니다.
감사합니다. :)"
116980,2026-06-23 00:00:00,,,탄력 모드에서 두드림 자극이 오는데 두드리면서 동시에 전기 자극이 들어오니까 이중으로 자극받는 느낌이에요. 처음엔 이 조합이 어색했는데 이게 피부 탄력에 좋다고 하니까 믿고 매일 하고 있어요.,f6534c2d0534,,1003,바디풀고컷 경락 마사지기,99000,,기존리뷰,4,,0,0,1,"안녕하세요. 프리미엄 헬스테크 브랜드, 슬룸입니다.
시간 내어 소중한 후기를 작성해 주셔서 감사드립니다. :)

믿고 찾는 쇼핑몰이 되기 위해 더 좋은 상품과 서비스를 준비하겠습니다.
감사합니다. 💜"
116981,2026-06-19 00:00:00,,,EMS 효과 의심했다는 분들한테 직접 써보게 해봤는데 다 자극 강도에 놀라서 믿게 됐어요. 느껴지는 자극 수준이 확실하니까 효과에 대한 신뢰가 자연스럽게 생기더라고요.,24bba33af9e2,,1003,바디풀고컷 경락 마사지기,99000,,기존리뷰,5,,0,0,1,"안녕하세요. 프리미엄 헬스테크 브랜드, 슬룸입니다.
정성스럽게 올려주신 소중한 후기 감사합니다. 💜

고객님의 목소리로 더 발전하는 슬룸이 되도록 노력하겠습니다.
감사합니다. 🙇‍♀️"
116982,2026-06-28 00:00:00,,,복부 탄력이 문제였는데 이거 탄력 모드로 꾸준히 하니까 피부가 탄탄해지는 느낌이에요. 두드림 자극이 피부 깊이 들어온다고 하는데 실제로 그런 느낌이 나서 신기해요.,93126e3f489a,,1003,바디풀고컷 경락 마사지기,99000,,기존리뷰,5,,0,0,1,"안녕하세요. 프리미엄 헬스테크 브랜드, 슬룸입니다.
정성스럽게 올려주신 소중한 후기 감사합니다. 💜

고객님의 목소리로 더 발전하는 슬룸이 되도록 노력하겠습니다.
감사합니다. 🙇‍♀️"
116983,2026-06-25 00:00:00,,,자기 전에 이거 쓰는 게 완전 루틴이 됐어요. 15분에서 20분 정도 전신 돌리고 자면 다음날 몸이 훨씬 가벼워요. 이 루틴 생기고 나서 잠도 더 잘 자는 것 같아요.,f1ad5d4b93d9,,1003,바디풀고컷 경락 마사지기,99000,,기존리뷰,4,,0,0,1,"안녕하세요. 프리미엄 헬스테크 브랜드, 슬룸입니다.
진심 어린 소중한 후기 감사합니다. 💜

앞으로도 좋은 상품과 서비스로 고객님들을 찾아뵐 수 있도록 노력하겠습니다.
감사합니다. :)"
116984,2026-06-27 00:00:00,,,홈케어 기기를 몇 개 사봤는데 꾸준히 쓰게 된 건 처음이에요. 자극이 약하면 쓰다가 포기하게 되는데 이건 자극이 확실해서 계속 하게 돼요. 어느새 세 달째 매일 하고 있어요.,536685ab463c,,1003,바디풀고컷 경락 마사지기,99000,,기존리뷰,5,,0,0,1,"안녕하세요. 프리미엄 헬스테크 브랜드, 슬룸입니다.
정성스럽게 올려주신 소중한 후기 감사합니다. 💜

고객님의 목소리로 더 발전하는 슬룸이 되도록 노력하겠습니다.
감사합니다. 🙇‍♀️"
116985,2026-06-17 00:00:00,,,팔뚝 안쪽 살이 항상 고민이었는데 이거 집중으로 하니까 단단해지는 느낌이에요. 탄력이 생기는 것 같고 만져봤을 때 질감이 달라진 게 느껴져요. 민소매 이제 덜 무서워요.,9485fa4497a7,,1003,바디풀고컷 경락 마사지기,99000,,기존리뷰,5,,0,0,1,"안녕하세요. 프리미엄 헬스테크 브랜드, 슬룸입니다.
정성스럽게 올려주신 소중한 후기 감사합니다. 💜

고객님의 목소리로 더 발전하는 슬룸이 되도록 노력하겠습니다.
감사합니다. 🙇‍♀️"
116986,2026-06-21 00:00:00,,,퇴근 후 다리가 무거워서 저녁 약속도 가기 싫었는데 이거 쓰고 나면 다시 가벼워져요. 회식이나 약속 전에 빠르게 쓰는 용도로도 좋아요.,c2976ac452d0,,1003,바디풀고컷 경락 마사지기,99000,,기존리뷰,5,,0,0,1,"안녕하세요. 프리미엄 헬스테크 브랜드, 슬룸입니다.
진심 어린 소중한 후기 감사합니다. 💜

앞으로도 좋은 상품과 서비스로 고객님들을 찾아뵐 수 있도록 노력하겠습니다.
감사합니다. :)"
116987,2026-06-17 00:00:00,,,복부 셀룰라이트가 생겨서 고민이었는데 이거 쓰면서 배 표면이 매끄러워지고 있어요. 크롭티 입을 때 배 신경 덜 쓰게 됐고 예전보다 편하게 입게 됐어요.,27ef7d2d3416,,1003,바디풀고컷 경락 마사지기,99000,,기존리뷰,5,,0,0,1,"안녕하세요. 프리미엄 헬스테크 브랜드, 슬룸입니다.
시간 내어 소중한 후기를 작성해 주셔서 감사드립니다. :)

믿고 찾는 쇼핑몰이 되기 위해 더 좋은 상품과 서비스를 준비하겠습니다.
감사합니다. 💜"
116988,2026-06-20 00:00:00,,,관리샵 가고 싶어도 퇴근하면 예약 시간 맞추기가 너무 힘들어서 항상 포기했어요. 이거 있으면 시간에 상관없이 집에서 할 수 있으니까 드디어 루틴이 생겼어요. 꾸준히 하게 되니까 몸 상태도 유지가 잘 되고 있어요.,2e5c9c761a69,,1003,바디풀고컷 경락 마사지기,99000,,기존리뷰,5,,0,0,1,"안녕하세요. 프리미엄 헬스테크 브랜드, 슬룸입니다.
진심 어린 소중한 후기 감사합니다. 💜

앞으로도 좋은 상품과 서비스로 고객님들을 찾아뵐 수 있도록 노력하겠습니다.
감사합니다. :)"
116989,2026-06-21 00:00:00,,,샵에서 받던 것처럼 전문적이진 않아도 매일 꾸준히 할 수 있다는 게 더 중요한 것 같아요. 일주일에 두 번 샵보다 매일 집에서 하는 게 누적 효과가 더 좋은 것 같거든요.,8fb026420cb3,,1003,바디풀고컷 경락 마사지기,99000,,기존리뷰,5,,0,0,1,"안녕하세요. 프리미엄 헬스테크 브랜드, 슬룸입니다.
시간 내어 소중한 후기를 작성해 주셔서 감사드립니다. :)

믿고 찾는 쇼핑몰이 되기 위해 더 좋은 상품과 서비스를 준비하겠습니다.
감사합니다. 💜"
116990,2026-06-26 00:00:00,,,이거 주변에 적극 추천하고 있어요. 에스테틱 비용이 부담된다는 친구들한테 이걸 먼저 써보라고 해요. 저도 처음엔 의심했는데 지금은 못 끊겠다는 게 뭔지 알 것 같아요. 경락볼이 실제 손으로 눌러주는 느낌에 가장 가까운 것 같아서 집에서도 제대로 된 마사지 느낌이 나요.,0956de39658a,,1003,바디풀고컷 경락 마사지기,99000,,기존리뷰,5,,0,0,1,"안녕하세요. 프리미엄 헬스테크 브랜드, 슬룸입니다.
정성스럽게 올려주신 소중한 후기 감사합니다. 💜

고객님의 목소리로 더 발전하는 슬룸이 되도록 노력하겠습니다.
감사합니다. 🙇‍♀️"
116991,2026-06-25 00:00:00,,,EMS 패드 붙이는 제품 써봤는데 범위가 좁고 자극이 단조로웠어요. 이건 롤러형이라 이동하면서 자극을 줄 수 있고 열두 개 볼이 동시에 누르면서 EMS가 들어오니까 완전 다른 느낌이에요. 배에 갖다 대면 배가 실제로 움직이는 게 느껴져서 신기했어요.,224dcbd0e544,,1003,바디풀고컷 경락 마사지기,99000,,기존리뷰,5,,0,0,1,"안녕하세요. 프리미엄 헬스테크 브랜드, 슬룸입니다.
시간 내어 소중한 후기를 작성해 주셔서 감사드립니다. :)

믿고 찾는 쇼핑몰이 되기 위해 더 좋은 상품과 서비스를 준비하겠습니다.
감사합니다. 💜"
116992,2026-06-24 00:00:00,,,바쁜 일상에서 이게 저한테 제일 현실적인 홈케어예요. 시간 많이 안 걸리고 효과는 확실하고 집에서 할 수 있으니까 꾸준히 하게 돼요. 6개월째 매일 하고 있어요.,4f8b117417d7,,1003,바디풀고컷 경락 마사지기,99000,,기존리뷰,5,,0,0,1,"안녕하세요. 프리미엄 헬스테크 브랜드, 슬룸입니다.
시간 내어 소중한 후기를 작성해 주셔서 감사드립니다. :)

믿고 찾는 쇼핑몰이 되기 위해 더 좋은 상품과 서비스를 준비하겠습니다.
감사합니다. 💜"
116993,2026-06-20 00:00:00,,,사무직 특성상 종일 앉아있어서 림프 순환이 안 된다는 걸 느꼈어요. 이거 EMS로 속근육 자극해주면 순환이 되는 느낌이 나서 믿고 꾸준히 쓰고 있어요.,7ee949aa5fb7,,1003,바디풀고컷 경락 마사지기,99000,,기존리뷰,5,,0,0,1,"안녕하세요. 프리미엄 헬스테크 브랜드, 슬룸입니다.
진심 어린 소중한 후기 감사합니다. 💜

앞으로도 좋은 상품과 서비스로 고객님들을 찾아뵐 수 있도록 노력하겠습니다.
감사합니다. :)"
116994,2026-06-17 00:00:00,,,재택 근무하면서 오히려 더 안 움직이게 되고 저녁에 붓기가 심해졌어요. 이거 퇴근 후 루틴으로 만들었는데 다리 붓기가 확실히 빠지는 게 느껴져요. 아침이랑 저녁 종아리 둘레가 달라요.,fc0fe5b6dcaf,,1003,바디풀고컷 경락 마사지기,99000,,기존리뷰,4,,0,0,1,"안녕하세요. 프리미엄 헬스테크 브랜드, 슬룸입니다.
시간 내어 소중한 후기를 작성해 주셔서 감사드립니다. :)

믿고 찾는 쇼핑몰이 되기 위해 더 좋은 상품과 서비스를 준비하겠습니다.
감사합니다. 💜"
116995,2026-06-29 00:00:00,,,여름 전에 바디라인 정리하려고 여러 방법 찾다가 이거 선택했는데 잘 선택한 것 같아요. 팔뚝이랑 허벅지 집중으로 쓰고 있는데 옷 입을 때 전보다 덜 신경 쓰이게 됐어요.,89b02da40fce,,1003,바디풀고컷 경락 마사지기,99000,,기존리뷰,5,,0,0,1,"안녕하세요. 프리미엄 헬스테크 브랜드, 슬룸입니다.
시간 내어 소중한 후기를 작성해 주셔서 감사드립니다. :)

믿고 찾는 쇼핑몰이 되기 위해 더 좋은 상품과 서비스를 준비하겠습니다.
감사합니다. 💜"
116996,2026-06-28 00:00:00,,,직장인 필수템이라고 부르고 싶어요. 퇴근하고 지쳐서 아무것도 하기 싫을 때도 이건 누워서 갖다 대기만 하면 되니까 할 수 있어요. 다리 붓기 빠지는 게 느껴지면서 피로도 같이 풀리는 것 같아요.,9fff0ee73901,,1003,바디풀고컷 경락 마사지기,99000,,기존리뷰,5,,0,0,1,"안녕하세요. 프리미엄 헬스테크 브랜드, 슬룸입니다.
시간 내어 소중한 후기를 작성해 주셔서 감사드립니다. :)

믿고 찾는 쇼핑몰이 되기 위해 더 좋은 상품과 서비스를 준비하겠습니다.
감사합니다. 💜"
116997,2026-06-15 00:00:00,,,EMS가 진짜 들어오는 건지 확인해보려고 처음에 강도를 올려봤는데 근육이 실제로 떨리는 게 느껴져서 확인됐어요. 이게 속근육 운동을 활성화한다는 게 단순한 마케팅 문구가 아니라 실제로 느껴지는 거라 믿음이 생겼어요.,71b91ce5ea4e,,1003,바디풀고컷 경락 마사지기,99000,,기존리뷰,5,,0,0,1,"안녕하세요. 프리미엄 헬스테크 브랜드, 슬룸입니다.
정성스럽게 올려주신 소중한 후기 감사합니다. 💜

고객님의 목소리로 더 발전하는 슬룸이 되도록 노력하겠습니다.
감사합니다. 🙇‍♀️"
116998,2026-06-14 00:00:00,,,괄사 샵을 정기적으로 다니다가 이사 후에 근처에 없어서 방법을 찾고 있었는데 이게 딱 맞았어요. 경락볼 열두 개가 동시에 눌러주는 느낌이 혼자 괄사 하는 것보다 훨씬 효율적이에요. 시간도 절약되고 돈도 절약되는데 효과까지 있으니까 이게 진짜 명품 홈케어 기기인 것 같아요.,0aa7a570d03d,,1003,바디풀고컷 경락 마사지기,99000,,기존리뷰,5,,0,0,1,"안녕하세요. 프리미엄 헬스테크 브랜드, 슬룸입니다.
진심 어린 소중한 후기 감사합니다. 💜

앞으로도 좋은 상품과 서비스로 고객님들을 찾아뵐 수 있도록 노력하겠습니다.
감사합니다. :)"
116999,2026-06-16 00:00:00,,,이거 한 번 써보면 EMS가 효과 없다는 말 못 해요. 자극이 너무 명확하게 느껴지거든요. 근육이 반응하는 게 느껴지면서 운동 효과랑 마사지 효과가 동시에 오는 느낌이라 매일 쓰게 돼요.,84b6f5b20246,,1003,바디풀고컷 경락 마사지기,99000,,기존리뷰,5,,0,0,1,"안녕하세요. 프리미엄 헬스테크 브랜드, 슬룸입니다.
진심 어린 소중한 후기 감사합니다. 💜

앞으로도 좋은 상품과 서비스로 고객님들을 찾아뵐 수 있도록 노력하겠습니다.
감사합니다. :)"
117000,2026-06-17 00:00:00,,,하루 종일 의자에 앉아있다가 퇴근할 때 종아리가 터질 것 같은 느낌 아시는 분들 이거 진짜예요. 퇴근하고 샤워하고 이거 종아리에 쓰면 그 뻐근함이 확 풀리는 느낌이에요. 아침에 일어났을 때 종아리가 훨씬 가벼워요.,b25c492e9e1b,,1003,바디풀고컷 경락 마사지기,99000,,기존리뷰,5,,0,0,1,"안녕하세요. 프리미엄 헬스테크 브랜드, 슬룸입니다.
시간 내어 소중한 후기를 작성해 주셔서 감사드립니다. :)

믿고 찾는 쇼핑몰이 되기 위해 더 좋은 상품과 서비스를 준비하겠습니다.
감사합니다. 💜"
117001,2026-06-18 00:00:00,,,관리샵 가는 비용이랑 시간 둘 다 부담이었는데 이거 하나로 해결했어요. 처음엔 며칠 쓰다 말 것 같았는데 자극이 확실하니까 계속 하게 돼요. 샵 가던 비용으로 이거 사고 남은 금액으로 다른 것 할 수 있어서 만족해요.,f63604739e85,,1003,바디풀고컷 경락 마사지기,99000,,기존리뷰,4,,0,0,1,"안녕하세요. 프리미엄 헬스테크 브랜드, 슬룸입니다.
진심 어린 소중한 후기 감사합니다. 💜

앞으로도 좋은 상품과 서비스로 고객님들을 찾아뵐 수 있도록 노력하겠습니다.
감사합니다. :)"
117002,2026-06-26 00:00:00,,,여름 되기 전에 팔뚝 관리 하겠다고 늦게 시작했는데 한 달 만에도 차이가 느껴져서 더 일찍 시작할걸 싶었어요. 내년엔 봄부터 시작할 거예요.,72ca90818481,,1003,바디풀고컷 경락 마사지기,99000,,기존리뷰,5,,0,0,1,"안녕하세요. 프리미엄 헬스테크 브랜드, 슬룸입니다.
시간 내어 소중한 후기를 작성해 주셔서 감사드립니다. :)

믿고 찾는 쇼핑몰이 되기 위해 더 좋은 상품과 서비스를 준비하겠습니다.
감사합니다. 💜"
117030,2026-06-16 00:00:00,,,에스테틱 처음 갔을 때 받은 견적이 10회 패키지에 70만원이었거든요. 할인 받아도 50만원대인데 선뜻 못 끊겠더라고요. 이거 사고 나서 그 패키지 고민이 완전히 사라졌어요. 매일 집에서 쓰면서 그 패키지보다 효과가 더 좋다고 느끼고 있거든요.,262f1a0bbf30,,1003,바디풀고컷 경락 마사지기,99000,,기존리뷰,5,,0,0,1,"안녕하세요. 프리미엄 헬스테크 브랜드, 슬룸입니다.
진심 어린 소중한 후기 감사합니다. 💜

앞으로도 좋은 상품과 서비스로 고객님들을 찾아뵐 수 있도록 노력하겠습니다.
감사합니다. :)"
117031,2026-06-30 00:00:00,,,단골 샵이 이사하면서 멀어졌는데 새 샵 찾기가 귀찮아서 계속 미루다가 이걸 샀어요. 이사가 오히려 잘 된 것 같다는 말이 딱 맞아요. 샵보다 이게 더 편하거든요.,778a518d483d,,1003,바디풀고컷 경락 마사지기,99000,,기존리뷰,5,,0,0,1,"안녕하세요. 프리미엄 헬스테크 브랜드, 슬룸입니다.
정성스럽게 올려주신 소중한 후기 감사합니다. 💜

고객님의 목소리로 더 발전하는 슬룸이 되도록 노력하겠습니다.
감사합니다. 🙇‍♀️"
117032,2026-06-21 00:00:00,,,에스테틱 갔다 오면 그날만 시원하고 다음 날이면 원상복구라 효과가 너무 짧은 게 항상 불만이었거든요. 이건 매일 쓸 수 있으니까 효과가 쌓이는 게 느껴져요. 일주일 단위로 차이가 실감되더라고요.,07957b293224,,1003,바디풀고컷 경락 마사지기,99000,,기존리뷰,5,,0,0,1,"안녕하세요. 프리미엄 헬스테크 브랜드, 슬룸입니다.
정성스럽게 올려주신 소중한 후기 감사합니다. 💜

고객님의 목소리로 더 발전하는 슬룸이 되도록 노력하겠습니다.
감사합니다. 🙇‍♀️"
117033,2026-06-20 00:00:00,,,바디케어 샵에서 '한 달에 두 번은 오셔야 해요'라는 말 들으면 솔직히 부담이 먼저 오더라고요. 이거 있으면 그런 말 들을 필요가 없잖아요. 집에서 원할 때 원하는 만큼 하면 되니까요.,0d50fad45cc5,,1003,바디풀고컷 경락 마사지기,99000,,기존리뷰,4,,0,0,1,"안녕하세요. 프리미엄 헬스테크 브랜드, 슬룸입니다.
시간 내어 소중한 후기를 작성해 주셔서 감사드립니다. :)

믿고 찾는 쇼핑몰이 되기 위해 더 좋은 상품과 서비스를 준비하겠습니다.
감사합니다. 💜"
117034,2026-06-20 00:00:00,,,"에스테틱 후기마다 원장님 손맛이 최고라는 표현이 많던데, 저는 그 손맛을 기대하다가 실망하는 날이 더 많았어요. 이건 내가 조절하니까 기대와 실망의 편차가 없어요. 일관된 퀄리티가 이래서 중요한 거더라고요.",162f62519162,,1003,바디풀고컷 경락 마사지기,99000,,기존리뷰,5,,0,0,1,"안녕하세요. 프리미엄 헬스테크 브랜드, 슬룸입니다.
정성스럽게 올려주신 소중한 후기 감사합니다. 💜

고객님의 목소리로 더 발전하는 슬룸이 되도록 노력하겠습니다.
감사합니다. 🙇‍♀️"
117035,2026-06-17 00:00:00,,,"할인 쿠폰 써도 한 번에 4~5만원이 나가는 게 부담이었는데, 그 쿠폰 쓴 돈만 모아도 이 기기 두 개는 사고도 남았겠다 싶더라고요. 계산해보고 나서 진짜 어이없었어요.",bf515dd98c6e,,1003,바디풀고컷 경락 마사지기,99000,,기존리뷰,5,,0,0,1,"안녕하세요. 프리미엄 헬스테크 브랜드, 슬룸입니다.
시간 내어 소중한 후기를 작성해 주셔서 감사드립니다. :)

믿고 찾는 쇼핑몰이 되기 위해 더 좋은 상품과 서비스를 준비하겠습니다.
감사합니다. 💜"
117036,2026-06-16 00:00:00,,,샵에 쓰는 돈을 아끼는 게 아니라 같은 돈으로 더 효과적인 방식을 찾은 거라는 생각이 드는 거예요. 지출은 줄고 효과는 오히려 올라갔으니까요.,5dbab7e7b020,,1003,바디풀고컷 경락 마사지기,99000,,기존리뷰,5,,0,0,1,"안녕하세요. 프리미엄 헬스테크 브랜드, 슬룸입니다.
시간 내어 소중한 후기를 작성해 주셔서 감사드립니다. :)

믿고 찾는 쇼핑몰이 되기 위해 더 좋은 상품과 서비스를 준비하겠습니다.
감사합니다. 💜"
117037,2026-06-15 00:00:00,,,"괄사로 직접 눌러서 하다가 팔이 너무 아팠는데, 이건 기기가 눌러주니까 팔 한 번 안 써도 되거든요. 효과는 괄사 샵보다 더 좋은 것 같아요. 말이 되는 건지 모르겠지만 실제로 그렇더라고요.",d84d2b9a30e3,,1003,바디풀고컷 경락 마사지기,99000,,기존리뷰,4,,0,0,1,"안녕하세요. 프리미엄 헬스테크 브랜드, 슬룸입니다.
시간 내어 소중한 후기를 작성해 주셔서 감사드립니다. :)

믿고 찾는 쇼핑몰이 되기 위해 더 좋은 상품과 서비스를 준비하겠습니다.
감사합니다. 💜"
117038,2026-06-26 00:00:00,,,셀룰라이트 케어 특화 프로그램 권유받았는데 가격이 너무 높아서 이걸 선택했거든요. 두 달째 허벅지 피부 결이 달라지고 있어요. 그 선택이 맞았던 것 같아요.,d9cc900c665b,,1003,바디풀고컷 경락 마사지기,99000,,기존리뷰,5,,0,0,1,"안녕하세요. 프리미엄 헬스테크 브랜드, 슬룸입니다.
시간 내어 소중한 후기를 작성해 주셔서 감사드립니다. :)

믿고 찾는 쇼핑몰이 되기 위해 더 좋은 상품과 서비스를 준비하겠습니다.
감사합니다. 💜"
117039,2026-06-14 00:00:00,,,샵 예약을 위해 스트레스 받은 게 몇 번인지 몰라요. 지금은 그 스트레스 자체가 없어요. 기분 날 때 꺼내서 쓰면 되니까요.,d8a5631b5205,,1003,바디풀고컷 경락 마사지기,99000,,기존리뷰,5,,0,0,1,"안녕하세요. 프리미엄 헬스테크 브랜드, 슬룸입니다.
시간 내어 소중한 후기를 작성해 주셔서 감사드립니다. :)

믿고 찾는 쇼핑몰이 되기 위해 더 좋은 상품과 서비스를 준비하겠습니다.
감사합니다. 💜"
117040,2026-06-13 00:00:00,,,샵 가면 추가 부위마다 요금이 붙어서 처음 견적보다 항상 더 나왔거든요. 이건 한 번 사면 팔뚝이든 복부든 허벅지든 추가 비용 없이 다 할 수 있잖아요. 이게 진짜 장점이에요.,a7e005b95eed,,1003,바디풀고컷 경락 마사지기,99000,,기존리뷰,4,,0,0,1,"안녕하세요. 프리미엄 헬스테크 브랜드, 슬룸입니다.
시간 내어 소중한 후기를 작성해 주셔서 감사드립니다. :)

믿고 찾는 쇼핑몰이 되기 위해 더 좋은 상품과 서비스를 준비하겠습니다.
감사합니다. 💜"
117041,2026-06-15 00:00:00,,,바디 관리에 쓰는 돈을 연간으로 따져봤더니 생각보다 훨씬 큰 금액이더라고요. 이걸 사고 나서 그 지출이 없어진 대신 효과는 유지되고 있는 거예요.,c1cd2dce1406,,1003,바디풀고컷 경락 마사지기,99000,,기존리뷰,5,,0,0,1,"안녕하세요. 프리미엄 헬스테크 브랜드, 슬룸입니다.
정성스럽게 올려주신 소중한 후기 감사합니다. 💜

고객님의 목소리로 더 발전하는 슬룸이 되도록 노력하겠습니다.
감사합니다. 🙇‍♀️"
117042,2026-06-19 00:00:00,,,에스테틱에서 기기로 받는 관리 비용이 꽤 높더라고요. 이거 집에서 쓰면 그 효과를 매일 받는 셈이잖아요. 가격 차이가 어마어마한데 효과는 비슷한 것 같아요.,799128743e48,,1003,바디풀고컷 경락 마사지기,99000,,기존리뷰,5,,0,0,1,"안녕하세요. 프리미엄 헬스테크 브랜드, 슬룸입니다.
시간 내어 소중한 후기를 작성해 주셔서 감사드립니다. :)

믿고 찾는 쇼핑몰이 되기 위해 더 좋은 상품과 서비스를 준비하겠습니다.
감사합니다. 💜"
117043,2026-06-20 00:00:00,,,"친구 에스테틱 정기권 같이 써봤는데, 내가 직접 돈 내면 지속하기 어렵겠다 싶었거든요. 이거는 그 부담 없이 비슷한 효과를 집에서 낼 수 있어요. 현실적인 선택이더라고요.",598cea3e30e8,,1003,바디풀고컷 경락 마사지기,99000,,기존리뷰,5,,0,0,1,"안녕하세요. 프리미엄 헬스테크 브랜드, 슬룸입니다.
정성스럽게 올려주신 소중한 후기 감사합니다. 💜

고객님의 목소리로 더 발전하는 슬룸이 되도록 노력하겠습니다.
감사합니다. 🙇‍♀️"
117044,2026-06-29 00:00:00,,,"처음엔 바디케어 기기가 다 비슷하다고 생각했는데, 이건 처음 써보는 사람도 바로 쓸 수 있게 돼 있어서 진입 장벽이 거의 없더라고요.",ef17d4e5f41d,,1003,바디풀고컷 경락 마사지기,99000,,기존리뷰,4,,0,0,1,"안녕하세요. 프리미엄 헬스테크 브랜드, 슬룸입니다.
정성스럽게 올려주신 소중한 후기 감사합니다. 💜

고객님의 목소리로 더 발전하는 슬룸이 되도록 노력하겠습니다.
감사합니다. 🙇‍♀️"
117045,2026-06-13 00:00:00,,,"에스테틱 가면 추가 서비스 거절하는 눈치 보기가 스트레스였는데, 이건 그런 상황 자체가 없잖아요. 심리적으로 이게 훨씬 편한 것 같아요.",377130735c7b,,1003,바디풀고컷 경락 마사지기,99000,,기존리뷰,5,,0,0,1,"안녕하세요. 프리미엄 헬스테크 브랜드, 슬룸입니다.
시간 내어 소중한 후기를 작성해 주셔서 감사드립니다. :)

믿고 찾는 쇼핑몰이 되기 위해 더 좋은 상품과 서비스를 준비하겠습니다.
감사합니다. 💜"
117046,2026-06-19 00:00:00,,,집 근처에 에스테틱이 없어서 차 타고 이동하는 게 번거로웠거든요. 주차비까지 나오고. 이거 사고 나서 그 이동 시간이랑 비용이 없어졌어요.,afef1bb7c3c7,,1003,바디풀고컷 경락 마사지기,99000,,기존리뷰,5,,0,0,1,"안녕하세요. 프리미엄 헬스테크 브랜드, 슬룸입니다.
정성스럽게 올려주신 소중한 후기 감사합니다. 💜

고객님의 목소리로 더 발전하는 슬룸이 되도록 노력하겠습니다.
감사합니다. 🙇‍♀️"
117047,2026-06-26 00:00:00,,,계산서 받는 순간 케어받고 난 기분이 반감됐던 게 사실이거든요. 이건 쓸 때마다 돈 나간다는 생각이 없으니까 온전히 케어에만 집중할 수 있어요.,4444d30ba7e3,,1003,바디풀고컷 경락 마사지기,99000,,기존리뷰,5,,0,0,1,"안녕하세요. 프리미엄 헬스테크 브랜드, 슬룸입니다.
진심 어린 소중한 후기 감사합니다. 💜

앞으로도 좋은 상품과 서비스로 고객님들을 찾아뵐 수 있도록 노력하겠습니다.
감사합니다. :)"
117048,2026-06-20 00:00:00,,,"맞벌이라 시간 여유가 없어서 에스테틱은 특별한 날에만 갔는데, 이거 생기고 나서는 매일 관리가 되더라고요. 샵 다니는 것보다 훨씬 효과적인 방식으로 바뀐 거예요.",77e04bf612fa,,1003,바디풀고컷 경락 마사지기,99000,,기존리뷰,4,,0,0,1,"안녕하세요. 프리미엄 헬스테크 브랜드, 슬룸입니다.
정성스럽게 올려주신 소중한 후기 감사합니다. 💜

고객님의 목소리로 더 발전하는 슬룸이 되도록 노력하겠습니다.
감사합니다. 🙇‍♀️"
117049,2026-06-27 00:00:00,,,"원장님이 그만두시면서 가게가 문을 닫았거든요. 새 샵 찾는 게 귀찮아서 미루다가 이걸 샀는데, 오히려 더 나은 선택을 한 것 같아요. 어떤 샵이 문 닫아도 이제 영향받지 않아요.",52363f3f0017,,1003,바디풀고컷 경락 마사지기,99000,,기존리뷰,5,,0,0,1,"안녕하세요. 프리미엄 헬스테크 브랜드, 슬룸입니다.
정성스럽게 올려주신 소중한 후기 감사합니다. 💜

고객님의 목소리로 더 발전하는 슬룸이 되도록 노력하겠습니다.
감사합니다. 🙇‍♀️"
117050,2026-06-21 00:00:00,,,EMS 기기를 처음 써보는 거라 어느 정도 효과일지 전혀 몰랐거든요. 첫날 3단계로 켰는데 종아리 근육이 제 의지와 상관없이 수축하는 게 느껴지더라고요. 이게 EMS구나 싶은 순간이었어요.,bf506faf8189,,1003,바디풀고컷 경락 마사지기,99000,,기존리뷰,5,,0,0,1,"안녕하세요. 프리미엄 헬스테크 브랜드, 슬룸입니다.
정성스럽게 올려주신 소중한 후기 감사합니다. 💜

고객님의 목소리로 더 발전하는 슬룸이 되도록 노력하겠습니다.
감사합니다. 🙇‍♀️"
117051,2026-06-30 00:00:00,,,패드형 EMS를 오래 써봤는데 피부 위에서만 찌릿한 느낌이라 효과를 못 느꼈거든요. 이건 경락볼이 피부를 직접 누르면서 자극이 들어오니까 느낌 자체가 달라요. 근육이 반응한다는 게 뭔지 처음으로 알게 됐더라고요.,915306c0e077,,1003,바디풀고컷 경락 마사지기,99000,,기존리뷰,4,,0,0,1,"안녕하세요. 프리미엄 헬스테크 브랜드, 슬룸입니다.
정성스럽게 올려주신 소중한 후기 감사합니다. 💜

고객님의 목소리로 더 발전하는 슬룸이 되도록 노력하겠습니다.
감사합니다. 🙇‍♀️"
117052,2026-06-18 00:00:00,,,솔직히 이 가격대에서 EMS가 진짜 작동할까 의심했거든요. 5단계로 올렸을 때 허벅지 근육이 꿈틀거리는 게 느껴지니까 그 의심이 사라졌어요. 눈으로 보이고 손으로 잡히는 수축이 확인됐으니까요.,ae4eff7cf114,,1003,바디풀고컷 경락 마사지기,99000,,기존리뷰,5,,0,0,1,"안녕하세요. 프리미엄 헬스테크 브랜드, 슬룸입니다.
진심 어린 소중한 후기 감사합니다. 💜

앞으로도 좋은 상품과 서비스로 고객님들을 찾아뵐 수 있도록 노력하겠습니다.
감사합니다. :)"
117053,2026-06-26 00:00:00,,,"처음엔 EMS가 어떤 느낌인지 몰라서 무서웠는데, 1단계로 켰더니 예상보다 훨씬 자연스러운 자극이더라고요. 무섭기보다 시원한 느낌이라 그 날 바로 강도를 올려봤어요.",22bcfa09bf4c,,1003,바디풀고컷 경락 마사지기,99000,,기존리뷰,5,,0,0,1,"안녕하세요. 프리미엄 헬스테크 브랜드, 슬룸입니다.
시간 내어 소중한 후기를 작성해 주셔서 감사드립니다. :)

믿고 찾는 쇼핑몰이 되기 위해 더 좋은 상품과 서비스를 준비하겠습니다.
감사합니다. 💜"
117054,2026-06-23 00:00:00,,,예전에 쓴 EMS 벨트는 진동이 강해서 자극이 있는 것처럼 느껴졌는데 효과는 없었거든요. 이건 반대예요. 자극이 강하지 않은데 근육이 실제로 반응하더라고요. 확실히 다른 종류의 자극이에요.,5eb8d9491113,,1003,바디풀고컷 경락 마사지기,99000,,기존리뷰,5,,0,0,1,"안녕하세요. 프리미엄 헬스테크 브랜드, 슬룸입니다.
진심 어린 소중한 후기 감사합니다. 💜

앞으로도 좋은 상품과 서비스로 고객님들을 찾아뵐 수 있도록 노력하겠습니다.
감사합니다. :)"
117055,2026-06-21 00:00:00,,,"배에 댔을 때 속근육이 수축하는 느낌이 오는 게 처음엔 이상하게 느껴졌는데, 그게 EMS의 원리라는 거잖아요. 써보고 나서 이해가 됐더라고요.",51c428ee9a3d,,1003,바디풀고컷 경락 마사지기,99000,,기존리뷰,4,,0,0,1,"안녕하세요. 프리미엄 헬스테크 브랜드, 슬룸입니다.
시간 내어 소중한 후기를 작성해 주셔서 감사드립니다. :)

믿고 찾는 쇼핑몰이 되기 위해 더 좋은 상품과 서비스를 준비하겠습니다.
감사합니다. 💜"
117056,2026-06-17 00:00:00,,,"반신반의로 시작해서 이제는 완전 신뢰예요. 강도 10단계 쓸 때 종아리 근육이 리드미컬하게 수축하는 게 느껴지는데, 이 느낌을 매일 기다리게 되더라고요.",b4dd7ac44739,,1003,바디풀고컷 경락 마사지기,99000,,기존리뷰,5,,0,0,1,"안녕하세요. 프리미엄 헬스테크 브랜드, 슬룸입니다.
진심 어린 소중한 후기 감사합니다. 💜

앞으로도 좋은 상품과 서비스로 고객님들을 찾아뵐 수 있도록 노력하겠습니다.
감사합니다. :)"
117057,2026-06-19 00:00:00,,,처음엔 자극이 잘 안 느껴져서 당황했는데 젤을 더 바르고 나서 완전히 달라졌어요. 피부와 기기 사이 밀착도가 이렇게 중요한 줄 몰랐거든요. 젤 양이 EMS 효과를 결정한다고 느꼈어요.,97de352b1ef3,,1003,바디풀고컷 경락 마사지기,99000,,기존리뷰,5,,0,0,1,"안녕하세요. 프리미엄 헬스테크 브랜드, 슬룸입니다.
시간 내어 소중한 후기를 작성해 주셔서 감사드립니다. :)

믿고 찾는 쇼핑몰이 되기 위해 더 좋은 상품과 서비스를 준비하겠습니다.
감사합니다. 💜"
117058,2026-06-23 00:00:00,,,EMS 자극이 세다는 말을 들어서 겁먹었는데 막상 써보니까 처음엔 오히려 '이게 다야?' 싶었거든요. 그런데 강도를 올려가면서 달라지더라고요. 처음이랑 지금이랑 완전히 다른 경험을 하고 있어요.,08f80fb303e3,,1003,바디풀고컷 경락 마사지기,99000,,기존리뷰,5,,0,0,1,"안녕하세요. 프리미엄 헬스테크 브랜드, 슬룸입니다.
시간 내어 소중한 후기를 작성해 주셔서 감사드립니다. :)

믿고 찾는 쇼핑몰이 되기 위해 더 좋은 상품과 서비스를 준비하겠습니다.
감사합니다. 💜"
117059,2026-06-16 00:00:00,,,M1 붓기 모드로 처음 시작했을 때 자극이 은근하게 들어오면서 종아리가 따뜻해지는 느낌이 왔거든요. 그게 싫지 않고 오히려 편안해서 EMS에 대한 두려움이 없어진 것 같아요.,1d2be64275c9,,1003,바디풀고컷 경락 마사지기,99000,,기존리뷰,4,,0,0,1,"안녕하세요. 프리미엄 헬스테크 브랜드, 슬룸입니다.
시간 내어 소중한 후기를 작성해 주셔서 감사드립니다. :)

믿고 찾는 쇼핑몰이 되기 위해 더 좋은 상품과 서비스를 준비하겠습니다.
감사합니다. 💜"
117060,2026-06-15 00:00:00,,,"2주가 지나니까 같은 강도인데 덜 느껴지기 시작했어요. 몸이 적응한 거더라고요. 단계 올렸더니 자극이 다시 살아났고, 15단계까지 있다는 게 이래서 필요한 거구나 싶었어요.",49cd3707e634,,1003,바디풀고컷 경락 마사지기,99000,,기존리뷰,5,,0,0,1,"안녕하세요. 프리미엄 헬스테크 브랜드, 슬룸입니다.
시간 내어 소중한 후기를 작성해 주셔서 감사드립니다. :)

믿고 찾는 쇼핑몰이 되기 위해 더 좋은 상품과 서비스를 준비하겠습니다.
감사합니다. 💜"
117061,2026-06-25 00:00:00,,,근적외선을 같이 켜면 따뜻한 기운이 더해지면서 EMS 자극이 더 깊이 들어오는 느낌이에요. 껐을 때랑 켰을 때 차이가 분명히 있거든요. 둘 다 켜고 쓰는 게 맞는 방법인 것 같아요.,3c025d6b9050,,1003,바디풀고컷 경락 마사지기,99000,,기존리뷰,5,,0,0,1,"안녕하세요. 프리미엄 헬스테크 브랜드, 슬룸입니다.
시간 내어 소중한 후기를 작성해 주셔서 감사드립니다. :)

믿고 찾는 쇼핑몰이 되기 위해 더 좋은 상품과 서비스를 준비하겠습니다.
감사합니다. 💜"
117062,2026-06-16 00:00:00,,,"M2 탄력 모드로 허벅지에 쓰면 두드리는 느낌이랑 EMS가 같이 오는데, 이 조합이 제일 강하게 느껴지더라고요. 처음엔 이게 뭔 느낌인지 싶었는데 지금은 이 느낌이 제일 좋아요.",f1865dbf6c75,,1003,바디풀고컷 경락 마사지기,99000,,기존리뷰,4,,0,0,1,"안녕하세요. 프리미엄 헬스테크 브랜드, 슬룸입니다.
진심 어린 소중한 후기 감사합니다. 💜

앞으로도 좋은 상품과 서비스로 고객님들을 찾아뵐 수 있도록 노력하겠습니다.
감사합니다. :)"
117063,2026-06-24 00:00:00,,,같은 강도인데 팔뚝이랑 허벅지 느낌이 달라요. 팔뚝은 좀 더 예민하게 오고 허벅지는 묵직하게 오거든요. 부위별 특성이 자극으로 느껴지는 게 신기하더라고요.,0f7c9d679a65,,1003,바디풀고컷 경락 마사지기,99000,,기존리뷰,5,,0,0,1,"안녕하세요. 프리미엄 헬스테크 브랜드, 슬룸입니다.
정성스럽게 올려주신 소중한 후기 감사합니다. 💜

고객님의 목소리로 더 발전하는 슬룸이 되도록 노력하겠습니다.
감사합니다. 🙇‍♀️"
117064,2026-06-24 00:00:00,,,8단계 이상 쓰고 나서 다음 날 약간 뻐근한 느낌이 왔어요. 운동 후 느낌이랑 비슷한 그 감각이 EMS가 근육에 작용했다는 증거인 것 같더라고요.,0a1938240232,,1003,바디풀고컷 경락 마사지기,99000,,기존리뷰,5,,0,0,1,"안녕하세요. 프리미엄 헬스테크 브랜드, 슬룸입니다.
시간 내어 소중한 후기를 작성해 주셔서 감사드립니다. :)

믿고 찾는 쇼핑몰이 되기 위해 더 좋은 상품과 서비스를 준비하겠습니다.
감사합니다. 💜"
117065,2026-06-21 00:00:00,,,"1단계로 켰을 때 이게 켜진 게 맞나 싶었는데, 젤 바르고 밀착해서 쓰면 1단계도 충분히 자극이 오더라고요. 강도보다 밀착도가 더 중요한 것 같아요.",e2876acfb60a,,1003,바디풀고컷 경락 마사지기,99000,,기존리뷰,5,,0,0,1,"안녕하세요. 프리미엄 헬스테크 브랜드, 슬룸입니다.
정성스럽게 올려주신 소중한 후기 감사합니다. 💜

고객님의 목소리로 더 발전하는 슬룸이 되도록 노력하겠습니다.
감사합니다. 🙇‍♀️"
117066,2026-06-14 00:00:00,,,"M3 컷팅 모드의 리듬이 특이한데, 강해졌다 약해졌다 반복하는 패턴이 수기 마사지 리듬이랑 비슷해서 몸이 더 편안하게 받아들이는 것 같아요.",6a3128dfd2c6,,1003,바디풀고컷 경락 마사지기,99000,,기존리뷰,4,,0,0,1,"안녕하세요. 프리미엄 헬스테크 브랜드, 슬룸입니다.
진심 어린 소중한 후기 감사합니다. 💜

앞으로도 좋은 상품과 서비스로 고객님들을 찾아뵐 수 있도록 노력하겠습니다.
감사합니다. :)"
117067,2026-06-27 00:00:00,,,쓰면서 거울로 보면 EMS 들어올 때 피부가 미세하게 수축하는 게 보이거든요. 처음엔 그게 신기해서 한참 들여다봤어요. 자극이 실제로 들어가고 있다는 시각적 확인이 되니까 신뢰가 생겼더라고요.,ef02a016e424,,1003,바디풀고컷 경락 마사지기,99000,,기존리뷰,5,,0,0,1,"안녕하세요. 프리미엄 헬스테크 브랜드, 슬룸입니다.
시간 내어 소중한 후기를 작성해 주셔서 감사드립니다. :)

믿고 찾는 쇼핑몰이 되기 위해 더 좋은 상품과 서비스를 준비하겠습니다.
감사합니다. 💜"
117068,2026-06-16 00:00:00,,,"고주파 모드에서 피부가 따뜻해지는 게 EMS 자극이랑 다른 레이어로 느껴지거든요. 두 가지 자극이 동시에 오는 게 처음엔 낯선데, 익숙해지면 이 조합이 제일 시원해요.",e4c7cbfe1b8f,,1003,바디풀고컷 경락 마사지기,99000,,기존리뷰,5,,0,0,1,"안녕하세요. 프리미엄 헬스테크 브랜드, 슬룸입니다.
진심 어린 소중한 후기 감사합니다. 💜

앞으로도 좋은 상품과 서비스로 고객님들을 찾아뵐 수 있도록 노력하겠습니다.
감사합니다. :)"
117069,2026-06-25 00:00:00,,,EMS가 효과 있다고 했을 때 주변 반응이 반반이었거든요. 써보고 나서 확실히 말할 수 있어요. 근육이 반응하는 게 느껴지는 강도에서 쓰면 효과가 있어요. 그 강도를 찾는 게 포인트인 것 같아요.,08e8840ca791,,1003,바디풀고컷 경락 마사지기,99000,,기존리뷰,5,,0,0,1,"안녕하세요. 프리미엄 헬스테크 브랜드, 슬룸입니다.
정성스럽게 올려주신 소중한 후기 감사합니다. 💜

고객님의 목소리로 더 발전하는 슬룸이 되도록 노력하겠습니다.
감사합니다. 🙇‍♀️"
117070,2026-06-15 00:00:00,,,"민소매 원피스를 사놓고 옷장에 한 달째 걸려 있었는데, 팔뚝 케어 집중으로 3주 하고 꺼내 입었더니 팔 라인이 달라진 게 느껴지더라고요. 처음으로 당당하게 입고 나갔어요.",af7496a8027f,,1003,바디풀고컷 경락 마사지기,99000,,기존리뷰,4,,0,0,1,"안녕하세요. 프리미엄 헬스테크 브랜드, 슬룸입니다.
정성스럽게 올려주신 소중한 후기 감사합니다. 💜

고객님의 목소리로 더 발전하는 슬룸이 되도록 노력하겠습니다.
감사합니다. 🙇‍♀️"
117071,2026-06-22 00:00:00,,,크롭티를 입고 싶은데 복부 때문에 망설였거든요. 탄력모드로 복부 집중 케어를 한 달 했더니 뱃살이 빠진 게 아니라 당겨진 느낌이에요. 거울 보다가 어 이거 크롭티 각이다 싶어서 바로 입었어요.,b7def35f5013,,1003,바디풀고컷 경락 마사지기,99000,,기존리뷰,5,,0,0,1,"안녕하세요. 프리미엄 헬스테크 브랜드, 슬룸입니다.
정성스럽게 올려주신 소중한 후기 감사합니다. 💜

고객님의 목소리로 더 발전하는 슬룸이 되도록 노력하겠습니다.
감사합니다. 🙇‍♀️"
117072,2026-06-24 00:00:00,,,레깅스 입으면 허벅지 셀룰라이트가 도드라져서 운동복으로도 항상 기모 레깅스만 입었거든요. 허벅지 컷팅 모드로 꾸준히 했더니 얇은 레깅스도 편하게 입게 됐더라고요.,b7dfc6b96580,,1003,바디풀고컷 경락 마사지기,99000,,기존리뷰,5,,0,0,1,"안녕하세요. 프리미엄 헬스테크 브랜드, 슬룸입니다.
진심 어린 소중한 후기 감사합니다. 💜

앞으로도 좋은 상품과 서비스로 고객님들을 찾아뵐 수 있도록 노력하겠습니다.
감사합니다. :)"
117073,2026-06-30 00:00:00,,,"여름 전에 팔뚝이랑 복부를 집중 관리하겠다고 마음먹고 샀는데, 딱 두 달 해봤더니 민소매 입을 때 팔을 의식하지 않게 됐어요. 소소한 변화 같지만 여름 내내 체감이 달랐거든요.",12244fe88858,,1003,바디풀고컷 경락 마사지기,99000,,기존리뷰,4,,0,0,1,"안녕하세요. 프리미엄 헬스테크 브랜드, 슬룸입니다.
시간 내어 소중한 후기를 작성해 주셔서 감사드립니다. :)

믿고 찾는 쇼핑몰이 되기 위해 더 좋은 상품과 서비스를 준비하겠습니다.
감사합니다. 💜"
117074,2026-06-15 00:00:00,,,"허벅지 안쪽 살이 걸을 때 닿는 게 싫었는데, 컷팅 모드 집중 케어 후에 그 닿는 느낌이 줄었거든요. 살이 빠진 건 아닌데 탄력이 생기면서 퍼지는 게 줄어든 거더라고요.",a59763969dcc,,1003,바디풀고컷 경락 마사지기,99000,,기존리뷰,5,,0,0,1,"안녕하세요. 프리미엄 헬스테크 브랜드, 슬룸입니다.
시간 내어 소중한 후기를 작성해 주셔서 감사드립니다. :)

믿고 찾는 쇼핑몰이 되기 위해 더 좋은 상품과 서비스를 준비하겠습니다.
감사합니다. 💜"
117075,2026-06-14 00:00:00,,,한 달 만에 겉으로 보이는 변화보다 만졌을 때 피부가 달라진 게 먼저 느껴졌어요. 탱탱해지는 게 손으로 직접 확인이 되니까 계속하게 되더라고요.,21729869e648,,1003,바디풀고컷 경락 마사지기,99000,,기존리뷰,5,,0,0,1,"안녕하세요. 프리미엄 헬스테크 브랜드, 슬룸입니다.
진심 어린 소중한 후기 감사합니다. 💜

앞으로도 좋은 상품과 서비스로 고객님들을 찾아뵐 수 있도록 노력하겠습니다.
감사합니다. :)"
117076,2026-06-20 00:00:00,,,여름에 민소매 입을 때 팔뚝 때문에 사진 찍을 때 각도를 잡느라 자연스럽지 않았거든요. 이거 쓰고 나서 각도 신경 안 쓰고 자연스럽게 찍을 수 있게 됐어요. 사진이 편해진 게 제일 실감 나는 변화예요.,5181b880b789,,1003,바디풀고컷 경락 마사지기,99000,,기존리뷰,5,,0,0,1,"안녕하세요. 프리미엄 헬스테크 브랜드, 슬룸입니다.
진심 어린 소중한 후기 감사합니다. 💜

앞으로도 좋은 상품과 서비스로 고객님들을 찾아뵐 수 있도록 노력하겠습니다.
감사합니다. :)"
117077,2026-06-22 00:00:00,,,"레깅스 뒤에서 봤을 때 허벅지 라인이 항상 신경 쓰였는데, 컷팅 모드로 허벅지 뒤쪽 집중 케어 한 달 했더니 달라졌더라고요.",81ca75e8aedf,,1003,바디풀고컷 경락 마사지기,99000,,기존리뷰,4,,0,0,1,"안녕하세요. 프리미엄 헬스테크 브랜드, 슬룸입니다.
정성스럽게 올려주신 소중한 후기 감사합니다. 💜

고객님의 목소리로 더 발전하는 슬룸이 되도록 노력하겠습니다.
감사합니다. 🙇‍♀️"
117078,2026-06-15 00:00:00,,,올여름 목표가 민소매 핫팬츠였는데 두 달 집중 케어하고 달성했어요. 팔뚝이랑 허벅지를 같이 케어했는데 둘 다 같이 잡히는 게 느껴졌거든요.,beb6682fba60,,1003,바디풀고컷 경락 마사지기,99000,,기존리뷰,5,,0,0,1,"안녕하세요. 프리미엄 헬스테크 브랜드, 슬룸입니다.
정성스럽게 올려주신 소중한 후기 감사합니다. 💜

고객님의 목소리로 더 발전하는 슬룸이 되도록 노력하겠습니다.
감사합니다. 🙇‍♀️"
117079,2026-06-20 00:00:00,,,복부 탄력이 없으면 옷 핏이 다 무너진다는 걸 이번에 알았거든요. 탄력 모드로 복부 케어하면서 셔츠 핏이 달라지더라고요. 기존 옷이 더 잘 맞게 됐어요.,9f9e58db6516,,1003,바디풀고컷 경락 마사지기,99000,,기존리뷰,5,,0,0,1,"안녕하세요. 프리미엄 헬스테크 브랜드, 슬룸입니다.
시간 내어 소중한 후기를 작성해 주셔서 감사드립니다. :)

믿고 찾는 쇼핑몰이 되기 위해 더 좋은 상품과 서비스를 준비하겠습니다.
감사합니다. 💜"
117080,2026-06-16 00:00:00,,,여름이 오기 전에 뭔가 해야 할 것 같아서 찾아봤는데 이거 알게 됐거든요. 팔뚝이랑 종아리 위주로 했는데 여름 지나면서 확실히 달라졌어요. 내년 여름도 이미 준비 중이에요.,7b93d84422b9,,1003,바디풀고컷 경락 마사지기,99000,,기존리뷰,5,,0,0,1,"안녕하세요. 프리미엄 헬스테크 브랜드, 슬룸입니다.
진심 어린 소중한 후기 감사합니다. 💜

앞으로도 좋은 상품과 서비스로 고객님들을 찾아뵐 수 있도록 노력하겠습니다.
감사합니다. :)"
117081,2026-06-25 00:00:00,,,"수영복 입을 때 배 부분이 제일 신경 쓰였는데, 복부 집중 케어 후에 찍은 수영복 사진이 예전이랑 다르더라고요. 살이 빠진 게 아니라 탄력이 달라진 건데 이렇게 티가 나는 게 신기했어요.",baea16cc5933,,1003,바디풀고컷 경락 마사지기,99000,,기존리뷰,4,,0,0,1,"안녕하세요. 프리미엄 헬스테크 브랜드, 슬룸입니다.
정성스럽게 올려주신 소중한 후기 감사합니다. 💜

고객님의 목소리로 더 발전하는 슬룸이 되도록 노력하겠습니다.
감사합니다. 🙇‍♀️"
117082,2026-06-21 00:00:00,,,"반소매도 팔뚝 때문에 항상 루즈한 것만 골랐는데, 이거 쓰고 나서 처음으로 몸에 맞는 반소매를 샀어요. 옷 선택 범위가 넓어진 게 가장 현실적인 변화더라고요.",b06543d026c7,,1003,바디풀고컷 경락 마사지기,99000,,기존리뷰,5,,0,0,1,"안녕하세요. 프리미엄 헬스테크 브랜드, 슬룸입니다.
정성스럽게 올려주신 소중한 후기 감사합니다. 💜

고객님의 목소리로 더 발전하는 슬룸이 되도록 노력하겠습니다.
감사합니다. 🙇‍♀️"
117083,2026-06-27 00:00:00,,,허벅지 셀룰라이트를 완전히 없애고 싶었는데 그건 아니에요. 근데 확실히 줄었고 피부 결이 매끈해진 건 손으로 만져도 알 수 있거든요. 완벽보다 개선이 목표였는데 그건 달성한 것 같아요.,4017ee278735,,1003,바디풀고컷 경락 마사지기,99000,,기존리뷰,5,,0,0,1,"안녕하세요. 프리미엄 헬스테크 브랜드, 슬룸입니다.
정성스럽게 올려주신 소중한 후기 감사합니다. 💜

고객님의 목소리로 더 발전하는 슬룸이 되도록 노력하겠습니다.
감사합니다. 🙇‍♀️"
117084,2026-06-24 00:00:00,,,여름에 짧은 치마 입고 싶어서 시작했거든요. 종아리 붓기모드랑 허벅지 컷팅 모드를 번갈아 썼는데 다리 전체적으로 가벼워지고 라인이 정리됐더라고요.,52ab4a94f41a,,1003,바디풀고컷 경락 마사지기,99000,,기존리뷰,4,,0,0,1,"안녕하세요. 프리미엄 헬스테크 브랜드, 슬룸입니다.
진심 어린 소중한 후기 감사합니다. 💜

앞으로도 좋은 상품과 서비스로 고객님들을 찾아뵐 수 있도록 노력하겠습니다.
감사합니다. :)"
117085,2026-06-18 00:00:00,,,"팔뚝 출렁임이 콤플렉스라 민소매는 생각도 못 했는데, 4주 케어 후에 팔 들어봤을 때 출렁임이 줄어든 게 느껴졌거든요. 이 정도면 민소매 도전할 수 있겠다 싶었어요.",3252de77cd9c,,1003,바디풀고컷 경락 마사지기,99000,,기존리뷰,5,,0,0,1,"안녕하세요. 프리미엄 헬스테크 브랜드, 슬룸입니다.
정성스럽게 올려주신 소중한 후기 감사합니다. 💜

고객님의 목소리로 더 발전하는 슬룸이 되도록 노력하겠습니다.
감사합니다. 🙇‍♀️"
117086,2026-06-24 00:00:00,,,배꼽 주변 살이 콤플렉스였는데 탄력 모드 집중 케어 후에 배 주변이 당겨지는 느낌이 생겼거든요. 크롭티 입었을 때 배가 덜 나와 보여서 이제 크롭티를 즐겨 입게 됐어요.,7af7d0134a03,,1003,바디풀고컷 경락 마사지기,99000,,기존리뷰,5,,0,0,1,"안녕하세요. 프리미엄 헬스테크 브랜드, 슬룸입니다.
시간 내어 소중한 후기를 작성해 주셔서 감사드립니다. :)

믿고 찾는 쇼핑몰이 되기 위해 더 좋은 상품과 서비스를 준비하겠습니다.
감사합니다. 💜"
117087,2026-06-24 00:00:00,,,시간이 얼마 없어서 급하게 시작했는데 2주 만에 허벅지 안쪽 라인이 달라지는 게 느껴졌거든요. 생각보다 반응이 빨라서 놀랐어요.,234b73857a96,,1003,바디풀고컷 경락 마사지기,99000,,기존리뷰,5,,0,0,1,"안녕하세요. 프리미엄 헬스테크 브랜드, 슬룸입니다.
정성스럽게 올려주신 소중한 후기 감사합니다. 💜

고객님의 목소리로 더 발전하는 슬룸이 되도록 노력하겠습니다.
감사합니다. 🙇‍♀️"
117088,2026-06-30 00:00:00,,,"레깅스 핏 때문에 이걸 샀는데, 쓰면서 민소매 핏까지 같이 좋아졌더라고요. 한 부위만 집중해도 다른 부위까지 케어되는 효과가 있는 것 같아요.",d238a72611bc,,1003,바디풀고컷 경락 마사지기,99000,,기존리뷰,4,,0,0,1,"안녕하세요. 프리미엄 헬스테크 브랜드, 슬룸입니다.
정성스럽게 올려주신 소중한 후기 감사합니다. 💜

고객님의 목소리로 더 발전하는 슬룸이 되도록 노력하겠습니다.
감사합니다. 🙇‍♀️"
117089,2026-06-21 00:00:00,,,"팔뚝, 복부, 허벅지 세 군데가 다 고민이었는데 이거 하나로 다 커버가 되더라고요. 부위 바꿔가면서 쓰면 30분 안에 전신 케어가 끝나요. 여름 전 급관리에 이만한 게 없는 것 같아요.",0378beb3b17b,,1003,바디풀고컷 경락 마사지기,99000,,기존리뷰,5,,0,0,1,"안녕하세요. 프리미엄 헬스테크 브랜드, 슬룸입니다.
진심 어린 소중한 후기 감사합니다. 💜

앞으로도 좋은 상품과 서비스로 고객님들을 찾아뵐 수 있도록 노력하겠습니다.
감사합니다. :)"
117090,2026-06-15 00:00:00,,,복부가 제일 고민이었는데 M3 컷팅 모드로 집중하니까 뱃살이 줄었다기보다 복부 전체가 타이트해지는 느낌이 오더라고요. 그게 크롭티 핏으로 이어졌어요.,eb5f6cb6d0a6,,1003,바디풀고컷 경락 마사지기,99000,,기존리뷰,5,,0,0,1,"안녕하세요. 프리미엄 헬스테크 브랜드, 슬룸입니다.
정성스럽게 올려주신 소중한 후기 감사합니다. 💜

고객님의 목소리로 더 발전하는 슬룸이 되도록 노력하겠습니다.
감사합니다. 🙇‍♀️"
117091,2026-06-18 00:00:00,,,여름 내내 긴팔 가디건 걸치고 다녔는데 이번 여름엔 가디건 없이 민소매로 다녔거든요. 두 달 케어의 결과예요. 여름이 처음으로 안 더웠어요.,c4a5fe3a25e1,,1003,바디풀고컷 경락 마사지기,99000,,기존리뷰,5,,0,0,1,"안녕하세요. 프리미엄 헬스테크 브랜드, 슬룸입니다.
진심 어린 소중한 후기 감사합니다. 💜

앞으로도 좋은 상품과 서비스로 고객님들을 찾아뵐 수 있도록 노력하겠습니다.
감사합니다. :)"
117092,2026-06-20 00:00:00,,,허벅지 라인이 달라지면서 청바지 핏도 달라졌거든요. 허벅지 부분이 덜 꽉 잡히면서 걷는 게 훨씬 편해졌어요.,7ed9c2f97794,,1003,바디풀고컷 경락 마사지기,99000,,기존리뷰,4,,0,0,1,"안녕하세요. 프리미엄 헬스테크 브랜드, 슬룸입니다.
진심 어린 소중한 후기 감사합니다. 💜

앞으로도 좋은 상품과 서비스로 고객님들을 찾아뵐 수 있도록 노력하겠습니다.
감사합니다. :)"
117093,2026-06-18 00:00:00,,,"팔뚝 케어 시작한 게 이거 산 이유인데, 팔뚝 좋아지면서 어깨 라인까지 같이 예뻐졌더라고요. 부위가 연결돼 있으니까 한 부위 케어가 다른 데로 번지는 것 같아요.",31e06c5535ef,,1003,바디풀고컷 경락 마사지기,99000,,기존리뷰,5,,0,0,1,"안녕하세요. 프리미엄 헬스테크 브랜드, 슬룸입니다.
시간 내어 소중한 후기를 작성해 주셔서 감사드립니다. :)

믿고 찾는 쇼핑몰이 되기 위해 더 좋은 상품과 서비스를 준비하겠습니다.
감사합니다. 💜"
117094,2026-06-27 00:00:00,,,"민소매 입으면 팔이 더 굵어 보인다고 느꼈는데, 탄력이 생기고 나서는 오히려 민소매가 팔을 날씬해 보이게 해주더라고요. 탄력이 이렇게 시각적으로 중요한 거였구나 싶었어요.",e372ba9a7830,,1003,바디풀고컷 경락 마사지기,99000,,기존리뷰,5,,0,0,1,"안녕하세요. 프리미엄 헬스테크 브랜드, 슬룸입니다.
정성스럽게 올려주신 소중한 후기 감사합니다. 💜

고객님의 목소리로 더 발전하는 슬룸이 되도록 노력하겠습니다.
감사합니다. 🙇‍♀️"
117095,2026-06-25 00:00:00,,,하루 종일 서서 일하다가 퇴근할 때 버스에서 내릴 때마다 발이 터질 것 같은 느낌이 있거든요. 집에 오자마자 이거 켜고 종아리부터 풀면 그 무게감이 확 줄어드는 게 느껴져요.,e0c01b2879a1,,1003,바디풀고컷 경락 마사지기,99000,,기존리뷰,4,,0,0,1,"안녕하세요. 프리미엄 헬스테크 브랜드, 슬룸입니다.
진심 어린 소중한 후기 감사합니다. 💜

앞으로도 좋은 상품과 서비스로 고객님들을 찾아뵐 수 있도록 노력하겠습니다.
감사합니다. :)"
117096,2026-06-21 00:00:00,,,사무직인데 하루 종일 앉아 있으면 오히려 더 부어요. 오후 3시쯤 되면 양말 자국이 깊어지기 시작하거든요. 퇴근하고 이거 쓰면 다음 날 아침에 발이 가볍게 시작되더라고요.,1ae4b8b5bc0f,,1003,바디풀고컷 경락 마사지기,99000,,기존리뷰,5,,0,0,1,"안녕하세요. 프리미엄 헬스테크 브랜드, 슬룸입니다.
정성스럽게 올려주신 소중한 후기 감사합니다. 💜

고객님의 목소리로 더 발전하는 슬룸이 되도록 노력하겠습니다.
감사합니다. 🙇‍♀️"
117097,2026-06-20 00:00:00,,,매장에서 일하는데 퇴근하고 집에 오자마자 신발 벗고 이거 켜는 게 습관이 됐어요. 쓰고 나면 발이 리셋된 느낌이거든요.,c20eaa2d81e0,,1003,바디풀고컷 경락 마사지기,99000,,기존리뷰,5,,0,0,1,"안녕하세요. 프리미엄 헬스테크 브랜드, 슬룸입니다.
정성스럽게 올려주신 소중한 후기 감사합니다. 💜

고객님의 목소리로 더 발전하는 슬룸이 되도록 노력하겠습니다.
감사합니다. 🙇‍♀️"
117098,2026-06-23 00:00:00,,,"서서 일하는 날과 앉아서 일하는 날을 번갈아 가면서 일하는데, 둘 다 저녁엔 다리가 무거워요. 종류만 다를 뿐 결국 저녁엔 이거 켜야 하는 상태가 되더라고요.",9b9a8ddebe3c,,1003,바디풀고컷 경락 마사지기,99000,,기존리뷰,5,,0,0,1,"안녕하세요. 프리미엄 헬스테크 브랜드, 슬룸입니다.
시간 내어 소중한 후기를 작성해 주셔서 감사드립니다. :)

믿고 찾는 쇼핑몰이 되기 위해 더 좋은 상품과 서비스를 준비하겠습니다.
감사합니다. 💜"
117099,2026-06-14 00:00:00,,,퇴근하면 다리가 심하게 부어서 저녁에 바지 발목 부분이 꽉 끼는 느낌이 있었거든요. 이거 꾸준히 쓰고 나서 그 끼는 느낌이 사라졌어요. 붓기가 이렇게 관리가 되는 건지 몰랐어요.,495196866b05,,1003,바디풀고컷 경락 마사지기,99000,,기존리뷰,4,,0,0,1,"안녕하세요. 프리미엄 헬스테크 브랜드, 슬룸입니다.
시간 내어 소중한 후기를 작성해 주셔서 감사드립니다. :)

믿고 찾는 쇼핑몰이 되기 위해 더 좋은 상품과 서비스를 준비하겠습니다.
감사합니다. 💜"
117100,2026-06-20 00:00:00,,,"야근이 잦아서 퇴근이 늦은 날이 많은데, 늦게 퇴근할수록 다리가 더 심하게 부어 있거든요. 이거 있으면 몇 시에 퇴근하든 집에 와서 바로 풀 수 있어서 다음 날 컨디션이 달라요.",4326120db6a0,,1003,바디풀고컷 경락 마사지기,99000,,기존리뷰,5,,0,0,1,"안녕하세요. 프리미엄 헬스테크 브랜드, 슬룸입니다.
시간 내어 소중한 후기를 작성해 주셔서 감사드립니다. :)

믿고 찾는 쇼핑몰이 되기 위해 더 좋은 상품과 서비스를 준비하겠습니다.
감사합니다. 💜"
117101,2026-06-30 00:00:00,,,"하루 종일 서 있다가 앉으면 종아리에서 쭉쭉 당기는 느낌이 퇴근 후까지 이어지는데, 붓기 모드로 15분만 써도 그 당김이 풀리더라고요.",6103e76872e9,,1003,바디풀고컷 경락 마사지기,99000,,기존리뷰,5,,0,0,1,"안녕하세요. 프리미엄 헬스테크 브랜드, 슬룸입니다.
시간 내어 소중한 후기를 작성해 주셔서 감사드립니다. :)

믿고 찾는 쇼핑몰이 되기 위해 더 좋은 상품과 서비스를 준비하겠습니다.
감사합니다. 💜"
117102,2026-06-23 00:00:00,,,여름에 에어컨 바람 맞으면서 종일 있다가 퇴근하면 종아리가 특히 심하게 부거든요. 이거 쓰고 나면 계절 상관없이 붓기가 관리되는 것 같아요.,3cb6e9005ee8,,1003,바디풀고컷 경락 마사지기,99000,,기존리뷰,5,,0,0,1,"안녕하세요. 프리미엄 헬스테크 브랜드, 슬룸입니다.
정성스럽게 올려주신 소중한 후기 감사합니다. 💜

고객님의 목소리로 더 발전하는 슬룸이 되도록 노력하겠습니다.
감사합니다. 🙇‍♀️"
117103,2026-06-25 00:00:00,,,"피크 타임에 몇 시간을 쉬지 않고 서 있는데, 퇴근 후 이거로 풀어주면 다음 날 피크 타임을 또 버틸 수 있거든요. 이게 없었으면 매일이 힘들었을 것 같아요.",b452886d392f,,1003,바디풀고컷 경락 마사지기,99000,,기존리뷰,4,,0,0,1,"안녕하세요. 프리미엄 헬스테크 브랜드, 슬룸입니다.
시간 내어 소중한 후기를 작성해 주셔서 감사드립니다. :)

믿고 찾는 쇼핑몰이 되기 위해 더 좋은 상품과 서비스를 준비하겠습니다.
감사합니다. 💜"
117104,2026-06-21 00:00:00,,,"발이 붓는 게 체질이라고 생각하고 체념하며 살았는데, 이거 쓰면서 관리가 된다는 걸 알았거든요. 체질이 아니라 순환 문제였던 거더라고요.",1bd92b7e80d8,,1003,바디풀고컷 경락 마사지기,99000,,기존리뷰,5,,0,0,1,"안녕하세요. 프리미엄 헬스테크 브랜드, 슬룸입니다.
시간 내어 소중한 후기를 작성해 주셔서 감사드립니다. :)

믿고 찾는 쇼핑몰이 되기 위해 더 좋은 상품과 서비스를 준비하겠습니다.
감사합니다. 💜"
117105,2026-06-15 00:00:00,,,"퇴근하면 소파에 쓰러지는 게 일상이었는데, 이거 켜고 쓰는 게 루틴이 되면서 소파에 쓰러지면서도 케어가 돼요. 귀찮다는 핑계를 댈 수 없는 기기인 것 같아요.",6d5f1b780d08,,1003,바디풀고컷 경락 마사지기,99000,,기존리뷰,5,,0,0,1,"안녕하세요. 프리미엄 헬스테크 브랜드, 슬룸입니다.
시간 내어 소중한 후기를 작성해 주셔서 감사드립니다. :)

믿고 찾는 쇼핑몰이 되기 위해 더 좋은 상품과 서비스를 준비하겠습니다.
감사합니다. 💜"
117106,2026-06-19 00:00:00,,,"비 오는 날이나 기압이 낮은 날에 유독 다리가 무거운데, 이거 쓰는 날은 그 무거움이 덜하더라고요. 날씨 때문에 어쩔 수 없다고 생각했는데 관리가 되는 거더라고요.",249921ef99c4,,1003,바디풀고컷 경락 마사지기,99000,,기존리뷰,4,,0,0,1,"안녕하세요. 프리미엄 헬스테크 브랜드, 슬룸입니다.
정성스럽게 올려주신 소중한 후기 감사합니다. 💜

고객님의 목소리로 더 발전하는 슬룸이 되도록 노력하겠습니다.
감사합니다. 🙇‍♀️"
117107,2026-06-23 00:00:00,,,"점심 먹고 나서 오후에 다리가 더 무거워지는 느낌이 있어요. 퇴근할 때는 이미 발이 꽤 부어 있는 상태인데, 이거 루틴으로 쓰면서 그 오후 무거움이 퇴근할 때까지 덜 쌓이는 것 같아요.",c1642e6c905c,,1003,바디풀고컷 경락 마사지기,99000,,기존리뷰,4,,0,0,1,"안녕하세요. 프리미엄 헬스테크 브랜드, 슬룸입니다.
진심 어린 소중한 후기 감사합니다. 💜

앞으로도 좋은 상품과 서비스로 고객님들을 찾아뵐 수 있도록 노력하겠습니다.
감사합니다. :)"
117108,2026-06-19 00:00:00,,,"아이 때문에 샵은 못 가고 집에서 할 수 있는 게 필요했는데, 이거 딱 맞아요. 아이 재우고 나서 쓰는데 다음 날 다리 상태가 확실히 달라지거든요.",97915819b757,,1003,바디풀고컷 경락 마사지기,99000,,기존리뷰,5,,0,0,1,"안녕하세요. 프리미엄 헬스테크 브랜드, 슬룸입니다.
진심 어린 소중한 후기 감사합니다. 💜

앞으로도 좋은 상품과 서비스로 고객님들을 찾아뵐 수 있도록 노력하겠습니다.
감사합니다. :)"
117109,2026-06-28 00:00:00,,,"이직하고 서서 일하는 시간이 길어졌거든요. 예전에 앉아서 일할 때는 몰랐는데, 서서 있으면 저녁 붓기가 이렇게 심한 줄 처음 알았어요. 이거 없었으면 적응이 훨씬 힘들었을 것 같아요.",56c42858aefc,,1003,바디풀고컷 경락 마사지기,99000,,기존리뷰,5,,0,0,1,"안녕하세요. 프리미엄 헬스테크 브랜드, 슬룸입니다.
진심 어린 소중한 후기 감사합니다. 💜

앞으로도 좋은 상품과 서비스로 고객님들을 찾아뵐 수 있도록 노력하겠습니다.
감사합니다. :)"
117110,2026-06-25 00:00:00,,,"발이 부으면 신발이 꽉 끼는 게 싫어서 신발을 항상 넉넉하게 샀는데, 이거 쓰고 나서 저녁에도 신발이 편하게 맞거든요. 신발 기준이 달라진 게 붓기 관리됐다는 증거인 것 같아요.",05cc61ca1a39,,1003,바디풀고컷 경락 마사지기,99000,,기존리뷰,4,,0,0,1,"안녕하세요. 프리미엄 헬스테크 브랜드, 슬룸입니다.
진심 어린 소중한 후기 감사합니다. 💜

앞으로도 좋은 상품과 서비스로 고객님들을 찾아뵐 수 있도록 노력하겠습니다.
감사합니다. :)"
117111,2026-06-27 00:00:00,,,소파에서 TV 보면서 쓸 수 있으니까 귀찮다는 핑계가 안 되더라고요. 그게 이 기기의 제일 큰 장점인 것 같아요.,33564af1be23,,1003,바디풀고컷 경락 마사지기,99000,,기존리뷰,5,,0,0,1,"안녕하세요. 프리미엄 헬스테크 브랜드, 슬룸입니다.
정성스럽게 올려주신 소중한 후기 감사합니다. 💜

고객님의 목소리로 더 발전하는 슬룸이 되도록 노력하겠습니다.
감사합니다. 🙇‍♀️"
117112,2026-06-17 00:00:00,,,"오래 앉아 있다가 일어설 때 발이 저리는 느낌이 자주 왔는데, 이거 쓰기 시작하고 나서 그 빈도가 줄었거든요. 혈액 순환이 되면 저림 현상도 줄어드는 거더라고요.",462e6ec428ec,,1003,바디풀고컷 경락 마사지기,99000,,기존리뷰,5,,0,0,1,"안녕하세요. 프리미엄 헬스테크 브랜드, 슬룸입니다.
진심 어린 소중한 후기 감사합니다. 💜

앞으로도 좋은 상품과 서비스로 고객님들을 찾아뵐 수 있도록 노력하겠습니다.
감사합니다. :)"
117113,2026-06-21 00:00:00,,,"오래 걷는 날이 있으면 저녁에 발뒤꿈치까지 부어오르는 느낌인데, 붓기 모드로 20분 쓰면 그게 빠지더라고요. 체감 속도가 생각보다 빨라서 처음엔 이게 진짜 효과인지 싶었어요.",228198a7e516,,1003,바디풀고컷 경락 마사지기,99000,,기존리뷰,5,,0,0,1,"안녕하세요. 프리미엄 헬스테크 브랜드, 슬룸입니다.
정성스럽게 올려주신 소중한 후기 감사합니다. 💜

고객님의 목소리로 더 발전하는 슬룸이 되도록 노력하겠습니다.
감사합니다. 🙇‍♀️"
117114,2026-06-17 00:00:00,,,퇴근 후 다리 상태가 다음 날 컨디션에 영향을 준다는 걸 이거 쓰면서 알았거든요. 저녁에 관리되면 아침이 다르게 시작돼요. 퇴근 후 루틴 하나가 아침까지 이어지는 거더라고요.,46f87dfaf87d,,1003,바디풀고컷 경락 마사지기,99000,,기존리뷰,5,,0,0,1,"안녕하세요. 프리미엄 헬스테크 브랜드, 슬룸입니다.
정성스럽게 올려주신 소중한 후기 감사합니다. 💜

고객님의 목소리로 더 발전하는 슬룸이 되도록 노력하겠습니다.
감사합니다. 🙇‍♀️"
117115,2026-06-20 00:00:00,,,샵 예약하고 가는 게 이렇게 번거로운 건지 이거 쓰면서 다시 느꼈거든요. 예약도 이동도 필요 없으니까 미룰 이유가 없어졌어요.,3898bfa37bea,,1003,바디풀고컷 경락 마사지기,99000,,기존리뷰,5,,0,0,1,"안녕하세요. 프리미엄 헬스테크 브랜드, 슬룸입니다.
정성스럽게 올려주신 소중한 후기 감사합니다. 💜

고객님의 목소리로 더 발전하는 슬룸이 되도록 노력하겠습니다.
감사합니다. 🙇‍♀️"
117116,2026-06-21 00:00:00,,,"일이 바빠서 샵은 특별한 날에만 갈 수 있었는데, 이거 생기고 나서 특별한 날 아니어도 매일 관리가 되더라고요. 샵 다니는 것보다 몸 상태가 더 좋아진 것 같아요.",9f202cd374a4,,1003,바디풀고컷 경락 마사지기,99000,,기존리뷰,5,,0,0,1,"안녕하세요. 프리미엄 헬스테크 브랜드, 슬룸입니다.
시간 내어 소중한 후기를 작성해 주셔서 감사드립니다. :)

믿고 찾는 쇼핑몰이 되기 위해 더 좋은 상품과 서비스를 준비하겠습니다.
감사합니다. 💜"
117117,2026-06-26 00:00:00,,,퇴근하고 집에 오면 소파에 쓰러지고 싶은데 이거 집에 있으니까 쓰러지면서도 쓸 수 있거든요. 귀찮다는 게 핑계가 안 되는 게 이 제품의 핵심인 것 같아요.,0b3c4d805fef,,1003,바디풀고컷 경락 마사지기,99000,,기존리뷰,5,,0,0,1,"안녕하세요. 프리미엄 헬스테크 브랜드, 슬룸입니다.
정성스럽게 올려주신 소중한 후기 감사합니다. 💜

고객님의 목소리로 더 발전하는 슬룸이 되도록 노력하겠습니다.
감사합니다. 🙇‍♀️"
117118,2026-06-25 00:00:00,,,"관리 받고 싶은 욕구는 있는데 실행으로 옮기기가 힘든 사람이었는데, 이건 켜기만 하면 되니까 실행 장벽이 거의 없거든요. 그 장벽이 낮아지니까 루틴이 만들어졌더라고요.",201ddb18e2ff,,1003,바디풀고컷 경락 마사지기,99000,,기존리뷰,5,,0,0,1,"안녕하세요. 프리미엄 헬스테크 브랜드, 슬룸입니다.
진심 어린 소중한 후기 감사합니다. 💜

앞으로도 좋은 상품과 서비스로 고객님들을 찾아뵐 수 있도록 노력하겠습니다.
감사합니다. :)"
117119,2026-06-24 00:00:00,,,"예약하고 당일 취소하는 게 반복됐는데, 이건 예약이 없으니까 취소할 것도 없잖아요. 그냥 그날그날 컨디션에 맞게 쓰면 되거든요.",f555256d41fc,,1003,바디풀고컷 경락 마사지기,99000,,기존리뷰,5,,0,0,1,"안녕하세요. 프리미엄 헬스테크 브랜드, 슬룸입니다.
진심 어린 소중한 후기 감사합니다. 💜

앞으로도 좋은 상품과 서비스로 고객님들을 찾아뵐 수 있도록 노력하겠습니다.
감사합니다. :)"
117120,2026-06-20 00:00:00,,,"혼자 외출하기가 어려운 상황이라 샵은 완전히 포기하고 살았는데, 이거 생기고 나서 집에서도 케어가 가능해졌거든요. 포기했던 관리를 다시 시작하게 된 게 가장 큰 변화인 것 같아요.",263222d609f3,,1003,바디풀고컷 경락 마사지기,99000,,기존리뷰,5,,0,0,1,"안녕하세요. 프리미엄 헬스테크 브랜드, 슬룸입니다.
정성스럽게 올려주신 소중한 후기 감사합니다. 💜

고객님의 목소리로 더 발전하는 슬룸이 되도록 노력하겠습니다.
감사합니다. 🙇‍♀️"
117121,2026-06-17 00:00:00,,,샵을 한 달에 한 번도 못 간 달이 더 많았거든요. 이거 사고 나서 한 달에 20일 이상 케어하고 있어요. 빈도 차이가 이렇게 나니까 효과도 다를 수밖에 없더라고요.,83a2a46c0860,,1003,바디풀고컷 경락 마사지기,99000,,기존리뷰,4,,0,0,1,"안녕하세요. 프리미엄 헬스테크 브랜드, 슬룸입니다.
정성스럽게 올려주신 소중한 후기 감사합니다. 💜

고객님의 목소리로 더 발전하는 슬룸이 되도록 노력하겠습니다.
감사합니다. 🙇‍♀️"
117122,2026-06-29 00:00:00,,,샵은 컨디션 안 좋은 날 오히려 가기 싫어지는 날이 있거든요. 이건 컨디션 안 좋은 날 오히려 더 쓰게 돼요. 몸이 필요할 때 바로 쓸 수 있다는 게 다른 거더라고요.,dec673190118,,1003,바디풀고컷 경락 마사지기,99000,,기존리뷰,5,,0,0,1,"안녕하세요. 프리미엄 헬스테크 브랜드, 슬룸입니다.
정성스럽게 올려주신 소중한 후기 감사합니다. 💜

고객님의 목소리로 더 발전하는 슬룸이 되도록 노력하겠습니다.
감사합니다. 🙇‍♀️"
117123,2026-06-28 00:00:00,,,"샵은 예약을 못 잡으면 몇 주씩 공백이 생겼는데, 이거는 그런 공백이 없거든요. 꾸준함이 효과를 만든다는 걸 이번에 실감했어요.",60e355dfe567,,1003,바디풀고컷 경락 마사지기,99000,,기존리뷰,5,,0,0,1,"안녕하세요. 프리미엄 헬스테크 브랜드, 슬룸입니다.
시간 내어 소중한 후기를 작성해 주셔서 감사드립니다. :)

믿고 찾는 쇼핑몰이 되기 위해 더 좋은 상품과 서비스를 준비하겠습니다.
감사합니다. 💜"
117124,2026-06-15 00:00:00,,,주말에만 관리받을 수 있었는데 이거 생기고 나서 평일에도 케어가 되더라고요. 주 2회에서 주 5회로 빈도가 늘어난 게 몸에 쌓이는 효과로 이어졌어요.,fbcb6fbe1855,,1003,바디풀고컷 경락 마사지기,99000,,기존리뷰,5,,0,0,1,"안녕하세요. 프리미엄 헬스테크 브랜드, 슬룸입니다.
진심 어린 소중한 후기 감사합니다. 💜

앞으로도 좋은 상품과 서비스로 고객님들을 찾아뵐 수 있도록 노력하겠습니다.
감사합니다. :)"
117125,2026-06-14 00:00:00,,,"샵은 가는 날만 관리가 되지만, 이건 매일이 관리일 수 있잖아요. 그 차이가 한 달, 두 달 지나면서 눈에 보이기 시작했거든요.",2b3e62467e80,,1003,바디풀고컷 경락 마사지기,99000,,기존리뷰,5,,0,0,1,"안녕하세요. 프리미엄 헬스테크 브랜드, 슬룸입니다.
시간 내어 소중한 후기를 작성해 주셔서 감사드립니다. :)

믿고 찾는 쇼핑몰이 되기 위해 더 좋은 상품과 서비스를 준비하겠습니다.
감사합니다. 💜"
117126,2026-06-16 00:00:00,,,바디케어를 생활화하고 싶었는데 샵 중심으로는 생활화가 안 됐거든요. 이거 생기고 나서 씻고 로션 바르듯 케어가 일상이 됐어요. 생활화가 이런 거구나 처음 느꼈더라고요.,403d66a40b50,,1003,바디풀고컷 경락 마사지기,99000,,기존리뷰,5,,0,0,1,"안녕하세요. 프리미엄 헬스테크 브랜드, 슬룸입니다.
시간 내어 소중한 후기를 작성해 주셔서 감사드립니다. :)

믿고 찾는 쇼핑몰이 되기 위해 더 좋은 상품과 서비스를 준비하겠습니다.
감사합니다. 💜"
117127,2026-06-17 00:00:00,,,샵 예약이 취소됐을 때 그 허탈감이 있잖아요. 이거 있으면 그 허탈감이 없거든요. 언제든 내가 하면 되니까요. 바디케어에 대한 스트레스가 없어진 게 생각보다 큰 변화예요.,bb13e120f7d3,,1003,바디풀고컷 경락 마사지기,99000,,기존리뷰,5,,0,0,1,"안녕하세요. 프리미엄 헬스테크 브랜드, 슬룸입니다.
정성스럽게 올려주신 소중한 후기 감사합니다. 💜

고객님의 목소리로 더 발전하는 슬룸이 되도록 노력하겠습니다.
감사합니다. 🙇‍♀️"
117128,2026-06-18 00:00:00,,,쓰고 나서 효과가 바로 느껴지니까 다음 날 또 쓰고 싶어지더라고요. 효과가 루틴을 만들어주는 기기인 것 같아요.,5a44ad0e38dc,,1003,바디풀고컷 경락 마사지기,99000,,기존리뷰,4,,0,0,1,"안녕하세요. 프리미엄 헬스테크 브랜드, 슬룸입니다.
진심 어린 소중한 후기 감사합니다. 💜

앞으로도 좋은 상품과 서비스로 고객님들을 찾아뵐 수 있도록 노력하겠습니다.
감사합니다. :)"
117129,2026-06-26 00:00:00,,,"샵은 특별히 받고 싶을 때 가고, 일상 관리는 이걸로 하는 방식이 생겼거든요. 두 가지가 균형을 이루니까 바디케어가 훨씬 체계적이 됐어요.",8df9fb9e51ce,,1003,바디풀고컷 경락 마사지기,99000,,기존리뷰,5,,0,0,1,"안녕하세요. 프리미엄 헬스테크 브랜드, 슬룸입니다.
진심 어린 소중한 후기 감사합니다. 💜

앞으로도 좋은 상품과 서비스로 고객님들을 찾아뵐 수 있도록 노력하겠습니다.
감사합니다. :)"
117153,2026-06-16 00:00:00,,,"팔뚝이 진짜 오래된 콤플렉스였는데 3주 만에 달라진 게 느껴졌어요. 거울 보다가 어 뭔가 다른데 싶어서 한참 들여다봤거든요. 살이 빠진 게 아니라 탄력이 생기면서 출렁임이 줄어든 건데, 그게 시각적으로 이렇게 티가 날 줄 몰랐어요. 민소매 입고 팔 올려서 사진 찍어도 이제 각도 신경 안 써요.",c7d7bb997522,,1003,바디풀고컷 경락 마사지기,99000,,기존리뷰,5,,0,0,1,"안녕하세요. 프리미엄 헬스테크 브랜드, 슬룸입니다.
시간 내어 소중한 후기를 작성해 주셔서 감사드립니다. :)

믿고 찾는 쇼핑몰이 되기 위해 더 좋은 상품과 서비스를 준비하겠습니다.
감사합니다. 💜"
117155,2026-06-21 00:00:00,,,처음 켰을 때 찌릿한 느낌이 무서워서 1단계로 한참 있다가 조심스럽게 2단계로 올렸어요. 근데 쓰다 보니까 그 자극이 없으면 오히려 허전한 느낌이 들더라고요. 지금은 8단계가 기본이고 컨디션 좋은 날은 10단계까지 올려요. 몸이 적응한다는 게 이런 건가 싶었어요. 처음 무서워했던 게 지금은 웃겨요.,bfab4ee8c533,,1003,바디풀고컷 경락 마사지기,99000,,기존리뷰,5,,0,0,1,"안녕하세요. 프리미엄 헬스테크 브랜드, 슬룸입니다.
정성스럽게 올려주신 소중한 후기 감사합니다. 💜

고객님의 목소리로 더 발전하는 슬룸이 되도록 노력하겠습니다.
감사합니다. 🙇‍♀️"
117156,2026-06-20 00:00:00,,,"하루 종일 서서 일하다 퇴근하면 종아리가 터질 것 같은 느낌이 있거든요. 버스에서 내릴 때마다 발이 너무 무거워서 집까지 걷는 게 힘들었는데, 이거 켜고 15분만 있으면 그 무게감이 확 사라져요. 처음엔 이게 진짜 되는 건지 반신반의했는데 지금은 퇴근하고 집에 오자마자 켜는 게 첫 번째 루틴이 됐어요.",4246b25e8953,,1003,바디풀고컷 경락 마사지기,99000,,기존리뷰,4,,0,0,1,"안녕하세요. 프리미엄 헬스테크 브랜드, 슬룸입니다.
정성스럽게 올려주신 소중한 후기 감사합니다. 💜

고객님의 목소리로 더 발전하는 슬룸이 되도록 노력하겠습니다.
감사합니다. 🙇‍♀️"
117157,2026-06-20 00:00:00,,,크롭티를 진짜 좋아하는데 복부 때문에 항상 망설이다가 결국 긴 옷 입고 나갔거든요. 이거 두 달 쓰고 나서 처음으로 크롭티 입고 카페 나갔는데 아무도 저를 쳐다보지 않았어요. 저만 혼자 긴장했던 거였더라고요 ㅋㅋ 탄력이 생기니까 배가 덜 나와 보이는 거지 살이 빠진 게 아닌데 이렇게 달라 보인다는 게 신기했어요.,cfd9a151788c,,1003,바디풀고컷 경락 마사지기,99000,,기존리뷰,5,,0,0,1,"안녕하세요. 프리미엄 헬스테크 브랜드, 슬룸입니다.
정성스럽게 올려주신 소중한 후기 감사합니다. 💜

고객님의 목소리로 더 발전하는 슬룸이 되도록 노력하겠습니다.
감사합니다. 🙇‍♀️"
117158,2026-06-17 00:00:00,,,EMS가 진짜 작동하는 건지 솔직히 반신반의했어요. 예전에 쓴 패드형 제품은 찌릿하기만 하고 효과가 없었거든요. 이건 허벅지에 9단계 켰을 때 근육이 제 의지 없이 혼자 움직이는 게 느껴져서 깜짝 놀랐어요. 손으로 잡아보면 수축하는 게 느껴지거든요. 아 이게 진짜 EMS구나 싶은 순간이었어요. 그 뒤로 신뢰가 생겼어요.,2dcd991e3a38,,1003,바디풀고컷 경락 마사지기,99000,,기존리뷰,5,,0,0,1,"안녕하세요. 프리미엄 헬스테크 브랜드, 슬룸입니다.
진심 어린 소중한 후기 감사합니다. 💜

앞으로도 좋은 상품과 서비스로 고객님들을 찾아뵐 수 있도록 노력하겠습니다.
감사합니다. :)"
117160,2026-06-15 00:00:00,,,종아리 붓기 때문에 저녁이면 신발 벗기 싫을 정도로 발이 불편했어요. 양말 자국이 깊게 패이는 게 일상이었거든요. 이거 루틴이 생기고 나서 저녁에도 발이 아침이랑 비슷한 상태예요. 처음에 이게 이렇게 빨리 효과가 나타나는 건지 놀랐어요. 붓기 관리가 이렇게 되는 건지 솔직히 몰랐거든요.,2a6db656c43e,,1003,바디풀고컷 경락 마사지기,99000,,기존리뷰,4,,0,0,1,"안녕하세요. 프리미엄 헬스테크 브랜드, 슬룸입니다.
정성스럽게 올려주신 소중한 후기 감사합니다. 💜

고객님의 목소리로 더 발전하는 슬룸이 되도록 노력하겠습니다.
감사합니다. 🙇‍♀️"
117161,2026-06-26 00:00:00,,,"민소매 입고 팔 올릴 때마다 각도 재고 팔뚝 최대한 얇아 보이게 조절하고 그랬는데, 이거 쓰고 나서 그냥 자연스럽게 올려요. 탄력이 생기면서 출렁임이 줄어드니까 그 의식 자체가 없어졌거든요. 여행 가서 사진 찍을 때 팔 신경 안 쓰고 편하게 찍을 수 있어서 사진이 훨씬 자연스러워졌어요.",11c51e00f71d,,1003,바디풀고컷 경락 마사지기,99000,,기존리뷰,5,,0,0,1,"안녕하세요. 프리미엄 헬스테크 브랜드, 슬룸입니다.
정성스럽게 올려주신 소중한 후기 감사합니다. 💜

고객님의 목소리로 더 발전하는 슬룸이 되도록 노력하겠습니다.
감사합니다. 🙇‍♀️"
117162,2026-06-14 00:00:00,,,복부에 M3 컷팅 모드 쓸 때 배 안쪽에서 뭔가 수축되는 느낌이 나는데 처음엔 이게 뭔가 싶었어요. 찌릿한 것도 아니고 속에서 당기는 듯한 느낌이거든요. 나중에 알고 보니 속근육이 반응하는 거더라고요. 이제는 그 느낌이 있어야 제대로 쓴 것 같아서 그 느낌 찾으면서 써요. 복부 탄력이 생기면서 크롭티 핏이 달라졌어요.,6c8a0c40ea2b,,1003,바디풀고컷 경락 마사지기,99000,,기존리뷰,5,,0,0,1,"안녕하세요. 프리미엄 헬스테크 브랜드, 슬룸입니다.
정성스럽게 올려주신 소중한 후기 감사합니다. 💜

고객님의 목소리로 더 발전하는 슬룸이 되도록 노력하겠습니다.
감사합니다. 🙇‍♀️"
117163,2026-06-13 00:00:00,,,에스테틱 패키지를 갱신할지 말지 매달 고민했거든요. 이거 산 이후로 그 고민이 없어졌어요. 집에 이게 있으니까 굳이 패키지 끊을 이유를 못 찾겠더라고요. 경락볼 12개가 동시에 눌리는 면적이 넓어서 손으로 받는 느낌이랑 비슷하게 오거든요. 매일 관리가 되니까 패키지 효과보다 이게 훨씬 낫다고 느껴요.,9e50618b3097,,1003,바디풀고컷 경락 마사지기,99000,,기존리뷰,4,,0,0,1,"안녕하세요. 프리미엄 헬스테크 브랜드, 슬룸입니다.
정성스럽게 올려주신 소중한 후기 감사합니다. 💜

고객님의 목소리로 더 발전하는 슬룸이 되도록 노력하겠습니다.
감사합니다. 🙇‍♀️"
117166,2026-06-20 00:00:00,,,퇴근하고 양말 벗으면 항상 발목에 자국이 깊게 패여 있었어요. 그게 일상이었거든요. 이거 쓰기 시작하고 한 달쯤 됐는데 저녁에 양말 벗어도 자국이 거의 없어요. 처음엔 우연인가 싶었는데 꾸준히 관리하니까 계속 이 상태가 유지되더라고요. 붓기가 이렇게 관리가 되는 건지 진짜 몰랐어요.,1088203e9184,,1003,바디풀고컷 경락 마사지기,99000,,기존리뷰,5,,0,0,1,"안녕하세요. 프리미엄 헬스테크 브랜드, 슬룸입니다.
진심 어린 소중한 후기 감사합니다. 💜

앞으로도 좋은 상품과 서비스로 고객님들을 찾아뵐 수 있도록 노력하겠습니다.
감사합니다. :)"
117167,2026-06-29 00:00:00,,,"샵 가는 시간이랑 비용을 생각하면 집에서 이거 두 번 쓰는 게 훨씬 효율적이에요. 이동 시간, 대기 시간, 받는 시간 다 합치면 반나절이 날아가는데 이건 집에서 바로 시작하면 되잖아요. 효과도 꿀리지 않고 비용은 비교도 안 되게 저렴하고. 샵이 필요없어진 게 아니라 이게 더 나은 방식이라는 걸 알게 된 거예요.",6d8319af96a8,,1003,바디풀고컷 경락 마사지기,99000,,기존리뷰,4,,0,0,1,"안녕하세요. 프리미엄 헬스테크 브랜드, 슬룸입니다.
진심 어린 소중한 후기 감사합니다. 💜

앞으로도 좋은 상품과 서비스로 고객님들을 찾아뵐 수 있도록 노력하겠습니다.
감사합니다. :)"
117168,2026-06-13 00:00:00,,,허벅지에 강도를 서서히 올리다 보면 근육이 눈에 보이게 움직이기 시작해요. 처음 그걸 봤을 때 소름 돋았거든요. 내 의지 없이 근육이 수축하는 게 신기하기도 하고 이게 EMS 원리구나 싶기도 하고. 다음 날 허벅지가 운동한 것처럼 살짝 뻐근한 게 오더라고요. 그 느낌이 오면 어제 제대로 쓴 거라는 신호인 것 같아요.,58aa647b164a,,1003,바디풀고컷 경락 마사지기,99000,,기존리뷰,5,,0,0,1,"안녕하세요. 프리미엄 헬스테크 브랜드, 슬룸입니다.
진심 어린 소중한 후기 감사합니다. 💜

앞으로도 좋은 상품과 서비스로 고객님들을 찾아뵐 수 있도록 노력하겠습니다.
감사합니다. :)"
117169,2026-06-19 00:00:00,,,오후 되면 신발이 꽉 끼는 느낌이 있었는데 이거 루틴이 생기고 나서 그게 없어졌어요. 매일 저녁에 붓기를 빼주니까 다음 날 아침에 발이 가볍게 시작되는 거더라고요. 전에는 신발 살 때 저녁에 사야 한다고 했는데 이제는 아침에 사도 될 것 같아요. 붓기 관리가 이렇게 직접적으로 일상에 영향을 줄 줄 몰랐어요.,5cc9b54601f0,,1003,바디풀고컷 경락 마사지기,99000,,기존리뷰,5,,0,0,1,"안녕하세요. 프리미엄 헬스테크 브랜드, 슬룸입니다.
정성스럽게 올려주신 소중한 후기 감사합니다. 💜

고객님의 목소리로 더 발전하는 슬룸이 되도록 노력하겠습니다.
감사합니다. 🙇‍♀️"
117170,2026-06-26 00:00:00,,,"민소매 입고 사진 찍을 때 팔뚝 때문에 포즈를 엄청 신경 썼는데, 이거 쓰고 나서 그냥 편하게 찍게 됐어요. 탄력이 생기니까 어떤 각도로 찍어도 크게 신경 안 써도 되거든요. 여행 사진이 자연스러워졌다는 말을 많이 들었는데 이유를 설명하기가 웃겼어요 ㅋㅋ 팔뚝 덕분이라고.",05027a0a8be8,,1003,바디풀고컷 경락 마사지기,99000,,기존리뷰,5,,0,0,1,"안녕하세요. 프리미엄 헬스테크 브랜드, 슬룸입니다.
정성스럽게 올려주신 소중한 후기 감사합니다. 💜

고객님의 목소리로 더 발전하는 슬룸이 되도록 노력하겠습니다.
감사합니다. 🙇‍♀️"
117171,2026-06-20 00:00:00,,,"EMS 패드 전에도 써봤는데 그거랑은 차원이 달라요. 패드형은 피부 위에서 찌릿찌릿한 수준인데, 이건 경락볼이 피부를 누르면서 자극이 전달되니까 더 깊이 들어오는 느낌이에요. 근육이 직접 반응하는 게 느껴지거든요. 같은 EMS라고 이름 붙여도 이렇게 다를 수 있다는 걸 써보고 나서 알았어요.",e2f2690f482c,,1003,바디풀고컷 경락 마사지기,99000,,기존리뷰,4,,0,0,1,"안녕하세요. 프리미엄 헬스테크 브랜드, 슬룸입니다.
정성스럽게 올려주신 소중한 후기 감사합니다. 💜

고객님의 목소리로 더 발전하는 슬룸이 되도록 노력하겠습니다.
감사합니다. 🙇‍♀️"
117172,2026-06-27 00:00:00,,,"퇴근하고 마트 들르는 게 힘들었거든요. 다리가 너무 무거워서 장 보는 것도 억지로 했는데, 이거 루틴이 생기고 나서 퇴근 후 활동 반경이 넓어졌어요. 다리가 가벼우니까 퇴근 후에도 뭔가 할 수 있게 됐어요. 저녁 시간의 질이 달라진 것 같아요.",b62d59867841,,1003,바디풀고컷 경락 마사지기,99000,,기존리뷰,5,,0,0,1,"안녕하세요. 프리미엄 헬스테크 브랜드, 슬룸입니다.
시간 내어 소중한 후기를 작성해 주셔서 감사드립니다. :)

믿고 찾는 쇼핑몰이 되기 위해 더 좋은 상품과 서비스를 준비하겠습니다.
감사합니다. 💜"
117173,2026-06-21 00:00:00,,,"샵 원장님이 케어 중에 이것저것 추가 서비스를 권유하시는 게 부담이었거든요. 거절하면 눈치 보이고 그냥 하면 돈이 더 나가고. 이건 그런 상황이 아예 없잖아요. 내가 필요한 부위만, 내가 원하는 만큼만 하면 되니까 심리적으로 훨씬 편해요. 케어에만 집중할 수 있는 환경이에요.",a08065a70b53,,1003,바디풀고컷 경락 마사지기,99000,,기존리뷰,5,,0,0,1,"안녕하세요. 프리미엄 헬스테크 브랜드, 슬룸입니다.
진심 어린 소중한 후기 감사합니다. 💜

앞으로도 좋은 상품과 서비스로 고객님들을 찾아뵐 수 있도록 노력하겠습니다.
감사합니다. :)"
117174,2026-06-30 00:00:00,,,배에 댔을 때 표면이 아니라 안쪽에서 뭔가 반응하는 느낌이 처음엔 신기했어요. 겉에서 자극하는데 속근육이 반응한다는 게 EMS 원리라는 걸 나중에 알았거든요. 복부 쪽 속근육이 수축하는 게 느껴지면서 운동하는 것 같은 느낌이 들더라고요. 그 느낌 때문에 복부 케어를 제일 열심히 하게 됐어요.,17b95bf9b5fa,,1003,바디풀고컷 경락 마사지기,99000,,기존리뷰,4,,0,0,1,"안녕하세요. 프리미엄 헬스테크 브랜드, 슬룸입니다.
시간 내어 소중한 후기를 작성해 주셔서 감사드립니다. :)

믿고 찾는 쇼핑몰이 되기 위해 더 좋은 상품과 서비스를 준비하겠습니다.
감사합니다. 💜"
117175,2026-06-18 00:00:00,,,크롭티 각이 나왔어요. 두 달 만에. 뱃살이 빠진 게 아니라 복부가 탄탄해지면서 배가 덜 나와 보이는 거거든요. 살 빼는 것보다 탄력 잡는 게 더 빠른 방법이라는 걸 이번에 알았어요. 체중계 숫자는 그대로인데 거울 보는 게 즐거워졌어요. 이게 말이 되는 건가 싶었는데 진짜예요.,793964a3ce7b,,1003,바디풀고컷 경락 마사지기,99000,,기존리뷰,5,,0,0,1,"안녕하세요. 프리미엄 헬스테크 브랜드, 슬룸입니다.
진심 어린 소중한 후기 감사합니다. 💜

앞으로도 좋은 상품과 서비스로 고객님들을 찾아뵐 수 있도록 노력하겠습니다.
감사합니다. :)"
117177,2026-06-23 00:00:00,,,"괄사 기기 두 개 서랍에 처박혀 있거든요. 손목 아파서 오래 못 했고 효과도 별로였어요. 이건 기기가 다 해주니까 손목 쓸 일이 없고, EMS랑 고주파가 같이 들어오니까 차원이 달라요. 굴리는 것과 전기 자극이 함께 오는 게 이렇게 다른지 써보기 전엔 몰랐어요. 서랍에 안 가는 기기는 이게 처음이에요.",78a42a252846,,1003,바디풀고컷 경락 마사지기,99000,,기존리뷰,5,,0,0,1,"안녕하세요. 프리미엄 헬스테크 브랜드, 슬룸입니다.
정성스럽게 올려주신 소중한 후기 감사합니다. 💜

고객님의 목소리로 더 발전하는 슬룸이 되도록 노력하겠습니다.
감사합니다. 🙇‍♀️"
117178,2026-06-21 00:00:00,,,"레깅스 뒤에서 봤을 때 허벅지 라인이 달라졌어요. 남편이 먼저 알아채고 말해줬는데 저보다 남편이 더 신기해했어요 ㅋㅋ 셀룰라이트가 줄어든 건지 탄력이 생겨서 라인이 잡힌 건지 모르겠는데, 어쨌든 거울 보는 게 즐거워졌어요. 꾸준히 하면 더 달라질 것 같아서 계속하고 있어요.",6f948e4ab6a3,,1003,바디풀고컷 경락 마사지기,99000,,기존리뷰,4,,0,0,1,"안녕하세요. 프리미엄 헬스테크 브랜드, 슬룸입니다.
진심 어린 소중한 후기 감사합니다. 💜

앞으로도 좋은 상품과 서비스로 고객님들을 찾아뵐 수 있도록 노력하겠습니다.
감사합니다. :)"
117179,2026-06-17 00:00:00,,,"피크 타임에 몇 시간을 쉬지 않고 서 있는 날이 있는데, 그날 저녁에 다리가 진짜 힘들거든요. 이거 없었으면 어떻게 버텼나 싶어요. 붓기 모드로 20분 쓰고 나면 그 무거움이 확 빠지는 게 느껴지더라고요. 다음 날 똑같이 힘든 하루를 버틸 수 있는 게 이거 덕분인 것 같아요.",c580b4465f03,,1003,바디풀고컷 경락 마사지기,99000,,기존리뷰,5,,0,0,1,"안녕하세요. 프리미엄 헬스테크 브랜드, 슬룸입니다.
진심 어린 소중한 후기 감사합니다. 💜

앞으로도 좋은 상품과 서비스로 고객님들을 찾아뵐 수 있도록 노력하겠습니다.
감사합니다. :)"
117180,2026-06-19 00:00:00,,,"루틴이 습관이 되면 안 쓰는 날이 더 어색하다는 걸 이번에 알았어요. 처음엔 의지로 했는데 지금은 안 켜면 뭔가 빠진 느낌이 들거든요. 지금 그 단계가 됐어요. 효과가 보이니까 계속하게 되고, 계속하다 보니 습관이 된 것 같아요. 이 제품이 루틴을 만들어줬다고 표현하는 게 맞는 것 같아요.",2f937af6b0e1,,1003,바디풀고컷 경락 마사지기,99000,,기존리뷰,5,,0,0,1,"안녕하세요. 프리미엄 헬스테크 브랜드, 슬룸입니다.
진심 어린 소중한 후기 감사합니다. 💜

앞으로도 좋은 상품과 서비스로 고객님들을 찾아뵐 수 있도록 노력하겠습니다.
감사합니다. :)"
117181,2026-06-23 00:00:00,,,"허벅지 안쪽 살이 걸을 때 닿는 느낌이 싫어서 여름에 항상 불편했는데, 컷팅 모드로 꾸준히 케어하고 나서 그 닿는 느낌이 줄었어요. 살이 빠진 게 아니라 탄력이 생기면서 퍼지는 게 줄어든 거거든요. 같은 체중인데 걷는 게 편해진 게 신기하더라고요. 탄력이 이렇게 실질적인 불편함을 해결해줄 줄 몰랐어요.",a939ab1b2cdb,,1003,바디풀고컷 경락 마사지기,99000,,기존리뷰,5,,0,0,1,"안녕하세요. 프리미엄 헬스테크 브랜드, 슬룸입니다.
진심 어린 소중한 후기 감사합니다. 💜

앞으로도 좋은 상품과 서비스로 고객님들을 찾아뵐 수 있도록 노력하겠습니다.
감사합니다. :)"
117183,2026-06-15 00:00:00,,,"7단계 쓸 때 종아리 근육이 리드미컬하게 수축하는 게 느껴지는데 그 느낌이 좋아요. 근육이 리듬에 맞춰 반응한다는 게 이런 건가 싶고, 그 자극이 끝나고 나면 종아리가 가벼워지는 게 느껴지거든요. 붓기가 빠지면서 동시에 탄력도 잡히는 느낌이에요. 이 두 가지가 같이 오는 게 이 기기의 매력인 것 같아요.",d37a04bf61af,,1003,바디풀고컷 경락 마사지기,99000,,기존리뷰,5,,0,0,1,"안녕하세요. 프리미엄 헬스테크 브랜드, 슬룸입니다.
진심 어린 소중한 후기 감사합니다. 💜

앞으로도 좋은 상품과 서비스로 고객님들을 찾아뵐 수 있도록 노력하겠습니다.
감사합니다. :)"
117184,2026-06-25 00:00:00,,,"팔뚝 케어를 열심히 했더니 어깨 라인까지 같이 예뻐졌어요. 팔뚝이랑 어깨가 연결돼 있으니까 한 부위 케어가 주변 부위까지 영향을 주는 것 같더라고요. 민소매 입으면 어깨 라인이 예뻐 보인다는 말을 들었는데, 팔뚝 탄력 잡은 게 어깨까지 이어진 거였어요.",0ee0e09e45b3,,1003,바디풀고컷 경락 마사지기,99000,,기존리뷰,5,,0,0,1,"안녕하세요. 프리미엄 헬스테크 브랜드, 슬룸입니다.
진심 어린 소중한 후기 감사합니다. 💜

앞으로도 좋은 상품과 서비스로 고객님들을 찾아뵐 수 있도록 노력하겠습니다.
감사합니다. :)"
117185,2026-06-16 00:00:00,,,퇴근하고 집에 오면 제일 먼저 하는 게 이거 켜는 거예요. 옷 갈아입기 전에 켜놓고 시작하는 게 루틴이 됐어요. 처음엔 의지로 했는데 이제는 안 켜면 뭔가 빠진 느낌이 들거든요. 하루 마무리 신호가 된 것 같아요. 이게 있으면 퇴근 후 시간이 훨씬 풍요로워요.,b639a69b9190,,1003,바디풀고컷 경락 마사지기,99000,,기존리뷰,4,,0,0,1,"안녕하세요. 프리미엄 헬스테크 브랜드, 슬룸입니다.
시간 내어 소중한 후기를 작성해 주셔서 감사드립니다. :)

믿고 찾는 쇼핑몰이 되기 위해 더 좋은 상품과 서비스를 준비하겠습니다.
감사합니다. 💜"
117186,2026-06-24 00:00:00,,,"복부에 쓸 때 플랭크 버티는 것 같은 느낌이 나요. 속근육이 수축하는 게 느껴지거든요. 운동을 따로 안 해도 이걸로 어느 정도 커버가 되는 것 같달까요. 물론 운동이랑 병행하면 더 좋겠지만, 바쁜 날에 이거라도 하면 죄책감이 덜해요. 복부 탄력이 생기면서 허리도 더 세워지는 느낌이에요.",bef0ce4dc7a5,,1003,바디풀고컷 경락 마사지기,99000,,기존리뷰,5,,0,0,1,"안녕하세요. 프리미엄 헬스테크 브랜드, 슬룸입니다.
진심 어린 소중한 후기 감사합니다. 💜

앞으로도 좋은 상품과 서비스로 고객님들을 찾아뵐 수 있도록 노력하겠습니다.
감사합니다. :)"
117188,2026-06-21 00:00:00,,,팔 올려서 사진 찍어도 이제 안 신경 써요. 그냥 올려요. 예전엔 팔뚝 최대한 얇아 보이게 각도 잡고 찍었는데 이제 그런 계산이 없어요. 자유로워진 느낌이 뭔지 이번에 알았어요. 탄력 하나가 이렇게 일상을 바꿔놓을 줄 몰랐거든요.,6d7d019ee052,,1003,바디풀고컷 경락 마사지기,99000,,기존리뷰,5,,0,0,1,"안녕하세요. 프리미엄 헬스테크 브랜드, 슬룸입니다.
진심 어린 소중한 후기 감사합니다. 💜

앞으로도 좋은 상품과 서비스로 고객님들을 찾아뵐 수 있도록 노력하겠습니다.
감사합니다. :)"
117189,2026-06-14 00:00:00,,,EMS가 진짜인지 아닌지 써보기 전엔 몰랐어요. 그 전에 쓰던 저렴한 EMS 기기들은 자극이 있는 척만 했거든요. 이건 처음 켰을 때부터 달랐어요. 아 이게 진짜 자극이구나 싶은 느낌이 확실하게 오더라고요. 근육이 반응한다는 게 느껴지니까 효과에 대한 신뢰가 생겼어요.,3574c7ac6541,,1003,바디풀고컷 경락 마사지기,99000,,기존리뷰,4,,0,0,1,"안녕하세요. 프리미엄 헬스테크 브랜드, 슬룸입니다.
진심 어린 소중한 후기 감사합니다. 💜

앞으로도 좋은 상품과 서비스로 고객님들을 찾아뵐 수 있도록 노력하겠습니다.
감사합니다. :)"
117191,2026-06-16 00:00:00,,,크롭티 입고 카페 갔어요. 주문하고 앉아서 커피 마시는 내내 배 한 번도 신경 안 썼어요. 예전엔 앉으면 배가 접히는 게 신경 쓰여서 자세 잡느라 불편했는데 이번엔 그냥 편하게 앉아 있었거든요. 이게 자신감이구나 싶었어요. 이 변화가 두 달 만에 나온 건데 지금 생각해도 신기해요.,210b9da74850,,1003,바디풀고컷 경락 마사지기,99000,,기존리뷰,5,,0,0,1,"안녕하세요. 프리미엄 헬스테크 브랜드, 슬룸입니다.
시간 내어 소중한 후기를 작성해 주셔서 감사드립니다. :)

믿고 찾는 쇼핑몰이 되기 위해 더 좋은 상품과 서비스를 준비하겠습니다.
감사합니다. 💜"
117192,2026-06-25 00:00:00,,,"강도를 올릴 때마다 몸이 적응하는 게 느껴져요. 지금 12단계 쓰고 있는데 처음에 5단계도 강하다 싶었거든요. 일주일에 한 단계씩 올렸는데 그게 지금 12단계까지 왔어요. 몸이 학습한다는 게 이런 건가 싶고, 15단계까지 올릴 여지가 있다는 게 앞으로도 계속 쓸 이유가 돼요.",0f396f33942f,,1003,바디풀고컷 경락 마사지기,99000,,기존리뷰,5,,0,0,1,"안녕하세요. 프리미엄 헬스테크 브랜드, 슬룸입니다.
진심 어린 소중한 후기 감사합니다. 💜

앞으로도 좋은 상품과 서비스로 고객님들을 찾아뵐 수 있도록 노력하겠습니다.
감사합니다. :)"
117193,2026-06-15 00:00:00,,,"퇴근하고 이거 쓰면 저녁 시간이 활기차요. 다리가 가볍고 몸이 개운하니까 뭔가 더 할 수 있는 상태가 돼요. 전에는 퇴근하면 소파에 쓰러져서 그냥 자버리는 날이 많았는데, 이거 루틴이 생기고 나서 저녁 시간을 더 알차게 쓰게 됐어요.",6e1c389a9488,,1003,바디풀고컷 경락 마사지기,99000,,기존리뷰,4,,0,0,1,"안녕하세요. 프리미엄 헬스테크 브랜드, 슬룸입니다.
진심 어린 소중한 후기 감사합니다. 💜

앞으로도 좋은 상품과 서비스로 고객님들을 찾아뵐 수 있도록 노력하겠습니다.
감사합니다. :)"
117194,2026-06-22 00:00:00,,,"에스테틱 갔다 오면 그날만 시원하고 다음 날 되면 원상복구였어요. 그게 항상 아쉬웠거든요. 이건 매일 하니까 효과가 쌓여요. 일주일 단위로 보면 차이가 나고, 한 달 단위로 보면 전혀 다른 몸 상태가 돼 있어요. 꾸준한 관리가 이렇게 중요한 거였구나 싶었어요.",5894c8b8a4b6,,1003,바디풀고컷 경락 마사지기,99000,,기존리뷰,5,,0,0,1,"안녕하세요. 프리미엄 헬스테크 브랜드, 슬룸입니다.
시간 내어 소중한 후기를 작성해 주셔서 감사드립니다. :)

믿고 찾는 쇼핑몰이 되기 위해 더 좋은 상품과 서비스를 준비하겠습니다.
감사합니다. 💜"
117195,2026-06-24 00:00:00,,,"반바지를 사놓고 입을 엄두가 안 나서 옷장에 넣어뒀었는데, 종아리랑 허벅지 케어하고 나서 꺼내 입었어요. 밖에 나가서 다리가 신경 쓰인 적이 없었어요. 처음으로 다리 신경 안 쓰고 편하게 다닌 여름이었거든요. 이 변화 하나가 여름을 완전히 바꿔놓은 것 같아요.",e41950902800,,1003,바디풀고컷 경락 마사지기,99000,,기존리뷰,5,,0,0,1,"안녕하세요. 프리미엄 헬스테크 브랜드, 슬룸입니다.
시간 내어 소중한 후기를 작성해 주셔서 감사드립니다. :)

믿고 찾는 쇼핑몰이 되기 위해 더 좋은 상품과 서비스를 준비하겠습니다.
감사합니다. 💜"
117196,2026-06-30 00:00:00,,,처음에 자극이 없어서 고장난 줄 알고 반품 직전까지 갔었어요. 혹시나 싶어서 젤을 아낌없이 듬뿍 발라봤더니 완전히 다른 제품 같더라고요. 그 차이가 이렇게 클 줄 몰랐어요. 젤 양이 EMS 효과를 좌우한다는 걸 몸으로 알게 됐어요. 절대 반품하지 마세요. 일단 젤 듬뿍 발라보고 결정하세요.,839cea55e01a,,1003,바디풀고컷 경락 마사지기,99000,,기존리뷰,4,,0,0,1,"안녕하세요. 프리미엄 헬스테크 브랜드, 슬룸입니다.
진심 어린 소중한 후기 감사합니다. 💜

앞으로도 좋은 상품과 서비스로 고객님들을 찾아뵐 수 있도록 노력하겠습니다.
감사합니다. :)"
117197,2026-06-15 00:00:00,,,하루 종일 앉아 있는데도 붓기가 심하더라고요. 서는 것만 문제인 줄 알았는데 앉아 있어도 혈액순환이 안 되면 똑같이 붓는다는 걸 이거 쓰면서 알게 됐어요. 퇴근 후 이거로 순환시켜주니까 다음 날 아침이 달라요. 앉아서 일하는 분들한테도 붓기 관리가 필요하다는 걸 이제 알아요.,d567113eb6ec,,1003,바디풀고컷 경락 마사지기,99000,,기존리뷰,5,,0,0,1,"안녕하세요. 프리미엄 헬스테크 브랜드, 슬룸입니다.
시간 내어 소중한 후기를 작성해 주셔서 감사드립니다. :)

믿고 찾는 쇼핑몰이 되기 위해 더 좋은 상품과 서비스를 준비하겠습니다.
감사합니다. 💜"
117198,2026-06-14 00:00:00,,,"샵 다닐 때는 관리가 이벤트 같은 거였는데 이제는 일상이 됐어요. 특별한 날에만 받는 케어가 아니라 매일 하는 루틴이 된 거거든요. 그 차이가 몸에 쌓이는 것 같아요. 한 달, 두 달 지나면서 몸 상태가 달라지는 게 느껴지더라고요.",ebc46de8fec0,,1003,바디풀고컷 경락 마사지기,99000,,기존리뷰,5,,0,0,1,"안녕하세요. 프리미엄 헬스테크 브랜드, 슬룸입니다.
진심 어린 소중한 후기 감사합니다. 💜

앞으로도 좋은 상품과 서비스로 고객님들을 찾아뵐 수 있도록 노력하겠습니다.
감사합니다. :)"
117199,2026-06-20 00:00:00,,,팔뚝 출렁임이 콤플렉스였는데 줄었어요. 살이 빠진 게 아니라 탄력이 생긴 거거든요. 오히려 그게 더 중요한 것 같아요. 체중이 줄어도 탄력이 없으면 출렁이는 건 똑같거든요. 탄력이 생기니까 같은 체중인데 달라 보이는 게 이거 덕분이에요.,545ce9d1c55a,,1003,바디풀고컷 경락 마사지기,99000,,기존리뷰,5,,0,0,1,"안녕하세요. 프리미엄 헬스테크 브랜드, 슬룸입니다.
진심 어린 소중한 후기 감사합니다. 💜

앞으로도 좋은 상품과 서비스로 고객님들을 찾아뵐 수 있도록 노력하겠습니다.
감사합니다. :)"
117200,2026-06-22 00:00:00,,,"집에서 드라마 보면서 쓸 수 있으니까 시간 낭비가 없어요. 30분 드라마 볼 때 이거 쓰면 케어도 되고 드라마도 보고 두 가지를 동시에 하는 셈이거든요. 샵 가려면 그 시간에 이동하고 대기하고 받고 돌아오는데, 이건 소파에서 그 시간에 다 해결돼요.",e3077a3f1507,,1003,바디풀고컷 경락 마사지기,99000,,기존리뷰,4,,0,0,1,"안녕하세요. 프리미엄 헬스테크 브랜드, 슬룸입니다.
시간 내어 소중한 후기를 작성해 주셔서 감사드립니다. :)

믿고 찾는 쇼핑몰이 되기 위해 더 좋은 상품과 서비스를 준비하겠습니다.
감사합니다. 💜"
117201,2026-06-15 00:00:00,,,명절에 하루 종일 서서 음식 준비하고 나면 발이 엄청 부었거든요. 그날 저녁에 이거 켰더니 다음 날 아침이 훨씬 가벼웠어요. 명절 다음 날 피로가 다른 해보다 덜했는데 이거 덕분인 것 같아요. 명절 때마다 이거 챙기는 게 필수가 됐어요.,92b47bf908f6,,1003,바디풀고컷 경락 마사지기,99000,,기존리뷰,5,,0,0,1,"안녕하세요. 프리미엄 헬스테크 브랜드, 슬룸입니다.
시간 내어 소중한 후기를 작성해 주셔서 감사드립니다. :)

믿고 찾는 쇼핑몰이 되기 위해 더 좋은 상품과 서비스를 준비하겠습니다.
감사합니다. 💜"
117202,2026-06-20 00:00:00,,,M3 컷팅 모드 자극 패턴이 수기 마사지 받을 때 리듬이랑 비슷해요. 약하다 강해지다 반복하는 패턴이 몸이 편하게 받아들이는 리듬이라서 그런지 지루하지가 않아요. 30분 써도 시간이 빠르게 가더라고요. 이 느낌 때문에 M3을 제일 자주 쓰게 됐어요.,870c908cfbaa,,1003,바디풀고컷 경락 마사지기,99000,,기존리뷰,5,,0,0,1,"안녕하세요. 프리미엄 헬스테크 브랜드, 슬룸입니다.
진심 어린 소중한 후기 감사합니다. 💜

앞으로도 좋은 상품과 서비스로 고객님들을 찾아뵐 수 있도록 노력하겠습니다.
감사합니다. :)"
117203,2026-06-16 00:00:00,,,퇴근하고 뭔가 나를 위한 걸 해줄 수 있다는 게 생각보다 중요하더라고요. 이거 켜는 그 30분이 하루 중 나만의 시간이 된 것 같아요. 일 끝나고 내 몸에 집중하는 시간. 거창한 것 같지만 사실 소파에 누워서 켜고 있으면 되는 거거든요 ㅋㅋ,4c6318808b27,,1003,바디풀고컷 경락 마사지기,99000,,기존리뷰,5,,0,0,1,"안녕하세요. 프리미엄 헬스테크 브랜드, 슬룸입니다.
시간 내어 소중한 후기를 작성해 주셔서 감사드립니다. :)

믿고 찾는 쇼핑몰이 되기 위해 더 좋은 상품과 서비스를 준비하겠습니다.
감사합니다. 💜"
117204,2026-06-25 00:00:00,,,허벅지 라인이 달라지면서 청바지 핏이 달라졌어요. 새 청바지를 산 게 아닌데 기존 청바지가 더 잘 맞아요. 허벅지 부분이 덜 꽉 잡히면서 앉을 때도 편하고 걸을 때도 편해졌거든요. 바디라인이 옷 착용감에 이렇게 영향을 주는 건지 몰랐어요.,be78a1db7687,,1003,바디풀고컷 경락 마사지기,99000,,기존리뷰,4,,0,0,1,"안녕하세요. 프리미엄 헬스테크 브랜드, 슬룸입니다.
진심 어린 소중한 후기 감사합니다. 💜

앞으로도 좋은 상품과 서비스로 고객님들을 찾아뵐 수 있도록 노력하겠습니다.
감사합니다. :)"
117205,2026-06-21 00:00:00,,,"샵 가는 시간이랑 이거 쓰는 시간을 비교해보면 효율이 완전 달라요. 이동 시간, 대기 시간, 케어 받고 돌아오는 시간까지 합치면 반나절이 날아가는데 이건 집에서 30분이면 돼요. 시간이 없다는 핑계가 안 되는 기기예요.",5c74f246aa3d,,1003,바디풀고컷 경락 마사지기,99000,,기존리뷰,5,,0,0,1,"안녕하세요. 프리미엄 헬스테크 브랜드, 슬룸입니다.
정성스럽게 올려주신 소중한 후기 감사합니다. 💜

고객님의 목소리로 더 발전하는 슬룸이 되도록 노력하겠습니다.
감사합니다. 🙇‍♀️"
117206,2026-06-27 00:00:00,,,"밀착도가 제일 중요해요. 젤을 충분히 바르고 꽉 밀착시켜야 EMS 자극이 제대로 들어와요. 처음에 이걸 몰라서 효과가 없다고 실망했었는데, 제대로 쓰는 법 알고 나서 완전히 달라졌어요. 쓰는 법이 결과를 결정하는 기기예요.",6fd992bd853e,,1003,바디풀고컷 경락 마사지기,99000,,기존리뷰,5,,0,0,1,"안녕하세요. 프리미엄 헬스테크 브랜드, 슬룸입니다.
정성스럽게 올려주신 소중한 후기 감사합니다. 💜

고객님의 목소리로 더 발전하는 슬룸이 되도록 노력하겠습니다.
감사합니다. 🙇‍♀️"
117207,2026-06-24 00:00:00,,,퇴근하면 발이 부어서 신발 끈 묶기도 귀찮았는데 이제 저녁에도 발이 편해요. 붓기가 관리되니까 저녁 이후 시간이 훨씬 쾌적해졌어요. 이게 삶의 질 변화라고 해도 과장이 아닌 것 같아요. 사소한 것 같지만 매일 느끼는 거라 체감이 커요.,32cafb5027cb,,1003,바디풀고컷 경락 마사지기,99000,,기존리뷰,4,,0,0,1,"안녕하세요. 프리미엄 헬스테크 브랜드, 슬룸입니다.
진심 어린 소중한 후기 감사합니다. 💜

앞으로도 좋은 상품과 서비스로 고객님들을 찾아뵐 수 있도록 노력하겠습니다.
감사합니다. :)"
117208,2026-06-18 00:00:00,,,팔뚝 때문에 여름에도 카디건을 걸치고 다녔는데 이번 여름엔 안 챙겼어요. 처음엔 없으면 불안할 것 같았는데 막상 없이 나갔더니 전혀 문제없더라고요. 카디건 없이 다닌 게 이거 덕분이에요. 여름이 더 시원해졌어요.,4de800d4323c,,1003,바디풀고컷 경락 마사지기,99000,,기존리뷰,5,,0,0,1,"안녕하세요. 프리미엄 헬스테크 브랜드, 슬룸입니다.
정성스럽게 올려주신 소중한 후기 감사합니다. 💜

고객님의 목소리로 더 발전하는 슬룸이 되도록 노력하겠습니다.
감사합니다. 🙇‍♀️"
117209,2026-06-24 00:00:00,,,M2 탄력 모드 쓸 때 두드리는 진동이랑 EMS 자극이 같이 오는데 이 조합이 제일 좋아요. 두드리면서 동시에 전기 자극이 들어오니까 더 깊이 들어오는 느낌이거든요. 처음엔 이게 뭔 느낌인지 낯설었는데 지금은 이 모드를 제일 먼저 켜게 됐어요.,f5bd2a6d66e1,,1003,바디풀고컷 경락 마사지기,99000,,기존리뷰,5,,0,0,1,"안녕하세요. 프리미엄 헬스테크 브랜드, 슬룸입니다.
시간 내어 소중한 후기를 작성해 주셔서 감사드립니다. :)

믿고 찾는 쇼핑몰이 되기 위해 더 좋은 상품과 서비스를 준비하겠습니다.
감사합니다. 💜"
117211,2026-06-30 00:00:00,,,"관리 못 받으면 찜찜한 느낌이 있었는데 이제 그런 날이 없어요. 매일 하니까요. 샵 예약 못 잡은 날도, 피곤한 날도, 바쁜 날도 집에서 하면 되니까 관리 공백이 없어요. 그 안정감이 생각보다 커요.",b86f4caa9f01,,1003,바디풀고컷 경락 마사지기,99000,,기존리뷰,4,,0,0,1,"안녕하세요. 프리미엄 헬스테크 브랜드, 슬룸입니다.
정성스럽게 올려주신 소중한 후기 감사합니다. 💜

고객님의 목소리로 더 발전하는 슬룸이 되도록 노력하겠습니다.
감사합니다. 🙇‍♀️"
117212,2026-06-21 00:00:00,,,복부 탄력이 생기면서 자세가 자연스럽게 달라졌어요. 속근육이 잡히니까 허리를 더 세우게 되더라고요. 따로 자세 교정을 한 게 아닌데 자연스럽게 달라지는 게 신기했어요. 바디라인이랑 자세가 이렇게 연결돼 있는 건지 몰랐어요.,912dedfcebd8,,1003,바디풀고컷 경락 마사지기,99000,,기존리뷰,5,,0,0,1,"안녕하세요. 프리미엄 헬스테크 브랜드, 슬룸입니다.
진심 어린 소중한 후기 감사합니다. 💜

앞으로도 좋은 상품과 서비스로 고객님들을 찾아뵐 수 있도록 노력하겠습니다.
감사합니다. :)"
117213,2026-06-15 00:00:00,,,자기 전에 종아리 쥐 나는 게 자주 있었거든요. 자다가 갑자기 쥐가 나면 너무 힘들잖아요. 이거 쓰기 시작하고 나서 그 빈도가 확 줄었어요. 자기 전에 쓰는 게 루틴이 되면서부터요. 수면 질도 좋아진 것 같아요.,38f9fa729301,,1003,바디풀고컷 경락 마사지기,99000,,기존리뷰,5,,0,0,1,"안녕하세요. 프리미엄 헬스테크 브랜드, 슬룸입니다.
진심 어린 소중한 후기 감사합니다. 💜

앞으로도 좋은 상품과 서비스로 고객님들을 찾아뵐 수 있도록 노력하겠습니다.
감사합니다. :)"
117214,2026-06-18 00:00:00,,,에스테틱을 끊을 용기가 없었어요. 없으면 몸 관리가 안 될 것 같아서요. 이거 사고 나서 자연스럽게 끊어졌는데 몸 상태가 더 좋아졌어요. 억지로 끊은 게 아니라 이게 더 나으니까 안 가게 된 거거든요. 그게 제일 솔직한 후기예요.,82f4171f7df1,,1003,바디풀고컷 경락 마사지기,99000,,기존리뷰,5,,0,0,1,"안녕하세요. 프리미엄 헬스테크 브랜드, 슬룸입니다.
진심 어린 소중한 후기 감사합니다. 💜

앞으로도 좋은 상품과 서비스로 고객님들을 찾아뵐 수 있도록 노력하겠습니다.
감사합니다. :)"
117216,2026-06-18 00:00:00,,,허벅지 뒤쪽 자극이 제일 시원해요. 그 부위가 평소에 잘 안 풀리는 부위인데 EMS가 깊이 들어가면서 묵은 뭉침이 풀리는 느낌이거든요. 이 부위에 집중하고 나서 허벅지 전체가 가벼워지는 느낌이 있어요.,6c2d8a90d6c8,,1003,바디풀고컷 경락 마사지기,99000,,기존리뷰,5,,0,0,1,"안녕하세요. 프리미엄 헬스테크 브랜드, 슬룸입니다.
시간 내어 소중한 후기를 작성해 주셔서 감사드립니다. :)

믿고 찾는 쇼핑몰이 되기 위해 더 좋은 상품과 서비스를 준비하겠습니다.
감사합니다. 💜"
117217,2026-06-27 00:00:00,,,샵 끊고 이거 쓴 지 세 달 됐는데 몸 상태가 더 좋아요. 매일 관리의 힘이라고 생각해요. 한 달에 두 번 잘 받는 것보다 매일 조금씩 하는 게 누적 효과가 더 크더라고요. 이게 바디케어의 핵심인 것 같아요.,b67e9e0956df,,1003,바디풀고컷 경락 마사지기,99000,,기존리뷰,5,,0,0,1,"안녕하세요. 프리미엄 헬스테크 브랜드, 슬룸입니다.
진심 어린 소중한 후기 감사합니다. 💜

앞으로도 좋은 상품과 서비스로 고객님들을 찾아뵐 수 있도록 노력하겠습니다.
감사합니다. :)"
117218,2026-06-25 00:00:00,,,퇴근 후 다리 상태가 다음 날 아침에 영향을 준다는 걸 이거 쓰면서 알았어요. 저녁에 붓기 관리가 되면 다음 날 아침이 다르게 시작돼요. 퇴근 후 루틴 하나가 다음 날 하루 전체 컨디션에 영향을 주는 거더라고요.,222dc95cba6f,,1003,바디풀고컷 경락 마사지기,99000,,기존리뷰,4,,0,0,1,"안녕하세요. 프리미엄 헬스테크 브랜드, 슬룸입니다.
진심 어린 소중한 후기 감사합니다. 💜

앞으로도 좋은 상품과 서비스로 고객님들을 찾아뵐 수 있도록 노력하겠습니다.
감사합니다. :)"
117219,2026-06-21 00:00:00,,,이거 쓰기 전엔 바디케어가 특별한 날에 받는 거라고 생각했어요. 이제는 매일 하는 루틴이 됐어요. 씻고 로션 바르듯 자연스럽게 하게 됐거든요. 인식이 바뀌면 행동이 바뀐다는 걸 이번에 알았어요.,d129c212a3f6,,1003,바디풀고컷 경락 마사지기,99000,,기존리뷰,5,,0,0,1,"안녕하세요. 프리미엄 헬스테크 브랜드, 슬룸입니다.
시간 내어 소중한 후기를 작성해 주셔서 감사드립니다. :)

믿고 찾는 쇼핑몰이 되기 위해 더 좋은 상품과 서비스를 준비하겠습니다.
감사합니다. 💜"
117220,2026-06-20 00:00:00,,,"주말에 샵 예약하려고 알람 맞춰뒀다가 매번 놓쳤는데, 이거 사고 나서 그 알람이 없어졌어요. 이거 있으니까 주말이고 평일이고 언제든 할 수 있거든요. 예약이라는 개념 자체가 없어진 게 이렇게 편할 줄 몰랐어요.",a8455d56eca3,,1003,바디풀고컷 경락 마사지기,99000,,기존리뷰,5,,0,0,1,"안녕하세요. 프리미엄 헬스테크 브랜드, 슬룸입니다.
시간 내어 소중한 후기를 작성해 주셔서 감사드립니다. :)

믿고 찾는 쇼핑몰이 되기 위해 더 좋은 상품과 서비스를 준비하겠습니다.
감사합니다. 💜"
117221,2026-06-23 00:00:00,,,샵을 가지 않으면서도 몸 상태가 유지되는 게 처음엔 신기했어요. 시간이 지나면서 유지가 아니라 더 나아지고 있다는 걸 느끼게 됐어요. 매일 관리가 된다는 게 이렇게 다른 결과를 만드는 건지 직접 경험해보고 알게 됐어요.,c7a980b8fac7,,1003,바디풀고컷 경락 마사지기,99000,,기존리뷰,5,,0,0,1,"안녕하세요. 프리미엄 헬스테크 브랜드, 슬룸입니다.
진심 어린 소중한 후기 감사합니다. 💜

앞으로도 좋은 상품과 서비스로 고객님들을 찾아뵐 수 있도록 노력하겠습니다.
감사합니다. :)"
117222,2026-06-14 00:00:00,,,이거 쓰기 시작하고 나서 바디케어에 대한 죄책감이 없어졌어요. 샵 못 가면 찜찜했는데 이제 매일 집에서 하니까 그 찜찜함이 없거든요. 내 몸을 잘 챙기고 있다는 안정감이 생겼어요.,0fa9c578a0df,,1003,바디풀고컷 경락 마사지기,99000,,기존리뷰,4,,0,0,1,"안녕하세요. 프리미엄 헬스테크 브랜드, 슬룸입니다.
정성스럽게 올려주신 소중한 후기 감사합니다. 💜

고객님의 목소리로 더 발전하는 슬룸이 되도록 노력하겠습니다.
감사합니다. 🙇‍♀️"
117223,2026-06-20 00:00:00,,,"샵 가는 시간이랑 이거 쓰는 시간을 비교해보면 이게 훨씬 효율적이에요. 이동 없이 집에서 바로 시작하고, 끝나면 바로 다른 걸 할 수 있으니까요. 시간 대비 효과로 보면 이게 압도적으로 낫더라고요.",7cb01d27283d,,1003,바디풀고컷 경락 마사지기,99000,,기존리뷰,5,,0,0,1,"안녕하세요. 프리미엄 헬스테크 브랜드, 슬룸입니다.
시간 내어 소중한 후기를 작성해 주셔서 감사드립니다. :)

믿고 찾는 쇼핑몰이 되기 위해 더 좋은 상품과 서비스를 준비하겠습니다.
감사합니다. 💜"
117224,2026-06-30 00:00:00,,,"집에서 혼자 조용히 관리하는 시간이 생긴 게 의외로 좋아요. 샵에서는 누군가와 대화도 해야 하고 신경 쓰이는 게 있었는데, 이건 내 페이스대로 조용히 할 수 있거든요. 내 몸에만 집중하는 시간이에요.",8f8c9bfe8fe8,,1003,바디풀고컷 경락 마사지기,99000,,기존리뷰,5,,0,0,1,"안녕하세요. 프리미엄 헬스테크 브랜드, 슬룸입니다.
시간 내어 소중한 후기를 작성해 주셔서 감사드립니다. :)

믿고 찾는 쇼핑몰이 되기 위해 더 좋은 상품과 서비스를 준비하겠습니다.
감사합니다. 💜"
117225,2026-06-23 00:00:00,,,팔뚝이 두꺼운 게 콤플렉스라 여름에도 7부 소매 입었는데 이번 여름엔 처음으로 5부 소매 입어봤어요. 생각보다 괜찮더라고요. 그 한 걸음이 이거 덕분에 가능했어요. 탄력 하나가 옷 선택을 바꿔놓았어요.,c32beb3c8f44,,1003,바디풀고컷 경락 마사지기,99000,,기존리뷰,5,,0,0,1,"안녕하세요. 프리미엄 헬스테크 브랜드, 슬룸입니다.
시간 내어 소중한 후기를 작성해 주셔서 감사드립니다. :)

믿고 찾는 쇼핑몰이 되기 위해 더 좋은 상품과 서비스를 준비하겠습니다.
감사합니다. 💜"
117227,2026-06-21 00:00:00,,,"여름옷 쇼핑할 때 항상 가리는 옷 위주로 봤는데, 이번엔 처음으로 드러나는 옷을 먼저 보게 됐어요. 기준이 달라진 거거든요. 탄력이 생기면서 옷 선택이 자유로워졌어요. 이게 제일 현실적인 변화인 것 같아요.",ef0cf216903e,,1003,바디풀고컷 경락 마사지기,99000,,기존리뷰,5,,0,0,1,"안녕하세요. 프리미엄 헬스테크 브랜드, 슬룸입니다.
시간 내어 소중한 후기를 작성해 주셔서 감사드립니다. :)

믿고 찾는 쇼핑몰이 되기 위해 더 좋은 상품과 서비스를 준비하겠습니다.
감사합니다. 💜"
117228,2026-06-15 00:00:00,,,허벅지 케어하면서 셀룰라이트가 줄어드는 게 손으로 만질 때 먼저 느껴졌어요. 눈으로 보기 전에 손으로 먼저 알게 되더라고요. 피부 결이 매끈해지는 게 만지면 알 수 있거든요. 그 변화가 계속하게 만든 이유예요.,638ea09906a7,,1003,바디풀고컷 경락 마사지기,99000,,기존리뷰,5,,0,0,1,"안녕하세요. 프리미엄 헬스테크 브랜드, 슬룸입니다.
진심 어린 소중한 후기 감사합니다. 💜

앞으로도 좋은 상품과 서비스로 고객님들을 찾아뵐 수 있도록 노력하겠습니다.
감사합니다. :)"
117229,2026-06-19 00:00:00,,,"민소매 입고 팔 올려서 사진 찍을 때 팔뚝 각도 신경 안 써도 되니까 사진이 자연스러워졌어요. 여행 가서 찍은 사진이 예뻐졌다는 말을 들었는데, 팔뚝 탄력이 생긴 덕분이더라고요. 이게 얼마나 일상에 영향을 주는지 새삼 알게 됐어요.",f06edb36eedc,,1003,바디풀고컷 경락 마사지기,99000,,기존리뷰,4,,0,0,1,"안녕하세요. 프리미엄 헬스테크 브랜드, 슬룸입니다.
진심 어린 소중한 후기 감사합니다. 💜

앞으로도 좋은 상품과 서비스로 고객님들을 찾아뵐 수 있도록 노력하겠습니다.
감사합니다. :)"
117230,2026-06-23 00:00:00,,,크롭티 입고 자전거 탔는데 배 신경 쓰지 않고 그냥 탔어요. 바람 맞으면서 자전거 타는 내내 한 번도 배 생각 안 했어요. 그게 처음이었거든요. 이 자유로움이 이거 계속 쓰게 만드는 이유예요.,3ba4e4ac7b44,,1003,바디풀고컷 경락 마사지기,99000,,기존리뷰,4,,0,0,1,"안녕하세요. 프리미엄 헬스테크 브랜드, 슬룸입니다.
시간 내어 소중한 후기를 작성해 주셔서 감사드립니다. :)

믿고 찾는 쇼핑몰이 되기 위해 더 좋은 상품과 서비스를 준비하겠습니다.
감사합니다. 💜"
117231,2026-06-19 00:00:00,,,"수영복 입고 물에 들어갈 때 주변 시선이 신경 쓰였는데, 복부랑 허벅지 꾸준히 케어하고 나서 그 신경 쓰임이 많이 줄었어요. 완벽해진 게 아니라 자신감이 생긴 거거든요. 자신감이 있으면 물놀이가 진짜 즐거워요.",b0d3532f9368,,1003,바디풀고컷 경락 마사지기,99000,,기존리뷰,5,,0,0,1,"안녕하세요. 프리미엄 헬스테크 브랜드, 슬룸입니다.
정성스럽게 올려주신 소중한 후기 감사합니다. 💜

고객님의 목소리로 더 발전하는 슬룸이 되도록 노력하겠습니다.
감사합니다. 🙇‍♀️"
117232,2026-06-28 00:00:00,,,"짧은 치마 입고 에스컬레이터 탈 때 항상 불안했는데, 허벅지 케어하고 나서 그 불안이 없어졌어요. 사소한 변화 같지만 매일 느끼는 거라 체감이 크더라고요. 이런 일상의 불편함이 사라지는 게 바디케어의 진짜 효과인 것 같아요.",411ab94810c6,,1003,바디풀고컷 경락 마사지기,99000,,기존리뷰,5,,0,0,1,"안녕하세요. 프리미엄 헬스테크 브랜드, 슬룸입니다.
시간 내어 소중한 후기를 작성해 주셔서 감사드립니다. :)

믿고 찾는 쇼핑몰이 되기 위해 더 좋은 상품과 서비스를 준비하겠습니다.
감사합니다. 💜"
117234,2026-06-27 00:00:00,,,"민소매 입고 팔을 들어 올릴 때 출렁이는 게 신경 쓰여서 팔을 잘 안 들었는데, 이제는 자연스럽게 들어요. 팔뚝 탄력이 생기면서 그 의식이 없어진 거거든요. 이런 작은 변화가 일상을 바꿔놓는다는 걸 직접 느꼈어요.",45d98d03831e,,1003,바디풀고컷 경락 마사지기,99000,,기존리뷰,5,,0,0,1,"안녕하세요. 프리미엄 헬스테크 브랜드, 슬룸입니다.
정성스럽게 올려주신 소중한 후기 감사합니다. 💜

고객님의 목소리로 더 발전하는 슬룸이 되도록 노력하겠습니다.
감사합니다. 🙇‍♀️"
117235,2026-06-17 00:00:00,,,허벅지 라인이 잡히면서 치마 입는 게 즐거워졌어요. 예전엔 치마 입으면 하루 종일 허벅지 신경 쓰느라 피곤했는데 이제 그게 없어요. 옷 입는 게 스트레스가 아니라 즐거움이 된 거예요.,3c66bde91389,,1003,바디풀고컷 경락 마사지기,99000,,기존리뷰,5,,0,0,1,"안녕하세요. 프리미엄 헬스테크 브랜드, 슬룸입니다.
시간 내어 소중한 후기를 작성해 주셔서 감사드립니다. :)

믿고 찾는 쇼핑몰이 되기 위해 더 좋은 상품과 서비스를 준비하겠습니다.
감사합니다. 💜"
117236,2026-06-21 00:00:00,,,"팔뚝이 신경 쓰여서 민소매 위에 항상 셔츠를 덧입었는데, 이번 여름엔 셔츠 없이 민소매만 입고 나갔어요. 더운 여름에 얼마나 시원한지 몰라요. 덧입던 셔츠 하나 없어진 게 이렇게 큰 차이인 줄 몰랐어요.",4f91678791d4,,1003,바디풀고컷 경락 마사지기,99000,,기존리뷰,5,,0,0,1,"안녕하세요. 프리미엄 헬스테크 브랜드, 슬룸입니다.
정성스럽게 올려주신 소중한 후기 감사합니다. 💜

고객님의 목소리로 더 발전하는 슬룸이 되도록 노력하겠습니다.
감사합니다. 🙇‍♀️"
117238,2026-06-20 00:00:00,,,"장시간 회의가 있는 날은 유독 다리가 심하게 부는데, 그날 저녁에 이거 좀 더 오래 써두면 다음 날 아침이 달라요. 미리 대응할 수 있게 됐거든요. 이거 있으니까 힘든 날도 회복이 빠르다는 게 안심이 돼요.",0f9ec0094331,,1003,바디풀고컷 경락 마사지기,99000,,기존리뷰,5,,0,0,1,"안녕하세요. 프리미엄 헬스테크 브랜드, 슬룸입니다.
진심 어린 소중한 후기 감사합니다. 💜

앞으로도 좋은 상품과 서비스로 고객님들을 찾아뵐 수 있도록 노력하겠습니다.
감사합니다. :)"
117239,2026-06-21 00:00:00,,,"하루 종일 걷고 나서 발뒤꿈치까지 부어오르는 느낌이 있었는데, 붓기 모드로 20분 쓰면 그게 빠지더라고요. 체감 속도가 빠르다는 게 계속 쓰게 만드는 이유예요. 효과가 바로 느껴지니까 다음에 또 쓰고 싶어지거든요.",eff9757a072a,,1003,바디풀고컷 경락 마사지기,99000,,기존리뷰,5,,0,0,1,"안녕하세요. 프리미엄 헬스테크 브랜드, 슬룸입니다.
정성스럽게 올려주신 소중한 후기 감사합니다. 💜

고객님의 목소리로 더 발전하는 슬룸이 되도록 노력하겠습니다.
감사합니다. 🙇‍♀️"
117240,2026-06-26 00:00:00,,,"오래 앉아 있다가 일어설 때 발이 저리고 무거운 느낌이 있었는데, 꾸준히 케어하고 나서 그 느낌이 확 줄었어요. 혈액순환이 되면 이런 증상도 줄어든다는 걸 이거 쓰면서 알게 됐어요. 몸에 좋은 변화가 여러 개 동시에 오더라고요.",531e2af10383,,1003,바디풀고컷 경락 마사지기,99000,,기존리뷰,5,,0,0,1,"안녕하세요. 프리미엄 헬스테크 브랜드, 슬룸입니다.
정성스럽게 올려주신 소중한 후기 감사합니다. 💜

고객님의 목소리로 더 발전하는 슬룸이 되도록 노력하겠습니다.
감사합니다. 🙇‍♀️"
117241,2026-06-25 00:00:00,,,"퇴근하고 집에 오면 양말 벗기도 귀찮을 정도로 발이 부어있었는데, 이거 루틴이 생기고 나서 그 정도가 많이 줄었어요. 저녁 시간이 편해지니까 집에 오는 게 덜 힘들어졌어요. 퇴근 후 루틴 하나가 저녁 전체를 바꿔놓은 것 같아요.",e69d8373d3fe,,1003,바디풀고컷 경락 마사지기,99000,,기존리뷰,5,,0,0,1,"안녕하세요. 프리미엄 헬스테크 브랜드, 슬룸입니다.
시간 내어 소중한 후기를 작성해 주셔서 감사드립니다. :)

믿고 찾는 쇼핑몰이 되기 위해 더 좋은 상품과 서비스를 준비하겠습니다.
감사합니다. 💜"
117243,2026-06-20 00:00:00,,,샵을 가고 싶은 마음은 있는데 시간을 내는 게 진짜 어렵더라고요. 예약하고 이동하고 받고 돌아오는 게 하루 일정에 큰 부담이거든요. 이건 시간 낼 필요가 없으니까 하고 싶을 때 바로 할 수 있어요. 그 접근성이 꾸준히 관리할 수 있게 만드는 핵심이에요.,8af2f4265a62,,1003,바디풀고컷 경락 마사지기,99000,,기존리뷰,5,,0,0,1,"안녕하세요. 프리미엄 헬스테크 브랜드, 슬룸입니다.
시간 내어 소중한 후기를 작성해 주셔서 감사드립니다. :)

믿고 찾는 쇼핑몰이 되기 위해 더 좋은 상품과 서비스를 준비하겠습니다.
감사합니다. 💜"
117244,2026-06-17 00:00:00,,,"관리를 받고 싶은데 시간이 없다는 말을 입버릇처럼 했는데, 이거 쓰면서 그 말이 없어졌어요. 시간이 없어서 못 하는 게 아니었던 거더라고요. 집에 있으면 언제든 할 수 있는데 핑계였던 거예요.",b219806e0485,,1003,바디풀고컷 경락 마사지기,99000,,기존리뷰,4,,0,0,1,"안녕하세요. 프리미엄 헬스테크 브랜드, 슬룸입니다.
진심 어린 소중한 후기 감사합니다. 💜

앞으로도 좋은 상품과 서비스로 고객님들을 찾아뵐 수 있도록 노력하겠습니다.
감사합니다. :)"
117245,2026-06-29 00:00:00,,,"샵 다니던 걸 끊고 나서 몸 관리가 안 될까봐 걱정했는데, 오히려 더 자주 관리가 되고 몸 상태도 더 좋아졌어요. 기우였던 거더라고요. 매일 하는 관리가 가끔 잘 받는 것보다 낫다는 걸 몸으로 증명했어요.",4640c8ac0204,,1003,바디풀고컷 경락 마사지기,99000,,기존리뷰,5,,0,0,1,"안녕하세요. 프리미엄 헬스테크 브랜드, 슬룸입니다.
진심 어린 소중한 후기 감사합니다. 💜

앞으로도 좋은 상품과 서비스로 고객님들을 찾아뵐 수 있도록 노력하겠습니다.
감사합니다. :)"
117246,2026-06-28 00:00:00,,,"주말에만 관리받을 수 있었는데 이거 생기고 나서 평일에도 케어가 돼요. 관리 빈도가 주 2회에서 주 5회 이상으로 늘었거든요. 그 빈도 차이가 한 달, 두 달 지나면서 눈에 보이는 변화로 나타났어요.",be3b9ad55b04,,1003,바디풀고컷 경락 마사지기,99000,,기존리뷰,5,,0,0,1,"안녕하세요. 프리미엄 헬스테크 브랜드, 슬룸입니다.
진심 어린 소중한 후기 감사합니다. 💜

앞으로도 좋은 상품과 서비스로 고객님들을 찾아뵐 수 있도록 노력하겠습니다.
감사합니다. :)"
117248,2026-06-14 00:00:00,,,이거 쓰고 나서 바디케어에 쓰는 돈을 계산해봤는데 한 달에 15만원 이상 절약되고 있어요. 그 돈으로 다른 걸 하니까 삶의 질이 올라가는 느낌이에요. 바디케어 효과는 유지되면서 지출은 줄었어요.,c3b2d9d9f36f,,1003,바디풀고컷 경락 마사지기,99000,,기존리뷰,5,,0,0,1,"안녕하세요. 프리미엄 헬스테크 브랜드, 슬룸입니다.
시간 내어 소중한 후기를 작성해 주셔서 감사드립니다. :)

믿고 찾는 쇼핑몰이 되기 위해 더 좋은 상품과 서비스를 준비하겠습니다.
감사합니다. 💜"
117249,2026-06-16 00:00:00,,,에스테틱에서 원장님이 바뀌는 게 항상 불안했거든요. 손맛이 다르면 효과도 다르니까요. 이건 항상 내가 직접 하니까 그런 변수가 없어요. 일관된 관리가 가능해졌어요.,77ee65740588,,1003,바디풀고컷 경락 마사지기,99000,,기존리뷰,5,,0,0,1,"안녕하세요. 프리미엄 헬스테크 브랜드, 슬룸입니다.
정성스럽게 올려주신 소중한 후기 감사합니다. 💜

고객님의 목소리로 더 발전하는 슬룸이 되도록 노력하겠습니다.
감사합니다. 🙇‍♀️"
117250,2026-06-17 00:00:00,,,"패키지 끊어놓고 못 가는 날이 생기면 그 돈이 날아가는 느낌이 싫었는데, 이건 못 쓰는 날이 생겨도 돈이 날아가지 않잖아요. 심리적으로 훨씬 편한 게 있어요. 바디케어에 대한 부담이 없어졌어요.",a506c93ec969,,1003,바디풀고컷 경락 마사지기,99000,,기존리뷰,5,,0,0,1,"안녕하세요. 프리미엄 헬스테크 브랜드, 슬룸입니다.
정성스럽게 올려주신 소중한 후기 감사합니다. 💜

고객님의 목소리로 더 발전하는 슬룸이 되도록 노력하겠습니다.
감사합니다. 🙇‍♀️"
117252,2026-06-26 00:00:00,,,"샵에서 받을 때마다 이 효과가 집에서도 나면 얼마나 좋을까 생각했었는데, 실제로 나더라고요. 막연한 기대가 현실이 된 거예요. 처음엔 믿지 않았는데 직접 써보고 나서 믿게 됐어요.",6f0412299565,,1003,바디풀고컷 경락 마사지기,99000,,기존리뷰,5,,0,0,1,"안녕하세요. 프리미엄 헬스테크 브랜드, 슬룸입니다.
시간 내어 소중한 후기를 작성해 주셔서 감사드립니다. :)

믿고 찾는 쇼핑몰이 되기 위해 더 좋은 상품과 서비스를 준비하겠습니다.
감사합니다. 💜"
